--liquibase formatted sql
--changeset patcher-core:MetaClass dbms:postgresql runOnChange:true splitStatements:false stripComments:false
INSERT INTO s_mt.t_attr_type(ck_id, cv_name, cv_description, ck_user, ct_change)VALUES('placement', 'Расположение', 'место для размещения дочернего элемента', '-11', '2018-02-23T07:07:44.714+0000') on conflict (ck_id) do update set cv_description = excluded.cv_description, cv_name = excluded.cv_name, ck_user = excluded.ck_user, ct_change = excluded.ct_change;
INSERT INTO s_mt.t_attr_type(ck_id, cv_name, cv_description, ck_user, ct_change)VALUES('system', 'Системный', 'системный атрибут, не переопределяется для объекта/страницы', '-11', '2018-02-23T07:07:44.714+0000') on conflict (ck_id) do update set cv_description = excluded.cv_description, cv_name = excluded.cv_name, ck_user = excluded.ck_user, ct_change = excluded.ct_change;
INSERT INTO s_mt.t_attr_type(ck_id, cv_name, cv_description, ck_user, ct_change)VALUES('view', 'Отображение', 'атрибут, влияющий на визуализацию', '-11', '2019-11-19T07:07:44.714+0000') on conflict (ck_id) do update set cv_description = excluded.cv_description, cv_name = excluded.cv_name, ck_user = excluded.ck_user, ct_change = excluded.ct_change;
INSERT INTO s_mt.t_attr_type(ck_id, cv_name, cv_description, ck_user, ct_change)VALUES('basic', 'Основной', 'обычный атрибут', '-11', '2018-02-23T07:07:44.714+0000') on conflict (ck_id) do update set cv_description = excluded.cv_description, cv_name = excluded.cv_name, ck_user = excluded.ck_user, ct_change = excluded.ct_change;
INSERT INTO s_mt.t_attr_type(ck_id, cv_name, cv_description, ck_user, ct_change)VALUES('behavior', 'Поведение', 'поведенческий атрибут для зависимости отображения от данных', '-11', '2018-02-23T07:07:44.714+0000') on conflict (ck_id) do update set cv_description = excluded.cv_description, cv_name = excluded.cv_name, ck_user = excluded.ck_user, ct_change = excluded.ct_change;
INSERT INTO s_mt.t_d_attr_data_type(ck_id, cv_description, cl_extra, ck_user, ct_change)VALUES('integer', 'Целое число', 0, '4fd05ca9-3a9e-4d66-82df-886dfa082113', '2020-04-09T07:55:27.199+0000') on conflict (ck_id) do update set cv_description = excluded.cv_description, cl_extra = excluded.cl_extra, ck_user = excluded.ck_user, ct_change = excluded.ct_change;
INSERT INTO s_mt.t_d_attr_data_type(ck_id, cv_description, cl_extra, ck_user, ct_change)VALUES('numeric', 'Число с плавующей точкой', 0, '4fd05ca9-3a9e-4d66-82df-886dfa082113', '2020-04-09T07:55:27.199+0000') on conflict (ck_id) do update set cv_description = excluded.cv_description, cl_extra = excluded.cl_extra, ck_user = excluded.ck_user, ct_change = excluded.ct_change;
INSERT INTO s_mt.t_d_attr_data_type(ck_id, cv_description, cl_extra, ck_user, ct_change)VALUES('boolean', 'Логический тип данных', 0, '4fd05ca9-3a9e-4d66-82df-886dfa082113', '2020-04-09T07:55:27.199+0000') on conflict (ck_id) do update set cv_description = excluded.cv_description, cl_extra = excluded.cl_extra, ck_user = excluded.ck_user, ct_change = excluded.ct_change;
INSERT INTO s_mt.t_d_attr_data_type(ck_id, cv_description, cl_extra, ck_user, ct_change)VALUES('array', 'JSON массив', 0, '4fd05ca9-3a9e-4d66-82df-886dfa082113', '2020-04-09T07:55:27.199+0000') on conflict (ck_id) do update set cv_description = excluded.cv_description, cl_extra = excluded.cl_extra, ck_user = excluded.ck_user, ct_change = excluded.ct_change;
INSERT INTO s_mt.t_d_attr_data_type(ck_id, cv_description, cl_extra, ck_user, ct_change)VALUES('cssmeasure', 'CSS значение', 0, '4fd05ca9-3a9e-4d66-82df-886dfa082113', '2020-06-03T13:47:57.036+0000') on conflict (ck_id) do update set cv_description = excluded.cv_description, cl_extra = excluded.cl_extra, ck_user = excluded.ck_user, ct_change = excluded.ct_change;
INSERT INTO s_mt.t_d_attr_data_type(ck_id, cv_description, cl_extra, ck_user, ct_change)VALUES('enum', 'Перечисляемый тип (Хранится в формате json массива)', 1, '4fd05ca9-3a9e-4d66-82df-886dfa082113', '2020-04-09T07:55:27.199+0000') on conflict (ck_id) do update set cv_description = excluded.cv_description, cl_extra = excluded.cl_extra, ck_user = excluded.ck_user, ct_change = excluded.ct_change;
INSERT INTO s_mt.t_d_attr_data_type(ck_id, cv_description, cl_extra, ck_user, ct_change)VALUES('text', 'Строковый тип данных', 0, '4fd05ca9-3a9e-4d66-82df-886dfa082113', '2020-04-09T07:55:27.199+0000') on conflict (ck_id) do update set cv_description = excluded.cv_description, cl_extra = excluded.cl_extra, ck_user = excluded.ck_user, ct_change = excluded.ct_change;
INSERT INTO s_mt.t_d_attr_data_type(ck_id, cv_description, cl_extra, ck_user, ct_change)VALUES('date', 'Дата в ISO8601: YYYY-MM-DDThh:mm:ss 2005-08-09T18:31:42', 0, '4fd05ca9-3a9e-4d66-82df-886dfa082113', '2020-04-09T07:55:27.199+0000') on conflict (ck_id) do update set cv_description = excluded.cv_description, cl_extra = excluded.cl_extra, ck_user = excluded.ck_user, ct_change = excluded.ct_change;
INSERT INTO s_mt.t_d_attr_data_type(ck_id, cv_description, cl_extra, ck_user, ct_change)VALUES('localization', 'Поле бередся из локализации', 0, '4fd05ca9-3a9e-4d66-82df-886dfa082113', '2020-04-09T07:55:27.199+0000') on conflict (ck_id) do update set cv_description = excluded.cv_description, cl_extra = excluded.cl_extra, ck_user = excluded.ck_user, ct_change = excluded.ct_change;
INSERT INTO s_mt.t_d_attr_data_type(ck_id, cv_description, cl_extra, ck_user, ct_change)VALUES('object', 'JSON Объект', 0, '4fd05ca9-3a9e-4d66-82df-886dfa082113', '2020-04-09T07:55:27.199+0000') on conflict (ck_id) do update set cv_description = excluded.cv_description, cl_extra = excluded.cl_extra, ck_user = excluded.ck_user, ct_change = excluded.ct_change;
INSERT INTO s_mt.t_attr(ck_id, cv_description, ck_attr_type, ck_d_data_type, cv_data_type_extra, ck_user, ct_change)VALUES('activerules', 'Правила для выбора активного элемента', 'behavior', 'text', null, '4fd05ca9-3a9e-4d66-82df-886dfa082113', '2019-10-17T00:00:00.000+0000') on conflict (ck_id) do update set cv_description = excluded.cv_description, ck_attr_type = excluded.ck_attr_type, ck_d_data_type = excluded.ck_d_data_type, cv_data_type_extra = excluded.cv_data_type_extra, ck_user = excluded.ck_user, ct_change = excluded.ct_change;
INSERT INTO s_mt.t_attr(ck_id, cv_description, ck_attr_type, ck_d_data_type, cv_data_type_extra, ck_user, ct_change)VALUES('align', 'Расположение текста:<br>left - слева,<br>center - по центру,<br>right - справа', 'view', 'enum', '["left", "right", "center", "top"]', '4fd05ca9-3a9e-4d66-82df-886dfa082113', '2020-06-05T12:12:33.069+0000') on conflict (ck_id) do update set cv_description = excluded.cv_description, ck_attr_type = excluded.ck_attr_type, ck_d_data_type = excluded.ck_d_data_type, cv_data_type_extra = excluded.cv_data_type_extra, ck_user = excluded.ck_user, ct_change = excluded.ct_change;
INSERT INTO s_mt.t_attr(ck_id, cv_description, ck_attr_type, ck_d_data_type, cv_data_type_extra, ck_user, ct_change)VALUES('allownew', 'Префикс-метка для нового значения.<br/>Пример: "allownew" = "NEW:", на сервер уйдет значение "NEW:введенное значение"', 'basic', 'text', null, '4fd05ca9-3a9e-4d66-82df-886dfa082113', '2019-11-29T00:00:00.000+0000') on conflict (ck_id) do update set cv_description = excluded.cv_description, ck_attr_type = excluded.ck_attr_type, ck_d_data_type = excluded.ck_d_data_type, cv_data_type_extra = excluded.cv_data_type_extra, ck_user = excluded.ck_user, ct_change = excluded.ct_change;
INSERT INTO s_mt.t_attr(ck_id, cv_description, ck_attr_type, ck_d_data_type, cv_data_type_extra, ck_user, ct_change)VALUES('autoload', 'Признак автозагрузки сервиса', 'basic', 'boolean', null, '4fd05ca9-3a9e-4d66-82df-886dfa082113', '2020-06-01T15:05:48.822+0000') on conflict (ck_id) do update set cv_description = excluded.cv_description, ck_attr_type = excluded.ck_attr_type, ck_d_data_type = excluded.ck_d_data_type, cv_data_type_extra = excluded.cv_data_type_extra, ck_user = excluded.ck_user, ct_change = excluded.ct_change;
INSERT INTO s_mt.t_attr(ck_id, cv_description, ck_attr_type, ck_d_data_type, cv_data_type_extra, ck_user, ct_change)VALUES('autoselectidentity', 'Наименование параметра, определяющего уникальность возвращаемых данных. <br>Если этот столбец есть в filter и заполнен, то сработает автовыбор первой записи', 'basic', 'text', null, '4fd05ca9-3a9e-4d66-82df-886dfa082113', '2019-10-24T00:00:00.000+0000') on conflict (ck_id) do update set cv_description = excluded.cv_description, ck_attr_type = excluded.ck_attr_type, ck_d_data_type = excluded.ck_d_data_type, cv_data_type_extra = excluded.cv_data_type_extra, ck_user = excluded.ck_user, ct_change = excluded.ct_change;
INSERT INTO s_mt.t_attr(ck_id, cv_description, ck_attr_type, ck_d_data_type, cv_data_type_extra, ck_user, ct_change)VALUES('bottombtn', 'Служебный параметр для иерархии', 'placement', 'text', null, '20780', '2019-08-07T00:00:00.000+0000') on conflict (ck_id) do update set cv_description = excluded.cv_description, ck_attr_type = excluded.ck_attr_type, ck_d_data_type = excluded.ck_d_data_type, cv_data_type_extra = excluded.cv_data_type_extra, ck_user = excluded.ck_user, ct_change = excluded.ct_change;
INSERT INTO s_mt.t_attr(ck_id, cv_description, ck_attr_type, ck_d_data_type, cv_data_type_extra, ck_user, ct_change)VALUES('btnaudit', 'Отображение кнопки "Информация" (true/false)', 'basic', 'boolean', null, '4fd05ca9-3a9e-4d66-82df-886dfa082113', '2020-06-01T15:05:57.889+0000') on conflict (ck_id) do update set cv_description = excluded.cv_description, ck_attr_type = excluded.ck_attr_type, ck_d_data_type = excluded.ck_d_data_type, cv_data_type_extra = excluded.cv_data_type_extra, ck_user = excluded.ck_user, ct_change = excluded.ct_change;
INSERT INTO s_mt.t_attr(ck_id, cv_description, ck_attr_type, ck_d_data_type, cv_data_type_extra, ck_user, ct_change)VALUES('btncollectorall', 'Признак сбора статических кнопок в коллектор', 'basic', 'boolean', null, '4fd05ca9-3a9e-4d66-82df-886dfa082113', '2020-06-01T15:06:05.394+0000') on conflict (ck_id) do update set cv_description = excluded.cv_description, ck_attr_type = excluded.ck_attr_type, ck_d_data_type = excluded.ck_d_data_type, cv_data_type_extra = excluded.cv_data_type_extra, ck_user = excluded.ck_user, ct_change = excluded.ct_change;
INSERT INTO s_mt.t_attr(ck_id, cv_description, ck_attr_type, ck_d_data_type, cv_data_type_extra, ck_user, ct_change)VALUES('btndelete', 'Отображение кнопки "Удалить" (true/false)', 'basic', 'boolean', null, '4fd05ca9-3a9e-4d66-82df-886dfa082113', '2020-06-01T15:06:13.171+0000') on conflict (ck_id) do update set cv_description = excluded.cv_description, ck_attr_type = excluded.ck_attr_type, ck_d_data_type = excluded.ck_d_data_type, cv_data_type_extra = excluded.cv_data_type_extra, ck_user = excluded.ck_user, ct_change = excluded.ct_change;
INSERT INTO s_mt.t_attr(ck_id, cv_description, ck_attr_type, ck_d_data_type, cv_data_type_extra, ck_user, ct_change)VALUES('btnexcel', 'Отображение кнопки "Экспорт в Excel" (true/false)', 'basic', 'boolean', null, '4fd05ca9-3a9e-4d66-82df-886dfa082113', '2020-06-01T15:06:25.416+0000') on conflict (ck_id) do update set cv_description = excluded.cv_description, ck_attr_type = excluded.ck_attr_type, ck_d_data_type = excluded.ck_d_data_type, cv_data_type_extra = excluded.cv_data_type_extra, ck_user = excluded.ck_user, ct_change = excluded.ct_change;
INSERT INTO s_mt.t_attr(ck_id, cv_description, ck_attr_type, ck_d_data_type, cv_data_type_extra, ck_user, ct_change)VALUES('btnfilter', 'Признак доступности фильтрации по колонке 
True - фильтрация включена 
False - фильтрация выключена', 'basic', 'boolean', null, '4fd05ca9-3a9e-4d66-82df-886dfa082113', '2020-05-15T12:48:53.535+0000') on conflict (ck_id) do update set cv_description = excluded.cv_description, ck_attr_type = excluded.ck_attr_type, ck_d_data_type = excluded.ck_d_data_type, cv_data_type_extra = excluded.cv_data_type_extra, ck_user = excluded.ck_user, ct_change = excluded.ct_change;
INSERT INTO s_mt.t_attr(ck_id, cv_description, ck_attr_type, ck_d_data_type, cv_data_type_extra, ck_user, ct_change)VALUES('btnrefresh', 'Отображение кнопки "Обновить" (true/false)', 'basic', 'boolean', null, '4fd05ca9-3a9e-4d66-82df-886dfa082113', '2020-06-01T15:06:33.529+0000') on conflict (ck_id) do update set cv_description = excluded.cv_description, ck_attr_type = excluded.ck_attr_type, ck_d_data_type = excluded.ck_d_data_type, cv_data_type_extra = excluded.cv_data_type_extra, ck_user = excluded.ck_user, ct_change = excluded.ct_change;
INSERT INTO s_mt.t_attr(ck_id, cv_description, ck_attr_type, ck_d_data_type, cv_data_type_extra, ck_user, ct_change)VALUES('btnsettings', 'Отображение кнопки "Настройки" (true/false)', 'basic', 'boolean', null, '4fd05ca9-3a9e-4d66-82df-886dfa082113', '2020-06-01T15:06:40.646+0000') on conflict (ck_id) do update set cv_description = excluded.cv_description, ck_attr_type = excluded.ck_attr_type, ck_d_data_type = excluded.ck_d_data_type, cv_data_type_extra = excluded.cv_data_type_extra, ck_user = excluded.ck_user, ct_change = excluded.ct_change;
INSERT INTO s_mt.t_attr(ck_id, cv_description, ck_attr_type, ck_d_data_type, cv_data_type_extra, ck_user, ct_change)VALUES('checkaddmore', 'Признак "Добавить еще". Если не заполнен = false', 'basic', 'boolean', null, '4fd05ca9-3a9e-4d66-82df-886dfa082113', '2020-06-01T15:06:48.533+0000') on conflict (ck_id) do update set cv_description = excluded.cv_description, ck_attr_type = excluded.ck_attr_type, ck_d_data_type = excluded.ck_d_data_type, cv_data_type_extra = excluded.cv_data_type_extra, ck_user = excluded.ck_user, ct_change = excluded.ct_change;
INSERT INTO s_mt.t_attr(ck_id, cv_description, ck_attr_type, ck_d_data_type, cv_data_type_extra, ck_user, ct_change)VALUES('childs', 'Служебный параметр для иерархии', 'placement', 'text', null, '40025111', '2019-04-23T00:00:00.000+0000') on conflict (ck_id) do update set cv_description = excluded.cv_description, ck_attr_type = excluded.ck_attr_type, ck_d_data_type = excluded.ck_d_data_type, cv_data_type_extra = excluded.cv_data_type_extra, ck_user = excluded.ck_user, ct_change = excluded.ct_change;
INSERT INTO s_mt.t_attr(ck_id, cv_description, ck_attr_type, ck_d_data_type, cv_data_type_extra, ck_user, ct_change)VALUES('childwindow', 'Служебный параметр для иерархии', 'placement', 'text', null, '-11', '2018-02-22T00:00:00.000+0000') on conflict (ck_id) do update set cv_description = excluded.cv_description, ck_attr_type = excluded.ck_attr_type, ck_d_data_type = excluded.ck_d_data_type, cv_data_type_extra = excluded.cv_data_type_extra, ck_user = excluded.ck_user, ct_change = excluded.ct_change;
INSERT INTO s_mt.t_attr(ck_id, cv_description, ck_attr_type, ck_d_data_type, cv_data_type_extra, ck_user, ct_change)VALUES('ckwindow', 'Идентификатор для поиска окна в мастере', 'basic', 'text', null, '-11', '2018-02-22T00:00:00.000+0000') on conflict (ck_id) do update set cv_description = excluded.cv_description, ck_attr_type = excluded.ck_attr_type, ck_d_data_type = excluded.ck_d_data_type, cv_data_type_extra = excluded.cv_data_type_extra, ck_user = excluded.ck_user, ct_change = excluded.ct_change;
INSERT INTO s_mt.t_attr(ck_id, cv_description, ck_attr_type, ck_d_data_type, cv_data_type_extra, ck_user, ct_change)VALUES('collapsed', 'Свернута ли панель при инициализации <br/>true = свернута', 'view', 'boolean', null, '4fd05ca9-3a9e-4d66-82df-886dfa082113', '2020-06-01T15:07:11.338+0000') on conflict (ck_id) do update set cv_description = excluded.cv_description, ck_attr_type = excluded.ck_attr_type, ck_d_data_type = excluded.ck_d_data_type, cv_data_type_extra = excluded.cv_data_type_extra, ck_user = excluded.ck_user, ct_change = excluded.ct_change;
INSERT INTO s_mt.t_attr(ck_id, cv_description, ck_attr_type, ck_d_data_type, cv_data_type_extra, ck_user, ct_change)VALUES('collapsible', 'Признак возможности сворачивания панели true/false', 'basic', 'boolean', null, '4fd05ca9-3a9e-4d66-82df-886dfa082113', '2020-06-01T15:07:18.257+0000') on conflict (ck_id) do update set cv_description = excluded.cv_description, ck_attr_type = excluded.ck_attr_type, ck_d_data_type = excluded.ck_d_data_type, cv_data_type_extra = excluded.cv_data_type_extra, ck_user = excluded.ck_user, ct_change = excluded.ct_change;
INSERT INTO s_mt.t_attr(ck_id, cv_description, ck_attr_type, ck_d_data_type, cv_data_type_extra, ck_user, ct_change)VALUES('collectionvalues', 'Тип  сбора значений:<br/>object - виде объекта<br/>array - массив строк', 'basic', 'enum', '["object", "array"]', '4fd05ca9-3a9e-4d66-82df-886dfa082113', '2020-06-05T08:14:32.596+0000') on conflict (ck_id) do update set cv_description = excluded.cv_description, ck_attr_type = excluded.ck_attr_type, ck_d_data_type = excluded.ck_d_data_type, cv_data_type_extra = excluded.cv_data_type_extra, ck_user = excluded.ck_user, ct_change = excluded.ct_change;
INSERT INTO s_mt.t_attr(ck_id, cv_description, ck_attr_type, ck_d_data_type, cv_data_type_extra, ck_user, ct_change)VALUES('column', 'Наименование параметра для отображения данных и передачи в Modify', 'basic', 'text', null, '4fd05ca9-3a9e-4d66-82df-886dfa082113', '2019-10-24T00:00:00.000+0000') on conflict (ck_id) do update set cv_description = excluded.cv_description, ck_attr_type = excluded.ck_attr_type, ck_d_data_type = excluded.ck_d_data_type, cv_data_type_extra = excluded.cv_data_type_extra, ck_user = excluded.ck_user, ct_change = excluded.ct_change;
INSERT INTO s_mt.t_attr(ck_id, cv_description, ck_attr_type, ck_d_data_type, cv_data_type_extra, ck_user, ct_change)VALUES('columnend', 'Наименование параметра - конца периода', 'basic', 'text', null, '4fd05ca9-3a9e-4d66-82df-886dfa082113', '2019-10-24T00:00:00.000+0000') on conflict (ck_id) do update set cv_description = excluded.cv_description, ck_attr_type = excluded.ck_attr_type, ck_d_data_type = excluded.ck_d_data_type, cv_data_type_extra = excluded.cv_data_type_extra, ck_user = excluded.ck_user, ct_change = excluded.ct_change;
INSERT INTO s_mt.t_attr(ck_id, cv_description, ck_attr_type, ck_d_data_type, cv_data_type_extra, ck_user, ct_change)VALUES('columns', 'Служебный параметр для иерархии', 'placement', 'text', null, '-11', '2018-02-22T00:00:00.000+0000') on conflict (ck_id) do update set cv_description = excluded.cv_description, ck_attr_type = excluded.ck_attr_type, ck_d_data_type = excluded.ck_d_data_type, cv_data_type_extra = excluded.cv_data_type_extra, ck_user = excluded.ck_user, ct_change = excluded.ct_change;
INSERT INTO s_mt.t_attr(ck_id, cv_description, ck_attr_type, ck_d_data_type, cv_data_type_extra, ck_user, ct_change)VALUES('columnsfilter', 'Список полей, по которым будет происходит фильтрация данных. Перечисление через запятую без пробела', 'basic', 'text', null, '4fd05ca9-3a9e-4d66-82df-886dfa082113', '2020-01-28T00:00:00.000+0000') on conflict (ck_id) do update set cv_description = excluded.cv_description, ck_attr_type = excluded.ck_attr_type, ck_d_data_type = excluded.ck_d_data_type, cv_data_type_extra = excluded.cv_data_type_extra, ck_user = excluded.ck_user, ct_change = excluded.ct_change;
INSERT INTO s_mt.t_attr(ck_id, cv_description, ck_attr_type, ck_d_data_type, cv_data_type_extra, ck_user, ct_change)VALUES('columnstart', 'Наименование параметра - начала периода', 'basic', 'text', null, '4fd05ca9-3a9e-4d66-82df-886dfa082113', '2019-10-24T00:00:00.000+0000') on conflict (ck_id) do update set cv_description = excluded.cv_description, ck_attr_type = excluded.ck_attr_type, ck_d_data_type = excluded.ck_d_data_type, cv_data_type_extra = excluded.cv_data_type_extra, ck_user = excluded.ck_user, ct_change = excluded.ct_change;
INSERT INTO s_mt.t_attr(ck_id, cv_description, ck_attr_type, ck_d_data_type, cv_data_type_extra, ck_user, ct_change)VALUES('confirmquestion', 'Вопрос на подтверждение операции', 'basic', 'localization', null, '4fd05ca9-3a9e-4d66-82df-886dfa082113', '2020-04-10T12:23:17.212+0000') on conflict (ck_id) do update set cv_description = excluded.cv_description, ck_attr_type = excluded.ck_attr_type, ck_d_data_type = excluded.ck_d_data_type, cv_data_type_extra = excluded.cv_data_type_extra, ck_user = excluded.ck_user, ct_change = excluded.ct_change;
INSERT INTO s_mt.t_attr(ck_id, cv_description, ck_attr_type, ck_d_data_type, cv_data_type_extra, ck_user, ct_change)VALUES('contentview', 'Вид наполнения:<br/>hbox: горизонтальное<br/>hbox-wrap: горизонтальное с переносом на следующую строку<br/>vbox: вертикальное', 'view', 'enum', '["hbox", "hbox-wrap", "vbox"]', '4fd05ca9-3a9e-4d66-82df-886dfa082113', '2020-06-05T08:15:47.259+0000') on conflict (ck_id) do update set cv_description = excluded.cv_description, ck_attr_type = excluded.ck_attr_type, ck_d_data_type = excluded.ck_d_data_type, cv_data_type_extra = excluded.cv_data_type_extra, ck_user = excluded.ck_user, ct_change = excluded.ct_change;
INSERT INTO s_mt.t_attr(ck_id, cv_description, ck_attr_type, ck_d_data_type, cv_data_type_extra, ck_user, ct_change)VALUES('contentwidth', 'Ширина вложенных полей. Целое число от 1% до 100%. Обязательно добавлять %.', 'view', 'cssmeasure', null, '4fd05ca9-3a9e-4d66-82df-886dfa082113', '2020-06-03T17:23:32.033+0000') on conflict (ck_id) do update set cv_description = excluded.cv_description, ck_attr_type = excluded.ck_attr_type, ck_d_data_type = excluded.ck_d_data_type, cv_data_type_extra = excluded.cv_data_type_extra, ck_user = excluded.ck_user, ct_change = excluded.ct_change;
INSERT INTO s_mt.t_attr(ck_id, cv_description, ck_attr_type, ck_d_data_type, cv_data_type_extra, ck_user, ct_change)VALUES('contextmenus', 'Вложенные элементы для построения контекстного меню', 'placement', 'text', null, '-11', '2018-02-22T00:00:00.000+0000') on conflict (ck_id) do update set cv_description = excluded.cv_description, ck_attr_type = excluded.ck_attr_type, ck_d_data_type = excluded.ck_d_data_type, cv_data_type_extra = excluded.cv_data_type_extra, ck_user = excluded.ck_user, ct_change = excluded.ct_change;
INSERT INTO s_mt.t_attr(ck_id, cv_description, ck_attr_type, ck_d_data_type, cv_data_type_extra, ck_user, ct_change)VALUES('currencysign', 'Подпись для отображения<br/>Пример:<br/>к деньгам добавляем " руб."', 'basic', 'text', null, '-11', '2018-02-22T00:00:00.000+0000') on conflict (ck_id) do update set cv_description = excluded.cv_description, ck_attr_type = excluded.ck_attr_type, ck_d_data_type = excluded.ck_d_data_type, cv_data_type_extra = excluded.cv_data_type_extra, ck_user = excluded.ck_user, ct_change = excluded.ct_change;
INSERT INTO s_mt.t_attr(ck_id, cv_description, ck_attr_type, ck_d_data_type, cv_data_type_extra, ck_user, ct_change)VALUES('datatype', 'Тип данных колонки', 'system', 'text', null, '-11', '2018-02-22T00:00:00.000+0000') on conflict (ck_id) do update set cv_description = excluded.cv_description, ck_attr_type = excluded.ck_attr_type, ck_d_data_type = excluded.ck_d_data_type, cv_data_type_extra = excluded.cv_data_type_extra, ck_user = excluded.ck_user, ct_change = excluded.ct_change;
INSERT INTO s_mt.t_attr(ck_id, cv_description, ck_attr_type, ck_d_data_type, cv_data_type_extra, ck_user, ct_change)VALUES('decimalprecision', 'Точность после запятой. Если не заполнен, то точность равна 2', 'basic', 'integer', null, '4fd05ca9-3a9e-4d66-82df-886dfa082113', '2020-06-03T07:41:02.706+0000') on conflict (ck_id) do update set cv_description = excluded.cv_description, ck_attr_type = excluded.ck_attr_type, ck_d_data_type = excluded.ck_d_data_type, cv_data_type_extra = excluded.cv_data_type_extra, ck_user = excluded.ck_user, ct_change = excluded.ct_change;
INSERT INTO s_mt.t_attr(ck_id, cv_description, ck_attr_type, ck_d_data_type, cv_data_type_extra, ck_user, ct_change)VALUES('decimalseparator', 'Разделитель дробного остатка', 'basic', 'text', null, '4fd05ca9-3a9e-4d66-82df-886dfa082113', '2019-10-24T00:00:00.000+0000') on conflict (ck_id) do update set cv_description = excluded.cv_description, ck_attr_type = excluded.ck_attr_type, ck_d_data_type = excluded.ck_d_data_type, cv_data_type_extra = excluded.cv_data_type_extra, ck_user = excluded.ck_user, ct_change = excluded.ct_change;
INSERT INTO s_mt.t_attr(ck_id, cv_description, ck_attr_type, ck_d_data_type, cv_data_type_extra, ck_user, ct_change)VALUES('defaultvalue', 'Значение по умолчанию<br/>CheckBox: true/false<br/>DateField: sysdate - текущее время или дата в формате ISO 8601 2005-08-09T18:31:42<br/>для выбора первой записи указать значение "##first##"<br/> для выбора первой записи всегда - указать значение "##alwaysfirst##"', 'basic', 'text', null, '4fd05ca9-3a9e-4d66-82df-886dfa082113', '2019-11-29T00:00:00.000+0000') on conflict (ck_id) do update set cv_description = excluded.cv_description, ck_attr_type = excluded.ck_attr_type, ck_d_data_type = excluded.ck_d_data_type, cv_data_type_extra = excluded.cv_data_type_extra, ck_user = excluded.ck_user, ct_change = excluded.ct_change;
INSERT INTO s_mt.t_attr(ck_id, cv_description, ck_attr_type, ck_d_data_type, cv_data_type_extra, ck_user, ct_change)VALUES('defaultvaluequery', 'Сервис для запроса значения по умолчанию', 'basic', 'text', null, '-11', '2018-02-22T00:00:00.000+0000') on conflict (ck_id) do update set cv_description = excluded.cv_description, ck_attr_type = excluded.ck_attr_type, ck_d_data_type = excluded.ck_d_data_type, cv_data_type_extra = excluded.cv_data_type_extra, ck_user = excluded.ck_user, ct_change = excluded.ct_change;
INSERT INTO s_mt.t_attr(ck_id, cv_description, ck_attr_type, ck_d_data_type, cv_data_type_extra, ck_user, ct_change)VALUES('detail', 'Отображение панели с детализацией - Служебная информация', 'placement', 'text', null, '20780', '2019-04-28T00:00:00.000+0000') on conflict (ck_id) do update set cv_description = excluded.cv_description, ck_attr_type = excluded.ck_attr_type, ck_d_data_type = excluded.ck_d_data_type, cv_data_type_extra = excluded.cv_data_type_extra, ck_user = excluded.ck_user, ct_change = excluded.ct_change;
INSERT INTO s_mt.t_attr(ck_id, cv_description, ck_attr_type, ck_d_data_type, cv_data_type_extra, ck_user, ct_change)VALUES('disabled', 'Признак блокировки объекта при инициализации<br/>true-блокирован', 'basic', 'boolean', null, '4fd05ca9-3a9e-4d66-82df-886dfa082113', '2020-06-01T15:07:39.761+0000') on conflict (ck_id) do update set cv_description = excluded.cv_description, ck_attr_type = excluded.ck_attr_type, ck_d_data_type = excluded.ck_d_data_type, cv_data_type_extra = excluded.cv_data_type_extra, ck_user = excluded.ck_user, ct_change = excluded.ct_change;
INSERT INTO s_mt.t_attr(ck_id, cv_description, ck_attr_type, ck_d_data_type, cv_data_type_extra, ck_user, ct_change)VALUES('disabledemptymaster', 'Признак блокировки, если мастер вернул пустое значение', 'basic', 'boolean', null, '4fd05ca9-3a9e-4d66-82df-886dfa082113', '2020-06-01T15:07:46.246+0000') on conflict (ck_id) do update set cv_description = excluded.cv_description, ck_attr_type = excluded.ck_attr_type, ck_d_data_type = excluded.ck_d_data_type, cv_data_type_extra = excluded.cv_data_type_extra, ck_user = excluded.ck_user, ct_change = excluded.ct_change;
INSERT INTO s_mt.t_attr(ck_id, cv_description, ck_attr_type, ck_d_data_type, cv_data_type_extra, ck_user, ct_change)VALUES('disabledrules', 'Правила отображения объекта. Если правило вернет true, то объект станет неактивным.<br/>Синтаксис:<br/>== - равно<br/>!= - не равно<br/>''>'' - больше<br/>''<'' - меньше<br/>''&&'' - и<br/>''||'' - или<br/>Пример:<br/>gck_mo>1   // если глобальная переменная gck_mo больше 1, то поле заблокируется', 'behavior', 'text', null, '4fd05ca9-3a9e-4d66-82df-886dfa082113', '2019-10-24T00:00:00.000+0000') on conflict (ck_id) do update set cv_description = excluded.cv_description, ck_attr_type = excluded.ck_attr_type, ck_d_data_type = excluded.ck_d_data_type, cv_data_type_extra = excluded.cv_data_type_extra, ck_user = excluded.ck_user, ct_change = excluded.ct_change;
INSERT INTO s_mt.t_attr(ck_id, cv_description, ck_attr_type, ck_d_data_type, cv_data_type_extra, ck_user, ct_change)VALUES('displayfield', 'Наименование параметра, который будет отображен', 'basic', 'text', null, '4fd05ca9-3a9e-4d66-82df-886dfa082113', '2019-10-24T00:00:00.000+0000') on conflict (ck_id) do update set cv_description = excluded.cv_description, ck_attr_type = excluded.ck_attr_type, ck_d_data_type = excluded.ck_d_data_type, cv_data_type_extra = excluded.cv_data_type_extra, ck_user = excluded.ck_user, ct_change = excluded.ct_change;
INSERT INTO s_mt.t_attr(ck_id, cv_description, ck_attr_type, ck_d_data_type, cv_data_type_extra, ck_user, ct_change)VALUES('dynamicfilter', 'Признак автоматического применения фильтра', 'basic', 'boolean', null, '4fd05ca9-3a9e-4d66-82df-886dfa082113', '2020-06-01T15:07:59.466+0000') on conflict (ck_id) do update set cv_description = excluded.cv_description, ck_attr_type = excluded.ck_attr_type, ck_d_data_type = excluded.ck_d_data_type, cv_data_type_extra = excluded.cv_data_type_extra, ck_user = excluded.ck_user, ct_change = excluded.ct_change;
INSERT INTO s_mt.t_attr(ck_id, cv_description, ck_attr_type, ck_d_data_type, cv_data_type_extra, ck_user, ct_change)VALUES('dynamicicon', 'Признак изменения вида иконки от данных', 'basic', 'boolean', null, '4fd05ca9-3a9e-4d66-82df-886dfa082113', '2020-06-01T15:08:06.859+0000') on conflict (ck_id) do update set cv_description = excluded.cv_description, ck_attr_type = excluded.ck_attr_type, ck_d_data_type = excluded.ck_d_data_type, cv_data_type_extra = excluded.cv_data_type_extra, ck_user = excluded.ck_user, ct_change = excluded.ct_change;
INSERT INTO s_mt.t_attr(ck_id, cv_description, ck_attr_type, ck_d_data_type, cv_data_type_extra, ck_user, ct_change)VALUES('editmode', 'Режим добавления/редактирования - all/insert/update/disabled', 'basic', 'enum', '["all", "insert", "update", "disabled", "insert-editing", "update-editing"]', '4fd05ca9-3a9e-4d66-82df-886dfa082113', '2020-06-05T12:16:41.308+0000') on conflict (ck_id) do update set cv_description = excluded.cv_description, ck_attr_type = excluded.ck_attr_type, ck_d_data_type = excluded.ck_d_data_type, cv_data_type_extra = excluded.cv_data_type_extra, ck_user = excluded.ck_user, ct_change = excluded.ct_change;
INSERT INTO s_mt.t_attr(ck_id, cv_description, ck_attr_type, ck_d_data_type, cv_data_type_extra, ck_user, ct_change)VALUES('editmodepanel', 'Режим редактирования дочерних элементов<br/>true = включен', 'basic', 'boolean', null, '4fd05ca9-3a9e-4d66-82df-886dfa082113', '2020-06-01T15:08:17.799+0000') on conflict (ck_id) do update set cv_description = excluded.cv_description, ck_attr_type = excluded.ck_attr_type, ck_d_data_type = excluded.ck_d_data_type, cv_data_type_extra = excluded.cv_data_type_extra, ck_user = excluded.ck_user, ct_change = excluded.ct_change;
INSERT INTO s_mt.t_attr(ck_id, cv_description, ck_attr_type, ck_d_data_type, cv_data_type_extra, ck_user, ct_change)VALUES('editors', 'Служебный параметр для иерархии', 'placement', 'text', null, '-11', '2018-02-22T00:00:00.000+0000') on conflict (ck_id) do update set cv_description = excluded.cv_description, ck_attr_type = excluded.ck_attr_type, ck_d_data_type = excluded.ck_d_data_type, cv_data_type_extra = excluded.cv_data_type_extra, ck_user = excluded.ck_user, ct_change = excluded.ct_change;
INSERT INTO s_mt.t_attr(ck_id, cv_description, ck_attr_type, ck_d_data_type, cv_data_type_extra, ck_user, ct_change)VALUES('edittype', 'Режим добавления/редактирования: inline - в строке; modalwindow - в модальном окне', 'basic', 'enum', '["inline", "modalwindow"]', '4fd05ca9-3a9e-4d66-82df-886dfa082113', '2020-06-05T08:17:09.602+0000') on conflict (ck_id) do update set cv_description = excluded.cv_description, ck_attr_type = excluded.ck_attr_type, ck_d_data_type = excluded.ck_d_data_type, cv_data_type_extra = excluded.cv_data_type_extra, ck_user = excluded.ck_user, ct_change = excluded.ct_change;
INSERT INTO s_mt.t_attr(ck_id, cv_description, ck_attr_type, ck_d_data_type, cv_data_type_extra, ck_user, ct_change)VALUES('extraplugingate', 'Дополнительные плагины для шлюза', 'basic', 'text', null, '10020786', '2018-03-21T00:00:00.000+0000') on conflict (ck_id) do update set cv_description = excluded.cv_description, ck_attr_type = excluded.ck_attr_type, ck_d_data_type = excluded.ck_d_data_type, cv_data_type_extra = excluded.cv_data_type_extra, ck_user = excluded.ck_user, ct_change = excluded.ct_change;
INSERT INTO s_mt.t_attr(ck_id, cv_description, ck_attr_type, ck_d_data_type, cv_data_type_extra, ck_user, ct_change)VALUES('filemode', 'Вариант выбора файлов для загрузки. multi - несколько файлов, single - по одному.', 'basic', 'enum', '["multi", "single"]', '4fd05ca9-3a9e-4d66-82df-886dfa082113', '2020-06-05T08:17:42.633+0000') on conflict (ck_id) do update set cv_description = excluded.cv_description, ck_attr_type = excluded.ck_attr_type, ck_d_data_type = excluded.ck_d_data_type, cv_data_type_extra = excluded.cv_data_type_extra, ck_user = excluded.ck_user, ct_change = excluded.ct_change;
INSERT INTO s_mt.t_attr(ck_id, cv_description, ck_attr_type, ck_d_data_type, cv_data_type_extra, ck_user, ct_change)VALUES('filetypes', 'Тип документа, доступный для выбора при mode = 8.<br/>Пример: pdf,docs,doc', 'basic', 'text', null, '4fd05ca9-3a9e-4d66-82df-886dfa082113', '2019-10-24T00:00:00.000+0000') on conflict (ck_id) do update set cv_description = excluded.cv_description, ck_attr_type = excluded.ck_attr_type, ck_d_data_type = excluded.ck_d_data_type, cv_data_type_extra = excluded.cv_data_type_extra, ck_user = excluded.ck_user, ct_change = excluded.ct_change;
INSERT INTO s_mt.t_attr(ck_id, cv_description, ck_attr_type, ck_d_data_type, cv_data_type_extra, ck_user, ct_change)VALUES('filters', 'Служебный параметр для иерархии', 'placement', 'text', null, '-11', '2018-02-22T00:00:00.000+0000') on conflict (ck_id) do update set cv_description = excluded.cv_description, ck_attr_type = excluded.ck_attr_type, ck_d_data_type = excluded.ck_d_data_type, cv_data_type_extra = excluded.cv_data_type_extra, ck_user = excluded.ck_user, ct_change = excluded.ct_change;
INSERT INTO s_mt.t_attr(ck_id, cv_description, ck_attr_type, ck_d_data_type, cv_data_type_extra, ck_user, ct_change)VALUES('filtervaluessave', 'Признак сохранения данных фильтра в кеше', 'basic', 'boolean', null, '4fd05ca9-3a9e-4d66-82df-886dfa082113', '2020-06-01T15:08:38.978+0000') on conflict (ck_id) do update set cv_description = excluded.cv_description, ck_attr_type = excluded.ck_attr_type, ck_d_data_type = excluded.ck_d_data_type, cv_data_type_extra = excluded.cv_data_type_extra, ck_user = excluded.ck_user, ct_change = excluded.ct_change;
INSERT INTO s_mt.t_attr(ck_id, cv_description, ck_attr_type, ck_d_data_type, cv_data_type_extra, ck_user, ct_change)VALUES('format', 'Формат данных<br/>Для дат номер от 1-6:<br/>1 - ГГГГ<br/>2 - МММ ГГГГ<br/>3 - ДД.ММ.ГГГГ<br/>4 - ДД.ММ.ГГГГ ЧЧ:00<br/>5 - ДД.ММ.ГГГГ ЧЧ:МИ<br/>6 - ДД.ММ.ГГГГ ЧЧ:МИ:CC', 'basic', 'enum', '["1", "2", "3", "4", "5", "6"]', '4fd05ca9-3a9e-4d66-82df-886dfa082113', '2020-06-05T08:18:27.973+0000') on conflict (ck_id) do update set cv_description = excluded.cv_description, ck_attr_type = excluded.ck_attr_type, ck_d_data_type = excluded.ck_d_data_type, cv_data_type_extra = excluded.cv_data_type_extra, ck_user = excluded.ck_user, ct_change = excluded.ct_change;
INSERT INTO s_mt.t_attr(ck_id, cv_description, ck_attr_type, ck_d_data_type, cv_data_type_extra, ck_user, ct_change)VALUES('getglobal', 'Наименование глобального параметра, который хранит значение для объекта', 'behavior', 'text', null, '4fd05ca9-3a9e-4d66-82df-886dfa082113', '2019-10-24T00:00:00.000+0000') on conflict (ck_id) do update set cv_description = excluded.cv_description, ck_attr_type = excluded.ck_attr_type, ck_d_data_type = excluded.ck_d_data_type, cv_data_type_extra = excluded.cv_data_type_extra, ck_user = excluded.ck_user, ct_change = excluded.ct_change;
INSERT INTO s_mt.t_attr(ck_id, cv_description, ck_attr_type, ck_d_data_type, cv_data_type_extra, ck_user, ct_change)VALUES('getgloballist', 'Наименование глобального параметра, который хранит список значений для combobox', 'behavior', 'text', null, '4fd05ca9-3a9e-4d66-82df-886dfa082113', '2019-10-24T00:00:00.000+0000') on conflict (ck_id) do update set cv_description = excluded.cv_description, ck_attr_type = excluded.ck_attr_type, ck_d_data_type = excluded.ck_d_data_type, cv_data_type_extra = excluded.cv_data_type_extra, ck_user = excluded.ck_user, ct_change = excluded.ct_change;
INSERT INTO s_mt.t_attr(ck_id, cv_description, ck_attr_type, ck_d_data_type, cv_data_type_extra, ck_user, ct_change)VALUES('getglobaltostore', 'Список глобальных переменных(через запятую), передаваемых в filter сервиса на объекте.<br/> Пример:<br/>Если указать gck_mo, то положит в json.filter.gck_mo<br/>Если указать gck_mo=ck_mo, то положит в json.filter.ck_mo', 'behavior', 'text', null, '4fd05ca9-3a9e-4d66-82df-886dfa082113', '2019-10-24T00:00:00.000+0000') on conflict (ck_id) do update set cv_description = excluded.cv_description, ck_attr_type = excluded.ck_attr_type, ck_d_data_type = excluded.ck_d_data_type, cv_data_type_extra = excluded.cv_data_type_extra, ck_user = excluded.ck_user, ct_change = excluded.ct_change;
INSERT INTO s_mt.t_attr(ck_id, cv_description, ck_attr_type, ck_d_data_type, cv_data_type_extra, ck_user, ct_change)VALUES('getmastervalue', 'Наименование параметра из мастера,<br/>который будет передан в json в виде "master": {"наименование_параметра":"значение"}', 'basic', 'text', null, '4fd05ca9-3a9e-4d66-82df-886dfa082113', '2020-06-05T11:51:45.369+0000') on conflict (ck_id) do update set cv_description = excluded.cv_description, ck_attr_type = excluded.ck_attr_type, ck_d_data_type = excluded.ck_d_data_type, cv_data_type_extra = excluded.cv_data_type_extra, ck_user = excluded.ck_user, ct_change = excluded.ct_change;
INSERT INTO s_mt.t_attr(ck_id, cv_description, ck_attr_type, ck_d_data_type, cv_data_type_extra, ck_user, ct_change)VALUES('handler', 'Обработчик в ExtJS<br/>onCreateChildWindowMaster - для вызова окна при создании<br/>onRowCreateChildWindowMaster - для вызова окна при редактировании<br/>onSimpleSaveWindow - сохранение данных по кнопке для модального окна<br/>onCloseWindow - закрытие модального окна<br/>onCloseWindowSilent - закрытие модального окна без сообщения<br/>onPrintHandleOnline - Онлайн печать<br/>onPrintHandleOffline - Отложенная печать<br/>free - общий обработчик для передачи данных в сервис', 'basic', 'text', null, '4fd05ca9-3a9e-4d66-82df-886dfa082113', '2020-02-06T00:00:00.000+0000') on conflict (ck_id) do update set cv_description = excluded.cv_description, ck_attr_type = excluded.ck_attr_type, ck_d_data_type = excluded.ck_d_data_type, cv_data_type_extra = excluded.cv_data_type_extra, ck_user = excluded.ck_user, ct_change = excluded.ct_change;
INSERT INTO s_mt.t_attr(ck_id, cv_description, ck_attr_type, ck_d_data_type, cv_data_type_extra, ck_user, ct_change)VALUES('height', 'Статическая высота в пикселях (px)', 'view', 'cssmeasure', null, '4fd05ca9-3a9e-4d66-82df-886dfa082113', '2020-06-03T13:57:39.886+0000') on conflict (ck_id) do update set cv_description = excluded.cv_description, ck_attr_type = excluded.ck_attr_type, ck_d_data_type = excluded.ck_d_data_type, cv_data_type_extra = excluded.cv_data_type_extra, ck_user = excluded.ck_user, ct_change = excluded.ct_change;
INSERT INTO s_mt.t_attr(ck_id, cv_description, ck_attr_type, ck_d_data_type, cv_data_type_extra, ck_user, ct_change)VALUES('hidden', 'Признак скрытия объекта при инициализации<br/>true-скрыт', 'basic', 'boolean', null, '4fd05ca9-3a9e-4d66-82df-886dfa082113', '2020-06-01T15:08:50.813+0000') on conflict (ck_id) do update set cv_description = excluded.cv_description, ck_attr_type = excluded.ck_attr_type, ck_d_data_type = excluded.ck_d_data_type, cv_data_type_extra = excluded.cv_data_type_extra, ck_user = excluded.ck_user, ct_change = excluded.ct_change;
INSERT INTO s_mt.t_attr(ck_id, cv_description, ck_attr_type, ck_d_data_type, cv_data_type_extra, ck_user, ct_change)VALUES('hiddenrules', 'Правила отображения объекта. Если правило вернет true, то объект скрывается.<br/>Синтаксис:<br/>== - равно<br/>!= - не равно<br/>''>'' - больше<br/>''<'' - меньше<br/>''&&'' - и<br/>''||'' - или<br/>Пример:<br/>gck_mo>1   // если глобальная переменная gck_mo больше 1, то поле скроется', 'behavior', 'text', null, '4fd05ca9-3a9e-4d66-82df-886dfa082113', '2019-10-24T00:00:00.000+0000') on conflict (ck_id) do update set cv_description = excluded.cv_description, ck_attr_type = excluded.ck_attr_type, ck_d_data_type = excluded.ck_d_data_type, cv_data_type_extra = excluded.cv_data_type_extra, ck_user = excluded.ck_user, ct_change = excluded.ct_change;
INSERT INTO s_mt.t_attr(ck_id, cv_description, ck_attr_type, ck_d_data_type, cv_data_type_extra, ck_user, ct_change)VALUES('hideactions', 'Признак скрытия всех кнопок (true/false)', 'behavior', 'boolean', null, '4fd05ca9-3a9e-4d66-82df-886dfa082113', '2020-06-01T15:08:58.886+0000') on conflict (ck_id) do update set cv_description = excluded.cv_description, ck_attr_type = excluded.ck_attr_type, ck_d_data_type = excluded.ck_d_data_type, cv_data_type_extra = excluded.cv_data_type_extra, ck_user = excluded.ck_user, ct_change = excluded.ct_change;
INSERT INTO s_mt.t_attr(ck_id, cv_description, ck_attr_type, ck_d_data_type, cv_data_type_extra, ck_user, ct_change)VALUES('iconfont', 'Иконка (например, fa-plus)', 'basic', 'text', null, '-11', '2018-02-22T00:00:00.000+0000') on conflict (ck_id) do update set cv_description = excluded.cv_description, ck_attr_type = excluded.ck_attr_type, ck_d_data_type = excluded.ck_d_data_type, cv_data_type_extra = excluded.cv_data_type_extra, ck_user = excluded.ck_user, ct_change = excluded.ct_change;
INSERT INTO s_mt.t_attr(ck_id, cv_description, ck_attr_type, ck_d_data_type, cv_data_type_extra, ck_user, ct_change)VALUES('iconfontname', 'Наименование класса или наименование колонки при динамике', 'basic', 'enum', '["fa", "mdi"]', '4fd05ca9-3a9e-4d66-82df-886dfa082113', '2020-06-05T08:19:06.070+0000') on conflict (ck_id) do update set cv_description = excluded.cv_description, ck_attr_type = excluded.ck_attr_type, ck_d_data_type = excluded.ck_d_data_type, cv_data_type_extra = excluded.cv_data_type_extra, ck_user = excluded.ck_user, ct_change = excluded.ct_change;
INSERT INTO s_mt.t_attr(ck_id, cv_description, ck_attr_type, ck_d_data_type, cv_data_type_extra, ck_user, ct_change)VALUES('idproperty', 'Наименование параметра, отвечающего за уникальность записей', 'basic', 'text', null, '4fd05ca9-3a9e-4d66-82df-886dfa082113', '2020-01-17T00:00:00.000+0000') on conflict (ck_id) do update set cv_description = excluded.cv_description, ck_attr_type = excluded.ck_attr_type, ck_d_data_type = excluded.ck_d_data_type, cv_data_type_extra = excluded.cv_data_type_extra, ck_user = excluded.ck_user, ct_change = excluded.ct_change;
INSERT INTO s_mt.t_attr(ck_id, cv_description, ck_attr_type, ck_d_data_type, cv_data_type_extra, ck_user, ct_change)VALUES('imask', 'Маска ввода, например: (999) 999-99-99 <br/> Если значение для маски пустое или несуществует, то поле будет скрыто', 'basic', 'text', null, '4fd05ca9-3a9e-4d66-82df-886dfa082113', '2020-05-06T18:18:12.619+0000') on conflict (ck_id) do update set cv_description = excluded.cv_description, ck_attr_type = excluded.ck_attr_type, ck_d_data_type = excluded.ck_d_data_type, cv_data_type_extra = excluded.cv_data_type_extra, ck_user = excluded.ck_user, ct_change = excluded.ct_change;
INSERT INTO s_mt.t_attr(ck_id, cv_description, ck_attr_type, ck_d_data_type, cv_data_type_extra, ck_user, ct_change)VALUES('info', 'Дополнительная информация для полей ввода', 'basic', 'localization', null, '4fd05ca9-3a9e-4d66-82df-886dfa082113', '2020-04-10T12:23:45.461+0000') on conflict (ck_id) do update set cv_description = excluded.cv_description, ck_attr_type = excluded.ck_attr_type, ck_d_data_type = excluded.ck_d_data_type, cv_data_type_extra = excluded.cv_data_type_extra, ck_user = excluded.ck_user, ct_change = excluded.ct_change;
INSERT INTO s_mt.t_attr(ck_id, cv_description, ck_attr_type, ck_d_data_type, cv_data_type_extra, ck_user, ct_change)VALUES('localization', 'Установка значение из локализационного пакета. Возможные значения: meta, message, static', 'basic', 'enum', '["meta", "message", "static"]', '4fd05ca9-3a9e-4d66-82df-886dfa082113', '2020-06-05T08:21:27.005+0000') on conflict (ck_id) do update set cv_description = excluded.cv_description, ck_attr_type = excluded.ck_attr_type, ck_d_data_type = excluded.ck_d_data_type, cv_data_type_extra = excluded.cv_data_type_extra, ck_user = excluded.ck_user, ct_change = excluded.ct_change;
INSERT INTO s_mt.t_attr(ck_id, cv_description, ck_attr_type, ck_d_data_type, cv_data_type_extra, ck_user, ct_change)VALUES('maxfile', 'Максимальный размер файла в байтах', 'basic', 'integer', null, '4fd05ca9-3a9e-4d66-82df-886dfa082113', '2020-06-03T10:15:20.585+0000') on conflict (ck_id) do update set cv_description = excluded.cv_description, ck_attr_type = excluded.ck_attr_type, ck_d_data_type = excluded.ck_d_data_type, cv_data_type_extra = excluded.cv_data_type_extra, ck_user = excluded.ck_user, ct_change = excluded.ct_change;
INSERT INTO s_mt.t_attr(ck_id, cv_description, ck_attr_type, ck_d_data_type, cv_data_type_extra, ck_user, ct_change)VALUES('maxheight', 'Максимальная высота', 'view', 'cssmeasure', null, '4fd05ca9-3a9e-4d66-82df-886dfa082113', '2020-06-03T17:22:30.957+0000') on conflict (ck_id) do update set cv_description = excluded.cv_description, ck_attr_type = excluded.ck_attr_type, ck_d_data_type = excluded.ck_d_data_type, cv_data_type_extra = excluded.cv_data_type_extra, ck_user = excluded.ck_user, ct_change = excluded.ct_change;
INSERT INTO s_mt.t_attr(ck_id, cv_description, ck_attr_type, ck_d_data_type, cv_data_type_extra, ck_user, ct_change)VALUES('maxselected', 'Максимальное возможное количество выбранных элементов', 'behavior', 'text', null, '4fd05ca9-3a9e-4d66-82df-886dfa082113', '2020-05-19T11:06:48.713+0000') on conflict (ck_id) do update set cv_description = excluded.cv_description, ck_attr_type = excluded.ck_attr_type, ck_d_data_type = excluded.ck_d_data_type, cv_data_type_extra = excluded.cv_data_type_extra, ck_user = excluded.ck_user, ct_change = excluded.ct_change;
INSERT INTO s_mt.t_attr(ck_id, cv_description, ck_attr_type, ck_d_data_type, cv_data_type_extra, ck_user, ct_change)VALUES('maxsize', 'Максимальное количество символов', 'basic', 'text', null, '-11', '2018-02-22T00:00:00.000+0000') on conflict (ck_id) do update set cv_description = excluded.cv_description, ck_attr_type = excluded.ck_attr_type, ck_d_data_type = excluded.ck_d_data_type, cv_data_type_extra = excluded.cv_data_type_extra, ck_user = excluded.ck_user, ct_change = excluded.ct_change;
INSERT INTO s_mt.t_attr(ck_id, cv_description, ck_attr_type, ck_d_data_type, cv_data_type_extra, ck_user, ct_change)VALUES('maxvalue', 'Максимальное значение. Для значений с дробной частью использовать только точку', 'basic', 'text', null, '20785', '2019-03-28T00:00:00.000+0000') on conflict (ck_id) do update set cv_description = excluded.cv_description, ck_attr_type = excluded.ck_attr_type, ck_d_data_type = excluded.ck_d_data_type, cv_data_type_extra = excluded.cv_data_type_extra, ck_user = excluded.ck_user, ct_change = excluded.ct_change;
INSERT INTO s_mt.t_attr(ck_id, cv_description, ck_attr_type, ck_d_data_type, cv_data_type_extra, ck_user, ct_change)VALUES('minchars', 'Количество введенных символов для получения подсказок', 'basic', 'integer', null, '4fd05ca9-3a9e-4d66-82df-886dfa082113', '2020-06-03T10:34:11.799+0000') on conflict (ck_id) do update set cv_description = excluded.cv_description, ck_attr_type = excluded.ck_attr_type, ck_d_data_type = excluded.ck_d_data_type, cv_data_type_extra = excluded.cv_data_type_extra, ck_user = excluded.ck_user, ct_change = excluded.ct_change;
INSERT INTO s_mt.t_attr(ck_id, cv_description, ck_attr_type, ck_d_data_type, cv_data_type_extra, ck_user, ct_change)VALUES('minheight', 'Минимальная высота', 'view', 'cssmeasure', null, '4fd05ca9-3a9e-4d66-82df-886dfa082113', '2020-06-03T17:22:38.976+0000') on conflict (ck_id) do update set cv_description = excluded.cv_description, ck_attr_type = excluded.ck_attr_type, ck_d_data_type = excluded.ck_d_data_type, cv_data_type_extra = excluded.cv_data_type_extra, ck_user = excluded.ck_user, ct_change = excluded.ct_change;
INSERT INTO s_mt.t_attr(ck_id, cv_description, ck_attr_type, ck_d_data_type, cv_data_type_extra, ck_user, ct_change)VALUES('minsize', 'Минимальное количество символов', 'basic', 'text', null, '4fd05ca9-3a9e-4d66-82df-886dfa082113', '2019-12-17T00:00:00.000+0000') on conflict (ck_id) do update set cv_description = excluded.cv_description, ck_attr_type = excluded.ck_attr_type, ck_d_data_type = excluded.ck_d_data_type, cv_data_type_extra = excluded.cv_data_type_extra, ck_user = excluded.ck_user, ct_change = excluded.ct_change;
INSERT INTO s_mt.t_attr(ck_id, cv_description, ck_attr_type, ck_d_data_type, cv_data_type_extra, ck_user, ct_change)VALUES('minvalue', 'Минимальное значение', 'basic', 'text', null, '-11', '2018-02-22T00:00:00.000+0000') on conflict (ck_id) do update set cv_description = excluded.cv_description, ck_attr_type = excluded.ck_attr_type, ck_d_data_type = excluded.ck_d_data_type, cv_data_type_extra = excluded.cv_data_type_extra, ck_user = excluded.ck_user, ct_change = excluded.ct_change;
INSERT INTO s_mt.t_attr(ck_id, cv_description, ck_attr_type, ck_d_data_type, cv_data_type_extra, ck_user, ct_change)VALUES('mode', 'Тип операции<br/>1 - Добавление<br/>2 - Редактирование<br/>3 - Удаление<br/>4 - Вызов сервиса из атрибута updatequery<br/>6 - Режим клонирования значений<br/>7 - Режим выгрузки файла<br/>8 - Режим загрузки файла', 'basic', 'enum', '["1", "2", "3", "4", "6", "7", "8"]', '4fd05ca9-3a9e-4d66-82df-886dfa082113', '2020-06-05T08:22:01.320+0000') on conflict (ck_id) do update set cv_description = excluded.cv_description, ck_attr_type = excluded.ck_attr_type, ck_d_data_type = excluded.ck_d_data_type, cv_data_type_extra = excluded.cv_data_type_extra, ck_user = excluded.ck_user, ct_change = excluded.ct_change;
INSERT INTO s_mt.t_attr(ck_id, cv_description, ck_attr_type, ck_d_data_type, cv_data_type_extra, ck_user, ct_change)VALUES('modeaction', 'Значение action, передаваемое в json вместо стандартных I,U,D', 'basic', 'text', null, '4fd05ca9-3a9e-4d66-82df-886dfa082113', '2019-10-24T00:00:00.000+0000') on conflict (ck_id) do update set cv_description = excluded.cv_description, ck_attr_type = excluded.ck_attr_type, ck_d_data_type = excluded.ck_d_data_type, cv_data_type_extra = excluded.cv_data_type_extra, ck_user = excluded.ck_user, ct_change = excluded.ct_change;
INSERT INTO s_mt.t_attr(ck_id, cv_description, ck_attr_type, ck_d_data_type, cv_data_type_extra, ck_user, ct_change)VALUES('noglobalmask', 'Признак отключения глобального лоадера при загрузке сервиса', 'basic', 'boolean', null, '4fd05ca9-3a9e-4d66-82df-886dfa082113', '2020-06-01T15:09:22.338+0000') on conflict (ck_id) do update set cv_description = excluded.cv_description, ck_attr_type = excluded.ck_attr_type, ck_d_data_type = excluded.ck_d_data_type, cv_data_type_extra = excluded.cv_data_type_extra, ck_user = excluded.ck_user, ct_change = excluded.ct_change;
INSERT INTO s_mt.t_attr(ck_id, cv_description, ck_attr_type, ck_d_data_type, cv_data_type_extra, ck_user, ct_change)VALUES('onlyicon', 'Отображается только иконка кнопки (true/false)', 'view', 'boolean', null, '4fd05ca9-3a9e-4d66-82df-886dfa082113', '2020-06-01T15:09:33.250+0000') on conflict (ck_id) do update set cv_description = excluded.cv_description, ck_attr_type = excluded.ck_attr_type, ck_d_data_type = excluded.ck_d_data_type, cv_data_type_extra = excluded.cv_data_type_extra, ck_user = excluded.ck_user, ct_change = excluded.ct_change;
INSERT INTO s_mt.t_attr(ck_id, cv_description, ck_attr_type, ck_d_data_type, cv_data_type_extra, ck_user, ct_change)VALUES('orderdirection', 'Направление сортировки: ASC / DESC', 'basic', 'enum', '["ASC", "DESC"]', '4fd05ca9-3a9e-4d66-82df-886dfa082113', '2020-06-05T08:23:28.401+0000') on conflict (ck_id) do update set cv_description = excluded.cv_description, ck_attr_type = excluded.ck_attr_type, ck_d_data_type = excluded.ck_d_data_type, cv_data_type_extra = excluded.cv_data_type_extra, ck_user = excluded.ck_user, ct_change = excluded.ct_change;
INSERT INTO s_mt.t_attr(ck_id, cv_description, ck_attr_type, ck_d_data_type, cv_data_type_extra, ck_user, ct_change)VALUES('orderproperty', 'Наименование параметра, по которому осуществляется сортировка при инициализации', 'basic', 'text', null, '4fd05ca9-3a9e-4d66-82df-886dfa082113', '2019-10-24T00:00:00.000+0000') on conflict (ck_id) do update set cv_description = excluded.cv_description, ck_attr_type = excluded.ck_attr_type, ck_d_data_type = excluded.ck_d_data_type, cv_data_type_extra = excluded.cv_data_type_extra, ck_user = excluded.ck_user, ct_change = excluded.ct_change;
INSERT INTO s_mt.t_attr(ck_id, cv_description, ck_attr_type, ck_d_data_type, cv_data_type_extra, ck_user, ct_change)VALUES('pagesize', 'Количество выводимых строк (включает пагинатор)', 'basic', 'integer', null, '4fd05ca9-3a9e-4d66-82df-886dfa082113', '2020-06-03T10:45:43.298+0000') on conflict (ck_id) do update set cv_description = excluded.cv_description, ck_attr_type = excluded.ck_attr_type, ck_d_data_type = excluded.ck_d_data_type, cv_data_type_extra = excluded.cv_data_type_extra, ck_user = excluded.ck_user, ct_change = excluded.ct_change;
INSERT INTO s_mt.t_attr(ck_id, cv_description, ck_attr_type, ck_d_data_type, cv_data_type_extra, ck_user, ct_change)VALUES('pickerheight', 'Высота выпадающей таблицы/списка. По умолчанию 390', 'view', 'cssmeasure', null, '4fd05ca9-3a9e-4d66-82df-886dfa082113', '2020-06-03T17:22:47.710+0000') on conflict (ck_id) do update set cv_description = excluded.cv_description, ck_attr_type = excluded.ck_attr_type, ck_d_data_type = excluded.ck_d_data_type, cv_data_type_extra = excluded.cv_data_type_extra, ck_user = excluded.ck_user, ct_change = excluded.ct_change;
INSERT INTO s_mt.t_attr(ck_id, cv_description, ck_attr_type, ck_d_data_type, cv_data_type_extra, ck_user, ct_change)VALUES('pickerwidth', 'Ширина выпадающей таблицы/списка', 'view', 'cssmeasure', null, '4fd05ca9-3a9e-4d66-82df-886dfa082113', '2020-06-03T17:23:41.058+0000') on conflict (ck_id) do update set cv_description = excluded.cv_description, ck_attr_type = excluded.ck_attr_type, ck_d_data_type = excluded.ck_d_data_type, cv_data_type_extra = excluded.cv_data_type_extra, ck_user = excluded.ck_user, ct_change = excluded.ct_change;
INSERT INTO s_mt.t_attr(ck_id, cv_description, ck_attr_type, ck_d_data_type, cv_data_type_extra, ck_user, ct_change)VALUES('position', 'Позиция компонента', 'basic', 'enum', '["fixed", "absolute", "relative", "static", "sticky", "top", "bottom", "window", "theme", "inside"]', '4fd05ca9-3a9e-4d66-82df-886dfa082113', '2020-06-05T08:30:35.380+0000') on conflict (ck_id) do update set cv_description = excluded.cv_description, ck_attr_type = excluded.ck_attr_type, ck_d_data_type = excluded.ck_d_data_type, cv_data_type_extra = excluded.cv_data_type_extra, ck_user = excluded.ck_user, ct_change = excluded.ct_change;
INSERT INTO s_mt.t_attr(ck_id, cv_description, ck_attr_type, ck_d_data_type, cv_data_type_extra, ck_user, ct_change)VALUES('querydelay', 'Пауза (в сек) до вызова сервиса с применением фильтра', 'basic', 'integer', null, '4fd05ca9-3a9e-4d66-82df-886dfa082113', '2020-06-03T10:50:49.131+0000') on conflict (ck_id) do update set cv_description = excluded.cv_description, ck_attr_type = excluded.ck_attr_type, ck_d_data_type = excluded.ck_d_data_type, cv_data_type_extra = excluded.cv_data_type_extra, ck_user = excluded.ck_user, ct_change = excluded.ct_change;
INSERT INTO s_mt.t_attr(ck_id, cv_description, ck_attr_type, ck_d_data_type, cv_data_type_extra, ck_user, ct_change)VALUES('querymode', 'Режим вызова сервиса: remote или local', 'basic', 'enum', '["remote", "local"]', '4fd05ca9-3a9e-4d66-82df-886dfa082113', '2020-06-05T08:30:59.283+0000') on conflict (ck_id) do update set cv_description = excluded.cv_description, ck_attr_type = excluded.ck_attr_type, ck_d_data_type = excluded.ck_d_data_type, cv_data_type_extra = excluded.cv_data_type_extra, ck_user = excluded.ck_user, ct_change = excluded.ct_change;
INSERT INTO s_mt.t_attr(ck_id, cv_description, ck_attr_type, ck_d_data_type, cv_data_type_extra, ck_user, ct_change)VALUES('queryparam', 'Наименование параметра, по которому фильтруются значения при вводе', 'basic', 'text', null, '4fd05ca9-3a9e-4d66-82df-886dfa082113', '2019-10-24T00:00:00.000+0000') on conflict (ck_id) do update set cv_description = excluded.cv_description, ck_attr_type = excluded.ck_attr_type, ck_d_data_type = excluded.ck_d_data_type, cv_data_type_extra = excluded.cv_data_type_extra, ck_user = excluded.ck_user, ct_change = excluded.ct_change;
INSERT INTO s_mt.t_attr(ck_id, cv_description, ck_attr_type, ck_d_data_type, cv_data_type_extra, ck_user, ct_change)VALUES('readonlyrules', 'Правила отображения объекта. Если правило вернет true, то объект перейдет в режим "Только чтение". <br/>Синтаксис:<br/>== - равно<br/>!= - не равно<br/>''>'' - больше<br/>''<'' - меньше<br/>''&&'' - и<br/>''||'' - или<br/>Пример:<br/>gck_mo>1   // если глобальная переменная gck_mo больше 1, то объект перейдет в режим "только чтение"', 'behavior', 'text', null, '4fd05ca9-3a9e-4d66-82df-886dfa082113', '2019-10-24T00:00:00.000+0000') on conflict (ck_id) do update set cv_description = excluded.cv_description, ck_attr_type = excluded.ck_attr_type, ck_d_data_type = excluded.ck_d_data_type, cv_data_type_extra = excluded.cv_data_type_extra, ck_user = excluded.ck_user, ct_change = excluded.ct_change;
INSERT INTO s_mt.t_attr(ck_id, cv_description, ck_attr_type, ck_d_data_type, cv_data_type_extra, ck_user, ct_change)VALUES('records', 'Список Ключ-Значения в Combo', 'placement', 'text', null, '4fd05ca9-3a9e-4d66-82df-886dfa082113', '2019-12-13T00:00:00.000+0000') on conflict (ck_id) do update set cv_description = excluded.cv_description, ck_attr_type = excluded.ck_attr_type, ck_d_data_type = excluded.ck_d_data_type, cv_data_type_extra = excluded.cv_data_type_extra, ck_user = excluded.ck_user, ct_change = excluded.ct_change;
INSERT INTO s_mt.t_attr(ck_id, cv_description, ck_attr_type, ck_d_data_type, cv_data_type_extra, ck_user, ct_change)VALUES('redirecturl', 'URL страницы, на которую будет произведен переход', 'basic', 'text', null, '4fd05ca9-3a9e-4d66-82df-886dfa082113', '2019-10-24T00:00:00.000+0000') on conflict (ck_id) do update set cv_description = excluded.cv_description, ck_attr_type = excluded.ck_attr_type, ck_d_data_type = excluded.ck_d_data_type, cv_data_type_extra = excluded.cv_data_type_extra, ck_user = excluded.ck_user, ct_change = excluded.ct_change;
INSERT INTO s_mt.t_attr(ck_id, cv_description, ck_attr_type, ck_d_data_type, cv_data_type_extra, ck_user, ct_change)VALUES('redirectusequery', 'Наименование запроса, возвращающего cv_url для перехода', 'basic', 'text', null, '4fd05ca9-3a9e-4d66-82df-886dfa082113', '2019-10-24T00:00:00.000+0000') on conflict (ck_id) do update set cv_description = excluded.cv_description, ck_attr_type = excluded.ck_attr_type, ck_d_data_type = excluded.ck_d_data_type, cv_data_type_extra = excluded.cv_data_type_extra, ck_user = excluded.ck_user, ct_change = excluded.ct_change;
INSERT INTO s_mt.t_attr(ck_id, cv_description, ck_attr_type, ck_d_data_type, cv_data_type_extra, ck_user, ct_change)VALUES('refreshallrecords', 'Признак перезагрузки всех данных после сохранения/обновления. <br> false - после сохранения/обновления запись подгружается одна без перезагрузки всего списка <br> true - список перегружается полнстью, при этом сама запись может не показать, если не попала под фильтр или пагинацию', 'basic', 'boolean', null, '4fd05ca9-3a9e-4d66-82df-886dfa082113', '2020-06-01T15:09:44.841+0000') on conflict (ck_id) do update set cv_description = excluded.cv_description, ck_attr_type = excluded.ck_attr_type, ck_d_data_type = excluded.ck_d_data_type, cv_data_type_extra = excluded.cv_data_type_extra, ck_user = excluded.ck_user, ct_change = excluded.ct_change;
INSERT INTO s_mt.t_attr(ck_id, cv_description, ck_attr_type, ck_d_data_type, cv_data_type_extra, ck_user, ct_change)VALUES('regexp', 'Регулярное выражение для проверки введенного значения', 'basic', 'text', null, '-11', '2018-02-22T00:00:00.000+0000') on conflict (ck_id) do update set cv_description = excluded.cv_description, ck_attr_type = excluded.ck_attr_type, ck_d_data_type = excluded.ck_d_data_type, cv_data_type_extra = excluded.cv_data_type_extra, ck_user = excluded.ck_user, ct_change = excluded.ct_change;
INSERT INTO s_mt.t_attr(ck_id, cv_description, ck_attr_type, ck_d_data_type, cv_data_type_extra, ck_user, ct_change)VALUES('reloadmaster', 'Признак обновления родителя по мастеру', 'basic', 'boolean', null, '4fd05ca9-3a9e-4d66-82df-886dfa082113', '2020-06-01T15:09:52.516+0000') on conflict (ck_id) do update set cv_description = excluded.cv_description, ck_attr_type = excluded.ck_attr_type, ck_d_data_type = excluded.ck_d_data_type, cv_data_type_extra = excluded.cv_data_type_extra, ck_user = excluded.ck_user, ct_change = excluded.ct_change;
INSERT INTO s_mt.t_attr(ck_id, cv_description, ck_attr_type, ck_d_data_type, cv_data_type_extra, ck_user, ct_change)VALUES('reqcount', 'Количество обязательно заполненных полей в группе, требуемое для корректной валидации', 'basic', 'integer', null, '4fd05ca9-3a9e-4d66-82df-886dfa082113', '2020-06-03T10:55:59.447+0000') on conflict (ck_id) do update set cv_description = excluded.cv_description, ck_attr_type = excluded.ck_attr_type, ck_d_data_type = excluded.ck_d_data_type, cv_data_type_extra = excluded.cv_data_type_extra, ck_user = excluded.ck_user, ct_change = excluded.ct_change;
INSERT INTO s_mt.t_attr(ck_id, cv_description, ck_attr_type, ck_d_data_type, cv_data_type_extra, ck_user, ct_change)VALUES('reqcountrules', 'Правила для изменения количества обязательно заполненных полей в группе. Имеет приоритет над reqcount', 'basic', 'text', null, '4fd05ca9-3a9e-4d66-82df-886dfa082113', '2019-10-24T00:00:00.000+0000') on conflict (ck_id) do update set cv_description = excluded.cv_description, ck_attr_type = excluded.ck_attr_type, ck_d_data_type = excluded.ck_d_data_type, cv_data_type_extra = excluded.cv_data_type_extra, ck_user = excluded.ck_user, ct_change = excluded.ct_change;
INSERT INTO s_mt.t_attr(ck_id, cv_description, ck_attr_type, ck_d_data_type, cv_data_type_extra, ck_user, ct_change)VALUES('reqsel', 'Признак зависимости от мастера (true/false)', 'basic', 'boolean', null, '4fd05ca9-3a9e-4d66-82df-886dfa082113', '2020-06-01T15:10:03.926+0000') on conflict (ck_id) do update set cv_description = excluded.cv_description, ck_attr_type = excluded.ck_attr_type, ck_d_data_type = excluded.ck_d_data_type, cv_data_type_extra = excluded.cv_data_type_extra, ck_user = excluded.ck_user, ct_change = excluded.ct_change;
INSERT INTO s_mt.t_attr(ck_id, cv_description, ck_attr_type, ck_d_data_type, cv_data_type_extra, ck_user, ct_change)VALUES('required', 'Признак обязательности заполнения', 'basic', 'boolean', null, '4fd05ca9-3a9e-4d66-82df-886dfa082113', '2020-06-01T15:10:12.488+0000') on conflict (ck_id) do update set cv_description = excluded.cv_description, ck_attr_type = excluded.ck_attr_type, ck_d_data_type = excluded.ck_d_data_type, cv_data_type_extra = excluded.cv_data_type_extra, ck_user = excluded.ck_user, ct_change = excluded.ct_change;
INSERT INTO s_mt.t_attr(ck_id, cv_description, ck_attr_type, ck_d_data_type, cv_data_type_extra, ck_user, ct_change)VALUES('requiredrules', 'Правила обязательности объекта. Только глобальные переменные. <br/>Синтаксис:<br/>== - равно<br/>!= - не равно<br/>''>'' - больше<br/>''<'' - меньше<br/>''&&'' - и<br/>''||'' - или<br/>Пример:<br/>gck_mo>1   // если глобальная переменная gck_mo больше 1, то поле станет обязательным', 'behavior', 'text', null, '4fd05ca9-3a9e-4d66-82df-886dfa082113', '2019-10-24T00:00:00.000+0000') on conflict (ck_id) do update set cv_description = excluded.cv_description, ck_attr_type = excluded.ck_attr_type, ck_d_data_type = excluded.ck_d_data_type, cv_data_type_extra = excluded.cv_data_type_extra, ck_user = excluded.ck_user, ct_change = excluded.ct_change;
INSERT INTO s_mt.t_attr(ck_id, cv_description, ck_attr_type, ck_d_data_type, cv_data_type_extra, ck_user, ct_change)VALUES('resizable', 'Признак доступности изменения ширины объекта (true/false)', 'view', 'boolean', null, '4fd05ca9-3a9e-4d66-82df-886dfa082113', '2020-06-01T15:10:23.136+0000') on conflict (ck_id) do update set cv_description = excluded.cv_description, ck_attr_type = excluded.ck_attr_type, ck_d_data_type = excluded.ck_d_data_type, cv_data_type_extra = excluded.cv_data_type_extra, ck_user = excluded.ck_user, ct_change = excluded.ct_change;
INSERT INTO s_mt.t_attr(ck_id, cv_description, ck_attr_type, ck_d_data_type, cv_data_type_extra, ck_user, ct_change)VALUES('rootvisible', 'Отображение корня', 'basic', 'boolean', null, '4fd05ca9-3a9e-4d66-82df-886dfa082113', '2020-06-01T15:10:30.753+0000') on conflict (ck_id) do update set cv_description = excluded.cv_description, ck_attr_type = excluded.ck_attr_type, ck_d_data_type = excluded.ck_d_data_type, cv_data_type_extra = excluded.cv_data_type_extra, ck_user = excluded.ck_user, ct_change = excluded.ct_change;
INSERT INTO s_mt.t_attr(ck_id, cv_description, ck_attr_type, ck_d_data_type, cv_data_type_extra, ck_user, ct_change)VALUES('setglobal', 'Наименование глобальной переменной. Должно начинаться с g', 'behavior', 'text', null, '4fd05ca9-3a9e-4d66-82df-886dfa082113', '2019-10-24T00:00:00.000+0000') on conflict (ck_id) do update set cv_description = excluded.cv_description, ck_attr_type = excluded.ck_attr_type, ck_d_data_type = excluded.ck_d_data_type, cv_data_type_extra = excluded.cv_data_type_extra, ck_user = excluded.ck_user, ct_change = excluded.ct_change;
INSERT INTO s_mt.t_attr(ck_id, cv_description, ck_attr_type, ck_d_data_type, cv_data_type_extra, ck_user, ct_change)VALUES('setrecordtoglobal', 'Наименование глобалки в которую добавляется выбранная строка.', 'behavior', 'text', null, '4fd05ca9-3a9e-4d66-82df-886dfa082113', '2020-02-06T00:00:00.000+0000') on conflict (ck_id) do update set cv_description = excluded.cv_description, ck_attr_type = excluded.ck_attr_type, ck_d_data_type = excluded.ck_d_data_type, cv_data_type_extra = excluded.cv_data_type_extra, ck_user = excluded.ck_user, ct_change = excluded.ct_change;
INSERT INTO s_mt.t_attr(ck_id, cv_description, ck_attr_type, ck_d_data_type, cv_data_type_extra, ck_user, ct_change)VALUES('sortcolumn', 'Наименование парамента, по которому будет осуществлена сортировка вместо column', 'basic', 'text', null, '4fd05ca9-3a9e-4d66-82df-886dfa082113', '2020-01-28T00:00:00.000+0000') on conflict (ck_id) do update set cv_description = excluded.cv_description, ck_attr_type = excluded.ck_attr_type, ck_d_data_type = excluded.ck_d_data_type, cv_data_type_extra = excluded.cv_data_type_extra, ck_user = excluded.ck_user, ct_change = excluded.ct_change;
INSERT INTO s_mt.t_attr(ck_id, cv_description, ck_attr_type, ck_d_data_type, cv_data_type_extra, ck_user, ct_change)VALUES('splitter', 'Признак отображения сплиттера (true/false)', 'view', 'boolean', null, '4fd05ca9-3a9e-4d66-82df-886dfa082113', '2020-06-01T15:10:44.178+0000') on conflict (ck_id) do update set cv_description = excluded.cv_description, ck_attr_type = excluded.ck_attr_type, ck_d_data_type = excluded.ck_d_data_type, cv_data_type_extra = excluded.cv_data_type_extra, ck_user = excluded.ck_user, ct_change = excluded.ct_change;
INSERT INTO s_mt.t_attr(ck_id, cv_description, ck_attr_type, ck_d_data_type, cv_data_type_extra, ck_user, ct_change)VALUES('stepname', 'Наименование шага', 'behavior', 'text', null, '4fd05ca9-3a9e-4d66-82df-886dfa082113', '2019-10-24T00:00:00.000+0000') on conflict (ck_id) do update set cv_description = excluded.cv_description, ck_attr_type = excluded.ck_attr_type, ck_d_data_type = excluded.ck_d_data_type, cv_data_type_extra = excluded.cv_data_type_extra, ck_user = excluded.ck_user, ct_change = excluded.ct_change;
INSERT INTO s_mt.t_attr(ck_id, cv_description, ck_attr_type, ck_d_data_type, cv_data_type_extra, ck_user, ct_change)VALUES('stepnamenext', 'Наименование следующего шага<br/>Может принимать выражение вида: "выражение?верный-шаг:неверный-шаг"', 'behavior', 'text', null, '4fd05ca9-3a9e-4d66-82df-886dfa082113', '2019-10-24T00:00:00.000+0000') on conflict (ck_id) do update set cv_description = excluded.cv_description, ck_attr_type = excluded.ck_attr_type, ck_d_data_type = excluded.ck_d_data_type, cv_data_type_extra = excluded.cv_data_type_extra, ck_user = excluded.ck_user, ct_change = excluded.ct_change;
INSERT INTO s_mt.t_attr(ck_id, cv_description, ck_attr_type, ck_d_data_type, cv_data_type_extra, ck_user, ct_change)VALUES('stylerules', 'Правила применения стилей для колонок.<br> Нужно возвращать валидный объект вида `{"color": "red"}`', 'behavior', 'text', null, '4fd05ca9-3a9e-4d66-82df-886dfa082113', '2019-10-24T00:00:00.000+0000') on conflict (ck_id) do update set cv_description = excluded.cv_description, ck_attr_type = excluded.ck_attr_type, ck_d_data_type = excluded.ck_d_data_type, cv_data_type_extra = excluded.cv_data_type_extra, ck_user = excluded.ck_user, ct_change = excluded.ct_change;
INSERT INTO s_mt.t_attr(ck_id, cv_description, ck_attr_type, ck_d_data_type, cv_data_type_extra, ck_user, ct_change)VALUES('tabwidth', 'Ширина Tab Panel', 'basic', 'text', null, '4fd05ca9-3a9e-4d66-82df-886dfa082113', '2019-12-18T00:00:00.000+0000') on conflict (ck_id) do update set cv_description = excluded.cv_description, ck_attr_type = excluded.ck_attr_type, ck_d_data_type = excluded.ck_d_data_type, cv_data_type_extra = excluded.cv_data_type_extra, ck_user = excluded.ck_user, ct_change = excluded.ct_change;
INSERT INTO s_mt.t_attr(ck_id, cv_description, ck_attr_type, ck_d_data_type, cv_data_type_extra, ck_user, ct_change)VALUES('text', 'Выводимое статическое сообщение в виде markdown', 'behavior', 'text', null, '4fd05ca9-3a9e-4d66-82df-886dfa082113', '2020-06-15T20:39:48.466+0000') on conflict (ck_id) do update set cv_description = excluded.cv_description, ck_attr_type = excluded.ck_attr_type, ck_d_data_type = excluded.ck_d_data_type, cv_data_type_extra = excluded.cv_data_type_extra, ck_user = excluded.ck_user, ct_change = excluded.ct_change;
INSERT INTO s_mt.t_attr(ck_id, cv_description, ck_attr_type, ck_d_data_type, cv_data_type_extra, ck_user, ct_change)VALUES('thousandseparator', 'Разделитель тысяч', 'basic', 'text', null, '-11', '2018-02-22T00:00:00.000+0000') on conflict (ck_id) do update set cv_description = excluded.cv_description, ck_attr_type = excluded.ck_attr_type, ck_d_data_type = excluded.ck_d_data_type, cv_data_type_extra = excluded.cv_data_type_extra, ck_user = excluded.ck_user, ct_change = excluded.ct_change;
INSERT INTO s_mt.t_attr(ck_id, cv_description, ck_attr_type, ck_d_data_type, cv_data_type_extra, ck_user, ct_change)VALUES('timeout', 'Время ожидания выполнения запроса в секундах', 'basic', 'integer', null, '4fd05ca9-3a9e-4d66-82df-886dfa082113', '2020-06-03T11:01:16.058+0000') on conflict (ck_id) do update set cv_description = excluded.cv_description, ck_attr_type = excluded.ck_attr_type, ck_d_data_type = excluded.ck_d_data_type, cv_data_type_extra = excluded.cv_data_type_extra, ck_user = excluded.ck_user, ct_change = excluded.ct_change;
INSERT INTO s_mt.t_attr(ck_id, cv_description, ck_attr_type, ck_d_data_type, cv_data_type_extra, ck_user, ct_change)VALUES('tipmsg', 'Подсказка у кнопки', 'basic', 'localization', null, '4fd05ca9-3a9e-4d66-82df-886dfa082113', '2020-04-10T12:24:14.067+0000') on conflict (ck_id) do update set cv_description = excluded.cv_description, ck_attr_type = excluded.ck_attr_type, ck_d_data_type = excluded.ck_d_data_type, cv_data_type_extra = excluded.cv_data_type_extra, ck_user = excluded.ck_user, ct_change = excluded.ct_change;
INSERT INTO s_mt.t_attr(ck_id, cv_description, ck_attr_type, ck_d_data_type, cv_data_type_extra, ck_user, ct_change)VALUES('title', 'Заголовок', 'basic', 'text', null, '-11', '2018-02-22T00:00:00.000+0000') on conflict (ck_id) do update set cv_description = excluded.cv_description, ck_attr_type = excluded.ck_attr_type, ck_d_data_type = excluded.ck_d_data_type, cv_data_type_extra = excluded.cv_data_type_extra, ck_user = excluded.ck_user, ct_change = excluded.ct_change;
INSERT INTO s_mt.t_attr(ck_id, cv_description, ck_attr_type, ck_d_data_type, cv_data_type_extra, ck_user, ct_change)VALUES('top', 'Отступ от верха в пикселях', 'basic', 'integer', null, '4fd05ca9-3a9e-4d66-82df-886dfa082113', '2020-06-03T12:33:54.714+0000') on conflict (ck_id) do update set cv_description = excluded.cv_description, ck_attr_type = excluded.ck_attr_type, ck_d_data_type = excluded.ck_d_data_type, cv_data_type_extra = excluded.cv_data_type_extra, ck_user = excluded.ck_user, ct_change = excluded.ct_change;
INSERT INTO s_mt.t_attr(ck_id, cv_description, ck_attr_type, ck_d_data_type, cv_data_type_extra, ck_user, ct_change)VALUES('topbtn', 'Место для кнопок', 'placement', 'text', null, '40025111', '2019-04-18T00:00:00.000+0000') on conflict (ck_id) do update set cv_description = excluded.cv_description, ck_attr_type = excluded.ck_attr_type, ck_d_data_type = excluded.ck_d_data_type, cv_data_type_extra = excluded.cv_data_type_extra, ck_user = excluded.ck_user, ct_change = excluded.ct_change;
INSERT INTO s_mt.t_attr(ck_id, cv_description, ck_attr_type, ck_d_data_type, cv_data_type_extra, ck_user, ct_change)VALUES('type', 'Служебный параметр не править', 'system', 'text', null, '-11', '2018-02-22T00:00:00.000+0000') on conflict (ck_id) do update set cv_description = excluded.cv_description, ck_attr_type = excluded.ck_attr_type, ck_d_data_type = excluded.ck_d_data_type, cv_data_type_extra = excluded.cv_data_type_extra, ck_user = excluded.ck_user, ct_change = excluded.ct_change;
INSERT INTO s_mt.t_attr(ck_id, cv_description, ck_attr_type, ck_d_data_type, cv_data_type_extra, ck_user, ct_change)VALUES('typeiframe', 'Формат возвращаемого значения с сервиса. Значения: "URL", "HTML". Допускаются условия с учетом глобальных переменных.', 'basic', 'enum', '["URL", "HTML"]', '4fd05ca9-3a9e-4d66-82df-886dfa082113', '2020-06-05T08:31:31.076+0000') on conflict (ck_id) do update set cv_description = excluded.cv_description, ck_attr_type = excluded.ck_attr_type, ck_d_data_type = excluded.ck_d_data_type, cv_data_type_extra = excluded.cv_data_type_extra, ck_user = excluded.ck_user, ct_change = excluded.ct_change;
INSERT INTO s_mt.t_attr(ck_id, cv_description, ck_attr_type, ck_d_data_type, cv_data_type_extra, ck_user, ct_change)VALUES('uitype', 'Тип вида кнопки: 1-primary 2-secondary', 'view', 'enum', '["1", "2", "3", "4", "5", "6", "7", "8", "11", "12", "14"]', '4fd05ca9-3a9e-4d66-82df-886dfa082113', '2020-06-05T11:19:56.113+0000') on conflict (ck_id) do update set cv_description = excluded.cv_description, ck_attr_type = excluded.ck_attr_type, ck_d_data_type = excluded.ck_d_data_type, cv_data_type_extra = excluded.cv_data_type_extra, ck_user = excluded.ck_user, ct_change = excluded.ct_change;
INSERT INTO s_mt.t_attr(ck_id, cv_description, ck_attr_type, ck_d_data_type, cv_data_type_extra, ck_user, ct_change)VALUES('updateglobal', 'Наименование глобальной переменной для обновления', 'behavior', 'text', null, '4fd05ca9-3a9e-4d66-82df-886dfa082113', '2019-10-24T00:00:00.000+0000') on conflict (ck_id) do update set cv_description = excluded.cv_description, ck_attr_type = excluded.ck_attr_type, ck_d_data_type = excluded.ck_d_data_type, cv_data_type_extra = excluded.cv_data_type_extra, ck_user = excluded.ck_user, ct_change = excluded.ct_change;
INSERT INTO s_mt.t_attr(ck_id, cv_description, ck_attr_type, ck_d_data_type, cv_data_type_extra, ck_user, ct_change)VALUES('updatequery', 'Наименование сервиса для кастомных операций', 'basic', 'text', null, '4fd05ca9-3a9e-4d66-82df-886dfa082113', '2019-10-24T00:00:00.000+0000') on conflict (ck_id) do update set cv_description = excluded.cv_description, ck_attr_type = excluded.ck_attr_type, ck_d_data_type = excluded.ck_d_data_type, cv_data_type_extra = excluded.cv_data_type_extra, ck_user = excluded.ck_user, ct_change = excluded.ct_change;
INSERT INTO s_mt.t_attr(ck_id, cv_description, ck_attr_type, ck_d_data_type, cv_data_type_extra, ck_user, ct_change)VALUES('valuefield', 'Наименование параметра из внутреннего сервиса, значение которого будет передано для дальнейшей обработки', 'basic', 'text', null, '4fd05ca9-3a9e-4d66-82df-886dfa082113', '2020-01-15T00:00:00.000+0000') on conflict (ck_id) do update set cv_description = excluded.cv_description, ck_attr_type = excluded.ck_attr_type, ck_d_data_type = excluded.ck_d_data_type, cv_data_type_extra = excluded.cv_data_type_extra, ck_user = excluded.ck_user, ct_change = excluded.ct_change;
INSERT INTO s_mt.t_attr(ck_id, cv_description, ck_attr_type, ck_d_data_type, cv_data_type_extra, ck_user, ct_change)VALUES('visible', 'Признак отображения колонки', 'basic', 'boolean', null, '4fd05ca9-3a9e-4d66-82df-886dfa082113', '2020-06-01T15:10:59.499+0000') on conflict (ck_id) do update set cv_description = excluded.cv_description, ck_attr_type = excluded.ck_attr_type, ck_d_data_type = excluded.ck_d_data_type, cv_data_type_extra = excluded.cv_data_type_extra, ck_user = excluded.ck_user, ct_change = excluded.ct_change;
INSERT INTO s_mt.t_attr(ck_id, cv_description, ck_attr_type, ck_d_data_type, cv_data_type_extra, ck_user, ct_change)VALUES('width', 'Ширина поля. Целое число от 1% до 100%. Обязательно добавлять %.', 'view', 'cssmeasure', null, '4fd05ca9-3a9e-4d66-82df-886dfa082113', '2020-06-03T17:23:49.761+0000') on conflict (ck_id) do update set cv_description = excluded.cv_description, ck_attr_type = excluded.ck_attr_type, ck_d_data_type = excluded.ck_d_data_type, cv_data_type_extra = excluded.cv_data_type_extra, ck_user = excluded.ck_user, ct_change = excluded.ct_change;
INSERT INTO s_mt.t_attr(ck_id, cv_description, ck_attr_type, ck_d_data_type, cv_data_type_extra, ck_user, ct_change)VALUES('winreloadstores', 'Обновления связанных сторов (таблиц, панелей) при закрытии модального окна', 'basic', 'boolean', null, '4fd05ca9-3a9e-4d66-82df-886dfa082113', '2020-06-01T15:11:07.083+0000') on conflict (ck_id) do update set cv_description = excluded.cv_description, ck_attr_type = excluded.ck_attr_type, ck_d_data_type = excluded.ck_d_data_type, cv_data_type_extra = excluded.cv_data_type_extra, ck_user = excluded.ck_user, ct_change = excluded.ct_change;
INSERT INTO s_mt.t_attr(ck_id, cv_description, ck_attr_type, ck_d_data_type, cv_data_type_extra, ck_user, ct_change)VALUES('wintype', 'Тип окна (влияет на ширину окна):<br>narrow: 500px, default: 800px, wide: 1000px, xwide: 1200px, xlwide: 1600px, fullscreen', 'view', 'enum', '["narrow", "default", "wide", "xwide", "xlwide", "fullscreen"]', '4fd05ca9-3a9e-4d66-82df-886dfa082113', '2020-06-05T08:34:48.706+0000') on conflict (ck_id) do update set cv_description = excluded.cv_description, ck_attr_type = excluded.ck_attr_type, ck_d_data_type = excluded.ck_d_data_type, cv_data_type_extra = excluded.cv_data_type_extra, ck_user = excluded.ck_user, ct_change = excluded.ct_change;
INSERT INTO s_mt.t_class(ck_id, cv_name, cv_description, cv_manual_documentation, cv_auto_documentation, cl_final, cl_dataset, ck_user, ct_change) VALUES ('1807D17438814B31B75A279C4CBC6C0C', 'App Bar Panel', 'Навигационая панель страницы', '## Описание

1. Отрисовка панели вверху
1. Может содержат [кнопки](core-classes-button)
1. Пример на [pages](redirect/pages/2)', '

## StylesEssenceAppBar

name: **EssenceAppBar**

## root

Общий root для MaterialAppBar

## AppBar

-   **See: [AppBar][1]
    **

Отображения навигационной панели

Type: React.FC&lt;IClassProps&lt;IBuilderClassConfig>>

### Parameters

-   `props`  

**Meta**

-   **since**: 2.5

[1]: https://material-ui.com/components/app-bar/#app-bar
', 1, 0, '4fd05ca9-3a9e-4d66-82df-886dfa082113', '2019-10-04T00:00:00.000+0000')  on conflict (ck_id) do update set cv_name = excluded.cv_name, cv_description = excluded.cv_description, cv_manual_documentation = excluded.cv_manual_documentation, cv_auto_documentation = excluded.cv_auto_documentation, cl_final = excluded.cl_final, cl_dataset = excluded.cl_dataset, ck_user = excluded.ck_user, ct_change = excluded.ct_change;
INSERT INTO s_mt.t_class_attr(ck_id, ck_class, ck_attr, cv_data_type_extra, cv_value, ck_user, ct_change, cl_required) VALUES ('225864898ED0411FA0E5434CD3A85346', '1807D17438814B31B75A279C4CBC6C0C', 'childs', null, null, '4fd05ca9-3a9e-4d66-82df-886dfa082113', '2019-10-04T00:00:00.000+0000', 0)  on conflict (ck_id) do update set ck_class = excluded.ck_class, ck_attr = excluded.ck_attr, cv_value = excluded.cv_value, ck_user = excluded.ck_user, ct_change = excluded.ct_change, cl_required = excluded.cl_required;
INSERT INTO s_mt.t_class_attr(ck_id, ck_class, ck_attr, cv_data_type_extra, cv_value, ck_user, ct_change, cl_required) VALUES ('391E6C0F46674C26AB8CCE82F583C74E', '1807D17438814B31B75A279C4CBC6C0C', 'contentview', null, 'hbox', '4fd05ca9-3a9e-4d66-82df-886dfa082113', '2019-10-04T00:00:00.000+0000', 0)  on conflict (ck_id) do update set ck_class = excluded.ck_class, ck_attr = excluded.ck_attr, cv_value = excluded.cv_value, ck_user = excluded.ck_user, ct_change = excluded.ct_change, cl_required = excluded.cl_required;
INSERT INTO s_mt.t_class_attr(ck_id, ck_class, ck_attr, cv_data_type_extra, cv_value, ck_user, ct_change, cl_required) VALUES ('5F01393A5D014FF3A017C1D3F840D8E2', '1807D17438814B31B75A279C4CBC6C0C', 'height', null, '34px', '4fd05ca9-3a9e-4d66-82df-886dfa082113', '2019-10-04T00:00:00.000+0000', 0)  on conflict (ck_id) do update set ck_class = excluded.ck_class, ck_attr = excluded.ck_attr, cv_value = excluded.cv_value, ck_user = excluded.ck_user, ct_change = excluded.ct_change, cl_required = excluded.cl_required;
INSERT INTO s_mt.t_class_attr(ck_id, ck_class, ck_attr, cv_data_type_extra, cv_value, ck_user, ct_change, cl_required) VALUES ('A38301B34FF04C4490C0EE4BFA4282AB', '1807D17438814B31B75A279C4CBC6C0C', 'position', '["fixed", "absolute", "relative", "static", "sticky"]', 'relative', '4fd05ca9-3a9e-4d66-82df-886dfa082113', '2020-06-05T11:27:25.560+0000', 0)  on conflict (ck_id) do update set ck_class = excluded.ck_class, ck_attr = excluded.ck_attr, cv_value = excluded.cv_value, ck_user = excluded.ck_user, ct_change = excluded.ct_change, cl_required = excluded.cl_required;
INSERT INTO s_mt.t_class_attr(ck_id, ck_class, ck_attr, cv_data_type_extra, cv_value, ck_user, ct_change, cl_required) VALUES ('32F672EE188A4BF7A2D8F3971C695D0B', '1807D17438814B31B75A279C4CBC6C0C', 'type', null, 'APP_BAR', '4fd05ca9-3a9e-4d66-82df-886dfa082113', '2019-10-04T00:00:00.000+0000', 0)  on conflict (ck_id) do update set ck_class = excluded.ck_class, ck_attr = excluded.ck_attr, cv_value = excluded.cv_value, ck_user = excluded.ck_user, ct_change = excluded.ct_change, cl_required = excluded.cl_required;
INSERT INTO s_mt.t_class_attr(ck_id, ck_class, ck_attr, cv_data_type_extra, cv_value, ck_user, ct_change, cl_required) VALUES ('B108CBBF73F3418893488BE4C2C05182', '1807D17438814B31B75A279C4CBC6C0C', 'uitype', '["1", "2", "3", "4"]', '1', '4fd05ca9-3a9e-4d66-82df-886dfa082113', '2020-06-05T11:26:11.696+0000', 0)  on conflict (ck_id) do update set ck_class = excluded.ck_class, ck_attr = excluded.ck_attr, cv_value = excluded.cv_value, ck_user = excluded.ck_user, ct_change = excluded.ct_change, cl_required = excluded.cl_required;
INSERT INTO s_mt.t_class_attr(ck_id, ck_class, ck_attr, cv_data_type_extra, cv_value, ck_user, ct_change, cl_required) VALUES ('FEC7A3E95CAC46319A542B00BE42ED79', '1807D17438814B31B75A279C4CBC6C0C', 'width', null, null, '4fd05ca9-3a9e-4d66-82df-886dfa082113', '2019-10-04T00:00:00.000+0000', 0)  on conflict (ck_id) do update set ck_class = excluded.ck_class, ck_attr = excluded.ck_attr, cv_value = excluded.cv_value, ck_user = excluded.ck_user, ct_change = excluded.ct_change, cl_required = excluded.cl_required;
select pkg_patcher.p_clear_attr('1807D17438814B31B75A279C4CBC6C0C'::varchar, '["childs","contentview","height","position","type","uitype","width"]'::jsonb);
INSERT INTO s_mt.t_class(ck_id, cv_name, cv_description, cv_manual_documentation, cv_auto_documentation, cl_final, cl_dataset, ck_user, ct_change) VALUES ('1EE230968D8648419A9FEF0AAF7390E7', 'Application', 'Контейнер для приложения', 'Компонент для создания приложения

[Button](/redirect/docs/core-classes-button)', '

## ApplicationContainer

Включает commonDecorator

Type: React.FC&lt;IClassProps&lt;IBuilderClassConfig>>

### loadApplication

Загрузка начального состоянии приложения

## ApplicationModel

### Parameters

-   `history` **[History][1]** 
-   `url` **[string][2]** 

### handlers

#### onLogout

Выход из приложения

#### onWindowOpen

Открытие окна по ckwindow

[1]: https://developer.mozilla.org/docs/Web/Guide/API/DOM/Manipulating_the_browser_history

[2]: https://developer.mozilla.org/docs/Web/JavaScript/Reference/Global_Objects/String
', 1, 1, '4fd05ca9-3a9e-4d66-82df-886dfa082113', '2019-10-14T00:00:00.000+0000')  on conflict (ck_id) do update set cv_name = excluded.cv_name, cv_description = excluded.cv_description, cv_manual_documentation = excluded.cv_manual_documentation, cv_auto_documentation = excluded.cv_auto_documentation, cl_final = excluded.cl_final, cl_dataset = excluded.cl_dataset, ck_user = excluded.ck_user, ct_change = excluded.ct_change;
INSERT INTO s_mt.t_class_attr(ck_id, ck_class, ck_attr, cv_data_type_extra, cv_value, ck_user, ct_change, cl_required) VALUES ('B4952B6F8DA34BEFB04D244268B674F1', '1EE230968D8648419A9FEF0AAF7390E7', 'activerules', null, null, '4fd05ca9-3a9e-4d66-82df-886dfa082113', '2019-10-15T00:00:00.000+0000', 1)  on conflict (ck_id) do update set ck_class = excluded.ck_class, ck_attr = excluded.ck_attr, cv_value = excluded.cv_value, ck_user = excluded.ck_user, ct_change = excluded.ct_change, cl_required = excluded.cl_required;
INSERT INTO s_mt.t_class_attr(ck_id, ck_class, ck_attr, cv_data_type_extra, cv_value, ck_user, ct_change, cl_required) VALUES ('290CBFB50CFC4362B2F00C5C4D34AAB5', '1EE230968D8648419A9FEF0AAF7390E7', 'childs', null, null, '4fd05ca9-3a9e-4d66-82df-886dfa082113', '2019-10-14T00:00:00.000+0000', 0)  on conflict (ck_id) do update set ck_class = excluded.ck_class, ck_attr = excluded.ck_attr, cv_value = excluded.cv_value, ck_user = excluded.ck_user, ct_change = excluded.ct_change, cl_required = excluded.cl_required;
INSERT INTO s_mt.t_class_attr(ck_id, ck_class, ck_attr, cv_data_type_extra, cv_value, ck_user, ct_change, cl_required) VALUES ('8E3A9174CCB442F1B50A7E5F97806827', '1EE230968D8648419A9FEF0AAF7390E7', 'childwindow', null, null, '4fd05ca9-3a9e-4d66-82df-886dfa082113', '2019-10-17T00:00:00.000+0000', 0)  on conflict (ck_id) do update set ck_class = excluded.ck_class, ck_attr = excluded.ck_attr, cv_value = excluded.cv_value, ck_user = excluded.ck_user, ct_change = excluded.ct_change, cl_required = excluded.cl_required;
INSERT INTO s_mt.t_class_attr(ck_id, ck_class, ck_attr, cv_data_type_extra, cv_value, ck_user, ct_change, cl_required) VALUES ('939B5B0FDBB24DB08E935675A72676B7', '1EE230968D8648419A9FEF0AAF7390E7', 'defaultvalue', null, 'home', '4fd05ca9-3a9e-4d66-82df-886dfa082113', '2019-10-30T00:00:00.000+0000', 0)  on conflict (ck_id) do update set ck_class = excluded.ck_class, ck_attr = excluded.ck_attr, cv_value = excluded.cv_value, ck_user = excluded.ck_user, ct_change = excluded.ct_change, cl_required = excluded.cl_required;
INSERT INTO s_mt.t_class_attr(ck_id, ck_class, ck_attr, cv_data_type_extra, cv_value, ck_user, ct_change, cl_required) VALUES ('62C35A46C42445ACAF5C6CA1E4A0639A', '1EE230968D8648419A9FEF0AAF7390E7', 'getmastervalue', null, 'ck_id', '4fd05ca9-3a9e-4d66-82df-886dfa082113', '2020-01-13T00:00:00.000+0000', 1)  on conflict (ck_id) do update set ck_class = excluded.ck_class, ck_attr = excluded.ck_attr, cv_value = excluded.cv_value, ck_user = excluded.ck_user, ct_change = excluded.ct_change, cl_required = excluded.cl_required;
INSERT INTO s_mt.t_class_attr(ck_id, ck_class, ck_attr, cv_data_type_extra, cv_value, ck_user, ct_change, cl_required) VALUES ('185CC21AEB3F4A0BAA73F685A5F03BD4', '1EE230968D8648419A9FEF0AAF7390E7', 'idproperty', null, 'ck_id', '4fd05ca9-3a9e-4d66-82df-886dfa082113', '2020-01-14T00:00:00.000+0000', 1)  on conflict (ck_id) do update set ck_class = excluded.ck_class, ck_attr = excluded.ck_attr, cv_value = excluded.cv_value, ck_user = excluded.ck_user, ct_change = excluded.ct_change, cl_required = excluded.cl_required;
INSERT INTO s_mt.t_class_attr(ck_id, ck_class, ck_attr, cv_data_type_extra, cv_value, ck_user, ct_change, cl_required) VALUES ('A333461EE19C4FC1B4D6BB5848855834', '1EE230968D8648419A9FEF0AAF7390E7', 'redirecturl', null, null, '4fd05ca9-3a9e-4d66-82df-886dfa082113', '2020-04-07T00:00:00.000+0000', 0)  on conflict (ck_id) do update set ck_class = excluded.ck_class, ck_attr = excluded.ck_attr, cv_value = excluded.cv_value, ck_user = excluded.ck_user, ct_change = excluded.ct_change, cl_required = excluded.cl_required;
INSERT INTO s_mt.t_class_attr(ck_id, ck_class, ck_attr, cv_data_type_extra, cv_value, ck_user, ct_change, cl_required) VALUES ('64F7AA1D130847AFAB624B92D85B01BF', '1EE230968D8648419A9FEF0AAF7390E7', 'setrecordtoglobal', null, null, '4fd05ca9-3a9e-4d66-82df-886dfa082113', '2020-02-06T00:00:00.000+0000', 0)  on conflict (ck_id) do update set ck_class = excluded.ck_class, ck_attr = excluded.ck_attr, cv_value = excluded.cv_value, ck_user = excluded.ck_user, ct_change = excluded.ct_change, cl_required = excluded.cl_required;
INSERT INTO s_mt.t_class_attr(ck_id, ck_class, ck_attr, cv_data_type_extra, cv_value, ck_user, ct_change, cl_required) VALUES ('029735586E854F23A06CEF4CDCED4DAA', '1EE230968D8648419A9FEF0AAF7390E7', 'type', null, 'APPLICATION', '4fd05ca9-3a9e-4d66-82df-886dfa082113', '2019-10-14T00:00:00.000+0000', 1)  on conflict (ck_id) do update set ck_class = excluded.ck_class, ck_attr = excluded.ck_attr, cv_value = excluded.cv_value, ck_user = excluded.ck_user, ct_change = excluded.ct_change, cl_required = excluded.cl_required;
select pkg_patcher.p_clear_attr('1EE230968D8648419A9FEF0AAF7390E7'::varchar, '["activerules","childs","childwindow","defaultvalue","getmastervalue","idproperty","redirecturl","setrecordtoglobal","type"]'::jsonb);
INSERT INTO s_mt.t_class(ck_id, cv_name, cv_description, cv_manual_documentation, cv_auto_documentation, cl_final, cl_dataset, ck_user, ct_change) VALUES ('C6C0F987FD584F42A7B7D8B2ECEE63F6', 'Auth Form', 'Форма авторизации', null, null, 1, 1, '4fd05ca9-3a9e-4d66-82df-886dfa082113', '2020-04-03T00:00:00.000+0000')  on conflict (ck_id) do update set cv_name = excluded.cv_name, cv_description = excluded.cv_description, cv_manual_documentation = excluded.cv_manual_documentation, cv_auto_documentation = excluded.cv_auto_documentation, cl_final = excluded.cl_final, cl_dataset = excluded.cl_dataset, ck_user = excluded.ck_user, ct_change = excluded.ct_change;
INSERT INTO s_mt.t_class_attr(ck_id, ck_class, ck_attr, cv_data_type_extra, cv_value, ck_user, ct_change, cl_required) VALUES ('6E05E9179E274246A22A1583347ACA4D', 'C6C0F987FD584F42A7B7D8B2ECEE63F6', 'bottombtn', null, null, '4fd05ca9-3a9e-4d66-82df-886dfa082113', '2020-04-03T00:00:00.000+0000', 0)  on conflict (ck_id) do update set ck_class = excluded.ck_class, ck_attr = excluded.ck_attr, cv_value = excluded.cv_value, ck_user = excluded.ck_user, ct_change = excluded.ct_change, cl_required = excluded.cl_required;
INSERT INTO s_mt.t_class_attr(ck_id, ck_class, ck_attr, cv_data_type_extra, cv_value, ck_user, ct_change, cl_required) VALUES ('80DD4A0346D64BABA81C613331D14FCF', 'C6C0F987FD584F42A7B7D8B2ECEE63F6', 'childs', null, null, '4fd05ca9-3a9e-4d66-82df-886dfa082113', '2020-04-03T00:00:00.000+0000', 0)  on conflict (ck_id) do update set ck_class = excluded.ck_class, ck_attr = excluded.ck_attr, cv_value = excluded.cv_value, ck_user = excluded.ck_user, ct_change = excluded.ct_change, cl_required = excluded.cl_required;
INSERT INTO s_mt.t_class_attr(ck_id, ck_class, ck_attr, cv_data_type_extra, cv_value, ck_user, ct_change, cl_required) VALUES ('CA0C1F0BD49F475286D04EC4A0B19583', 'C6C0F987FD584F42A7B7D8B2ECEE63F6', 'type', null, 'AUTH_FORM', '4fd05ca9-3a9e-4d66-82df-886dfa082113', '2020-04-03T00:00:00.000+0000', 0)  on conflict (ck_id) do update set ck_class = excluded.ck_class, ck_attr = excluded.ck_attr, cv_value = excluded.cv_value, ck_user = excluded.ck_user, ct_change = excluded.ct_change, cl_required = excluded.cl_required;
select pkg_patcher.p_clear_attr('C6C0F987FD584F42A7B7D8B2ECEE63F6'::varchar, '["bottombtn","childs","type"]'::jsonb);
INSERT INTO s_mt.t_class(ck_id, cv_name, cv_description, cv_manual_documentation, cv_auto_documentation, cl_final, cl_dataset, ck_user, ct_change) VALUES ('9CC06E8D9D7E4791BA1C6232DAF60CDD', 'Badge Btn', 'Числовой значек над кнопкой', null, null, 0, 0, '4fd05ca9-3a9e-4d66-82df-886dfa082113', '2019-10-18T00:00:00.000+0000')  on conflict (ck_id) do update set cv_name = excluded.cv_name, cv_description = excluded.cv_description, cv_manual_documentation = excluded.cv_manual_documentation, cv_auto_documentation = excluded.cv_auto_documentation, cl_final = excluded.cl_final, cl_dataset = excluded.cl_dataset, ck_user = excluded.ck_user, ct_change = excluded.ct_change;
INSERT INTO s_mt.t_class_attr(ck_id, ck_class, ck_attr, cv_data_type_extra, cv_value, ck_user, ct_change, cl_required) VALUES ('1CEDCCF877584C01B3BD292C10D65DC9', '9CC06E8D9D7E4791BA1C6232DAF60CDD', 'childs', null, null, '4fd05ca9-3a9e-4d66-82df-886dfa082113', '2019-10-18T00:00:00.000+0000', 0)  on conflict (ck_id) do update set ck_class = excluded.ck_class, ck_attr = excluded.ck_attr, cv_value = excluded.cv_value, ck_user = excluded.ck_user, ct_change = excluded.ct_change, cl_required = excluded.cl_required;
INSERT INTO s_mt.t_class_attr(ck_id, ck_class, ck_attr, cv_data_type_extra, cv_value, ck_user, ct_change, cl_required) VALUES ('A22F69E60D274EC4B1B97617940B6E1D', '9CC06E8D9D7E4791BA1C6232DAF60CDD', 'getglobal', null, null, '4fd05ca9-3a9e-4d66-82df-886dfa082113', '2019-10-18T00:00:00.000+0000', 1)  on conflict (ck_id) do update set ck_class = excluded.ck_class, ck_attr = excluded.ck_attr, cv_value = excluded.cv_value, ck_user = excluded.ck_user, ct_change = excluded.ct_change, cl_required = excluded.cl_required;
INSERT INTO s_mt.t_class_attr(ck_id, ck_class, ck_attr, cv_data_type_extra, cv_value, ck_user, ct_change, cl_required) VALUES ('F8AE50BAB2A54568B9FFDEECE68799C8', '9CC06E8D9D7E4791BA1C6232DAF60CDD', 'position', null, 'inside', '4fd05ca9-3a9e-4d66-82df-886dfa082113', '2019-10-18T00:00:00.000+0000', 0)  on conflict (ck_id) do update set ck_class = excluded.ck_class, ck_attr = excluded.ck_attr, cv_value = excluded.cv_value, ck_user = excluded.ck_user, ct_change = excluded.ct_change, cl_required = excluded.cl_required;
INSERT INTO s_mt.t_class_attr(ck_id, ck_class, ck_attr, cv_data_type_extra, cv_value, ck_user, ct_change, cl_required) VALUES ('AF2419E4AFD84736B53AB5F4C0F634C9', '9CC06E8D9D7E4791BA1C6232DAF60CDD', 'type', null, 'BADGE_BTN', '4fd05ca9-3a9e-4d66-82df-886dfa082113', '2019-10-18T00:00:00.000+0000', 1)  on conflict (ck_id) do update set ck_class = excluded.ck_class, ck_attr = excluded.ck_attr, cv_value = excluded.cv_value, ck_user = excluded.ck_user, ct_change = excluded.ct_change, cl_required = excluded.cl_required;
select pkg_patcher.p_clear_attr('9CC06E8D9D7E4791BA1C6232DAF60CDD'::varchar, '["childs","getglobal","position","type"]'::jsonb);
INSERT INTO s_mt.t_class(ck_id, cv_name, cv_description, cv_manual_documentation, cv_auto_documentation, cl_final, cl_dataset, ck_user, ct_change) VALUES ('1', 'Box', 'Контейнер для объектов (облегченный)', null, null, 1, 0, '4fd05ca9-3a9e-4d66-82df-886dfa082113', '2020-06-15T13:31:37.158+0000')  on conflict (ck_id) do update set cv_name = excluded.cv_name, cv_description = excluded.cv_description, cv_manual_documentation = excluded.cv_manual_documentation, cv_auto_documentation = excluded.cv_auto_documentation, cl_final = excluded.cl_final, cl_dataset = excluded.cl_dataset, ck_user = excluded.ck_user, ct_change = excluded.ct_change;
INSERT INTO s_mt.t_class_attr(ck_id, ck_class, ck_attr, cv_data_type_extra, cv_value, ck_user, ct_change, cl_required) VALUES ('957CAF198CF04DD09431DB78041D2E8E', '1', 'align', null, null, '4fd05ca9-3a9e-4d66-82df-886dfa082113', '2019-10-28T00:00:00.000+0000', 0)  on conflict (ck_id) do update set ck_class = excluded.ck_class, ck_attr = excluded.ck_attr, cv_value = excluded.cv_value, ck_user = excluded.ck_user, ct_change = excluded.ct_change, cl_required = excluded.cl_required;
INSERT INTO s_mt.t_class_attr(ck_id, ck_class, ck_attr, cv_data_type_extra, cv_value, ck_user, ct_change, cl_required) VALUES ('623', '1', 'childs', null, null, '10020785', '2018-07-08T00:00:00.000+0000', 1)  on conflict (ck_id) do update set ck_class = excluded.ck_class, ck_attr = excluded.ck_attr, cv_value = excluded.cv_value, ck_user = excluded.ck_user, ct_change = excluded.ct_change, cl_required = excluded.cl_required;
INSERT INTO s_mt.t_class_attr(ck_id, ck_class, ck_attr, cv_data_type_extra, cv_value, ck_user, ct_change, cl_required) VALUES ('625', '1', 'contentview', null, 'hbox', '10020785', '2018-07-08T00:00:00.000+0000', 0)  on conflict (ck_id) do update set ck_class = excluded.ck_class, ck_attr = excluded.ck_attr, cv_value = excluded.cv_value, ck_user = excluded.ck_user, ct_change = excluded.ct_change, cl_required = excluded.cl_required;
INSERT INTO s_mt.t_class_attr(ck_id, ck_class, ck_attr, cv_data_type_extra, cv_value, ck_user, ct_change, cl_required) VALUES ('630', '1', 'disabled', null, null, '10020785', '2018-09-02T00:00:00.000+0000', 0)  on conflict (ck_id) do update set ck_class = excluded.ck_class, ck_attr = excluded.ck_attr, cv_value = excluded.cv_value, ck_user = excluded.ck_user, ct_change = excluded.ct_change, cl_required = excluded.cl_required;
INSERT INTO s_mt.t_class_attr(ck_id, ck_class, ck_attr, cv_data_type_extra, cv_value, ck_user, ct_change, cl_required) VALUES ('1235', '1', 'disabledrules', null, null, '10020785', '2018-09-02T00:00:00.000+0000', 0)  on conflict (ck_id) do update set ck_class = excluded.ck_class, ck_attr = excluded.ck_attr, cv_value = excluded.cv_value, ck_user = excluded.ck_user, ct_change = excluded.ct_change, cl_required = excluded.cl_required;
INSERT INTO s_mt.t_class_attr(ck_id, ck_class, ck_attr, cv_data_type_extra, cv_value, ck_user, ct_change, cl_required) VALUES ('F1E87EE3389B4347B0C67B596742F36D', '1', 'height', null, null, '4fd05ca9-3a9e-4d66-82df-886dfa082113', '2020-06-17T09:04:37.002+0000', 0)  on conflict (ck_id) do update set ck_class = excluded.ck_class, ck_attr = excluded.ck_attr, cv_value = excluded.cv_value, ck_user = excluded.ck_user, ct_change = excluded.ct_change, cl_required = excluded.cl_required;
INSERT INTO s_mt.t_class_attr(ck_id, ck_class, ck_attr, cv_data_type_extra, cv_value, ck_user, ct_change, cl_required) VALUES ('629', '1', 'hidden', null, null, '10020785', '2018-09-02T00:00:00.000+0000', 0)  on conflict (ck_id) do update set ck_class = excluded.ck_class, ck_attr = excluded.ck_attr, cv_value = excluded.cv_value, ck_user = excluded.ck_user, ct_change = excluded.ct_change, cl_required = excluded.cl_required;
INSERT INTO s_mt.t_class_attr(ck_id, ck_class, ck_attr, cv_data_type_extra, cv_value, ck_user, ct_change, cl_required) VALUES ('1279', '1', 'hiddenrules', null, null, '10020785', '2018-09-02T00:00:00.000+0000', 0)  on conflict (ck_id) do update set ck_class = excluded.ck_class, ck_attr = excluded.ck_attr, cv_value = excluded.cv_value, ck_user = excluded.ck_user, ct_change = excluded.ct_change, cl_required = excluded.cl_required;
INSERT INTO s_mt.t_class_attr(ck_id, ck_class, ck_attr, cv_data_type_extra, cv_value, ck_user, ct_change, cl_required) VALUES ('5D86D0B4C7A6447C9A3F3D8938796EDA', '1', 'maxheight', null, null, '4fd05ca9-3a9e-4d66-82df-886dfa082113', '2020-06-17T09:04:45.119+0000', 0)  on conflict (ck_id) do update set ck_class = excluded.ck_class, ck_attr = excluded.ck_attr, cv_value = excluded.cv_value, ck_user = excluded.ck_user, ct_change = excluded.ct_change, cl_required = excluded.cl_required;
INSERT INTO s_mt.t_class_attr(ck_id, ck_class, ck_attr, cv_data_type_extra, cv_value, ck_user, ct_change, cl_required) VALUES ('00F4035D039E411F9824C40BE8FF8B70', '1', 'minheight', null, null, '4fd05ca9-3a9e-4d66-82df-886dfa082113', '2020-06-17T09:04:41.552+0000', 0)  on conflict (ck_id) do update set ck_class = excluded.ck_class, ck_attr = excluded.ck_attr, cv_value = excluded.cv_value, ck_user = excluded.ck_user, ct_change = excluded.ct_change, cl_required = excluded.cl_required;
INSERT INTO s_mt.t_class_attr(ck_id, ck_class, ck_attr, cv_data_type_extra, cv_value, ck_user, ct_change, cl_required) VALUES ('1152', '1', 'reqsel', null, 'true', '10020785', '2018-09-26T00:00:00.000+0000', 0)  on conflict (ck_id) do update set ck_class = excluded.ck_class, ck_attr = excluded.ck_attr, cv_value = excluded.cv_value, ck_user = excluded.ck_user, ct_change = excluded.ct_change, cl_required = excluded.cl_required;
INSERT INTO s_mt.t_class_attr(ck_id, ck_class, ck_attr, cv_data_type_extra, cv_value, ck_user, ct_change, cl_required) VALUES ('534', '1', 'type', null, 'BOX', '10020785', '2018-07-08T00:00:00.000+0000', 1)  on conflict (ck_id) do update set ck_class = excluded.ck_class, ck_attr = excluded.ck_attr, cv_value = excluded.cv_value, ck_user = excluded.ck_user, ct_change = excluded.ct_change, cl_required = excluded.cl_required;
INSERT INTO s_mt.t_class_attr(ck_id, ck_class, ck_attr, cv_data_type_extra, cv_value, ck_user, ct_change, cl_required) VALUES ('E359855F0DD2453682B50E28F681C865', '1', 'width', null, null, '4fd05ca9-3a9e-4d66-82df-886dfa082113', '2019-10-28T00:00:00.000+0000', 0)  on conflict (ck_id) do update set ck_class = excluded.ck_class, ck_attr = excluded.ck_attr, cv_value = excluded.cv_value, ck_user = excluded.ck_user, ct_change = excluded.ct_change, cl_required = excluded.cl_required;
select pkg_patcher.p_clear_attr('1'::varchar, '["align","childs","contentview","disabled","disabledrules","height","hidden","hiddenrules","maxheight","minheight","reqsel","type","width"]'::jsonb);
INSERT INTO s_mt.t_class(ck_id, cv_name, cv_description, cv_manual_documentation, cv_auto_documentation, cl_final, cl_dataset, ck_user, ct_change) VALUES ('19', 'Button', 'Кнопка', 'Пользовательская документация кнопки', null, 0, 0, '20785', '2019-08-19T00:00:00.000+0000')  on conflict (ck_id) do update set cv_name = excluded.cv_name, cv_description = excluded.cv_description, cv_manual_documentation = excluded.cv_manual_documentation, cv_auto_documentation = excluded.cv_auto_documentation, cl_final = excluded.cl_final, cl_dataset = excluded.cl_dataset, ck_user = excluded.ck_user, ct_change = excluded.ct_change;
INSERT INTO s_mt.t_class_attr(ck_id, ck_class, ck_attr, cv_data_type_extra, cv_value, ck_user, ct_change, cl_required) VALUES ('1033', '19', 'ckwindow', null, null, '10020785', '2018-07-09T00:00:00.000+0000', 0)  on conflict (ck_id) do update set ck_class = excluded.ck_class, ck_attr = excluded.ck_attr, cv_value = excluded.cv_value, ck_user = excluded.ck_user, ct_change = excluded.ct_change, cl_required = excluded.cl_required;
INSERT INTO s_mt.t_class_attr(ck_id, ck_class, ck_attr, cv_data_type_extra, cv_value, ck_user, ct_change, cl_required) VALUES ('24170', '19', 'columnsfilter', null, null, '10020785', '2018-09-26T00:00:00.000+0000', 0)  on conflict (ck_id) do update set ck_class = excluded.ck_class, ck_attr = excluded.ck_attr, cv_value = excluded.cv_value, ck_user = excluded.ck_user, ct_change = excluded.ct_change, cl_required = excluded.cl_required;
INSERT INTO s_mt.t_class_attr(ck_id, ck_class, ck_attr, cv_data_type_extra, cv_value, ck_user, ct_change, cl_required) VALUES ('1997', '19', 'confirmquestion', null, null, '10020785', '2018-07-09T00:00:00.000+0000', 0)  on conflict (ck_id) do update set ck_class = excluded.ck_class, ck_attr = excluded.ck_attr, cv_value = excluded.cv_value, ck_user = excluded.ck_user, ct_change = excluded.ct_change, cl_required = excluded.cl_required;
INSERT INTO s_mt.t_class_attr(ck_id, ck_class, ck_attr, cv_data_type_extra, cv_value, ck_user, ct_change, cl_required) VALUES ('151', '19', 'disabled', null, null, '10020785', '2018-07-09T00:00:00.000+0000', 0)  on conflict (ck_id) do update set ck_class = excluded.ck_class, ck_attr = excluded.ck_attr, cv_value = excluded.cv_value, ck_user = excluded.ck_user, ct_change = excluded.ct_change, cl_required = excluded.cl_required;
INSERT INTO s_mt.t_class_attr(ck_id, ck_class, ck_attr, cv_data_type_extra, cv_value, ck_user, ct_change, cl_required) VALUES ('32169', '19', 'disabledemptymaster', null, null, '20785', '2018-11-07T00:00:00.000+0000', 0)  on conflict (ck_id) do update set ck_class = excluded.ck_class, ck_attr = excluded.ck_attr, cv_value = excluded.cv_value, ck_user = excluded.ck_user, ct_change = excluded.ct_change, cl_required = excluded.cl_required;
INSERT INTO s_mt.t_class_attr(ck_id, ck_class, ck_attr, cv_data_type_extra, cv_value, ck_user, ct_change, cl_required) VALUES ('1244', '19', 'disabledrules', null, null, '10020785', '2018-07-09T00:00:00.000+0000', 0)  on conflict (ck_id) do update set ck_class = excluded.ck_class, ck_attr = excluded.ck_attr, cv_value = excluded.cv_value, ck_user = excluded.ck_user, ct_change = excluded.ct_change, cl_required = excluded.cl_required;
INSERT INTO s_mt.t_class_attr(ck_id, ck_class, ck_attr, cv_data_type_extra, cv_value, ck_user, ct_change, cl_required) VALUES ('1928', '19', 'extraplugingate', null, null, '10020785', '2018-09-02T00:00:00.000+0000', 0)  on conflict (ck_id) do update set ck_class = excluded.ck_class, ck_attr = excluded.ck_attr, cv_value = excluded.cv_value, ck_user = excluded.ck_user, ct_change = excluded.ct_change, cl_required = excluded.cl_required;
INSERT INTO s_mt.t_class_attr(ck_id, ck_class, ck_attr, cv_data_type_extra, cv_value, ck_user, ct_change, cl_required) VALUES ('8ED0CAF4B5518D53E053809BA8C0BB01', '19', 'filemode', null, null, '20785', '2019-07-30T00:00:00.000+0000', 0)  on conflict (ck_id) do update set ck_class = excluded.ck_class, ck_attr = excluded.ck_attr, cv_value = excluded.cv_value, ck_user = excluded.ck_user, ct_change = excluded.ct_change, cl_required = excluded.cl_required;
INSERT INTO s_mt.t_class_attr(ck_id, ck_class, ck_attr, cv_data_type_extra, cv_value, ck_user, ct_change, cl_required) VALUES ('48170', '19', 'filetypes', null, 'doc,docx,pdf,zip,txt,ods,odt,xls,xlsx', '10028610', '2019-02-24T00:00:00.000+0000', 0)  on conflict (ck_id) do update set ck_class = excluded.ck_class, ck_attr = excluded.ck_attr, cv_value = excluded.cv_value, ck_user = excluded.ck_user, ct_change = excluded.ct_change, cl_required = excluded.cl_required;
INSERT INTO s_mt.t_class_attr(ck_id, ck_class, ck_attr, cv_data_type_extra, cv_value, ck_user, ct_change, cl_required) VALUES ('27169', '19', 'getglobaltostore', null, null, '10020785', '2018-10-08T00:00:00.000+0000', 0)  on conflict (ck_id) do update set ck_class = excluded.ck_class, ck_attr = excluded.ck_attr, cv_value = excluded.cv_value, ck_user = excluded.ck_user, ct_change = excluded.ct_change, cl_required = excluded.cl_required;
INSERT INTO s_mt.t_class_attr(ck_id, ck_class, ck_attr, cv_data_type_extra, cv_value, ck_user, ct_change, cl_required) VALUES ('4DF7F0F6B76C40DC9FC3850CB6CC2398', '19', 'getmastervalue', null, 'ck_id', '4fd05ca9-3a9e-4d66-82df-886dfa082113', '2020-01-13T00:00:00.000+0000', 1)  on conflict (ck_id) do update set ck_class = excluded.ck_class, ck_attr = excluded.ck_attr, cv_value = excluded.cv_value, ck_user = excluded.ck_user, ct_change = excluded.ct_change, cl_required = excluded.cl_required;
INSERT INTO s_mt.t_class_attr(ck_id, ck_class, ck_attr, cv_data_type_extra, cv_value, ck_user, ct_change, cl_required) VALUES ('140', '19', 'handler', null, null, '10020785', '2018-07-09T00:00:00.000+0000', 0)  on conflict (ck_id) do update set ck_class = excluded.ck_class, ck_attr = excluded.ck_attr, cv_value = excluded.cv_value, ck_user = excluded.ck_user, ct_change = excluded.ct_change, cl_required = excluded.cl_required;
INSERT INTO s_mt.t_class_attr(ck_id, ck_class, ck_attr, cv_data_type_extra, cv_value, ck_user, ct_change, cl_required) VALUES ('154', '19', 'hidden', null, null, '10020785', '2018-07-09T00:00:00.000+0000', 0)  on conflict (ck_id) do update set ck_class = excluded.ck_class, ck_attr = excluded.ck_attr, cv_value = excluded.cv_value, ck_user = excluded.ck_user, ct_change = excluded.ct_change, cl_required = excluded.cl_required;
INSERT INTO s_mt.t_class_attr(ck_id, ck_class, ck_attr, cv_data_type_extra, cv_value, ck_user, ct_change, cl_required) VALUES ('1288', '19', 'hiddenrules', null, null, '10020785', '2018-07-09T00:00:00.000+0000', 0)  on conflict (ck_id) do update set ck_class = excluded.ck_class, ck_attr = excluded.ck_attr, cv_value = excluded.cv_value, ck_user = excluded.ck_user, ct_change = excluded.ct_change, cl_required = excluded.cl_required;
INSERT INTO s_mt.t_class_attr(ck_id, ck_class, ck_attr, cv_data_type_extra, cv_value, ck_user, ct_change, cl_required) VALUES ('992', '19', 'iconfont', null, null, '10020785', '2018-07-09T00:00:00.000+0000', 0)  on conflict (ck_id) do update set ck_class = excluded.ck_class, ck_attr = excluded.ck_attr, cv_value = excluded.cv_value, ck_user = excluded.ck_user, ct_change = excluded.ct_change, cl_required = excluded.cl_required;
INSERT INTO s_mt.t_class_attr(ck_id, ck_class, ck_attr, cv_data_type_extra, cv_value, ck_user, ct_change, cl_required) VALUES ('991', '19', 'iconfontname', null, 'fa', '10020785', '2018-07-09T00:00:00.000+0000', 0)  on conflict (ck_id) do update set ck_class = excluded.ck_class, ck_attr = excluded.ck_attr, cv_value = excluded.cv_value, ck_user = excluded.ck_user, ct_change = excluded.ct_change, cl_required = excluded.cl_required;
INSERT INTO s_mt.t_class_attr(ck_id, ck_class, ck_attr, cv_data_type_extra, cv_value, ck_user, ct_change, cl_required) VALUES ('48169', '19', 'maxfile', null, '5242880', '10028610', '2019-02-24T00:00:00.000+0000', 0)  on conflict (ck_id) do update set ck_class = excluded.ck_class, ck_attr = excluded.ck_attr, cv_value = excluded.cv_value, ck_user = excluded.ck_user, ct_change = excluded.ct_change, cl_required = excluded.cl_required;
INSERT INTO s_mt.t_class_attr(ck_id, ck_class, ck_attr, cv_data_type_extra, cv_value, ck_user, ct_change, cl_required) VALUES ('155', '19', 'mode', null, null, '10020785', '2018-07-09T00:00:00.000+0000', 0)  on conflict (ck_id) do update set ck_class = excluded.ck_class, ck_attr = excluded.ck_attr, cv_value = excluded.cv_value, ck_user = excluded.ck_user, ct_change = excluded.ct_change, cl_required = excluded.cl_required;
INSERT INTO s_mt.t_class_attr(ck_id, ck_class, ck_attr, cv_data_type_extra, cv_value, ck_user, ct_change, cl_required) VALUES ('22170', '19', 'modeaction', null, null, '10020785', '2018-09-02T00:00:00.000+0000', 0)  on conflict (ck_id) do update set ck_class = excluded.ck_class, ck_attr = excluded.ck_attr, cv_value = excluded.cv_value, ck_user = excluded.ck_user, ct_change = excluded.ct_change, cl_required = excluded.cl_required;
INSERT INTO s_mt.t_class_attr(ck_id, ck_class, ck_attr, cv_data_type_extra, cv_value, ck_user, ct_change, cl_required) VALUES ('1695', '19', 'onlyicon', null, null, '10020785', '2018-07-09T00:00:00.000+0000', 0)  on conflict (ck_id) do update set ck_class = excluded.ck_class, ck_attr = excluded.ck_attr, cv_value = excluded.cv_value, ck_user = excluded.ck_user, ct_change = excluded.ct_change, cl_required = excluded.cl_required;
INSERT INTO s_mt.t_class_attr(ck_id, ck_class, ck_attr, cv_data_type_extra, cv_value, ck_user, ct_change, cl_required) VALUES ('24169', '19', 'redirecturl', null, null, '10020785', '2018-09-26T00:00:00.000+0000', 0)  on conflict (ck_id) do update set ck_class = excluded.ck_class, ck_attr = excluded.ck_attr, cv_value = excluded.cv_value, ck_user = excluded.ck_user, ct_change = excluded.ct_change, cl_required = excluded.cl_required;
INSERT INTO s_mt.t_class_attr(ck_id, ck_class, ck_attr, cv_data_type_extra, cv_value, ck_user, ct_change, cl_required) VALUES ('25169', '19', 'redirectusequery', null, null, '10020785', '2018-09-26T00:00:00.000+0000', 0)  on conflict (ck_id) do update set ck_class = excluded.ck_class, ck_attr = excluded.ck_attr, cv_value = excluded.cv_value, ck_user = excluded.ck_user, ct_change = excluded.ct_change, cl_required = excluded.cl_required;
INSERT INTO s_mt.t_class_attr(ck_id, ck_class, ck_attr, cv_data_type_extra, cv_value, ck_user, ct_change, cl_required) VALUES ('177', '19', 'reqsel', null, 'false', '10020785', '2018-07-09T00:00:00.000+0000', 0)  on conflict (ck_id) do update set ck_class = excluded.ck_class, ck_attr = excluded.ck_attr, cv_value = excluded.cv_value, ck_user = excluded.ck_user, ct_change = excluded.ct_change, cl_required = excluded.cl_required;
INSERT INTO s_mt.t_class_attr(ck_id, ck_class, ck_attr, cv_data_type_extra, cv_value, ck_user, ct_change, cl_required) VALUES ('17175', '19', 'timeout', null, null, '10020785', '2018-09-26T00:00:00.000+0000', 0)  on conflict (ck_id) do update set ck_class = excluded.ck_class, ck_attr = excluded.ck_attr, cv_value = excluded.cv_value, ck_user = excluded.ck_user, ct_change = excluded.ct_change, cl_required = excluded.cl_required;
INSERT INTO s_mt.t_class_attr(ck_id, ck_class, ck_attr, cv_data_type_extra, cv_value, ck_user, ct_change, cl_required) VALUES ('1682', '19', 'tipmsg', null, null, '4fd05ca9-3a9e-4d66-82df-886dfa082113', '2019-11-26T00:00:00.000+0000', 0)  on conflict (ck_id) do update set ck_class = excluded.ck_class, ck_attr = excluded.ck_attr, cv_value = excluded.cv_value, ck_user = excluded.ck_user, ct_change = excluded.ct_change, cl_required = excluded.cl_required;
INSERT INTO s_mt.t_class_attr(ck_id, ck_class, ck_attr, cv_data_type_extra, cv_value, ck_user, ct_change, cl_required) VALUES ('34', '19', 'type', null, 'BTN', '10020785', '2018-07-09T00:00:00.000+0000', 1)  on conflict (ck_id) do update set ck_class = excluded.ck_class, ck_attr = excluded.ck_attr, cv_value = excluded.cv_value, ck_user = excluded.ck_user, ct_change = excluded.ct_change, cl_required = excluded.cl_required;
INSERT INTO s_mt.t_class_attr(ck_id, ck_class, ck_attr, cv_data_type_extra, cv_value, ck_user, ct_change, cl_required) VALUES ('147', '19', 'uitype', null, '1', '10020785', '2018-07-09T00:00:00.000+0000', 0)  on conflict (ck_id) do update set ck_class = excluded.ck_class, ck_attr = excluded.ck_attr, cv_value = excluded.cv_value, ck_user = excluded.ck_user, ct_change = excluded.ct_change, cl_required = excluded.cl_required;
INSERT INTO s_mt.t_class_attr(ck_id, ck_class, ck_attr, cv_data_type_extra, cv_value, ck_user, ct_change, cl_required) VALUES ('150', '19', 'updatequery', null, null, '10020785', '2018-07-09T00:00:00.000+0000', 0)  on conflict (ck_id) do update set ck_class = excluded.ck_class, ck_attr = excluded.ck_attr, cv_value = excluded.cv_value, ck_user = excluded.ck_user, ct_change = excluded.ct_change, cl_required = excluded.cl_required;
select pkg_patcher.p_clear_attr('19'::varchar, '["ckwindow","columnsfilter","confirmquestion","disabled","disabledemptymaster","disabledrules","extraplugingate","filemode","filetypes","getglobaltostore","getmastervalue","handler","hidden","hiddenrules","iconfont","iconfontname","maxfile","mode","modeaction","onlyicon","redirecturl","redirectusequery","reqsel","timeout","tipmsg","type","uitype","updatequery"]'::jsonb);
INSERT INTO s_mt.t_class(ck_id, cv_name, cv_description, cv_manual_documentation, cv_auto_documentation, cl_final, cl_dataset, ck_user, ct_change) VALUES ('1457', 'Button Collector', 'Собиратель кнопок', null, null, 0, 0, '10020785', '2018-07-12T00:00:00.000+0000')  on conflict (ck_id) do update set cv_name = excluded.cv_name, cv_description = excluded.cv_description, cv_manual_documentation = excluded.cv_manual_documentation, cv_auto_documentation = excluded.cv_auto_documentation, cl_final = excluded.cl_final, cl_dataset = excluded.cl_dataset, ck_user = excluded.ck_user, ct_change = excluded.ct_change;
INSERT INTO s_mt.t_class_attr(ck_id, ck_class, ck_attr, cv_data_type_extra, cv_value, ck_user, ct_change, cl_required) VALUES ('14171', '1457', 'btncollectorall', null, 'true', '10020785', '2018-08-02T00:00:00.000+0000', 1)  on conflict (ck_id) do update set ck_class = excluded.ck_class, ck_attr = excluded.ck_attr, cv_value = excluded.cv_value, ck_user = excluded.ck_user, ct_change = excluded.ct_change, cl_required = excluded.cl_required;
INSERT INTO s_mt.t_class_attr(ck_id, ck_class, ck_attr, cv_data_type_extra, cv_value, ck_user, ct_change, cl_required) VALUES ('36170', '1457', 'hidden', null, null, '20848', '2018-12-11T00:00:00.000+0000', 0)  on conflict (ck_id) do update set ck_class = excluded.ck_class, ck_attr = excluded.ck_attr, cv_value = excluded.cv_value, ck_user = excluded.ck_user, ct_change = excluded.ct_change, cl_required = excluded.cl_required;
INSERT INTO s_mt.t_class_attr(ck_id, ck_class, ck_attr, cv_data_type_extra, cv_value, ck_user, ct_change, cl_required) VALUES ('5171', '1457', 'hiddenrules', null, null, '10020785', '2018-09-02T00:00:00.000+0000', 0)  on conflict (ck_id) do update set ck_class = excluded.ck_class, ck_attr = excluded.ck_attr, cv_value = excluded.cv_value, ck_user = excluded.ck_user, ct_change = excluded.ct_change, cl_required = excluded.cl_required;
INSERT INTO s_mt.t_class_attr(ck_id, ck_class, ck_attr, cv_data_type_extra, cv_value, ck_user, ct_change, cl_required) VALUES ('5172', '1457', 'iconfont', null, 'dots-horizontal', '10020785', '2018-07-12T00:00:00.000+0000', 1)  on conflict (ck_id) do update set ck_class = excluded.ck_class, ck_attr = excluded.ck_attr, cv_value = excluded.cv_value, ck_user = excluded.ck_user, ct_change = excluded.ct_change, cl_required = excluded.cl_required;
INSERT INTO s_mt.t_class_attr(ck_id, ck_class, ck_attr, cv_data_type_extra, cv_value, ck_user, ct_change, cl_required) VALUES ('5173', '1457', 'iconfontname', null, 'mdi', '10020785', '2018-07-12T00:00:00.000+0000', 1)  on conflict (ck_id) do update set ck_class = excluded.ck_class, ck_attr = excluded.ck_attr, cv_value = excluded.cv_value, ck_user = excluded.ck_user, ct_change = excluded.ct_change, cl_required = excluded.cl_required;
INSERT INTO s_mt.t_class_attr(ck_id, ck_class, ck_attr, cv_data_type_extra, cv_value, ck_user, ct_change, cl_required) VALUES ('5174', '1457', 'onlyicon', null, 'true', '10020785', '2018-07-12T00:00:00.000+0000', 1)  on conflict (ck_id) do update set ck_class = excluded.ck_class, ck_attr = excluded.ck_attr, cv_value = excluded.cv_value, ck_user = excluded.ck_user, ct_change = excluded.ct_change, cl_required = excluded.cl_required;
INSERT INTO s_mt.t_class_attr(ck_id, ck_class, ck_attr, cv_data_type_extra, cv_value, ck_user, ct_change, cl_required) VALUES ('15170', '1457', 'reqsel', null, 'false', '10020785', '2018-09-02T00:00:00.000+0000', 0)  on conflict (ck_id) do update set ck_class = excluded.ck_class, ck_attr = excluded.ck_attr, cv_value = excluded.cv_value, ck_user = excluded.ck_user, ct_change = excluded.ct_change, cl_required = excluded.cl_required;
INSERT INTO s_mt.t_class_attr(ck_id, ck_class, ck_attr, cv_data_type_extra, cv_value, ck_user, ct_change, cl_required) VALUES ('6169', '1457', 'tipmsg', null, '7c10f9f709844f0a86055b6b1478550f', '10020785', '2018-07-15T00:00:00.000+0000', 0)  on conflict (ck_id) do update set ck_class = excluded.ck_class, ck_attr = excluded.ck_attr, cv_value = excluded.cv_value, ck_user = excluded.ck_user, ct_change = excluded.ct_change, cl_required = excluded.cl_required;
INSERT INTO s_mt.t_class_attr(ck_id, ck_class, ck_attr, cv_data_type_extra, cv_value, ck_user, ct_change, cl_required) VALUES ('5176', '1457', 'topbtn', null, null, '10020785', '2018-07-12T00:00:00.000+0000', 1)  on conflict (ck_id) do update set ck_class = excluded.ck_class, ck_attr = excluded.ck_attr, cv_value = excluded.cv_value, ck_user = excluded.ck_user, ct_change = excluded.ct_change, cl_required = excluded.cl_required;
INSERT INTO s_mt.t_class_attr(ck_id, ck_class, ck_attr, cv_data_type_extra, cv_value, ck_user, ct_change, cl_required) VALUES ('5175', '1457', 'type', null, 'BTNCOLLECTOR', '10020785', '2018-07-12T00:00:00.000+0000', 1)  on conflict (ck_id) do update set ck_class = excluded.ck_class, ck_attr = excluded.ck_attr, cv_value = excluded.cv_value, ck_user = excluded.ck_user, ct_change = excluded.ct_change, cl_required = excluded.cl_required;
select pkg_patcher.p_clear_attr('1457'::varchar, '["btncollectorall","hidden","hiddenrules","iconfont","iconfontname","onlyicon","reqsel","tipmsg","topbtn","type"]'::jsonb);
INSERT INTO s_mt.t_class(ck_id, cv_name, cv_description, cv_manual_documentation, cv_auto_documentation, cl_final, cl_dataset, ck_user, ct_change) VALUES ('DB557A6113634FD2BC40D2A58EE1EB3F', 'Button Group', 'Контейнер кнопок', null, null, 1, 0, '4fd05ca9-3a9e-4d66-82df-886dfa082113', '2019-10-03T00:00:00.000+0000')  on conflict (ck_id) do update set cv_name = excluded.cv_name, cv_description = excluded.cv_description, cv_manual_documentation = excluded.cv_manual_documentation, cv_auto_documentation = excluded.cv_auto_documentation, cl_final = excluded.cl_final, cl_dataset = excluded.cl_dataset, ck_user = excluded.ck_user, ct_change = excluded.ct_change;
INSERT INTO s_mt.t_class_attr(ck_id, ck_class, ck_attr, cv_data_type_extra, cv_value, ck_user, ct_change, cl_required) VALUES ('061FCBDA3AEB49F397D36170131F36C6', 'DB557A6113634FD2BC40D2A58EE1EB3F', 'childs', null, null, '4fd05ca9-3a9e-4d66-82df-886dfa082113', '2019-10-03T00:00:00.000+0000', 0)  on conflict (ck_id) do update set ck_class = excluded.ck_class, ck_attr = excluded.ck_attr, cv_value = excluded.cv_value, ck_user = excluded.ck_user, ct_change = excluded.ct_change, cl_required = excluded.cl_required;
INSERT INTO s_mt.t_class_attr(ck_id, ck_class, ck_attr, cv_data_type_extra, cv_value, ck_user, ct_change, cl_required) VALUES ('0FB8DA8E42584B569EEB2C1A53D4F0C3', 'DB557A6113634FD2BC40D2A58EE1EB3F', 'contentview', null, 'hbox', '4fd05ca9-3a9e-4d66-82df-886dfa082113', '2019-10-04T00:00:00.000+0000', 0)  on conflict (ck_id) do update set ck_class = excluded.ck_class, ck_attr = excluded.ck_attr, cv_value = excluded.cv_value, ck_user = excluded.ck_user, ct_change = excluded.ct_change, cl_required = excluded.cl_required;
INSERT INTO s_mt.t_class_attr(ck_id, ck_class, ck_attr, cv_data_type_extra, cv_value, ck_user, ct_change, cl_required) VALUES ('CDF54BCD782344EFACB87D673A3E0747', 'DB557A6113634FD2BC40D2A58EE1EB3F', 'height', null, null, '4fd05ca9-3a9e-4d66-82df-886dfa082113', '2019-10-03T00:00:00.000+0000', 0)  on conflict (ck_id) do update set ck_class = excluded.ck_class, ck_attr = excluded.ck_attr, cv_value = excluded.cv_value, ck_user = excluded.ck_user, ct_change = excluded.ct_change, cl_required = excluded.cl_required;
INSERT INTO s_mt.t_class_attr(ck_id, ck_class, ck_attr, cv_data_type_extra, cv_value, ck_user, ct_change, cl_required) VALUES ('6AC299E9D222440A83B2E721571B9A77', 'DB557A6113634FD2BC40D2A58EE1EB3F', 'onlyicon', null, null, '4fd05ca9-3a9e-4d66-82df-886dfa082113', '2019-10-03T00:00:00.000+0000', 0)  on conflict (ck_id) do update set ck_class = excluded.ck_class, ck_attr = excluded.ck_attr, cv_value = excluded.cv_value, ck_user = excluded.ck_user, ct_change = excluded.ct_change, cl_required = excluded.cl_required;
INSERT INTO s_mt.t_class_attr(ck_id, ck_class, ck_attr, cv_data_type_extra, cv_value, ck_user, ct_change, cl_required) VALUES ('67C264C962FE49F1B38549FD07C15F1F', 'DB557A6113634FD2BC40D2A58EE1EB3F', 'type', null, 'BTN_GROUP', '4fd05ca9-3a9e-4d66-82df-886dfa082113', '2019-10-03T00:00:00.000+0000', 0)  on conflict (ck_id) do update set ck_class = excluded.ck_class, ck_attr = excluded.ck_attr, cv_value = excluded.cv_value, ck_user = excluded.ck_user, ct_change = excluded.ct_change, cl_required = excluded.cl_required;
INSERT INTO s_mt.t_class_attr(ck_id, ck_class, ck_attr, cv_data_type_extra, cv_value, ck_user, ct_change, cl_required) VALUES ('BD719FF0AD6B4E55871FADA4C2422E70', 'DB557A6113634FD2BC40D2A58EE1EB3F', 'width', null, null, '4fd05ca9-3a9e-4d66-82df-886dfa082113', '2019-10-03T00:00:00.000+0000', 0)  on conflict (ck_id) do update set ck_class = excluded.ck_class, ck_attr = excluded.ck_attr, cv_value = excluded.cv_value, ck_user = excluded.ck_user, ct_change = excluded.ct_change, cl_required = excluded.cl_required;
select pkg_patcher.p_clear_attr('DB557A6113634FD2BC40D2A58EE1EB3F'::varchar, '["childs","contentview","height","onlyicon","type","width"]'::jsonb);
INSERT INTO s_mt.t_class(ck_id, cv_name, cv_description, cv_manual_documentation, cv_auto_documentation, cl_final, cl_dataset, ck_user, ct_change) VALUES ('57', 'Column Action Icon', 'Колонка-кнопка с иконкой', null, null, 1, 0, '-11', '2018-02-22T00:00:00.000+0000')  on conflict (ck_id) do update set cv_name = excluded.cv_name, cv_description = excluded.cv_description, cv_manual_documentation = excluded.cv_manual_documentation, cv_auto_documentation = excluded.cv_auto_documentation, cl_final = excluded.cl_final, cl_dataset = excluded.cl_dataset, ck_user = excluded.ck_user, ct_change = excluded.ct_change;
INSERT INTO s_mt.t_class_attr(ck_id, ck_class, ck_attr, cv_data_type_extra, cv_value, ck_user, ct_change, cl_required) VALUES ('1030', '57', 'ckwindow', null, null, '10020785', '2018-07-08T00:00:00.000+0000', 0)  on conflict (ck_id) do update set ck_class = excluded.ck_class, ck_attr = excluded.ck_attr, cv_value = excluded.cv_value, ck_user = excluded.ck_user, ct_change = excluded.ct_change, cl_required = excluded.cl_required;
INSERT INTO s_mt.t_class_attr(ck_id, ck_class, ck_attr, cv_data_type_extra, cv_value, ck_user, ct_change, cl_required) VALUES ('1B8D5C0729534253A80F606165987D38', '57', 'columnsfilter', null, null, '4fd05ca9-3a9e-4d66-82df-886dfa082113', '2019-09-18T00:00:00.000+0000', 0)  on conflict (ck_id) do update set ck_class = excluded.ck_class, ck_attr = excluded.ck_attr, cv_value = excluded.cv_value, ck_user = excluded.ck_user, ct_change = excluded.ct_change, cl_required = excluded.cl_required;
INSERT INTO s_mt.t_class_attr(ck_id, ck_class, ck_attr, cv_data_type_extra, cv_value, ck_user, ct_change, cl_required) VALUES ('1989', '57', 'confirmquestion', null, null, '10020785', '2018-07-08T00:00:00.000+0000', 0)  on conflict (ck_id) do update set ck_class = excluded.ck_class, ck_attr = excluded.ck_attr, cv_value = excluded.cv_value, ck_user = excluded.ck_user, ct_change = excluded.ct_change, cl_required = excluded.cl_required;
INSERT INTO s_mt.t_class_attr(ck_id, ck_class, ck_attr, cv_data_type_extra, cv_value, ck_user, ct_change, cl_required) VALUES ('350', '57', 'datatype', null, 'icon', '10020785', '2018-07-09T00:00:00.000+0000', 1)  on conflict (ck_id) do update set ck_class = excluded.ck_class, ck_attr = excluded.ck_attr, cv_value = excluded.cv_value, ck_user = excluded.ck_user, ct_change = excluded.ct_change, cl_required = excluded.cl_required;
INSERT INTO s_mt.t_class_attr(ck_id, ck_class, ck_attr, cv_data_type_extra, cv_value, ck_user, ct_change, cl_required) VALUES ('1262', '57', 'disabledrules', null, null, '10020785', '2018-07-09T00:00:00.000+0000', 0)  on conflict (ck_id) do update set ck_class = excluded.ck_class, ck_attr = excluded.ck_attr, cv_value = excluded.cv_value, ck_user = excluded.ck_user, ct_change = excluded.ct_change, cl_required = excluded.cl_required;
INSERT INTO s_mt.t_class_attr(ck_id, ck_class, ck_attr, cv_data_type_extra, cv_value, ck_user, ct_change, cl_required) VALUES ('354', '57', 'dynamicicon', null, 'false', '10020785', '2018-07-09T00:00:00.000+0000', 0)  on conflict (ck_id) do update set ck_class = excluded.ck_class, ck_attr = excluded.ck_attr, cv_value = excluded.cv_value, ck_user = excluded.ck_user, ct_change = excluded.ct_change, cl_required = excluded.cl_required;
INSERT INTO s_mt.t_class_attr(ck_id, ck_class, ck_attr, cv_data_type_extra, cv_value, ck_user, ct_change, cl_required) VALUES ('351', '57', 'editors', null, 'false', '10020785', '2018-07-09T00:00:00.000+0000', 1)  on conflict (ck_id) do update set ck_class = excluded.ck_class, ck_attr = excluded.ck_attr, cv_value = excluded.cv_value, ck_user = excluded.ck_user, ct_change = excluded.ct_change, cl_required = excluded.cl_required;
INSERT INTO s_mt.t_class_attr(ck_id, ck_class, ck_attr, cv_data_type_extra, cv_value, ck_user, ct_change, cl_required) VALUES ('1930', '57', 'extraplugingate', null, null, '10020785', '2018-08-27T00:00:00.000+0000', 0)  on conflict (ck_id) do update set ck_class = excluded.ck_class, ck_attr = excluded.ck_attr, cv_value = excluded.cv_value, ck_user = excluded.ck_user, ct_change = excluded.ct_change, cl_required = excluded.cl_required;
INSERT INTO s_mt.t_class_attr(ck_id, ck_class, ck_attr, cv_data_type_extra, cv_value, ck_user, ct_change, cl_required) VALUES ('15050AB7A3B943D1A52FDE475308C00D', '57', 'getmastervalue', null, 'ck_id', '4fd05ca9-3a9e-4d66-82df-886dfa082113', '2020-01-13T00:00:00.000+0000', 1)  on conflict (ck_id) do update set ck_class = excluded.ck_class, ck_attr = excluded.ck_attr, cv_value = excluded.cv_value, ck_user = excluded.ck_user, ct_change = excluded.ct_change, cl_required = excluded.cl_required;
INSERT INTO s_mt.t_class_attr(ck_id, ck_class, ck_attr, cv_data_type_extra, cv_value, ck_user, ct_change, cl_required) VALUES ('560', '57', 'handler', null, null, '10020785', '2018-07-09T00:00:00.000+0000', 0)  on conflict (ck_id) do update set ck_class = excluded.ck_class, ck_attr = excluded.ck_attr, cv_value = excluded.cv_value, ck_user = excluded.ck_user, ct_change = excluded.ct_change, cl_required = excluded.cl_required;
INSERT INTO s_mt.t_class_attr(ck_id, ck_class, ck_attr, cv_data_type_extra, cv_value, ck_user, ct_change, cl_required) VALUES ('1306', '57', 'hiddenrules', null, null, '10020785', '2018-07-09T00:00:00.000+0000', 0)  on conflict (ck_id) do update set ck_class = excluded.ck_class, ck_attr = excluded.ck_attr, cv_value = excluded.cv_value, ck_user = excluded.ck_user, ct_change = excluded.ct_change, cl_required = excluded.cl_required;
INSERT INTO s_mt.t_class_attr(ck_id, ck_class, ck_attr, cv_data_type_extra, cv_value, ck_user, ct_change, cl_required) VALUES ('353', '57', 'iconfont', null, null, '10020785', '2018-07-09T00:00:00.000+0000', 0)  on conflict (ck_id) do update set ck_class = excluded.ck_class, ck_attr = excluded.ck_attr, cv_value = excluded.cv_value, ck_user = excluded.ck_user, ct_change = excluded.ct_change, cl_required = excluded.cl_required;
INSERT INTO s_mt.t_class_attr(ck_id, ck_class, ck_attr, cv_data_type_extra, cv_value, ck_user, ct_change, cl_required) VALUES ('352', '57', 'iconfontname', null, 'fa', '10020785', '2018-07-09T00:00:00.000+0000', 0)  on conflict (ck_id) do update set ck_class = excluded.ck_class, ck_attr = excluded.ck_attr, cv_value = excluded.cv_value, ck_user = excluded.ck_user, ct_change = excluded.ct_change, cl_required = excluded.cl_required;
INSERT INTO s_mt.t_class_attr(ck_id, ck_class, ck_attr, cv_data_type_extra, cv_value, ck_user, ct_change, cl_required) VALUES ('591', '57', 'mode', null, null, '10020785', '2018-07-09T00:00:00.000+0000', 0)  on conflict (ck_id) do update set ck_class = excluded.ck_class, ck_attr = excluded.ck_attr, cv_value = excluded.cv_value, ck_user = excluded.ck_user, ct_change = excluded.ct_change, cl_required = excluded.cl_required;
INSERT INTO s_mt.t_class_attr(ck_id, ck_class, ck_attr, cv_data_type_extra, cv_value, ck_user, ct_change, cl_required) VALUES ('22171', '57', 'modeaction', null, null, '10020785', '2018-09-26T00:00:00.000+0000', 0)  on conflict (ck_id) do update set ck_class = excluded.ck_class, ck_attr = excluded.ck_attr, cv_value = excluded.cv_value, ck_user = excluded.ck_user, ct_change = excluded.ct_change, cl_required = excluded.cl_required;
INSERT INTO s_mt.t_class_attr(ck_id, ck_class, ck_attr, cv_data_type_extra, cv_value, ck_user, ct_change, cl_required) VALUES ('CBECCB68D2F24CDDA56F5989DA4C61DC', '57', 'redirecturl', null, null, '4fd05ca9-3a9e-4d66-82df-886dfa082113', '2019-09-18T00:00:00.000+0000', 0)  on conflict (ck_id) do update set ck_class = excluded.ck_class, ck_attr = excluded.ck_attr, cv_value = excluded.cv_value, ck_user = excluded.ck_user, ct_change = excluded.ct_change, cl_required = excluded.cl_required;
INSERT INTO s_mt.t_class_attr(ck_id, ck_class, ck_attr, cv_data_type_extra, cv_value, ck_user, ct_change, cl_required) VALUES ('DE1DC6BD5E234AE88EA4FA8B30655EDE', '57', 'redirectusequery', null, null, '4fd05ca9-3a9e-4d66-82df-886dfa082113', '2019-09-18T00:00:00.000+0000', 0)  on conflict (ck_id) do update set ck_class = excluded.ck_class, ck_attr = excluded.ck_attr, cv_value = excluded.cv_value, ck_user = excluded.ck_user, ct_change = excluded.ct_change, cl_required = excluded.cl_required;
INSERT INTO s_mt.t_class_attr(ck_id, ck_class, ck_attr, cv_data_type_extra, cv_value, ck_user, ct_change, cl_required) VALUES ('17170', '57', 'timeout', null, null, '10020785', '2018-09-26T00:00:00.000+0000', 0)  on conflict (ck_id) do update set ck_class = excluded.ck_class, ck_attr = excluded.ck_attr, cv_value = excluded.cv_value, ck_user = excluded.ck_user, ct_change = excluded.ct_change, cl_required = excluded.cl_required;
INSERT INTO s_mt.t_class_attr(ck_id, ck_class, ck_attr, cv_data_type_extra, cv_value, ck_user, ct_change, cl_required) VALUES ('589', '57', 'tipmsg', null, null, '10020785', '2018-07-09T00:00:00.000+0000', 0)  on conflict (ck_id) do update set ck_class = excluded.ck_class, ck_attr = excluded.ck_attr, cv_value = excluded.cv_value, ck_user = excluded.ck_user, ct_change = excluded.ct_change, cl_required = excluded.cl_required;
INSERT INTO s_mt.t_class_attr(ck_id, ck_class, ck_attr, cv_data_type_extra, cv_value, ck_user, ct_change, cl_required) VALUES ('2D9B3213A46F44B68D40656B62F2AB0D', '57', 'type', null, 'COLUMN', '4fd05ca9-3a9e-4d66-82df-886dfa082113', '2020-04-27T14:55:13.227+0000', 0)  on conflict (ck_id) do update set ck_class = excluded.ck_class, ck_attr = excluded.ck_attr, cv_value = excluded.cv_value, ck_user = excluded.ck_user, ct_change = excluded.ct_change, cl_required = excluded.cl_required;
INSERT INTO s_mt.t_class_attr(ck_id, ck_class, ck_attr, cv_data_type_extra, cv_value, ck_user, ct_change, cl_required) VALUES ('592', '57', 'updatequery', null, null, '10020785', '2018-07-09T00:00:00.000+0000', 0)  on conflict (ck_id) do update set ck_class = excluded.ck_class, ck_attr = excluded.ck_attr, cv_value = excluded.cv_value, ck_user = excluded.ck_user, ct_change = excluded.ct_change, cl_required = excluded.cl_required;
INSERT INTO s_mt.t_class_attr(ck_id, ck_class, ck_attr, cv_data_type_extra, cv_value, ck_user, ct_change, cl_required) VALUES ('437', '57', 'visible', null, 'true', '10020785', '2018-07-09T00:00:00.000+0000', 0)  on conflict (ck_id) do update set ck_class = excluded.ck_class, ck_attr = excluded.ck_attr, cv_value = excluded.cv_value, ck_user = excluded.ck_user, ct_change = excluded.ct_change, cl_required = excluded.cl_required;
select pkg_patcher.p_clear_attr('57'::varchar, '["ckwindow","columnsfilter","confirmquestion","datatype","disabledrules","dynamicicon","editors","extraplugingate","getmastervalue","handler","hiddenrules","iconfont","iconfontname","mode","modeaction","redirecturl","redirectusequery","timeout","tipmsg","type","updatequery","visible"]'::jsonb);
INSERT INTO s_mt.t_class(ck_id, cv_name, cv_description, cv_manual_documentation, cv_auto_documentation, cl_final, cl_dataset, ck_user, ct_change) VALUES ('36', 'Column Boolean', 'Колонка "Boolean" (да/нет)', null, null, 0, 0, '-11', '2018-02-22T00:00:00.000+0000')  on conflict (ck_id) do update set cv_name = excluded.cv_name, cv_description = excluded.cv_description, cv_manual_documentation = excluded.cv_manual_documentation, cv_auto_documentation = excluded.cv_auto_documentation, cl_final = excluded.cl_final, cl_dataset = excluded.cl_dataset, ck_user = excluded.ck_user, ct_change = excluded.ct_change;
INSERT INTO s_mt.t_class_attr(ck_id, ck_class, ck_attr, cv_data_type_extra, cv_value, ck_user, ct_change, cl_required) VALUES ('596', '36', 'align', null, 'center', '10020848', '2018-09-20T00:00:00.000+0000', 0)  on conflict (ck_id) do update set ck_class = excluded.ck_class, ck_attr = excluded.ck_attr, cv_value = excluded.cv_value, ck_user = excluded.ck_user, ct_change = excluded.ct_change, cl_required = excluded.cl_required;
INSERT INTO s_mt.t_class_attr(ck_id, ck_class, ck_attr, cv_data_type_extra, cv_value, ck_user, ct_change, cl_required) VALUES ('250', '36', 'column', null, null, '10020785', '2018-03-22T00:00:00.000+0000', 0)  on conflict (ck_id) do update set ck_class = excluded.ck_class, ck_attr = excluded.ck_attr, cv_value = excluded.cv_value, ck_user = excluded.ck_user, ct_change = excluded.ct_change, cl_required = excluded.cl_required;
INSERT INTO s_mt.t_class_attr(ck_id, ck_class, ck_attr, cv_data_type_extra, cv_value, ck_user, ct_change, cl_required) VALUES ('251', '36', 'datatype', null, 'boolean', '10020785', '2018-03-21T00:00:00.000+0000', 1)  on conflict (ck_id) do update set ck_class = excluded.ck_class, ck_attr = excluded.ck_attr, cv_value = excluded.cv_value, ck_user = excluded.ck_user, ct_change = excluded.ct_change, cl_required = excluded.cl_required;
INSERT INTO s_mt.t_class_attr(ck_id, ck_class, ck_attr, cv_data_type_extra, cv_value, ck_user, ct_change, cl_required) VALUES ('1330', '36', 'defaultvalue', null, null, '10020785', '2018-03-28T00:00:00.000+0000', 0)  on conflict (ck_id) do update set ck_class = excluded.ck_class, ck_attr = excluded.ck_attr, cv_value = excluded.cv_value, ck_user = excluded.ck_user, ct_change = excluded.ct_change, cl_required = excluded.cl_required;
INSERT INTO s_mt.t_class_attr(ck_id, ck_class, ck_attr, cv_data_type_extra, cv_value, ck_user, ct_change, cl_required) VALUES ('1259', '36', 'disabledrules', null, null, '10020785', '2018-07-09T00:00:00.000+0000', 0)  on conflict (ck_id) do update set ck_class = excluded.ck_class, ck_attr = excluded.ck_attr, cv_value = excluded.cv_value, ck_user = excluded.ck_user, ct_change = excluded.ct_change, cl_required = excluded.cl_required;
INSERT INTO s_mt.t_class_attr(ck_id, ck_class, ck_attr, cv_data_type_extra, cv_value, ck_user, ct_change, cl_required) VALUES ('641', '36', 'editmode', null, 'all', '10020785', '2018-07-09T00:00:00.000+0000', 0)  on conflict (ck_id) do update set ck_class = excluded.ck_class, ck_attr = excluded.ck_attr, cv_value = excluded.cv_value, ck_user = excluded.ck_user, ct_change = excluded.ct_change, cl_required = excluded.cl_required;
INSERT INTO s_mt.t_class_attr(ck_id, ck_class, ck_attr, cv_data_type_extra, cv_value, ck_user, ct_change, cl_required) VALUES ('254', '36', 'editors', null, null, '10020785', '2018-07-09T00:00:00.000+0000', 1)  on conflict (ck_id) do update set ck_class = excluded.ck_class, ck_attr = excluded.ck_attr, cv_value = excluded.cv_value, ck_user = excluded.ck_user, ct_change = excluded.ct_change, cl_required = excluded.cl_required;
INSERT INTO s_mt.t_class_attr(ck_id, ck_class, ck_attr, cv_data_type_extra, cv_value, ck_user, ct_change, cl_required) VALUES ('1159', '36', 'getglobal', null, null, '10020785', '2018-07-09T00:00:00.000+0000', 0)  on conflict (ck_id) do update set ck_class = excluded.ck_class, ck_attr = excluded.ck_attr, cv_value = excluded.cv_value, ck_user = excluded.ck_user, ct_change = excluded.ct_change, cl_required = excluded.cl_required;
INSERT INTO s_mt.t_class_attr(ck_id, ck_class, ck_attr, cv_data_type_extra, cv_value, ck_user, ct_change, cl_required) VALUES ('1303', '36', 'hiddenrules', null, null, '10020785', '2018-07-09T00:00:00.000+0000', 0)  on conflict (ck_id) do update set ck_class = excluded.ck_class, ck_attr = excluded.ck_attr, cv_value = excluded.cv_value, ck_user = excluded.ck_user, ct_change = excluded.ct_change, cl_required = excluded.cl_required;
INSERT INTO s_mt.t_class_attr(ck_id, ck_class, ck_attr, cv_data_type_extra, cv_value, ck_user, ct_change, cl_required) VALUES ('1369', '36', 'info', null, null, '10020785', '2018-07-09T00:00:00.000+0000', 0)  on conflict (ck_id) do update set ck_class = excluded.ck_class, ck_attr = excluded.ck_attr, cv_value = excluded.cv_value, ck_user = excluded.ck_user, ct_change = excluded.ct_change, cl_required = excluded.cl_required;
INSERT INTO s_mt.t_class_attr(ck_id, ck_class, ck_attr, cv_data_type_extra, cv_value, ck_user, ct_change, cl_required) VALUES ('457', '36', 'required', null, null, '10020785', '2018-07-09T00:00:00.000+0000', 0)  on conflict (ck_id) do update set ck_class = excluded.ck_class, ck_attr = excluded.ck_attr, cv_value = excluded.cv_value, ck_user = excluded.ck_user, ct_change = excluded.ct_change, cl_required = excluded.cl_required;
INSERT INTO s_mt.t_class_attr(ck_id, ck_class, ck_attr, cv_data_type_extra, cv_value, ck_user, ct_change, cl_required) VALUES ('43170', '36', 'requiredrules', null, null, '10028610', '2019-02-05T00:00:00.000+0000', 0)  on conflict (ck_id) do update set ck_class = excluded.ck_class, ck_attr = excluded.ck_attr, cv_value = excluded.cv_value, ck_user = excluded.ck_user, ct_change = excluded.ct_change, cl_required = excluded.cl_required;
INSERT INTO s_mt.t_class_attr(ck_id, ck_class, ck_attr, cv_data_type_extra, cv_value, ck_user, ct_change, cl_required) VALUES ('1189', '36', 'setglobal', null, null, '10020785', '2018-07-09T00:00:00.000+0000', 0)  on conflict (ck_id) do update set ck_class = excluded.ck_class, ck_attr = excluded.ck_attr, cv_value = excluded.cv_value, ck_user = excluded.ck_user, ct_change = excluded.ct_change, cl_required = excluded.cl_required;
INSERT INTO s_mt.t_class_attr(ck_id, ck_class, ck_attr, cv_data_type_extra, cv_value, ck_user, ct_change, cl_required) VALUES ('41169', '36', 'stylerules', null, null, '20780', '2019-01-28T00:00:00.000+0000', 0)  on conflict (ck_id) do update set ck_class = excluded.ck_class, ck_attr = excluded.ck_attr, cv_value = excluded.cv_value, ck_user = excluded.ck_user, ct_change = excluded.ct_change, cl_required = excluded.cl_required;
INSERT INTO s_mt.t_class_attr(ck_id, ck_class, ck_attr, cv_data_type_extra, cv_value, ck_user, ct_change, cl_required) VALUES ('508D167D6BDC4721B90A8D9B51944254', '36', 'type', null, 'COLUMN', '4fd05ca9-3a9e-4d66-82df-886dfa082113', '2020-04-27T11:16:17.989+0000', 0)  on conflict (ck_id) do update set ck_class = excluded.ck_class, ck_attr = excluded.ck_attr, cv_value = excluded.cv_value, ck_user = excluded.ck_user, ct_change = excluded.ct_change, cl_required = excluded.cl_required;
INSERT INTO s_mt.t_class_attr(ck_id, ck_class, ck_attr, cv_data_type_extra, cv_value, ck_user, ct_change, cl_required) VALUES ('442', '36', 'visible', null, 'true', '10020785', '2018-07-09T00:00:00.000+0000', 0)  on conflict (ck_id) do update set ck_class = excluded.ck_class, ck_attr = excluded.ck_attr, cv_value = excluded.cv_value, ck_user = excluded.ck_user, ct_change = excluded.ct_change, cl_required = excluded.cl_required;
INSERT INTO s_mt.t_class_attr(ck_id, ck_class, ck_attr, cv_data_type_extra, cv_value, ck_user, ct_change, cl_required) VALUES ('252', '36', 'width', null, null, '10020785', '2018-07-09T00:00:00.000+0000', 0)  on conflict (ck_id) do update set ck_class = excluded.ck_class, ck_attr = excluded.ck_attr, cv_value = excluded.cv_value, ck_user = excluded.ck_user, ct_change = excluded.ct_change, cl_required = excluded.cl_required;
select pkg_patcher.p_clear_attr('36'::varchar, '["align","column","datatype","defaultvalue","disabledrules","editmode","editors","getglobal","hiddenrules","info","required","requiredrules","setglobal","stylerules","type","visible","width"]'::jsonb);
INSERT INTO s_mt.t_class(ck_id, cv_name, cv_description, cv_manual_documentation, cv_auto_documentation, cl_final, cl_dataset, ck_user, ct_change) VALUES ('437', 'Column Checkbox', 'Колонка "Флаг" (для мультивыбора)', null, null, 0, 0, '10020786', '2018-04-04T00:00:00.000+0000')  on conflict (ck_id) do update set cv_name = excluded.cv_name, cv_description = excluded.cv_description, cv_manual_documentation = excluded.cv_manual_documentation, cv_auto_documentation = excluded.cv_auto_documentation, cl_final = excluded.cl_final, cl_dataset = excluded.cl_dataset, ck_user = excluded.ck_user, ct_change = excluded.ct_change;
INSERT INTO s_mt.t_class_attr(ck_id, ck_class, ck_attr, cv_data_type_extra, cv_value, ck_user, ct_change, cl_required) VALUES ('1974', '437', 'datatype', null, 'checkbox', '10020785', '2018-07-09T00:00:00.000+0000', 1)  on conflict (ck_id) do update set ck_class = excluded.ck_class, ck_attr = excluded.ck_attr, cv_value = excluded.cv_value, ck_user = excluded.ck_user, ct_change = excluded.ct_change, cl_required = excluded.cl_required;
INSERT INTO s_mt.t_class_attr(ck_id, ck_class, ck_attr, cv_data_type_extra, cv_value, ck_user, ct_change, cl_required) VALUES ('7817D4AA25364AFD939EB0D2136D2B5E', '437', 'maxselected', null, null, '4fd05ca9-3a9e-4d66-82df-886dfa082113', '2020-05-19T11:03:09.033+0000', 0)  on conflict (ck_id) do update set ck_class = excluded.ck_class, ck_attr = excluded.ck_attr, cv_value = excluded.cv_value, ck_user = excluded.ck_user, ct_change = excluded.ct_change, cl_required = excluded.cl_required;
INSERT INTO s_mt.t_class_attr(ck_id, ck_class, ck_attr, cv_data_type_extra, cv_value, ck_user, ct_change, cl_required) VALUES ('27794E28FB86436393BC4E3192B7DF48', '437', 'type', null, 'COLUMN', '4fd05ca9-3a9e-4d66-82df-886dfa082113', '2020-04-27T14:56:21.287+0000', 0)  on conflict (ck_id) do update set ck_class = excluded.ck_class, ck_attr = excluded.ck_attr, cv_value = excluded.cv_value, ck_user = excluded.ck_user, ct_change = excluded.ct_change, cl_required = excluded.cl_required;
INSERT INTO s_mt.t_class_attr(ck_id, ck_class, ck_attr, cv_data_type_extra, cv_value, ck_user, ct_change, cl_required) VALUES ('0135DDE9B435406BA88D044602F8E024', '437', 'visible', null, 'true', '4fd05ca9-3a9e-4d66-82df-886dfa082113', '2020-06-05T08:11:55.125+0000', 0)  on conflict (ck_id) do update set ck_class = excluded.ck_class, ck_attr = excluded.ck_attr, cv_value = excluded.cv_value, ck_user = excluded.ck_user, ct_change = excluded.ct_change, cl_required = excluded.cl_required;
select pkg_patcher.p_clear_attr('437'::varchar, '["datatype","maxselected","type","visible"]'::jsonb);
INSERT INTO s_mt.t_class(ck_id, cv_name, cv_description, cv_manual_documentation, cv_auto_documentation, cl_final, cl_dataset, ck_user, ct_change) VALUES ('11', 'Column Date', 'Колонка "Дата"', null, null, 0, 0, '-11', '2018-02-22T00:00:00.000+0000')  on conflict (ck_id) do update set cv_name = excluded.cv_name, cv_description = excluded.cv_description, cv_manual_documentation = excluded.cv_manual_documentation, cv_auto_documentation = excluded.cv_auto_documentation, cl_final = excluded.cl_final, cl_dataset = excluded.cl_dataset, ck_user = excluded.ck_user, ct_change = excluded.ct_change;
INSERT INTO s_mt.t_class_attr(ck_id, ck_class, ck_attr, cv_data_type_extra, cv_value, ck_user, ct_change, cl_required) VALUES ('599', '11', 'align', null, 'center', '10020848', '2018-09-20T00:00:00.000+0000', 0)  on conflict (ck_id) do update set ck_class = excluded.ck_class, ck_attr = excluded.ck_attr, cv_value = excluded.cv_value, ck_user = excluded.ck_user, ct_change = excluded.ct_change, cl_required = excluded.cl_required;
INSERT INTO s_mt.t_class_attr(ck_id, ck_class, ck_attr, cv_data_type_extra, cv_value, ck_user, ct_change, cl_required) VALUES ('DA4DCF8B22EB43BBB03A1F893E856314', '11', 'btnfilter', null, 'true', '4fd05ca9-3a9e-4d66-82df-886dfa082113', '2020-05-15T12:51:53.060+0000', 0)  on conflict (ck_id) do update set ck_class = excluded.ck_class, ck_attr = excluded.ck_attr, cv_value = excluded.cv_value, ck_user = excluded.ck_user, ct_change = excluded.ct_change, cl_required = excluded.cl_required;
INSERT INTO s_mt.t_class_attr(ck_id, ck_class, ck_attr, cv_data_type_extra, cv_value, ck_user, ct_change, cl_required) VALUES ('49', '11', 'column', null, null, '10020785', '2018-07-09T00:00:00.000+0000', 0)  on conflict (ck_id) do update set ck_class = excluded.ck_class, ck_attr = excluded.ck_attr, cv_value = excluded.cv_value, ck_user = excluded.ck_user, ct_change = excluded.ct_change, cl_required = excluded.cl_required;
INSERT INTO s_mt.t_class_attr(ck_id, ck_class, ck_attr, cv_data_type_extra, cv_value, ck_user, ct_change, cl_required) VALUES ('479', '11', 'datatype', null, 'date', '10020785', '2018-07-09T00:00:00.000+0000', 1)  on conflict (ck_id) do update set ck_class = excluded.ck_class, ck_attr = excluded.ck_attr, cv_value = excluded.cv_value, ck_user = excluded.ck_user, ct_change = excluded.ct_change, cl_required = excluded.cl_required;
INSERT INTO s_mt.t_class_attr(ck_id, ck_class, ck_attr, cv_data_type_extra, cv_value, ck_user, ct_change, cl_required) VALUES ('1792', '11', 'defaultvalue', null, null, '10020785', '2018-07-09T00:00:00.000+0000', 0)  on conflict (ck_id) do update set ck_class = excluded.ck_class, ck_attr = excluded.ck_attr, cv_value = excluded.cv_value, ck_user = excluded.ck_user, ct_change = excluded.ct_change, cl_required = excluded.cl_required;
INSERT INTO s_mt.t_class_attr(ck_id, ck_class, ck_attr, cv_data_type_extra, cv_value, ck_user, ct_change, cl_required) VALUES ('1752', '11', 'defaultvaluequery', null, null, '10020785', '2018-09-02T00:00:00.000+0000', 0)  on conflict (ck_id) do update set ck_class = excluded.ck_class, ck_attr = excluded.ck_attr, cv_value = excluded.cv_value, ck_user = excluded.ck_user, ct_change = excluded.ct_change, cl_required = excluded.cl_required;
INSERT INTO s_mt.t_class_attr(ck_id, ck_class, ck_attr, cv_data_type_extra, cv_value, ck_user, ct_change, cl_required) VALUES ('1239', '11', 'disabledrules', null, null, '10020785', '2018-07-09T00:00:00.000+0000', 0)  on conflict (ck_id) do update set ck_class = excluded.ck_class, ck_attr = excluded.ck_attr, cv_value = excluded.cv_value, ck_user = excluded.ck_user, ct_change = excluded.ct_change, cl_required = excluded.cl_required;
INSERT INTO s_mt.t_class_attr(ck_id, ck_class, ck_attr, cv_data_type_extra, cv_value, ck_user, ct_change, cl_required) VALUES ('441', '11', 'editmode', null, 'all', '10020785', '2018-07-09T00:00:00.000+0000', 0)  on conflict (ck_id) do update set ck_class = excluded.ck_class, ck_attr = excluded.ck_attr, cv_value = excluded.cv_value, ck_user = excluded.ck_user, ct_change = excluded.ct_change, cl_required = excluded.cl_required;
INSERT INTO s_mt.t_class_attr(ck_id, ck_class, ck_attr, cv_data_type_extra, cv_value, ck_user, ct_change, cl_required) VALUES ('43', '11', 'editors', null, null, '10020785', '2018-07-09T00:00:00.000+0000', 1)  on conflict (ck_id) do update set ck_class = excluded.ck_class, ck_attr = excluded.ck_attr, cv_value = excluded.cv_value, ck_user = excluded.ck_user, ct_change = excluded.ct_change, cl_required = excluded.cl_required;
INSERT INTO s_mt.t_class_attr(ck_id, ck_class, ck_attr, cv_data_type_extra, cv_value, ck_user, ct_change, cl_required) VALUES ('191', '11', 'format', null, '3', '10028610', '2019-03-06T00:00:00.000+0000', 1)  on conflict (ck_id) do update set ck_class = excluded.ck_class, ck_attr = excluded.ck_attr, cv_value = excluded.cv_value, ck_user = excluded.ck_user, ct_change = excluded.ct_change, cl_required = excluded.cl_required;
INSERT INTO s_mt.t_class_attr(ck_id, ck_class, ck_attr, cv_data_type_extra, cv_value, ck_user, ct_change, cl_required) VALUES ('1177', '11', 'getglobal', null, null, '10020785', '2018-07-09T00:00:00.000+0000', 0)  on conflict (ck_id) do update set ck_class = excluded.ck_class, ck_attr = excluded.ck_attr, cv_value = excluded.cv_value, ck_user = excluded.ck_user, ct_change = excluded.ct_change, cl_required = excluded.cl_required;
INSERT INTO s_mt.t_class_attr(ck_id, ck_class, ck_attr, cv_data_type_extra, cv_value, ck_user, ct_change, cl_required) VALUES ('1283', '11', 'hiddenrules', null, null, '10020785', '2018-07-09T00:00:00.000+0000', 0)  on conflict (ck_id) do update set ck_class = excluded.ck_class, ck_attr = excluded.ck_attr, cv_value = excluded.cv_value, ck_user = excluded.ck_user, ct_change = excluded.ct_change, cl_required = excluded.cl_required;
INSERT INTO s_mt.t_class_attr(ck_id, ck_class, ck_attr, cv_data_type_extra, cv_value, ck_user, ct_change, cl_required) VALUES ('1386', '11', 'info', null, null, '10020785', '2018-07-09T00:00:00.000+0000', 0)  on conflict (ck_id) do update set ck_class = excluded.ck_class, ck_attr = excluded.ck_attr, cv_value = excluded.cv_value, ck_user = excluded.ck_user, ct_change = excluded.ct_change, cl_required = excluded.cl_required;
INSERT INTO s_mt.t_class_attr(ck_id, ck_class, ck_attr, cv_data_type_extra, cv_value, ck_user, ct_change, cl_required) VALUES ('683', '11', 'maxsize', null, '60', '10020785', '2018-07-09T00:00:00.000+0000', 0)  on conflict (ck_id) do update set ck_class = excluded.ck_class, ck_attr = excluded.ck_attr, cv_value = excluded.cv_value, ck_user = excluded.ck_user, ct_change = excluded.ct_change, cl_required = excluded.cl_required;
INSERT INTO s_mt.t_class_attr(ck_id, ck_class, ck_attr, cv_data_type_extra, cv_value, ck_user, ct_change, cl_required) VALUES ('9F1C1C1868364E079CB511FF90865C5D', '11', 'maxvalue', null, null, '4fd05ca9-3a9e-4d66-82df-886dfa082113', '2019-11-28T00:00:00.000+0000', 0)  on conflict (ck_id) do update set ck_class = excluded.ck_class, ck_attr = excluded.ck_attr, cv_value = excluded.cv_value, ck_user = excluded.ck_user, ct_change = excluded.ct_change, cl_required = excluded.cl_required;
INSERT INTO s_mt.t_class_attr(ck_id, ck_class, ck_attr, cv_data_type_extra, cv_value, ck_user, ct_change, cl_required) VALUES ('F340FF1302864E7E8F2DD9A0A6C08FBE', '11', 'minvalue', null, null, '4fd05ca9-3a9e-4d66-82df-886dfa082113', '2019-11-28T00:00:00.000+0000', 0)  on conflict (ck_id) do update set ck_class = excluded.ck_class, ck_attr = excluded.ck_attr, cv_value = excluded.cv_value, ck_user = excluded.ck_user, ct_change = excluded.ct_change, cl_required = excluded.cl_required;
INSERT INTO s_mt.t_class_attr(ck_id, ck_class, ck_attr, cv_data_type_extra, cv_value, ck_user, ct_change, cl_required) VALUES ('684', '11', 'regexp', null, null, '10020785', '2018-07-09T00:00:00.000+0000', 0)  on conflict (ck_id) do update set ck_class = excluded.ck_class, ck_attr = excluded.ck_attr, cv_value = excluded.cv_value, ck_user = excluded.ck_user, ct_change = excluded.ct_change, cl_required = excluded.cl_required;
INSERT INTO s_mt.t_class_attr(ck_id, ck_class, ck_attr, cv_data_type_extra, cv_value, ck_user, ct_change, cl_required) VALUES ('456', '11', 'required', null, null, '10020785', '2018-07-09T00:00:00.000+0000', 0)  on conflict (ck_id) do update set ck_class = excluded.ck_class, ck_attr = excluded.ck_attr, cv_value = excluded.cv_value, ck_user = excluded.ck_user, ct_change = excluded.ct_change, cl_required = excluded.cl_required;
INSERT INTO s_mt.t_class_attr(ck_id, ck_class, ck_attr, cv_data_type_extra, cv_value, ck_user, ct_change, cl_required) VALUES ('43171', '11', 'requiredrules', null, null, '10028610', '2019-02-05T00:00:00.000+0000', 0)  on conflict (ck_id) do update set ck_class = excluded.ck_class, ck_attr = excluded.ck_attr, cv_value = excluded.cv_value, ck_user = excluded.ck_user, ct_change = excluded.ct_change, cl_required = excluded.cl_required;
INSERT INTO s_mt.t_class_attr(ck_id, ck_class, ck_attr, cv_data_type_extra, cv_value, ck_user, ct_change, cl_required) VALUES ('1207', '11', 'setglobal', null, null, '10020785', '2018-07-09T00:00:00.000+0000', 0)  on conflict (ck_id) do update set ck_class = excluded.ck_class, ck_attr = excluded.ck_attr, cv_value = excluded.cv_value, ck_user = excluded.ck_user, ct_change = excluded.ct_change, cl_required = excluded.cl_required;
INSERT INTO s_mt.t_class_attr(ck_id, ck_class, ck_attr, cv_data_type_extra, cv_value, ck_user, ct_change, cl_required) VALUES ('13175', '11', 'sortcolumn', null, null, '10020785', '2018-09-02T00:00:00.000+0000', 0)  on conflict (ck_id) do update set ck_class = excluded.ck_class, ck_attr = excluded.ck_attr, cv_value = excluded.cv_value, ck_user = excluded.ck_user, ct_change = excluded.ct_change, cl_required = excluded.cl_required;
INSERT INTO s_mt.t_class_attr(ck_id, ck_class, ck_attr, cv_data_type_extra, cv_value, ck_user, ct_change, cl_required) VALUES ('41170', '11', 'stylerules', null, null, '20780', '2019-01-28T00:00:00.000+0000', 0)  on conflict (ck_id) do update set ck_class = excluded.ck_class, ck_attr = excluded.ck_attr, cv_value = excluded.cv_value, ck_user = excluded.ck_user, ct_change = excluded.ct_change, cl_required = excluded.cl_required;
INSERT INTO s_mt.t_class_attr(ck_id, ck_class, ck_attr, cv_data_type_extra, cv_value, ck_user, ct_change, cl_required) VALUES ('211B811917A648E39E022D86EF583A17', '11', 'type', null, 'COLUMN', '4fd05ca9-3a9e-4d66-82df-886dfa082113', '2020-04-27T14:56:30.182+0000', 0)  on conflict (ck_id) do update set ck_class = excluded.ck_class, ck_attr = excluded.ck_attr, cv_value = excluded.cv_value, ck_user = excluded.ck_user, ct_change = excluded.ct_change, cl_required = excluded.cl_required;
INSERT INTO s_mt.t_class_attr(ck_id, ck_class, ck_attr, cv_data_type_extra, cv_value, ck_user, ct_change, cl_required) VALUES ('440', '11', 'visible', null, 'true', '10020785', '2018-07-09T00:00:00.000+0000', 0)  on conflict (ck_id) do update set ck_class = excluded.ck_class, ck_attr = excluded.ck_attr, cv_value = excluded.cv_value, ck_user = excluded.ck_user, ct_change = excluded.ct_change, cl_required = excluded.cl_required;
INSERT INTO s_mt.t_class_attr(ck_id, ck_class, ck_attr, cv_data_type_extra, cv_value, ck_user, ct_change, cl_required) VALUES ('181', '11', 'width', null, '10%', '20780', '2019-01-09T00:00:00.000+0000', 0)  on conflict (ck_id) do update set ck_class = excluded.ck_class, ck_attr = excluded.ck_attr, cv_value = excluded.cv_value, ck_user = excluded.ck_user, ct_change = excluded.ct_change, cl_required = excluded.cl_required;
select pkg_patcher.p_clear_attr('11'::varchar, '["align","btnfilter","column","datatype","defaultvalue","defaultvaluequery","disabledrules","editmode","editors","format","getglobal","hiddenrules","info","maxsize","maxvalue","minvalue","regexp","required","requiredrules","setglobal","sortcolumn","stylerules","type","visible","width"]'::jsonb);
INSERT INTO s_mt.t_class(ck_id, cv_name, cv_description, cv_manual_documentation, cv_auto_documentation, cl_final, cl_dataset, ck_user, ct_change) VALUES ('15', 'Column Delete', 'Колонка-кнопка "Удаление"', null, null, 0, 0, '-11', '2018-02-22T00:00:00.000+0000')  on conflict (ck_id) do update set cv_name = excluded.cv_name, cv_description = excluded.cv_description, cv_manual_documentation = excluded.cv_manual_documentation, cv_auto_documentation = excluded.cv_auto_documentation, cl_final = excluded.cl_final, cl_dataset = excluded.cl_dataset, ck_user = excluded.ck_user, ct_change = excluded.ct_change;
INSERT INTO s_mt.t_class_attr(ck_id, ck_class, ck_attr, cv_data_type_extra, cv_value, ck_user, ct_change, cl_required) VALUES ('1991', '15', 'confirmquestion', null, '581c1543e140467ba5556bba5238a099', '20785', '2019-01-15T00:00:00.000+0000', 0)  on conflict (ck_id) do update set ck_class = excluded.ck_class, ck_attr = excluded.ck_attr, cv_value = excluded.cv_value, ck_user = excluded.ck_user, ct_change = excluded.ct_change, cl_required = excluded.cl_required;
INSERT INTO s_mt.t_class_attr(ck_id, ck_class, ck_attr, cv_data_type_extra, cv_value, ck_user, ct_change, cl_required) VALUES ('28', '15', 'datatype', null, 'icon', '20785', '2019-01-15T00:00:00.000+0000', 1)  on conflict (ck_id) do update set ck_class = excluded.ck_class, ck_attr = excluded.ck_attr, cv_value = excluded.cv_value, ck_user = excluded.ck_user, ct_change = excluded.ct_change, cl_required = excluded.cl_required;
INSERT INTO s_mt.t_class_attr(ck_id, ck_class, ck_attr, cv_data_type_extra, cv_value, ck_user, ct_change, cl_required) VALUES ('1240', '15', 'disabledrules', null, null, '10020785', '2018-07-09T00:00:00.000+0000', 0)  on conflict (ck_id) do update set ck_class = excluded.ck_class, ck_attr = excluded.ck_attr, cv_value = excluded.cv_value, ck_user = excluded.ck_user, ct_change = excluded.ct_change, cl_required = excluded.cl_required;
INSERT INTO s_mt.t_class_attr(ck_id, ck_class, ck_attr, cv_data_type_extra, cv_value, ck_user, ct_change, cl_required) VALUES ('26', '15', 'handler', null, 'removeSelectedRecordAction', '20785', '2019-01-15T00:00:00.000+0000', 1)  on conflict (ck_id) do update set ck_class = excluded.ck_class, ck_attr = excluded.ck_attr, cv_value = excluded.cv_value, ck_user = excluded.ck_user, ct_change = excluded.ct_change, cl_required = excluded.cl_required;
INSERT INTO s_mt.t_class_attr(ck_id, ck_class, ck_attr, cv_data_type_extra, cv_value, ck_user, ct_change, cl_required) VALUES ('1284', '15', 'hiddenrules', null, null, '10020785', '2018-07-09T00:00:00.000+0000', 0)  on conflict (ck_id) do update set ck_class = excluded.ck_class, ck_attr = excluded.ck_attr, cv_value = excluded.cv_value, ck_user = excluded.ck_user, ct_change = excluded.ct_change, cl_required = excluded.cl_required;
INSERT INTO s_mt.t_class_attr(ck_id, ck_class, ck_attr, cv_data_type_extra, cv_value, ck_user, ct_change, cl_required) VALUES ('39169', '15', 'iconfont', null, 'trash-o', '20785', '2019-01-15T00:00:00.000+0000', 0)  on conflict (ck_id) do update set ck_class = excluded.ck_class, ck_attr = excluded.ck_attr, cv_value = excluded.cv_value, ck_user = excluded.ck_user, ct_change = excluded.ct_change, cl_required = excluded.cl_required;
INSERT INTO s_mt.t_class_attr(ck_id, ck_class, ck_attr, cv_data_type_extra, cv_value, ck_user, ct_change, cl_required) VALUES ('158', '15', 'mode', null, '3', '10020785', '2018-07-09T00:00:00.000+0000', 0)  on conflict (ck_id) do update set ck_class = excluded.ck_class, ck_attr = excluded.ck_attr, cv_value = excluded.cv_value, ck_user = excluded.ck_user, ct_change = excluded.ct_change, cl_required = excluded.cl_required;
INSERT INTO s_mt.t_class_attr(ck_id, ck_class, ck_attr, cv_data_type_extra, cv_value, ck_user, ct_change, cl_required) VALUES ('39174', '15', 'tipmsg', null, '75a6ebc79bc04f029239fb0157f4c22e', '20785', '2019-01-15T00:00:00.000+0000', 0)  on conflict (ck_id) do update set ck_class = excluded.ck_class, ck_attr = excluded.ck_attr, cv_value = excluded.cv_value, ck_user = excluded.ck_user, ct_change = excluded.ct_change, cl_required = excluded.cl_required;
INSERT INTO s_mt.t_class_attr(ck_id, ck_class, ck_attr, cv_data_type_extra, cv_value, ck_user, ct_change, cl_required) VALUES ('DE6DE2F8DE1C4A75BDE8850A0CDAC5B9', '15', 'type', null, 'COLUMN', '4fd05ca9-3a9e-4d66-82df-886dfa082113', '2020-04-27T14:56:40.370+0000', 0)  on conflict (ck_id) do update set ck_class = excluded.ck_class, ck_attr = excluded.ck_attr, cv_value = excluded.cv_value, ck_user = excluded.ck_user, ct_change = excluded.ct_change, cl_required = excluded.cl_required;
INSERT INTO s_mt.t_class_attr(ck_id, ck_class, ck_attr, cv_data_type_extra, cv_value, ck_user, ct_change, cl_required) VALUES ('439', '15', 'visible', null, 'true', '10020785', '2018-07-09T00:00:00.000+0000', 0)  on conflict (ck_id) do update set ck_class = excluded.ck_class, ck_attr = excluded.ck_attr, cv_value = excluded.cv_value, ck_user = excluded.ck_user, ct_change = excluded.ct_change, cl_required = excluded.cl_required;
select pkg_patcher.p_clear_attr('15'::varchar, '["confirmquestion","datatype","disabledrules","handler","hiddenrules","iconfont","mode","tipmsg","type","visible"]'::jsonb);
INSERT INTO s_mt.t_class(ck_id, cv_name, cv_description, cv_manual_documentation, cv_auto_documentation, cl_final, cl_dataset, ck_user, ct_change) VALUES ('3457', 'Column Detail', 'Колонка-кнопка для отображения Key-value', null, null, 0, 0, '10020785', '2018-08-28T00:00:00.000+0000')  on conflict (ck_id) do update set cv_name = excluded.cv_name, cv_description = excluded.cv_description, cv_manual_documentation = excluded.cv_manual_documentation, cv_auto_documentation = excluded.cv_auto_documentation, cl_final = excluded.cl_final, cl_dataset = excluded.cl_dataset, ck_user = excluded.ck_user, ct_change = excluded.ct_change;
INSERT INTO s_mt.t_class_attr(ck_id, ck_class, ck_attr, cv_data_type_extra, cv_value, ck_user, ct_change, cl_required) VALUES ('21169', '3457', 'datatype', null, 'detail', '10020785', '2018-08-28T00:00:00.000+0000', 1)  on conflict (ck_id) do update set ck_class = excluded.ck_class, ck_attr = excluded.ck_attr, cv_value = excluded.cv_value, ck_user = excluded.ck_user, ct_change = excluded.ct_change, cl_required = excluded.cl_required;
INSERT INTO s_mt.t_class_attr(ck_id, ck_class, ck_attr, cv_data_type_extra, cv_value, ck_user, ct_change, cl_required) VALUES ('21172', '3457', 'disabled', null, null, '10020785', '2018-08-28T00:00:00.000+0000', 0)  on conflict (ck_id) do update set ck_class = excluded.ck_class, ck_attr = excluded.ck_attr, cv_value = excluded.cv_value, ck_user = excluded.ck_user, ct_change = excluded.ct_change, cl_required = excluded.cl_required;
INSERT INTO s_mt.t_class_attr(ck_id, ck_class, ck_attr, cv_data_type_extra, cv_value, ck_user, ct_change, cl_required) VALUES ('21171', '3457', 'disabledrules', null, null, '10020785', '2018-08-28T00:00:00.000+0000', 0)  on conflict (ck_id) do update set ck_class = excluded.ck_class, ck_attr = excluded.ck_attr, cv_value = excluded.cv_value, ck_user = excluded.ck_user, ct_change = excluded.ct_change, cl_required = excluded.cl_required;
INSERT INTO s_mt.t_class_attr(ck_id, ck_class, ck_attr, cv_data_type_extra, cv_value, ck_user, ct_change, cl_required) VALUES ('21173', '3457', 'hidden', null, null, '10020785', '2018-08-28T00:00:00.000+0000', 0)  on conflict (ck_id) do update set ck_class = excluded.ck_class, ck_attr = excluded.ck_attr, cv_value = excluded.cv_value, ck_user = excluded.ck_user, ct_change = excluded.ct_change, cl_required = excluded.cl_required;
INSERT INTO s_mt.t_class_attr(ck_id, ck_class, ck_attr, cv_data_type_extra, cv_value, ck_user, ct_change, cl_required) VALUES ('21170', '3457', 'hiddenrules', null, null, '10020785', '2018-08-28T00:00:00.000+0000', 0)  on conflict (ck_id) do update set ck_class = excluded.ck_class, ck_attr = excluded.ck_attr, cv_value = excluded.cv_value, ck_user = excluded.ck_user, ct_change = excluded.ct_change, cl_required = excluded.cl_required;
INSERT INTO s_mt.t_class_attr(ck_id, ck_class, ck_attr, cv_data_type_extra, cv_value, ck_user, ct_change, cl_required) VALUES ('D28387889C114EA38628D6D5F76F4B44', '3457', 'type', null, 'COLUMN', '4fd05ca9-3a9e-4d66-82df-886dfa082113', '2020-04-27T14:56:52.276+0000', 0)  on conflict (ck_id) do update set ck_class = excluded.ck_class, ck_attr = excluded.ck_attr, cv_value = excluded.cv_value, ck_user = excluded.ck_user, ct_change = excluded.ct_change, cl_required = excluded.cl_required;
select pkg_patcher.p_clear_attr('3457'::varchar, '["datatype","disabled","disabledrules","hidden","hiddenrules","type"]'::jsonb);
INSERT INTO s_mt.t_class(ck_id, cv_name, cv_description, cv_manual_documentation, cv_auto_documentation, cl_final, cl_dataset, ck_user, ct_change) VALUES ('16', 'Column Edit', 'Колонка-кнопка "Редактирование"', null, null, 0, 0, '-11', '2018-02-22T00:00:00.000+0000')  on conflict (ck_id) do update set cv_name = excluded.cv_name, cv_description = excluded.cv_description, cv_manual_documentation = excluded.cv_manual_documentation, cv_auto_documentation = excluded.cv_auto_documentation, cl_final = excluded.cl_final, cl_dataset = excluded.cl_dataset, ck_user = excluded.ck_user, ct_change = excluded.ct_change;
INSERT INTO s_mt.t_class_attr(ck_id, ck_class, ck_attr, cv_data_type_extra, cv_value, ck_user, ct_change, cl_required) VALUES ('1493', '16', 'ckwindow', null, null, '10020785', '2018-07-09T00:00:00.000+0000', 0)  on conflict (ck_id) do update set ck_class = excluded.ck_class, ck_attr = excluded.ck_attr, cv_value = excluded.cv_value, ck_user = excluded.ck_user, ct_change = excluded.ct_change, cl_required = excluded.cl_required;
INSERT INTO s_mt.t_class_attr(ck_id, ck_class, ck_attr, cv_data_type_extra, cv_value, ck_user, ct_change, cl_required) VALUES ('1992', '16', 'confirmquestion', null, null, '10020785', '2018-07-09T00:00:00.000+0000', 0)  on conflict (ck_id) do update set ck_class = excluded.ck_class, ck_attr = excluded.ck_attr, cv_value = excluded.cv_value, ck_user = excluded.ck_user, ct_change = excluded.ct_change, cl_required = excluded.cl_required;
INSERT INTO s_mt.t_class_attr(ck_id, ck_class, ck_attr, cv_data_type_extra, cv_value, ck_user, ct_change, cl_required) VALUES ('29', '16', 'datatype', null, 'icon', '20785', '2019-01-15T00:00:00.000+0000', 1)  on conflict (ck_id) do update set ck_class = excluded.ck_class, ck_attr = excluded.ck_attr, cv_value = excluded.cv_value, ck_user = excluded.ck_user, ct_change = excluded.ct_change, cl_required = excluded.cl_required;
INSERT INTO s_mt.t_class_attr(ck_id, ck_class, ck_attr, cv_data_type_extra, cv_value, ck_user, ct_change, cl_required) VALUES ('1241', '16', 'disabledrules', null, null, '10020785', '2018-07-09T00:00:00.000+0000', 0)  on conflict (ck_id) do update set ck_class = excluded.ck_class, ck_attr = excluded.ck_attr, cv_value = excluded.cv_value, ck_user = excluded.ck_user, ct_change = excluded.ct_change, cl_required = excluded.cl_required;
INSERT INTO s_mt.t_class_attr(ck_id, ck_class, ck_attr, cv_data_type_extra, cv_value, ck_user, ct_change, cl_required) VALUES ('25', '16', 'handler', null, 'false', '10020785', '2018-07-09T00:00:00.000+0000', 0)  on conflict (ck_id) do update set ck_class = excluded.ck_class, ck_attr = excluded.ck_attr, cv_value = excluded.cv_value, ck_user = excluded.ck_user, ct_change = excluded.ct_change, cl_required = excluded.cl_required;
INSERT INTO s_mt.t_class_attr(ck_id, ck_class, ck_attr, cv_data_type_extra, cv_value, ck_user, ct_change, cl_required) VALUES ('1285', '16', 'hiddenrules', null, null, '10020785', '2018-07-09T00:00:00.000+0000', 0)  on conflict (ck_id) do update set ck_class = excluded.ck_class, ck_attr = excluded.ck_attr, cv_value = excluded.cv_value, ck_user = excluded.ck_user, ct_change = excluded.ct_change, cl_required = excluded.cl_required;
INSERT INTO s_mt.t_class_attr(ck_id, ck_class, ck_attr, cv_data_type_extra, cv_value, ck_user, ct_change, cl_required) VALUES ('39170', '16', 'iconfont', null, 'edit', '20785', '2019-01-15T00:00:00.000+0000', 0)  on conflict (ck_id) do update set ck_class = excluded.ck_class, ck_attr = excluded.ck_attr, cv_value = excluded.cv_value, ck_user = excluded.ck_user, ct_change = excluded.ct_change, cl_required = excluded.cl_required;
INSERT INTO s_mt.t_class_attr(ck_id, ck_class, ck_attr, cv_data_type_extra, cv_value, ck_user, ct_change, cl_required) VALUES ('157', '16', 'mode', null, '2', '10020785', '2018-07-09T00:00:00.000+0000', 0)  on conflict (ck_id) do update set ck_class = excluded.ck_class, ck_attr = excluded.ck_attr, cv_value = excluded.cv_value, ck_user = excluded.ck_user, ct_change = excluded.ct_change, cl_required = excluded.cl_required;
INSERT INTO s_mt.t_class_attr(ck_id, ck_class, ck_attr, cv_data_type_extra, cv_value, ck_user, ct_change, cl_required) VALUES ('39171', '16', 'tipmsg', null, 'd0ad23ef13f8493e996cfca8a98d0721', '20785', '2019-01-15T00:00:00.000+0000', 0)  on conflict (ck_id) do update set ck_class = excluded.ck_class, ck_attr = excluded.ck_attr, cv_value = excluded.cv_value, ck_user = excluded.ck_user, ct_change = excluded.ct_change, cl_required = excluded.cl_required;
INSERT INTO s_mt.t_class_attr(ck_id, ck_class, ck_attr, cv_data_type_extra, cv_value, ck_user, ct_change, cl_required) VALUES ('24', '16', 'type', null, 'COLUMN', '4fd05ca9-3a9e-4d66-82df-886dfa082113', '2020-04-27T14:59:15.623+0000', 0)  on conflict (ck_id) do update set ck_class = excluded.ck_class, ck_attr = excluded.ck_attr, cv_value = excluded.cv_value, ck_user = excluded.ck_user, ct_change = excluded.ct_change, cl_required = excluded.cl_required;
INSERT INTO s_mt.t_class_attr(ck_id, ck_class, ck_attr, cv_data_type_extra, cv_value, ck_user, ct_change, cl_required) VALUES ('438', '16', 'visible', null, 'true', '10020785', '2018-07-09T00:00:00.000+0000', 0)  on conflict (ck_id) do update set ck_class = excluded.ck_class, ck_attr = excluded.ck_attr, cv_value = excluded.cv_value, ck_user = excluded.ck_user, ct_change = excluded.ct_change, cl_required = excluded.cl_required;
select pkg_patcher.p_clear_attr('16'::varchar, '["ckwindow","confirmquestion","datatype","disabledrules","handler","hiddenrules","iconfont","mode","tipmsg","type","visible"]'::jsonb);
INSERT INTO s_mt.t_class(ck_id, cv_name, cv_description, cv_manual_documentation, cv_auto_documentation, cl_final, cl_dataset, ck_user, ct_change) VALUES ('77', 'Column Integer', 'Колонка "Целое число"', null, null, 0, 0, '-11', '2018-02-22T00:00:00.000+0000')  on conflict (ck_id) do update set cv_name = excluded.cv_name, cv_description = excluded.cv_description, cv_manual_documentation = excluded.cv_manual_documentation, cv_auto_documentation = excluded.cv_auto_documentation, cl_final = excluded.cl_final, cl_dataset = excluded.cl_dataset, ck_user = excluded.ck_user, ct_change = excluded.ct_change;
INSERT INTO s_mt.t_class_attr(ck_id, ck_class, ck_attr, cv_data_type_extra, cv_value, ck_user, ct_change, cl_required) VALUES ('601', '77', 'align', null, 'right', '10020848', '2018-09-20T00:00:00.000+0000', 0)  on conflict (ck_id) do update set ck_class = excluded.ck_class, ck_attr = excluded.ck_attr, cv_value = excluded.cv_value, ck_user = excluded.ck_user, ct_change = excluded.ct_change, cl_required = excluded.cl_required;
INSERT INTO s_mt.t_class_attr(ck_id, ck_class, ck_attr, cv_data_type_extra, cv_value, ck_user, ct_change, cl_required) VALUES ('85640D8EE9FB401AB22C7FD3F50BDE23', '77', 'btnfilter', null, 'true', '4fd05ca9-3a9e-4d66-82df-886dfa082113', '2020-05-15T12:52:02.598+0000', 0)  on conflict (ck_id) do update set ck_class = excluded.ck_class, ck_attr = excluded.ck_attr, cv_value = excluded.cv_value, ck_user = excluded.ck_user, ct_change = excluded.ct_change, cl_required = excluded.cl_required;
INSERT INTO s_mt.t_class_attr(ck_id, ck_class, ck_attr, cv_data_type_extra, cv_value, ck_user, ct_change, cl_required) VALUES ('444', '77', 'column', null, null, '10020785', '2018-07-09T00:00:00.000+0000', 0)  on conflict (ck_id) do update set ck_class = excluded.ck_class, ck_attr = excluded.ck_attr, cv_value = excluded.cv_value, ck_user = excluded.ck_user, ct_change = excluded.ct_change, cl_required = excluded.cl_required;
INSERT INTO s_mt.t_class_attr(ck_id, ck_class, ck_attr, cv_data_type_extra, cv_value, ck_user, ct_change, cl_required) VALUES ('445', '77', 'datatype', null, 'integer', '10020785', '2018-07-09T00:00:00.000+0000', 1)  on conflict (ck_id) do update set ck_class = excluded.ck_class, ck_attr = excluded.ck_attr, cv_value = excluded.cv_value, ck_user = excluded.ck_user, ct_change = excluded.ct_change, cl_required = excluded.cl_required;
INSERT INTO s_mt.t_class_attr(ck_id, ck_class, ck_attr, cv_data_type_extra, cv_value, ck_user, ct_change, cl_required) VALUES ('C924F7543D6E452AB07B1D2A4855AFE5', '77', 'defaultvalue', null, null, '1', '2019-08-30T00:00:00.000+0000', 0)  on conflict (ck_id) do update set ck_class = excluded.ck_class, ck_attr = excluded.ck_attr, cv_value = excluded.cv_value, ck_user = excluded.ck_user, ct_change = excluded.ct_change, cl_required = excluded.cl_required;
INSERT INTO s_mt.t_class_attr(ck_id, ck_class, ck_attr, cv_data_type_extra, cv_value, ck_user, ct_change, cl_required) VALUES ('1265', '77', 'disabledrules', null, null, '10020785', '2018-07-09T00:00:00.000+0000', 0)  on conflict (ck_id) do update set ck_class = excluded.ck_class, ck_attr = excluded.ck_attr, cv_value = excluded.cv_value, ck_user = excluded.ck_user, ct_change = excluded.ct_change, cl_required = excluded.cl_required;
INSERT INTO s_mt.t_class_attr(ck_id, ck_class, ck_attr, cv_data_type_extra, cv_value, ck_user, ct_change, cl_required) VALUES ('446', '77', 'editmode', null, 'all', '10020785', '2018-07-09T00:00:00.000+0000', 0)  on conflict (ck_id) do update set ck_class = excluded.ck_class, ck_attr = excluded.ck_attr, cv_value = excluded.cv_value, ck_user = excluded.ck_user, ct_change = excluded.ct_change, cl_required = excluded.cl_required;
INSERT INTO s_mt.t_class_attr(ck_id, ck_class, ck_attr, cv_data_type_extra, cv_value, ck_user, ct_change, cl_required) VALUES ('450', '77', 'editors', null, null, '10020785', '2018-07-09T00:00:00.000+0000', 1)  on conflict (ck_id) do update set ck_class = excluded.ck_class, ck_attr = excluded.ck_attr, cv_value = excluded.cv_value, ck_user = excluded.ck_user, ct_change = excluded.ct_change, cl_required = excluded.cl_required;
INSERT INTO s_mt.t_class_attr(ck_id, ck_class, ck_attr, cv_data_type_extra, cv_value, ck_user, ct_change, cl_required) VALUES ('1182', '77', 'getglobal', null, null, '10020785', '2018-07-09T00:00:00.000+0000', 0)  on conflict (ck_id) do update set ck_class = excluded.ck_class, ck_attr = excluded.ck_attr, cv_value = excluded.cv_value, ck_user = excluded.ck_user, ct_change = excluded.ct_change, cl_required = excluded.cl_required;
INSERT INTO s_mt.t_class_attr(ck_id, ck_class, ck_attr, cv_data_type_extra, cv_value, ck_user, ct_change, cl_required) VALUES ('1309', '77', 'hiddenrules', null, null, '10020785', '2018-07-09T00:00:00.000+0000', 0)  on conflict (ck_id) do update set ck_class = excluded.ck_class, ck_attr = excluded.ck_attr, cv_value = excluded.cv_value, ck_user = excluded.ck_user, ct_change = excluded.ct_change, cl_required = excluded.cl_required;
INSERT INTO s_mt.t_class_attr(ck_id, ck_class, ck_attr, cv_data_type_extra, cv_value, ck_user, ct_change, cl_required) VALUES ('1390', '77', 'info', null, null, '10020785', '2018-07-09T00:00:00.000+0000', 0)  on conflict (ck_id) do update set ck_class = excluded.ck_class, ck_attr = excluded.ck_attr, cv_value = excluded.cv_value, ck_user = excluded.ck_user, ct_change = excluded.ct_change, cl_required = excluded.cl_required;
INSERT INTO s_mt.t_class_attr(ck_id, ck_class, ck_attr, cv_data_type_extra, cv_value, ck_user, ct_change, cl_required) VALUES ('672', '77', 'maxsize', null, '60', '10020785', '2018-07-09T00:00:00.000+0000', 0)  on conflict (ck_id) do update set ck_class = excluded.ck_class, ck_attr = excluded.ck_attr, cv_value = excluded.cv_value, ck_user = excluded.ck_user, ct_change = excluded.ct_change, cl_required = excluded.cl_required;
INSERT INTO s_mt.t_class_attr(ck_id, ck_class, ck_attr, cv_data_type_extra, cv_value, ck_user, ct_change, cl_required) VALUES ('1116', '77', 'maxvalue', null, null, '10020785', '2018-07-09T00:00:00.000+0000', 0)  on conflict (ck_id) do update set ck_class = excluded.ck_class, ck_attr = excluded.ck_attr, cv_value = excluded.cv_value, ck_user = excluded.ck_user, ct_change = excluded.ct_change, cl_required = excluded.cl_required;
INSERT INTO s_mt.t_class_attr(ck_id, ck_class, ck_attr, cv_data_type_extra, cv_value, ck_user, ct_change, cl_required) VALUES ('1113', '77', 'minvalue', null, '0', '10020785', '2018-07-09T00:00:00.000+0000', 0)  on conflict (ck_id) do update set ck_class = excluded.ck_class, ck_attr = excluded.ck_attr, cv_value = excluded.cv_value, ck_user = excluded.ck_user, ct_change = excluded.ct_change, cl_required = excluded.cl_required;
INSERT INTO s_mt.t_class_attr(ck_id, ck_class, ck_attr, cv_data_type_extra, cv_value, ck_user, ct_change, cl_required) VALUES ('673', '77', 'regexp', null, null, '10020785', '2018-07-09T00:00:00.000+0000', 0)  on conflict (ck_id) do update set ck_class = excluded.ck_class, ck_attr = excluded.ck_attr, cv_value = excluded.cv_value, ck_user = excluded.ck_user, ct_change = excluded.ct_change, cl_required = excluded.cl_required;
INSERT INTO s_mt.t_class_attr(ck_id, ck_class, ck_attr, cv_data_type_extra, cv_value, ck_user, ct_change, cl_required) VALUES ('455', '77', 'required', null, null, '10020785', '2018-07-09T00:00:00.000+0000', 0)  on conflict (ck_id) do update set ck_class = excluded.ck_class, ck_attr = excluded.ck_attr, cv_value = excluded.cv_value, ck_user = excluded.ck_user, ct_change = excluded.ct_change, cl_required = excluded.cl_required;
INSERT INTO s_mt.t_class_attr(ck_id, ck_class, ck_attr, cv_data_type_extra, cv_value, ck_user, ct_change, cl_required) VALUES ('43172', '77', 'requiredrules', null, null, '10028610', '2019-02-05T00:00:00.000+0000', 0)  on conflict (ck_id) do update set ck_class = excluded.ck_class, ck_attr = excluded.ck_attr, cv_value = excluded.cv_value, ck_user = excluded.ck_user, ct_change = excluded.ct_change, cl_required = excluded.cl_required;
INSERT INTO s_mt.t_class_attr(ck_id, ck_class, ck_attr, cv_data_type_extra, cv_value, ck_user, ct_change, cl_required) VALUES ('1212', '77', 'setglobal', null, null, '10020785', '2018-07-09T00:00:00.000+0000', 0)  on conflict (ck_id) do update set ck_class = excluded.ck_class, ck_attr = excluded.ck_attr, cv_value = excluded.cv_value, ck_user = excluded.ck_user, ct_change = excluded.ct_change, cl_required = excluded.cl_required;
INSERT INTO s_mt.t_class_attr(ck_id, ck_class, ck_attr, cv_data_type_extra, cv_value, ck_user, ct_change, cl_required) VALUES ('13178', '77', 'sortcolumn', null, null, '10020785', '2018-09-02T00:00:00.000+0000', 0)  on conflict (ck_id) do update set ck_class = excluded.ck_class, ck_attr = excluded.ck_attr, cv_value = excluded.cv_value, ck_user = excluded.ck_user, ct_change = excluded.ct_change, cl_required = excluded.cl_required;
INSERT INTO s_mt.t_class_attr(ck_id, ck_class, ck_attr, cv_data_type_extra, cv_value, ck_user, ct_change, cl_required) VALUES ('41172', '77', 'stylerules', null, null, '20780', '2019-01-28T00:00:00.000+0000', 0)  on conflict (ck_id) do update set ck_class = excluded.ck_class, ck_attr = excluded.ck_attr, cv_value = excluded.cv_value, ck_user = excluded.ck_user, ct_change = excluded.ct_change, cl_required = excluded.cl_required;
INSERT INTO s_mt.t_class_attr(ck_id, ck_class, ck_attr, cv_data_type_extra, cv_value, ck_user, ct_change, cl_required) VALUES ('2AD26C82BFA24B7993A6AC2CC09351BD', '77', 'type', null, 'COLUMN', '4fd05ca9-3a9e-4d66-82df-886dfa082113', '2020-04-27T14:59:31.911+0000', 0)  on conflict (ck_id) do update set ck_class = excluded.ck_class, ck_attr = excluded.ck_attr, cv_value = excluded.cv_value, ck_user = excluded.ck_user, ct_change = excluded.ct_change, cl_required = excluded.cl_required;
INSERT INTO s_mt.t_class_attr(ck_id, ck_class, ck_attr, cv_data_type_extra, cv_value, ck_user, ct_change, cl_required) VALUES ('451', '77', 'visible', null, 'true', '10020785', '2018-07-09T00:00:00.000+0000', 0)  on conflict (ck_id) do update set ck_class = excluded.ck_class, ck_attr = excluded.ck_attr, cv_value = excluded.cv_value, ck_user = excluded.ck_user, ct_change = excluded.ct_change, cl_required = excluded.cl_required;
INSERT INTO s_mt.t_class_attr(ck_id, ck_class, ck_attr, cv_data_type_extra, cv_value, ck_user, ct_change, cl_required) VALUES ('449', '77', 'width', null, null, '20788', '2018-12-02T00:00:00.000+0000', 0)  on conflict (ck_id) do update set ck_class = excluded.ck_class, ck_attr = excluded.ck_attr, cv_value = excluded.cv_value, ck_user = excluded.ck_user, ct_change = excluded.ct_change, cl_required = excluded.cl_required;
select pkg_patcher.p_clear_attr('77'::varchar, '["align","btnfilter","column","datatype","defaultvalue","disabledrules","editmode","editors","getglobal","hiddenrules","info","maxsize","maxvalue","minvalue","regexp","required","requiredrules","setglobal","sortcolumn","stylerules","type","visible","width"]'::jsonb);
INSERT INTO s_mt.t_class(ck_id, cv_name, cv_description, cv_manual_documentation, cv_auto_documentation, cl_final, cl_dataset, ck_user, ct_change) VALUES ('10', 'Column Numeric', 'Колонка "Число"', null, null, 0, 0, '-11', '2018-02-22T00:00:00.000+0000')  on conflict (ck_id) do update set cv_name = excluded.cv_name, cv_description = excluded.cv_description, cv_manual_documentation = excluded.cv_manual_documentation, cv_auto_documentation = excluded.cv_auto_documentation, cl_final = excluded.cl_final, cl_dataset = excluded.cl_dataset, ck_user = excluded.ck_user, ct_change = excluded.ct_change;
INSERT INTO s_mt.t_class_attr(ck_id, ck_class, ck_attr, cv_data_type_extra, cv_value, ck_user, ct_change, cl_required) VALUES ('598', '10', 'align', null, 'right', '10020848', '2018-09-20T00:00:00.000+0000', 0)  on conflict (ck_id) do update set ck_class = excluded.ck_class, ck_attr = excluded.ck_attr, cv_value = excluded.cv_value, ck_user = excluded.ck_user, ct_change = excluded.ct_change, cl_required = excluded.cl_required;
INSERT INTO s_mt.t_class_attr(ck_id, ck_class, ck_attr, cv_data_type_extra, cv_value, ck_user, ct_change, cl_required) VALUES ('A8AACEC6A174420CADA0A38655F01039', '10', 'btnfilter', null, 'true', '4fd05ca9-3a9e-4d66-82df-886dfa082113', '2020-05-15T12:52:11.190+0000', 0)  on conflict (ck_id) do update set ck_class = excluded.ck_class, ck_attr = excluded.ck_attr, cv_value = excluded.cv_value, ck_user = excluded.ck_user, ct_change = excluded.ct_change, cl_required = excluded.cl_required;
INSERT INTO s_mt.t_class_attr(ck_id, ck_class, ck_attr, cv_data_type_extra, cv_value, ck_user, ct_change, cl_required) VALUES ('48', '10', 'column', null, null, '20848', '2018-12-02T00:00:00.000+0000', 0)  on conflict (ck_id) do update set ck_class = excluded.ck_class, ck_attr = excluded.ck_attr, cv_value = excluded.cv_value, ck_user = excluded.ck_user, ct_change = excluded.ct_change, cl_required = excluded.cl_required;
INSERT INTO s_mt.t_class_attr(ck_id, ck_class, ck_attr, cv_data_type_extra, cv_value, ck_user, ct_change, cl_required) VALUES ('1658', '10', 'currencysign', null, null, '10020785', '2018-07-09T00:00:00.000+0000', 0)  on conflict (ck_id) do update set ck_class = excluded.ck_class, ck_attr = excluded.ck_attr, cv_value = excluded.cv_value, ck_user = excluded.ck_user, ct_change = excluded.ct_change, cl_required = excluded.cl_required;
INSERT INTO s_mt.t_class_attr(ck_id, ck_class, ck_attr, cv_data_type_extra, cv_value, ck_user, ct_change, cl_required) VALUES ('15', '10', 'datatype', null, 'numeric', '10020785', '2018-07-09T00:00:00.000+0000', 1)  on conflict (ck_id) do update set ck_class = excluded.ck_class, ck_attr = excluded.ck_attr, cv_value = excluded.cv_value, ck_user = excluded.ck_user, ct_change = excluded.ct_change, cl_required = excluded.cl_required;
INSERT INTO s_mt.t_class_attr(ck_id, ck_class, ck_attr, cv_data_type_extra, cv_value, ck_user, ct_change, cl_required) VALUES ('674', '10', 'decimalprecision', null, null, '10020785', '2018-07-09T00:00:00.000+0000', 0)  on conflict (ck_id) do update set ck_class = excluded.ck_class, ck_attr = excluded.ck_attr, cv_value = excluded.cv_value, ck_user = excluded.ck_user, ct_change = excluded.ct_change, cl_required = excluded.cl_required;
INSERT INTO s_mt.t_class_attr(ck_id, ck_class, ck_attr, cv_data_type_extra, cv_value, ck_user, ct_change, cl_required) VALUES ('1656', '10', 'decimalseparator', null, ',', '40025111', '2019-03-28T00:00:00.000+0000', 0)  on conflict (ck_id) do update set ck_class = excluded.ck_class, ck_attr = excluded.ck_attr, cv_value = excluded.cv_value, ck_user = excluded.ck_user, ct_change = excluded.ct_change, cl_required = excluded.cl_required;
INSERT INTO s_mt.t_class_attr(ck_id, ck_class, ck_attr, cv_data_type_extra, cv_value, ck_user, ct_change, cl_required) VALUES ('1789', '10', 'defaultvalue', null, null, '10020785', '2018-07-09T00:00:00.000+0000', 0)  on conflict (ck_id) do update set ck_class = excluded.ck_class, ck_attr = excluded.ck_attr, cv_value = excluded.cv_value, ck_user = excluded.ck_user, ct_change = excluded.ct_change, cl_required = excluded.cl_required;
INSERT INTO s_mt.t_class_attr(ck_id, ck_class, ck_attr, cv_data_type_extra, cv_value, ck_user, ct_change, cl_required) VALUES ('1238', '10', 'disabledrules', null, null, '10020785', '2018-07-09T00:00:00.000+0000', 0)  on conflict (ck_id) do update set ck_class = excluded.ck_class, ck_attr = excluded.ck_attr, cv_value = excluded.cv_value, ck_user = excluded.ck_user, ct_change = excluded.ct_change, cl_required = excluded.cl_required;
INSERT INTO s_mt.t_class_attr(ck_id, ck_class, ck_attr, cv_data_type_extra, cv_value, ck_user, ct_change, cl_required) VALUES ('435', '10', 'editmode', null, 'all', '10020785', '2018-07-09T00:00:00.000+0000', 0)  on conflict (ck_id) do update set ck_class = excluded.ck_class, ck_attr = excluded.ck_attr, cv_value = excluded.cv_value, ck_user = excluded.ck_user, ct_change = excluded.ct_change, cl_required = excluded.cl_required;
INSERT INTO s_mt.t_class_attr(ck_id, ck_class, ck_attr, cv_data_type_extra, cv_value, ck_user, ct_change, cl_required) VALUES ('40', '10', 'editors', null, null, '10020785', '2018-07-09T00:00:00.000+0000', 1)  on conflict (ck_id) do update set ck_class = excluded.ck_class, ck_attr = excluded.ck_attr, cv_value = excluded.cv_value, ck_user = excluded.ck_user, ct_change = excluded.ct_change, cl_required = excluded.cl_required;
INSERT INTO s_mt.t_class_attr(ck_id, ck_class, ck_attr, cv_data_type_extra, cv_value, ck_user, ct_change, cl_required) VALUES ('1176', '10', 'getglobal', null, null, '10020785', '2018-07-09T00:00:00.000+0000', 0)  on conflict (ck_id) do update set ck_class = excluded.ck_class, ck_attr = excluded.ck_attr, cv_value = excluded.cv_value, ck_user = excluded.ck_user, ct_change = excluded.ct_change, cl_required = excluded.cl_required;
INSERT INTO s_mt.t_class_attr(ck_id, ck_class, ck_attr, cv_data_type_extra, cv_value, ck_user, ct_change, cl_required) VALUES ('1282', '10', 'hiddenrules', null, null, '10020785', '2018-07-09T00:00:00.000+0000', 0)  on conflict (ck_id) do update set ck_class = excluded.ck_class, ck_attr = excluded.ck_attr, cv_value = excluded.cv_value, ck_user = excluded.ck_user, ct_change = excluded.ct_change, cl_required = excluded.cl_required;
INSERT INTO s_mt.t_class_attr(ck_id, ck_class, ck_attr, cv_data_type_extra, cv_value, ck_user, ct_change, cl_required) VALUES ('1385', '10', 'info', null, null, '10020785', '2018-07-09T00:00:00.000+0000', 0)  on conflict (ck_id) do update set ck_class = excluded.ck_class, ck_attr = excluded.ck_attr, cv_value = excluded.cv_value, ck_user = excluded.ck_user, ct_change = excluded.ct_change, cl_required = excluded.cl_required;
INSERT INTO s_mt.t_class_attr(ck_id, ck_class, ck_attr, cv_data_type_extra, cv_value, ck_user, ct_change, cl_required) VALUES ('678', '10', 'maxsize', null, '60', '10020785', '2018-07-09T00:00:00.000+0000', 0)  on conflict (ck_id) do update set ck_class = excluded.ck_class, ck_attr = excluded.ck_attr, cv_value = excluded.cv_value, ck_user = excluded.ck_user, ct_change = excluded.ct_change, cl_required = excluded.cl_required;
INSERT INTO s_mt.t_class_attr(ck_id, ck_class, ck_attr, cv_data_type_extra, cv_value, ck_user, ct_change, cl_required) VALUES ('1115', '10', 'maxvalue', null, null, '10020785', '2018-07-09T00:00:00.000+0000', 0)  on conflict (ck_id) do update set ck_class = excluded.ck_class, ck_attr = excluded.ck_attr, cv_value = excluded.cv_value, ck_user = excluded.ck_user, ct_change = excluded.ct_change, cl_required = excluded.cl_required;
INSERT INTO s_mt.t_class_attr(ck_id, ck_class, ck_attr, cv_data_type_extra, cv_value, ck_user, ct_change, cl_required) VALUES ('1114', '10', 'minvalue', null, '0', '10020785', '2018-07-09T00:00:00.000+0000', 0)  on conflict (ck_id) do update set ck_class = excluded.ck_class, ck_attr = excluded.ck_attr, cv_value = excluded.cv_value, ck_user = excluded.ck_user, ct_change = excluded.ct_change, cl_required = excluded.cl_required;
INSERT INTO s_mt.t_class_attr(ck_id, ck_class, ck_attr, cv_data_type_extra, cv_value, ck_user, ct_change, cl_required) VALUES ('679', '10', 'regexp', null, null, '10020785', '2018-07-09T00:00:00.000+0000', 0)  on conflict (ck_id) do update set ck_class = excluded.ck_class, ck_attr = excluded.ck_attr, cv_value = excluded.cv_value, ck_user = excluded.ck_user, ct_change = excluded.ct_change, cl_required = excluded.cl_required;
INSERT INTO s_mt.t_class_attr(ck_id, ck_class, ck_attr, cv_data_type_extra, cv_value, ck_user, ct_change, cl_required) VALUES ('454', '10', 'required', null, null, '10020785', '2018-07-09T00:00:00.000+0000', 0)  on conflict (ck_id) do update set ck_class = excluded.ck_class, ck_attr = excluded.ck_attr, cv_value = excluded.cv_value, ck_user = excluded.ck_user, ct_change = excluded.ct_change, cl_required = excluded.cl_required;
INSERT INTO s_mt.t_class_attr(ck_id, ck_class, ck_attr, cv_data_type_extra, cv_value, ck_user, ct_change, cl_required) VALUES ('43173', '10', 'requiredrules', null, null, '10028610', '2019-02-05T00:00:00.000+0000', 0)  on conflict (ck_id) do update set ck_class = excluded.ck_class, ck_attr = excluded.ck_attr, cv_value = excluded.cv_value, ck_user = excluded.ck_user, ct_change = excluded.ct_change, cl_required = excluded.cl_required;
INSERT INTO s_mt.t_class_attr(ck_id, ck_class, ck_attr, cv_data_type_extra, cv_value, ck_user, ct_change, cl_required) VALUES ('1206', '10', 'setglobal', null, null, '10020785', '2018-07-09T00:00:00.000+0000', 0)  on conflict (ck_id) do update set ck_class = excluded.ck_class, ck_attr = excluded.ck_attr, cv_value = excluded.cv_value, ck_user = excluded.ck_user, ct_change = excluded.ct_change, cl_required = excluded.cl_required;
INSERT INTO s_mt.t_class_attr(ck_id, ck_class, ck_attr, cv_data_type_extra, cv_value, ck_user, ct_change, cl_required) VALUES ('13179', '10', 'sortcolumn', null, null, '10020785', '2018-09-02T00:00:00.000+0000', 0)  on conflict (ck_id) do update set ck_class = excluded.ck_class, ck_attr = excluded.ck_attr, cv_value = excluded.cv_value, ck_user = excluded.ck_user, ct_change = excluded.ct_change, cl_required = excluded.cl_required;
INSERT INTO s_mt.t_class_attr(ck_id, ck_class, ck_attr, cv_data_type_extra, cv_value, ck_user, ct_change, cl_required) VALUES ('41173', '10', 'stylerules', null, null, '20780', '2019-01-28T00:00:00.000+0000', 0)  on conflict (ck_id) do update set ck_class = excluded.ck_class, ck_attr = excluded.ck_attr, cv_value = excluded.cv_value, ck_user = excluded.ck_user, ct_change = excluded.ct_change, cl_required = excluded.cl_required;
INSERT INTO s_mt.t_class_attr(ck_id, ck_class, ck_attr, cv_data_type_extra, cv_value, ck_user, ct_change, cl_required) VALUES ('1657', '10', 'thousandseparator', null, '.', '40025111', '2019-04-25T00:00:00.000+0000', 0)  on conflict (ck_id) do update set ck_class = excluded.ck_class, ck_attr = excluded.ck_attr, cv_value = excluded.cv_value, ck_user = excluded.ck_user, ct_change = excluded.ct_change, cl_required = excluded.cl_required;
INSERT INTO s_mt.t_class_attr(ck_id, ck_class, ck_attr, cv_data_type_extra, cv_value, ck_user, ct_change, cl_required) VALUES ('6D296834090C46C081A74A50A6160E34', '10', 'type', null, 'COLUMN', '4fd05ca9-3a9e-4d66-82df-886dfa082113', '2020-04-27T14:59:40.999+0000', 0)  on conflict (ck_id) do update set ck_class = excluded.ck_class, ck_attr = excluded.ck_attr, cv_value = excluded.cv_value, ck_user = excluded.ck_user, ct_change = excluded.ct_change, cl_required = excluded.cl_required;
INSERT INTO s_mt.t_class_attr(ck_id, ck_class, ck_attr, cv_data_type_extra, cv_value, ck_user, ct_change, cl_required) VALUES ('436', '10', 'visible', null, 'true', '10020785', '2018-07-09T00:00:00.000+0000', 0)  on conflict (ck_id) do update set ck_class = excluded.ck_class, ck_attr = excluded.ck_attr, cv_value = excluded.cv_value, ck_user = excluded.ck_user, ct_change = excluded.ct_change, cl_required = excluded.cl_required;
INSERT INTO s_mt.t_class_attr(ck_id, ck_class, ck_attr, cv_data_type_extra, cv_value, ck_user, ct_change, cl_required) VALUES ('180', '10', 'width', null, null, '20848', '2018-12-02T00:00:00.000+0000', 0)  on conflict (ck_id) do update set ck_class = excluded.ck_class, ck_attr = excluded.ck_attr, cv_value = excluded.cv_value, ck_user = excluded.ck_user, ct_change = excluded.ct_change, cl_required = excluded.cl_required;
select pkg_patcher.p_clear_attr('10'::varchar, '["align","btnfilter","column","currencysign","datatype","decimalprecision","decimalseparator","defaultvalue","disabledrules","editmode","editors","getglobal","hiddenrules","info","maxsize","maxvalue","minvalue","regexp","required","requiredrules","setglobal","sortcolumn","stylerules","thousandseparator","type","visible","width"]'::jsonb);
INSERT INTO s_mt.t_class(ck_id, cv_name, cv_description, cv_manual_documentation, cv_auto_documentation, cl_final, cl_dataset, ck_user, ct_change) VALUES ('9', 'Column String', 'Колонка "Строка"', null, null, 0, 0, '-11', '2018-02-22T00:00:00.000+0000')  on conflict (ck_id) do update set cv_name = excluded.cv_name, cv_description = excluded.cv_description, cv_manual_documentation = excluded.cv_manual_documentation, cv_auto_documentation = excluded.cv_auto_documentation, cl_final = excluded.cl_final, cl_dataset = excluded.cl_dataset, ck_user = excluded.ck_user, ct_change = excluded.ct_change;
INSERT INTO s_mt.t_class_attr(ck_id, ck_class, ck_attr, cv_data_type_extra, cv_value, ck_user, ct_change, cl_required) VALUES ('597', '9', 'align', null, null, '10020848', '2018-09-20T00:00:00.000+0000', 0)  on conflict (ck_id) do update set ck_class = excluded.ck_class, ck_attr = excluded.ck_attr, cv_value = excluded.cv_value, ck_user = excluded.ck_user, ct_change = excluded.ct_change, cl_required = excluded.cl_required;
INSERT INTO s_mt.t_class_attr(ck_id, ck_class, ck_attr, cv_data_type_extra, cv_value, ck_user, ct_change, cl_required) VALUES ('50DA30D870FF40D5BD54CD2DB2F24130', '9', 'btnfilter', null, 'true', '4fd05ca9-3a9e-4d66-82df-886dfa082113', '2020-05-15T12:49:55.256+0000', 0)  on conflict (ck_id) do update set ck_class = excluded.ck_class, ck_attr = excluded.ck_attr, cv_value = excluded.cv_value, ck_user = excluded.ck_user, ct_change = excluded.ct_change, cl_required = excluded.cl_required;
INSERT INTO s_mt.t_class_attr(ck_id, ck_class, ck_attr, cv_data_type_extra, cv_value, ck_user, ct_change, cl_required) VALUES ('47', '9', 'column', null, null, '10020785', '2018-07-09T00:00:00.000+0000', 0)  on conflict (ck_id) do update set ck_class = excluded.ck_class, ck_attr = excluded.ck_attr, cv_value = excluded.cv_value, ck_user = excluded.ck_user, ct_change = excluded.ct_change, cl_required = excluded.cl_required;
INSERT INTO s_mt.t_class_attr(ck_id, ck_class, ck_attr, cv_data_type_extra, cv_value, ck_user, ct_change, cl_required) VALUES ('1672', '9', 'columnsfilter', null, null, '10020785', '2018-09-26T00:00:00.000+0000', 0)  on conflict (ck_id) do update set ck_class = excluded.ck_class, ck_attr = excluded.ck_attr, cv_value = excluded.cv_value, ck_user = excluded.ck_user, ct_change = excluded.ct_change, cl_required = excluded.cl_required;
INSERT INTO s_mt.t_class_attr(ck_id, ck_class, ck_attr, cv_data_type_extra, cv_value, ck_user, ct_change, cl_required) VALUES ('1', '9', 'datatype', null, 'text', '10020785', '2018-07-09T00:00:00.000+0000', 1)  on conflict (ck_id) do update set ck_class = excluded.ck_class, ck_attr = excluded.ck_attr, cv_value = excluded.cv_value, ck_user = excluded.ck_user, ct_change = excluded.ct_change, cl_required = excluded.cl_required;
INSERT INTO s_mt.t_class_attr(ck_id, ck_class, ck_attr, cv_data_type_extra, cv_value, ck_user, ct_change, cl_required) VALUES ('09FB15AEAA9449E48B22DC867E6B11BC', '9', 'defaultvalue', null, null, '1', '2019-08-30T00:00:00.000+0000', 0)  on conflict (ck_id) do update set ck_class = excluded.ck_class, ck_attr = excluded.ck_attr, cv_value = excluded.cv_value, ck_user = excluded.ck_user, ct_change = excluded.ct_change, cl_required = excluded.cl_required;
INSERT INTO s_mt.t_class_attr(ck_id, ck_class, ck_attr, cv_data_type_extra, cv_value, ck_user, ct_change, cl_required) VALUES ('1237', '9', 'disabledrules', null, null, '10020785', '2018-07-09T00:00:00.000+0000', 0)  on conflict (ck_id) do update set ck_class = excluded.ck_class, ck_attr = excluded.ck_attr, cv_value = excluded.cv_value, ck_user = excluded.ck_user, ct_change = excluded.ct_change, cl_required = excluded.cl_required;
INSERT INTO s_mt.t_class_attr(ck_id, ck_class, ck_attr, cv_data_type_extra, cv_value, ck_user, ct_change, cl_required) VALUES ('433', '9', 'editmode', null, 'all', '10020785', '2018-07-09T00:00:00.000+0000', 0)  on conflict (ck_id) do update set ck_class = excluded.ck_class, ck_attr = excluded.ck_attr, cv_value = excluded.cv_value, ck_user = excluded.ck_user, ct_change = excluded.ct_change, cl_required = excluded.cl_required;
INSERT INTO s_mt.t_class_attr(ck_id, ck_class, ck_attr, cv_data_type_extra, cv_value, ck_user, ct_change, cl_required) VALUES ('39', '9', 'editors', null, null, '10020785', '2018-07-09T00:00:00.000+0000', 1)  on conflict (ck_id) do update set ck_class = excluded.ck_class, ck_attr = excluded.ck_attr, cv_value = excluded.cv_value, ck_user = excluded.ck_user, ct_change = excluded.ct_change, cl_required = excluded.cl_required;
INSERT INTO s_mt.t_class_attr(ck_id, ck_class, ck_attr, cv_data_type_extra, cv_value, ck_user, ct_change, cl_required) VALUES ('1175', '9', 'getglobal', null, null, '10020785', '2018-07-09T00:00:00.000+0000', 0)  on conflict (ck_id) do update set ck_class = excluded.ck_class, ck_attr = excluded.ck_attr, cv_value = excluded.cv_value, ck_user = excluded.ck_user, ct_change = excluded.ct_change, cl_required = excluded.cl_required;
INSERT INTO s_mt.t_class_attr(ck_id, ck_class, ck_attr, cv_data_type_extra, cv_value, ck_user, ct_change, cl_required) VALUES ('1281', '9', 'hiddenrules', null, null, '10020785', '2018-07-09T00:00:00.000+0000', 0)  on conflict (ck_id) do update set ck_class = excluded.ck_class, ck_attr = excluded.ck_attr, cv_value = excluded.cv_value, ck_user = excluded.ck_user, ct_change = excluded.ct_change, cl_required = excluded.cl_required;
INSERT INTO s_mt.t_class_attr(ck_id, ck_class, ck_attr, cv_data_type_extra, cv_value, ck_user, ct_change, cl_required) VALUES ('658', '9', 'imask', null, null, '10020785', '2018-07-09T00:00:00.000+0000', 0)  on conflict (ck_id) do update set ck_class = excluded.ck_class, ck_attr = excluded.ck_attr, cv_value = excluded.cv_value, ck_user = excluded.ck_user, ct_change = excluded.ct_change, cl_required = excluded.cl_required;
INSERT INTO s_mt.t_class_attr(ck_id, ck_class, ck_attr, cv_data_type_extra, cv_value, ck_user, ct_change, cl_required) VALUES ('1384', '9', 'info', null, null, '10020785', '2018-07-09T00:00:00.000+0000', 0)  on conflict (ck_id) do update set ck_class = excluded.ck_class, ck_attr = excluded.ck_attr, cv_value = excluded.cv_value, ck_user = excluded.ck_user, ct_change = excluded.ct_change, cl_required = excluded.cl_required;
INSERT INTO s_mt.t_class_attr(ck_id, ck_class, ck_attr, cv_data_type_extra, cv_value, ck_user, ct_change, cl_required) VALUES ('DF0F8346F83146D39CDB9C2FB62D4497', '9', 'localization', null, null, '4fd05ca9-3a9e-4d66-82df-886dfa082113', '2019-11-25T00:00:00.000+0000', 0)  on conflict (ck_id) do update set ck_class = excluded.ck_class, ck_attr = excluded.ck_attr, cv_value = excluded.cv_value, ck_user = excluded.ck_user, ct_change = excluded.ct_change, cl_required = excluded.cl_required;
INSERT INTO s_mt.t_class_attr(ck_id, ck_class, ck_attr, cv_data_type_extra, cv_value, ck_user, ct_change, cl_required) VALUES ('662', '9', 'maxsize', null, '4000', '10020785', '2018-07-09T00:00:00.000+0000', 0)  on conflict (ck_id) do update set ck_class = excluded.ck_class, ck_attr = excluded.ck_attr, cv_value = excluded.cv_value, ck_user = excluded.ck_user, ct_change = excluded.ct_change, cl_required = excluded.cl_required;
INSERT INTO s_mt.t_class_attr(ck_id, ck_class, ck_attr, cv_data_type_extra, cv_value, ck_user, ct_change, cl_required) VALUES ('1671', '9', 'redirecturl', null, null, '10020785', '2018-09-02T00:00:00.000+0000', 0)  on conflict (ck_id) do update set ck_class = excluded.ck_class, ck_attr = excluded.ck_attr, cv_value = excluded.cv_value, ck_user = excluded.ck_user, ct_change = excluded.ct_change, cl_required = excluded.cl_required;
INSERT INTO s_mt.t_class_attr(ck_id, ck_class, ck_attr, cv_data_type_extra, cv_value, ck_user, ct_change, cl_required) VALUES ('663', '9', 'regexp', null, null, '10020785', '2018-07-09T00:00:00.000+0000', 0)  on conflict (ck_id) do update set ck_class = excluded.ck_class, ck_attr = excluded.ck_attr, cv_value = excluded.cv_value, ck_user = excluded.ck_user, ct_change = excluded.ct_change, cl_required = excluded.cl_required;
INSERT INTO s_mt.t_class_attr(ck_id, ck_class, ck_attr, cv_data_type_extra, cv_value, ck_user, ct_change, cl_required) VALUES ('453', '9', 'required', null, null, '10020785', '2018-07-09T00:00:00.000+0000', 0)  on conflict (ck_id) do update set ck_class = excluded.ck_class, ck_attr = excluded.ck_attr, cv_value = excluded.cv_value, ck_user = excluded.ck_user, ct_change = excluded.ct_change, cl_required = excluded.cl_required;
INSERT INTO s_mt.t_class_attr(ck_id, ck_class, ck_attr, cv_data_type_extra, cv_value, ck_user, ct_change, cl_required) VALUES ('43174', '9', 'requiredrules', null, null, '10028610', '2019-02-05T00:00:00.000+0000', 0)  on conflict (ck_id) do update set ck_class = excluded.ck_class, ck_attr = excluded.ck_attr, cv_value = excluded.cv_value, ck_user = excluded.ck_user, ct_change = excluded.ct_change, cl_required = excluded.cl_required;
INSERT INTO s_mt.t_class_attr(ck_id, ck_class, ck_attr, cv_data_type_extra, cv_value, ck_user, ct_change, cl_required) VALUES ('1205', '9', 'setglobal', null, null, '10020785', '2018-07-09T00:00:00.000+0000', 0)  on conflict (ck_id) do update set ck_class = excluded.ck_class, ck_attr = excluded.ck_attr, cv_value = excluded.cv_value, ck_user = excluded.ck_user, ct_change = excluded.ct_change, cl_required = excluded.cl_required;
INSERT INTO s_mt.t_class_attr(ck_id, ck_class, ck_attr, cv_data_type_extra, cv_value, ck_user, ct_change, cl_required) VALUES ('13180', '9', 'sortcolumn', null, null, '10020785', '2018-09-02T00:00:00.000+0000', 0)  on conflict (ck_id) do update set ck_class = excluded.ck_class, ck_attr = excluded.ck_attr, cv_value = excluded.cv_value, ck_user = excluded.ck_user, ct_change = excluded.ct_change, cl_required = excluded.cl_required;
INSERT INTO s_mt.t_class_attr(ck_id, ck_class, ck_attr, cv_data_type_extra, cv_value, ck_user, ct_change, cl_required) VALUES ('36180', '9', 'stylerules', null, null, '20785', '2018-12-13T00:00:00.000+0000', 0)  on conflict (ck_id) do update set ck_class = excluded.ck_class, ck_attr = excluded.ck_attr, cv_value = excluded.cv_value, ck_user = excluded.ck_user, ct_change = excluded.ct_change, cl_required = excluded.cl_required;
INSERT INTO s_mt.t_class_attr(ck_id, ck_class, ck_attr, cv_data_type_extra, cv_value, ck_user, ct_change, cl_required) VALUES ('4C70E6D3B8F1426F88C320AA8C0A0371', '9', 'type', null, 'COLUMN', '4fd05ca9-3a9e-4d66-82df-886dfa082113', '2020-04-27T14:59:57.015+0000', 1)  on conflict (ck_id) do update set ck_class = excluded.ck_class, ck_attr = excluded.ck_attr, cv_value = excluded.cv_value, ck_user = excluded.ck_user, ct_change = excluded.ct_change, cl_required = excluded.cl_required;
INSERT INTO s_mt.t_class_attr(ck_id, ck_class, ck_attr, cv_data_type_extra, cv_value, ck_user, ct_change, cl_required) VALUES ('434', '9', 'visible', null, 'true', '10020785', '2018-07-09T00:00:00.000+0000', 0)  on conflict (ck_id) do update set ck_class = excluded.ck_class, ck_attr = excluded.ck_attr, cv_value = excluded.cv_value, ck_user = excluded.ck_user, ct_change = excluded.ct_change, cl_required = excluded.cl_required;
INSERT INTO s_mt.t_class_attr(ck_id, ck_class, ck_attr, cv_data_type_extra, cv_value, ck_user, ct_change, cl_required) VALUES ('179', '9', 'width', null, null, '10020785', '2018-07-09T00:00:00.000+0000', 0)  on conflict (ck_id) do update set ck_class = excluded.ck_class, ck_attr = excluded.ck_attr, cv_value = excluded.cv_value, ck_user = excluded.ck_user, ct_change = excluded.ct_change, cl_required = excluded.cl_required;
select pkg_patcher.p_clear_attr('9'::varchar, '["align","btnfilter","column","columnsfilter","datatype","defaultvalue","disabledrules","editmode","editors","getglobal","hiddenrules","imask","info","localization","maxsize","redirecturl","regexp","required","requiredrules","setglobal","sortcolumn","stylerules","type","visible","width"]'::jsonb);
INSERT INTO s_mt.t_class(ck_id, cv_name, cv_description, cv_manual_documentation, cv_auto_documentation, cl_final, cl_dataset, ck_user, ct_change) VALUES ('17', 'Column Tree', 'Колонка "Дерево"', null, null, 0, 0, '-11', '2018-02-22T00:00:00.000+0000')  on conflict (ck_id) do update set cv_name = excluded.cv_name, cv_description = excluded.cv_description, cv_manual_documentation = excluded.cv_manual_documentation, cv_auto_documentation = excluded.cv_auto_documentation, cl_final = excluded.cl_final, cl_dataset = excluded.cl_dataset, ck_user = excluded.ck_user, ct_change = excluded.ct_change;
INSERT INTO s_mt.t_class_attr(ck_id, ck_class, ck_attr, cv_data_type_extra, cv_value, ck_user, ct_change, cl_required) VALUES ('52', '17', 'column', null, null, '10020785', '2018-07-09T00:00:00.000+0000', 0)  on conflict (ck_id) do update set ck_class = excluded.ck_class, ck_attr = excluded.ck_attr, cv_value = excluded.cv_value, ck_user = excluded.ck_user, ct_change = excluded.ct_change, cl_required = excluded.cl_required;
INSERT INTO s_mt.t_class_attr(ck_id, ck_class, ck_attr, cv_data_type_extra, cv_value, ck_user, ct_change, cl_required) VALUES ('712', '17', 'datatype', null, 'tree', '4fd05ca9-3a9e-4d66-82df-886dfa082113', '2020-04-28T12:16:30.613+0000', 0)  on conflict (ck_id) do update set ck_class = excluded.ck_class, ck_attr = excluded.ck_attr, cv_value = excluded.cv_value, ck_user = excluded.ck_user, ct_change = excluded.ct_change, cl_required = excluded.cl_required;
INSERT INTO s_mt.t_class_attr(ck_id, ck_class, ck_attr, cv_data_type_extra, cv_value, ck_user, ct_change, cl_required) VALUES ('1242', '17', 'disabledrules', null, null, '10020785', '2018-07-09T00:00:00.000+0000', 0)  on conflict (ck_id) do update set ck_class = excluded.ck_class, ck_attr = excluded.ck_attr, cv_value = excluded.cv_value, ck_user = excluded.ck_user, ct_change = excluded.ct_change, cl_required = excluded.cl_required;
INSERT INTO s_mt.t_class_attr(ck_id, ck_class, ck_attr, cv_data_type_extra, cv_value, ck_user, ct_change, cl_required) VALUES ('431', '17', 'editmode', null, 'all', '10020785', '2018-07-09T00:00:00.000+0000', 0)  on conflict (ck_id) do update set ck_class = excluded.ck_class, ck_attr = excluded.ck_attr, cv_value = excluded.cv_value, ck_user = excluded.ck_user, ct_change = excluded.ct_change, cl_required = excluded.cl_required;
INSERT INTO s_mt.t_class_attr(ck_id, ck_class, ck_attr, cv_data_type_extra, cv_value, ck_user, ct_change, cl_required) VALUES ('524', '17', 'editors', null, null, '10020785', '2018-07-09T00:00:00.000+0000', 1)  on conflict (ck_id) do update set ck_class = excluded.ck_class, ck_attr = excluded.ck_attr, cv_value = excluded.cv_value, ck_user = excluded.ck_user, ct_change = excluded.ct_change, cl_required = excluded.cl_required;
INSERT INTO s_mt.t_class_attr(ck_id, ck_class, ck_attr, cv_data_type_extra, cv_value, ck_user, ct_change, cl_required) VALUES ('1180', '17', 'getglobal', null, null, '10020785', '2018-07-09T00:00:00.000+0000', 0)  on conflict (ck_id) do update set ck_class = excluded.ck_class, ck_attr = excluded.ck_attr, cv_value = excluded.cv_value, ck_user = excluded.ck_user, ct_change = excluded.ct_change, cl_required = excluded.cl_required;
INSERT INTO s_mt.t_class_attr(ck_id, ck_class, ck_attr, cv_data_type_extra, cv_value, ck_user, ct_change, cl_required) VALUES ('1286', '17', 'hiddenrules', null, null, '10020785', '2018-07-09T00:00:00.000+0000', 0)  on conflict (ck_id) do update set ck_class = excluded.ck_class, ck_attr = excluded.ck_attr, cv_value = excluded.cv_value, ck_user = excluded.ck_user, ct_change = excluded.ct_change, cl_required = excluded.cl_required;
INSERT INTO s_mt.t_class_attr(ck_id, ck_class, ck_attr, cv_data_type_extra, cv_value, ck_user, ct_change, cl_required) VALUES ('1389', '17', 'info', null, null, '10020785', '2018-07-09T00:00:00.000+0000', 0)  on conflict (ck_id) do update set ck_class = excluded.ck_class, ck_attr = excluded.ck_attr, cv_value = excluded.cv_value, ck_user = excluded.ck_user, ct_change = excluded.ct_change, cl_required = excluded.cl_required;
INSERT INTO s_mt.t_class_attr(ck_id, ck_class, ck_attr, cv_data_type_extra, cv_value, ck_user, ct_change, cl_required) VALUES ('2245E03AC24B477DA148AEC5B7DF3128', '17', 'localization', null, null, '4fd05ca9-3a9e-4d66-82df-886dfa082113', '2019-11-26T00:00:00.000+0000', 0)  on conflict (ck_id) do update set ck_class = excluded.ck_class, ck_attr = excluded.ck_attr, cv_value = excluded.cv_value, ck_user = excluded.ck_user, ct_change = excluded.ct_change, cl_required = excluded.cl_required;
INSERT INTO s_mt.t_class_attr(ck_id, ck_class, ck_attr, cv_data_type_extra, cv_value, ck_user, ct_change, cl_required) VALUES ('702', '17', 'maxsize', null, null, '10020785', '2018-07-09T00:00:00.000+0000', 0)  on conflict (ck_id) do update set ck_class = excluded.ck_class, ck_attr = excluded.ck_attr, cv_value = excluded.cv_value, ck_user = excluded.ck_user, ct_change = excluded.ct_change, cl_required = excluded.cl_required;
INSERT INTO s_mt.t_class_attr(ck_id, ck_class, ck_attr, cv_data_type_extra, cv_value, ck_user, ct_change, cl_required) VALUES ('703', '17', 'regexp', null, null, '10020785', '2018-07-09T00:00:00.000+0000', 0)  on conflict (ck_id) do update set ck_class = excluded.ck_class, ck_attr = excluded.ck_attr, cv_value = excluded.cv_value, ck_user = excluded.ck_user, ct_change = excluded.ct_change, cl_required = excluded.cl_required;
INSERT INTO s_mt.t_class_attr(ck_id, ck_class, ck_attr, cv_data_type_extra, cv_value, ck_user, ct_change, cl_required) VALUES ('452', '17', 'required', null, null, '10020785', '2018-07-09T00:00:00.000+0000', 0)  on conflict (ck_id) do update set ck_class = excluded.ck_class, ck_attr = excluded.ck_attr, cv_value = excluded.cv_value, ck_user = excluded.ck_user, ct_change = excluded.ct_change, cl_required = excluded.cl_required;
INSERT INTO s_mt.t_class_attr(ck_id, ck_class, ck_attr, cv_data_type_extra, cv_value, ck_user, ct_change, cl_required) VALUES ('43175', '17', 'requiredrules', null, null, '10028610', '2019-02-05T00:00:00.000+0000', 0)  on conflict (ck_id) do update set ck_class = excluded.ck_class, ck_attr = excluded.ck_attr, cv_value = excluded.cv_value, ck_user = excluded.ck_user, ct_change = excluded.ct_change, cl_required = excluded.cl_required;
INSERT INTO s_mt.t_class_attr(ck_id, ck_class, ck_attr, cv_data_type_extra, cv_value, ck_user, ct_change, cl_required) VALUES ('1210', '17', 'setglobal', null, null, '10020785', '2018-07-09T00:00:00.000+0000', 0)  on conflict (ck_id) do update set ck_class = excluded.ck_class, ck_attr = excluded.ck_attr, cv_value = excluded.cv_value, ck_user = excluded.ck_user, ct_change = excluded.ct_change, cl_required = excluded.cl_required;
INSERT INTO s_mt.t_class_attr(ck_id, ck_class, ck_attr, cv_data_type_extra, cv_value, ck_user, ct_change, cl_required) VALUES ('13181', '17', 'sortcolumn', null, null, '10020785', '2018-09-02T00:00:00.000+0000', 0)  on conflict (ck_id) do update set ck_class = excluded.ck_class, ck_attr = excluded.ck_attr, cv_value = excluded.cv_value, ck_user = excluded.ck_user, ct_change = excluded.ct_change, cl_required = excluded.cl_required;
INSERT INTO s_mt.t_class_attr(ck_id, ck_class, ck_attr, cv_data_type_extra, cv_value, ck_user, ct_change, cl_required) VALUES ('41174', '17', 'stylerules', null, null, '20780', '2019-01-28T00:00:00.000+0000', 0)  on conflict (ck_id) do update set ck_class = excluded.ck_class, ck_attr = excluded.ck_attr, cv_value = excluded.cv_value, ck_user = excluded.ck_user, ct_change = excluded.ct_change, cl_required = excluded.cl_required;
INSERT INTO s_mt.t_class_attr(ck_id, ck_class, ck_attr, cv_data_type_extra, cv_value, ck_user, ct_change, cl_required) VALUES ('8FBB2DBD6C8049238A252919347DC4F3', '17', 'type', null, 'COLUMN', '4fd05ca9-3a9e-4d66-82df-886dfa082113', '2020-04-27T15:00:08.229+0000', 0)  on conflict (ck_id) do update set ck_class = excluded.ck_class, ck_attr = excluded.ck_attr, cv_value = excluded.cv_value, ck_user = excluded.ck_user, ct_change = excluded.ct_change, cl_required = excluded.cl_required;
INSERT INTO s_mt.t_class_attr(ck_id, ck_class, ck_attr, cv_data_type_extra, cv_value, ck_user, ct_change, cl_required) VALUES ('432', '17', 'visible', null, 'true', '10020785', '2018-07-09T00:00:00.000+0000', 0)  on conflict (ck_id) do update set ck_class = excluded.ck_class, ck_attr = excluded.ck_attr, cv_value = excluded.cv_value, ck_user = excluded.ck_user, ct_change = excluded.ct_change, cl_required = excluded.cl_required;
INSERT INTO s_mt.t_class_attr(ck_id, ck_class, ck_attr, cv_data_type_extra, cv_value, ck_user, ct_change, cl_required) VALUES ('184', '17', 'width', null, null, '10020785', '2018-07-09T00:00:00.000+0000', 0)  on conflict (ck_id) do update set ck_class = excluded.ck_class, ck_attr = excluded.ck_attr, cv_value = excluded.cv_value, ck_user = excluded.ck_user, ct_change = excluded.ct_change, cl_required = excluded.cl_required;
select pkg_patcher.p_clear_attr('17'::varchar, '["column","datatype","disabledrules","editmode","editors","getglobal","hiddenrules","info","localization","maxsize","regexp","required","requiredrules","setglobal","sortcolumn","stylerules","type","visible","width"]'::jsonb);
INSERT INTO s_mt.t_class(ck_id, cv_name, cv_description, cv_manual_documentation, cv_auto_documentation, cl_final, cl_dataset, ck_user, ct_change) VALUES ('438', 'Component Dynamic', 'Системный компонент для доступа к динамической панели', null, null, 0, 1, '10020786', '2018-04-05T00:00:00.000+0000')  on conflict (ck_id) do update set cv_name = excluded.cv_name, cv_description = excluded.cv_description, cv_manual_documentation = excluded.cv_manual_documentation, cv_auto_documentation = excluded.cv_auto_documentation, cl_final = excluded.cl_final, cl_dataset = excluded.cl_dataset, ck_user = excluded.ck_user, ct_change = excluded.ct_change;
INSERT INTO s_mt.t_class_attr(ck_id, ck_class, ck_attr, cv_data_type_extra, cv_value, ck_user, ct_change, cl_required) VALUES ('1976', '438', 'column', null, null, '10020785', '2018-07-09T00:00:00.000+0000', 0)  on conflict (ck_id) do update set ck_class = excluded.ck_class, ck_attr = excluded.ck_attr, cv_value = excluded.cv_value, ck_user = excluded.ck_user, ct_change = excluded.ct_change, cl_required = excluded.cl_required;
INSERT INTO s_mt.t_class_attr(ck_id, ck_class, ck_attr, cv_data_type_extra, cv_value, ck_user, ct_change, cl_required) VALUES ('1980', '438', 'disabledrules', null, null, '10020785', '2018-07-09T00:00:00.000+0000', 0)  on conflict (ck_id) do update set ck_class = excluded.ck_class, ck_attr = excluded.ck_attr, cv_value = excluded.cv_value, ck_user = excluded.ck_user, ct_change = excluded.ct_change, cl_required = excluded.cl_required;
INSERT INTO s_mt.t_class_attr(ck_id, ck_class, ck_attr, cv_data_type_extra, cv_value, ck_user, ct_change, cl_required) VALUES ('1978', '438', 'getglobal', null, null, '10020785', '2018-07-09T00:00:00.000+0000', 0)  on conflict (ck_id) do update set ck_class = excluded.ck_class, ck_attr = excluded.ck_attr, cv_value = excluded.cv_value, ck_user = excluded.ck_user, ct_change = excluded.ct_change, cl_required = excluded.cl_required;
INSERT INTO s_mt.t_class_attr(ck_id, ck_class, ck_attr, cv_data_type_extra, cv_value, ck_user, ct_change, cl_required) VALUES ('1981', '438', 'getglobaltostore', null, null, '10020785', '2018-07-09T00:00:00.000+0000', 0)  on conflict (ck_id) do update set ck_class = excluded.ck_class, ck_attr = excluded.ck_attr, cv_value = excluded.cv_value, ck_user = excluded.ck_user, ct_change = excluded.ct_change, cl_required = excluded.cl_required;
INSERT INTO s_mt.t_class_attr(ck_id, ck_class, ck_attr, cv_data_type_extra, cv_value, ck_user, ct_change, cl_required) VALUES ('0DF1F3290390475BB00757C29A84C849', '438', 'getmastervalue', null, 'ck_id', '4fd05ca9-3a9e-4d66-82df-886dfa082113', '2020-01-13T00:00:00.000+0000', 1)  on conflict (ck_id) do update set ck_class = excluded.ck_class, ck_attr = excluded.ck_attr, cv_value = excluded.cv_value, ck_user = excluded.ck_user, ct_change = excluded.ct_change, cl_required = excluded.cl_required;
INSERT INTO s_mt.t_class_attr(ck_id, ck_class, ck_attr, cv_data_type_extra, cv_value, ck_user, ct_change, cl_required) VALUES ('1979', '438', 'hiddenrules', null, null, '10020785', '2018-07-09T00:00:00.000+0000', 0)  on conflict (ck_id) do update set ck_class = excluded.ck_class, ck_attr = excluded.ck_attr, cv_value = excluded.cv_value, ck_user = excluded.ck_user, ct_change = excluded.ct_change, cl_required = excluded.cl_required;
INSERT INTO s_mt.t_class_attr(ck_id, ck_class, ck_attr, cv_data_type_extra, cv_value, ck_user, ct_change, cl_required) VALUES ('9AD59913E5FA4EFB83EBFDE68A0B1229', '438', 'idproperty', null, 'ck_id', '4fd05ca9-3a9e-4d66-82df-886dfa082113', '2020-01-14T00:00:00.000+0000', 1)  on conflict (ck_id) do update set ck_class = excluded.ck_class, ck_attr = excluded.ck_attr, cv_value = excluded.cv_value, ck_user = excluded.ck_user, ct_change = excluded.ct_change, cl_required = excluded.cl_required;
INSERT INTO s_mt.t_class_attr(ck_id, ck_class, ck_attr, cv_data_type_extra, cv_value, ck_user, ct_change, cl_required) VALUES ('10195', '438', 'readonlyrules', null, null, '10020785', '2018-09-02T00:00:00.000+0000', 0)  on conflict (ck_id) do update set ck_class = excluded.ck_class, ck_attr = excluded.ck_attr, cv_value = excluded.cv_value, ck_user = excluded.ck_user, ct_change = excluded.ct_change, cl_required = excluded.cl_required;
INSERT INTO s_mt.t_class_attr(ck_id, ck_class, ck_attr, cv_data_type_extra, cv_value, ck_user, ct_change, cl_required) VALUES ('1977', '438', 'setglobal', null, null, '10020785', '2018-07-09T00:00:00.000+0000', 0)  on conflict (ck_id) do update set ck_class = excluded.ck_class, ck_attr = excluded.ck_attr, cv_value = excluded.cv_value, ck_user = excluded.ck_user, ct_change = excluded.ct_change, cl_required = excluded.cl_required;
INSERT INTO s_mt.t_class_attr(ck_id, ck_class, ck_attr, cv_data_type_extra, cv_value, ck_user, ct_change, cl_required) VALUES ('D0CBE151C23F4BDABE352AE83F0318D5', '438', 'setrecordtoglobal', null, null, '4fd05ca9-3a9e-4d66-82df-886dfa082113', '2020-02-06T00:00:00.000+0000', 0)  on conflict (ck_id) do update set ck_class = excluded.ck_class, ck_attr = excluded.ck_attr, cv_value = excluded.cv_value, ck_user = excluded.ck_user, ct_change = excluded.ct_change, cl_required = excluded.cl_required;
select pkg_patcher.p_clear_attr('438'::varchar, '["column","disabledrules","getglobal","getglobaltostore","getmastervalue","hiddenrules","idproperty","readonlyrules","setglobal","setrecordtoglobal"]'::jsonb);
INSERT INTO s_mt.t_class(ck_id, cv_name, cv_description, cv_manual_documentation, cv_auto_documentation, cl_final, cl_dataset, ck_user, ct_change) VALUES ('FC278B804F4C4DE6A273C8C4D6F4037D', 'Documentation', 'Контейнер для отображения документации', null, null, 0, 1, '4fd05ca9-3a9e-4d66-82df-886dfa082113', '2020-06-11T12:27:56.854+0000')  on conflict (ck_id) do update set cv_name = excluded.cv_name, cv_description = excluded.cv_description, cv_manual_documentation = excluded.cv_manual_documentation, cv_auto_documentation = excluded.cv_auto_documentation, cl_final = excluded.cl_final, cl_dataset = excluded.cl_dataset, ck_user = excluded.ck_user, ct_change = excluded.ct_change;
INSERT INTO s_mt.t_class_attr(ck_id, ck_class, ck_attr, cv_data_type_extra, cv_value, ck_user, ct_change, cl_required) VALUES ('7465CE4D99124DB1A0E4C30B157A2BCE', 'FC278B804F4C4DE6A273C8C4D6F4037D', 'autoload', null, 'false', '4fd05ca9-3a9e-4d66-82df-886dfa082113', '2020-06-11T12:32:09.400+0000', 0)  on conflict (ck_id) do update set ck_class = excluded.ck_class, ck_attr = excluded.ck_attr, cv_value = excluded.cv_value, ck_user = excluded.ck_user, ct_change = excluded.ct_change, cl_required = excluded.cl_required;
INSERT INTO s_mt.t_class_attr(ck_id, ck_class, ck_attr, cv_data_type_extra, cv_value, ck_user, ct_change, cl_required) VALUES ('A413DCE94BCA41FB9D4C0D746343BDFB', 'FC278B804F4C4DE6A273C8C4D6F4037D', 'defaultvalue', null, '##first##', '4fd05ca9-3a9e-4d66-82df-886dfa082113', '2020-06-11T12:35:41.261+0000', 0)  on conflict (ck_id) do update set ck_class = excluded.ck_class, ck_attr = excluded.ck_attr, cv_value = excluded.cv_value, ck_user = excluded.ck_user, ct_change = excluded.ct_change, cl_required = excluded.cl_required;
INSERT INTO s_mt.t_class_attr(ck_id, ck_class, ck_attr, cv_data_type_extra, cv_value, ck_user, ct_change, cl_required) VALUES ('FF48C7C8E55445CCBA04789096613542', 'FC278B804F4C4DE6A273C8C4D6F4037D', 'disabled', null, 'false', '4fd05ca9-3a9e-4d66-82df-886dfa082113', '2020-06-15T20:03:41.394+0000', 0)  on conflict (ck_id) do update set ck_class = excluded.ck_class, ck_attr = excluded.ck_attr, cv_value = excluded.cv_value, ck_user = excluded.ck_user, ct_change = excluded.ct_change, cl_required = excluded.cl_required;
INSERT INTO s_mt.t_class_attr(ck_id, ck_class, ck_attr, cv_data_type_extra, cv_value, ck_user, ct_change, cl_required) VALUES ('D3DCC88692E040EF9E6E2D4209B10F6D', 'FC278B804F4C4DE6A273C8C4D6F4037D', 'disabledrules', null, null, '4fd05ca9-3a9e-4d66-82df-886dfa082113', '2020-06-15T20:03:46.391+0000', 0)  on conflict (ck_id) do update set ck_class = excluded.ck_class, ck_attr = excluded.ck_attr, cv_value = excluded.cv_value, ck_user = excluded.ck_user, ct_change = excluded.ct_change, cl_required = excluded.cl_required;
INSERT INTO s_mt.t_class_attr(ck_id, ck_class, ck_attr, cv_data_type_extra, cv_value, ck_user, ct_change, cl_required) VALUES ('D17CA871C27A45529DD32C695397B4A0', 'FC278B804F4C4DE6A273C8C4D6F4037D', 'hidden', null, 'false', '4fd05ca9-3a9e-4d66-82df-886dfa082113', '2020-06-15T20:03:35.711+0000', 0)  on conflict (ck_id) do update set ck_class = excluded.ck_class, ck_attr = excluded.ck_attr, cv_value = excluded.cv_value, ck_user = excluded.ck_user, ct_change = excluded.ct_change, cl_required = excluded.cl_required;
INSERT INTO s_mt.t_class_attr(ck_id, ck_class, ck_attr, cv_data_type_extra, cv_value, ck_user, ct_change, cl_required) VALUES ('617F091F61914925BD8AD34942DA6DFE', 'FC278B804F4C4DE6A273C8C4D6F4037D', 'hiddenrules', null, null, '4fd05ca9-3a9e-4d66-82df-886dfa082113', '2020-06-15T20:00:30.463+0000', 0)  on conflict (ck_id) do update set ck_class = excluded.ck_class, ck_attr = excluded.ck_attr, cv_value = excluded.cv_value, ck_user = excluded.ck_user, ct_change = excluded.ct_change, cl_required = excluded.cl_required;
INSERT INTO s_mt.t_class_attr(ck_id, ck_class, ck_attr, cv_data_type_extra, cv_value, ck_user, ct_change, cl_required) VALUES ('3229B730C39042BDB05BE67AE105CC9D', 'FC278B804F4C4DE6A273C8C4D6F4037D', 'type', null, 'DOCUMENTATION', '4fd05ca9-3a9e-4d66-82df-886dfa082113', '2020-06-11T11:56:14.191+0000', 0)  on conflict (ck_id) do update set ck_class = excluded.ck_class, ck_attr = excluded.ck_attr, cv_value = excluded.cv_value, ck_user = excluded.ck_user, ct_change = excluded.ct_change, cl_required = excluded.cl_required;
select pkg_patcher.p_clear_attr('FC278B804F4C4DE6A273C8C4D6F4037D'::varchar, '["autoload","defaultvalue","disabled","disabledrules","hidden","hiddenrules","type"]'::jsonb);
INSERT INTO s_mt.t_class(ck_id, cv_name, cv_description, cv_manual_documentation, cv_auto_documentation, cl_final, cl_dataset, ck_user, ct_change) VALUES ('4457', 'Empty Space', 'Пустое пространство (для выравнивания элементов)', null, null, 1, 0, '4fd05ca9-3a9e-4d66-82df-886dfa082113', '2019-10-31T00:00:00.000+0000')  on conflict (ck_id) do update set cv_name = excluded.cv_name, cv_description = excluded.cv_description, cv_manual_documentation = excluded.cv_manual_documentation, cv_auto_documentation = excluded.cv_auto_documentation, cl_final = excluded.cl_final, cl_dataset = excluded.cl_dataset, ck_user = excluded.ck_user, ct_change = excluded.ct_change;
INSERT INTO s_mt.t_class_attr(ck_id, ck_class, ck_attr, cv_data_type_extra, cv_value, ck_user, ct_change, cl_required) VALUES ('5DEE50EEE8144BD9A2FA58D9B2D3CA57', '4457', 'height', null, null, '4fd05ca9-3a9e-4d66-82df-886dfa082113', '2019-12-26T00:00:00.000+0000', 0)  on conflict (ck_id) do update set ck_class = excluded.ck_class, ck_attr = excluded.ck_attr, cv_value = excluded.cv_value, ck_user = excluded.ck_user, ct_change = excluded.ct_change, cl_required = excluded.cl_required;
INSERT INTO s_mt.t_class_attr(ck_id, ck_class, ck_attr, cv_data_type_extra, cv_value, ck_user, ct_change, cl_required) VALUES ('26170', '4457', 'hiddenrules', null, null, '10020785', '2018-10-07T00:00:00.000+0000', 0)  on conflict (ck_id) do update set ck_class = excluded.ck_class, ck_attr = excluded.ck_attr, cv_value = excluded.cv_value, ck_user = excluded.ck_user, ct_change = excluded.ct_change, cl_required = excluded.cl_required;
INSERT INTO s_mt.t_class_attr(ck_id, ck_class, ck_attr, cv_data_type_extra, cv_value, ck_user, ct_change, cl_required) VALUES ('26172', '4457', 'type', null, 'EMPTY_SPACE', '10020785', '2018-10-07T00:00:00.000+0000', 1)  on conflict (ck_id) do update set ck_class = excluded.ck_class, ck_attr = excluded.ck_attr, cv_value = excluded.cv_value, ck_user = excluded.ck_user, ct_change = excluded.ct_change, cl_required = excluded.cl_required;
INSERT INTO s_mt.t_class_attr(ck_id, ck_class, ck_attr, cv_data_type_extra, cv_value, ck_user, ct_change, cl_required) VALUES ('26169', '4457', 'width', null, null, '10020785', '2018-10-07T00:00:00.000+0000', 0)  on conflict (ck_id) do update set ck_class = excluded.ck_class, ck_attr = excluded.ck_attr, cv_value = excluded.cv_value, ck_user = excluded.ck_user, ct_change = excluded.ct_change, cl_required = excluded.cl_required;
select pkg_patcher.p_clear_attr('4457'::varchar, '["height","hiddenrules","type","width"]'::jsonb);
INSERT INTO s_mt.t_class(ck_id, cv_name, cv_description, cv_manual_documentation, cv_auto_documentation, cl_final, cl_dataset, ck_user, ct_change) VALUES ('C0D39ADC290C40B3AF7AB27171051C9F', 'Favorite Pages', 'Избранные страницы', null, null, 1, 0, '4fd05ca9-3a9e-4d66-82df-886dfa082113', '2019-10-23T00:00:00.000+0000')  on conflict (ck_id) do update set cv_name = excluded.cv_name, cv_description = excluded.cv_description, cv_manual_documentation = excluded.cv_manual_documentation, cv_auto_documentation = excluded.cv_auto_documentation, cl_final = excluded.cl_final, cl_dataset = excluded.cl_dataset, ck_user = excluded.ck_user, ct_change = excluded.ct_change;
INSERT INTO s_mt.t_class_attr(ck_id, ck_class, ck_attr, cv_data_type_extra, cv_value, ck_user, ct_change, cl_required) VALUES ('CA6124CDA9F74EFE88BFBD95FBF3941B', 'C0D39ADC290C40B3AF7AB27171051C9F', 'type', null, 'FAVORITE_PAGES', '4fd05ca9-3a9e-4d66-82df-886dfa082113', '2019-10-23T00:00:00.000+0000', 1)  on conflict (ck_id) do update set ck_class = excluded.ck_class, ck_attr = excluded.ck_attr, cv_value = excluded.cv_value, ck_user = excluded.ck_user, ct_change = excluded.ct_change, cl_required = excluded.cl_required;
select pkg_patcher.p_clear_attr('C0D39ADC290C40B3AF7AB27171051C9F'::varchar, '["type"]'::jsonb);
INSERT INTO s_mt.t_class(ck_id, cv_name, cv_description, cv_manual_documentation, cv_auto_documentation, cl_final, cl_dataset, ck_user, ct_change) VALUES ('DA77FDDE896F48909B19EBB516326D33', 'Field CSS measure', 'Поле "CSS значение"', null, null, 0, 0, '4fd05ca9-3a9e-4d66-82df-886dfa082113', '2020-06-03T13:46:09.897+0000')  on conflict (ck_id) do update set cv_name = excluded.cv_name, cv_description = excluded.cv_description, cv_manual_documentation = excluded.cv_manual_documentation, cv_auto_documentation = excluded.cv_auto_documentation, cl_final = excluded.cl_final, cl_dataset = excluded.cl_dataset, ck_user = excluded.ck_user, ct_change = excluded.ct_change;
INSERT INTO s_mt.t_class_attr(ck_id, ck_class, ck_attr, cv_data_type_extra, cv_value, ck_user, ct_change, cl_required) VALUES ('3BA99C59B1F04C21A012503047EA2AC3', 'DA77FDDE896F48909B19EBB516326D33', 'activerules', null, null, '4fd05ca9-3a9e-4d66-82df-886dfa082113', '2020-06-03T13:52:01.017+0000', 0)  on conflict (ck_id) do update set ck_class = excluded.ck_class, ck_attr = excluded.ck_attr, cv_value = excluded.cv_value, ck_user = excluded.ck_user, ct_change = excluded.ct_change, cl_required = excluded.cl_required;
INSERT INTO s_mt.t_class_attr(ck_id, ck_class, ck_attr, cv_data_type_extra, cv_value, ck_user, ct_change, cl_required) VALUES ('C068DBB3C2E64DF79B04F1B5D5769E5B', 'DA77FDDE896F48909B19EBB516326D33', 'column', null, null, '4fd05ca9-3a9e-4d66-82df-886dfa082113', '2020-06-03T13:46:45.368+0000', 0)  on conflict (ck_id) do update set ck_class = excluded.ck_class, ck_attr = excluded.ck_attr, cv_value = excluded.cv_value, ck_user = excluded.ck_user, ct_change = excluded.ct_change, cl_required = excluded.cl_required;
INSERT INTO s_mt.t_class_attr(ck_id, ck_class, ck_attr, cv_data_type_extra, cv_value, ck_user, ct_change, cl_required) VALUES ('67D4F55D9719461C891F0CE6D129C067', 'DA77FDDE896F48909B19EBB516326D33', 'datatype', null, 'cssmeasure', '4fd05ca9-3a9e-4d66-82df-886dfa082113', '2020-06-03T13:46:33.384+0000', 0)  on conflict (ck_id) do update set ck_class = excluded.ck_class, ck_attr = excluded.ck_attr, cv_value = excluded.cv_value, ck_user = excluded.ck_user, ct_change = excluded.ct_change, cl_required = excluded.cl_required;
INSERT INTO s_mt.t_class_attr(ck_id, ck_class, ck_attr, cv_data_type_extra, cv_value, ck_user, ct_change, cl_required) VALUES ('763DCEECD49E488498F210031A94ECA1', 'DA77FDDE896F48909B19EBB516326D33', 'disabled', null, 'false', '4fd05ca9-3a9e-4d66-82df-886dfa082113', '2020-06-03T13:47:02.845+0000', 0)  on conflict (ck_id) do update set ck_class = excluded.ck_class, ck_attr = excluded.ck_attr, cv_value = excluded.cv_value, ck_user = excluded.ck_user, ct_change = excluded.ct_change, cl_required = excluded.cl_required;
INSERT INTO s_mt.t_class_attr(ck_id, ck_class, ck_attr, cv_data_type_extra, cv_value, ck_user, ct_change, cl_required) VALUES ('FFE8EE386F50490B843C202C4A58036D', 'DA77FDDE896F48909B19EBB516326D33', 'disabledrules', null, null, '4fd05ca9-3a9e-4d66-82df-886dfa082113', '2020-06-03T13:47:06.910+0000', 0)  on conflict (ck_id) do update set ck_class = excluded.ck_class, ck_attr = excluded.ck_attr, cv_value = excluded.cv_value, ck_user = excluded.ck_user, ct_change = excluded.ct_change, cl_required = excluded.cl_required;
INSERT INTO s_mt.t_class_attr(ck_id, ck_class, ck_attr, cv_data_type_extra, cv_value, ck_user, ct_change, cl_required) VALUES ('B3184CF3DFC14FAF8C60000B722A3447', 'DA77FDDE896F48909B19EBB516326D33', 'hidden', null, 'false', '4fd05ca9-3a9e-4d66-82df-886dfa082113', '2020-06-03T13:46:51.268+0000', 0)  on conflict (ck_id) do update set ck_class = excluded.ck_class, ck_attr = excluded.ck_attr, cv_value = excluded.cv_value, ck_user = excluded.ck_user, ct_change = excluded.ct_change, cl_required = excluded.cl_required;
INSERT INTO s_mt.t_class_attr(ck_id, ck_class, ck_attr, cv_data_type_extra, cv_value, ck_user, ct_change, cl_required) VALUES ('299E332AB65148E4A2B86265197F1E78', 'DA77FDDE896F48909B19EBB516326D33', 'hiddenrules', null, null, '4fd05ca9-3a9e-4d66-82df-886dfa082113', '2020-06-03T13:46:58.246+0000', 0)  on conflict (ck_id) do update set ck_class = excluded.ck_class, ck_attr = excluded.ck_attr, cv_value = excluded.cv_value, ck_user = excluded.ck_user, ct_change = excluded.ct_change, cl_required = excluded.cl_required;
INSERT INTO s_mt.t_class_attr(ck_id, ck_class, ck_attr, cv_data_type_extra, cv_value, ck_user, ct_change, cl_required) VALUES ('57CB9BBF2609424EA6EC7BCC4BAD3687', 'DA77FDDE896F48909B19EBB516326D33', 'type', null, 'IFIELD', '4fd05ca9-3a9e-4d66-82df-886dfa082113', '2020-06-03T13:46:23.735+0000', 0)  on conflict (ck_id) do update set ck_class = excluded.ck_class, ck_attr = excluded.ck_attr, cv_value = excluded.cv_value, ck_user = excluded.ck_user, ct_change = excluded.ct_change, cl_required = excluded.cl_required;
select pkg_patcher.p_clear_attr('DA77FDDE896F48909B19EBB516326D33'::varchar, '["activerules","column","datatype","disabled","disabledrules","hidden","hiddenrules","type"]'::jsonb);
INSERT INTO s_mt.t_class(ck_id, cv_name, cv_description, cv_manual_documentation, cv_auto_documentation, cl_final, cl_dataset, ck_user, ct_change) VALUES ('29', 'Field Checkbox', 'Поле "Флаг"', null, null, 0, 0, '-11', '2018-02-22T00:00:00.000+0000')  on conflict (ck_id) do update set cv_name = excluded.cv_name, cv_description = excluded.cv_description, cv_manual_documentation = excluded.cv_manual_documentation, cv_auto_documentation = excluded.cv_auto_documentation, cl_final = excluded.cl_final, cl_dataset = excluded.cl_dataset, ck_user = excluded.ck_user, ct_change = excluded.ct_change;
INSERT INTO s_mt.t_class_attr(ck_id, ck_class, ck_attr, cv_data_type_extra, cv_value, ck_user, ct_change, cl_required) VALUES ('DCC39E7A124D465FAF87AB8FE86171E5', '29', 'activerules', null, null, '4fd05ca9-3a9e-4d66-82df-886dfa082113', '2020-04-10T13:22:33.611+0000', 0)  on conflict (ck_id) do update set ck_class = excluded.ck_class, ck_attr = excluded.ck_attr, cv_value = excluded.cv_value, ck_user = excluded.ck_user, ct_change = excluded.ct_change, cl_required = excluded.cl_required;
INSERT INTO s_mt.t_class_attr(ck_id, ck_class, ck_attr, cv_data_type_extra, cv_value, ck_user, ct_change, cl_required) VALUES ('94', '29', 'column', null, null, '10020788', '2018-06-02T00:00:00.000+0000', 0)  on conflict (ck_id) do update set ck_class = excluded.ck_class, ck_attr = excluded.ck_attr, cv_value = excluded.cv_value, ck_user = excluded.ck_user, ct_change = excluded.ct_change, cl_required = excluded.cl_required;
INSERT INTO s_mt.t_class_attr(ck_id, ck_class, ck_attr, cv_data_type_extra, cv_value, ck_user, ct_change, cl_required) VALUES ('101', '29', 'datatype', null, 'checkbox', '10020785', '2018-03-22T00:00:00.000+0000', 1)  on conflict (ck_id) do update set ck_class = excluded.ck_class, ck_attr = excluded.ck_attr, cv_value = excluded.cv_value, ck_user = excluded.ck_user, ct_change = excluded.ct_change, cl_required = excluded.cl_required;
INSERT INTO s_mt.t_class_attr(ck_id, ck_class, ck_attr, cv_data_type_extra, cv_value, ck_user, ct_change, cl_required) VALUES ('869', '29', 'defaultvalue', null, null, '10020785', '2018-03-28T00:00:00.000+0000', 0)  on conflict (ck_id) do update set ck_class = excluded.ck_class, ck_attr = excluded.ck_attr, cv_value = excluded.cv_value, ck_user = excluded.ck_user, ct_change = excluded.ct_change, cl_required = excluded.cl_required;
INSERT INTO s_mt.t_class_attr(ck_id, ck_class, ck_attr, cv_data_type_extra, cv_value, ck_user, ct_change, cl_required) VALUES ('883', '29', 'disabled', null, null, '10020785', '2018-07-09T00:00:00.000+0000', 0)  on conflict (ck_id) do update set ck_class = excluded.ck_class, ck_attr = excluded.ck_attr, cv_value = excluded.cv_value, ck_user = excluded.ck_user, ct_change = excluded.ct_change, cl_required = excluded.cl_required;
INSERT INTO s_mt.t_class_attr(ck_id, ck_class, ck_attr, cv_data_type_extra, cv_value, ck_user, ct_change, cl_required) VALUES ('1253', '29', 'disabledrules', null, null, '10020785', '2018-07-09T00:00:00.000+0000', 0)  on conflict (ck_id) do update set ck_class = excluded.ck_class, ck_attr = excluded.ck_attr, cv_value = excluded.cv_value, ck_user = excluded.ck_user, ct_change = excluded.ct_change, cl_required = excluded.cl_required;
INSERT INTO s_mt.t_class_attr(ck_id, ck_class, ck_attr, cv_data_type_extra, cv_value, ck_user, ct_change, cl_required) VALUES ('40171', '29', 'editmode', null, null, '20785', '2019-01-24T00:00:00.000+0000', 0)  on conflict (ck_id) do update set ck_class = excluded.ck_class, ck_attr = excluded.ck_attr, cv_value = excluded.cv_value, ck_user = excluded.ck_user, ct_change = excluded.ct_change, cl_required = excluded.cl_required;
INSERT INTO s_mt.t_class_attr(ck_id, ck_class, ck_attr, cv_data_type_extra, cv_value, ck_user, ct_change, cl_required) VALUES ('1163', '29', 'getglobal', null, null, '10020785', '2018-07-09T00:00:00.000+0000', 0)  on conflict (ck_id) do update set ck_class = excluded.ck_class, ck_attr = excluded.ck_attr, cv_value = excluded.cv_value, ck_user = excluded.ck_user, ct_change = excluded.ct_change, cl_required = excluded.cl_required;
INSERT INTO s_mt.t_class_attr(ck_id, ck_class, ck_attr, cv_data_type_extra, cv_value, ck_user, ct_change, cl_required) VALUES ('884', '29', 'hidden', null, null, '10020785', '2018-07-09T00:00:00.000+0000', 0)  on conflict (ck_id) do update set ck_class = excluded.ck_class, ck_attr = excluded.ck_attr, cv_value = excluded.cv_value, ck_user = excluded.ck_user, ct_change = excluded.ct_change, cl_required = excluded.cl_required;
INSERT INTO s_mt.t_class_attr(ck_id, ck_class, ck_attr, cv_data_type_extra, cv_value, ck_user, ct_change, cl_required) VALUES ('1297', '29', 'hiddenrules', null, null, '10020785', '2018-07-09T00:00:00.000+0000', 0)  on conflict (ck_id) do update set ck_class = excluded.ck_class, ck_attr = excluded.ck_attr, cv_value = excluded.cv_value, ck_user = excluded.ck_user, ct_change = excluded.ct_change, cl_required = excluded.cl_required;
INSERT INTO s_mt.t_class_attr(ck_id, ck_class, ck_attr, cv_data_type_extra, cv_value, ck_user, ct_change, cl_required) VALUES ('1373', '29', 'info', null, null, '10020785', '2018-07-09T00:00:00.000+0000', 0)  on conflict (ck_id) do update set ck_class = excluded.ck_class, ck_attr = excluded.ck_attr, cv_value = excluded.cv_value, ck_user = excluded.ck_user, ct_change = excluded.ct_change, cl_required = excluded.cl_required;
INSERT INTO s_mt.t_class_attr(ck_id, ck_class, ck_attr, cv_data_type_extra, cv_value, ck_user, ct_change, cl_required) VALUES ('95', '29', 'maxsize', null, null, '10020785', '2018-07-09T00:00:00.000+0000', 0)  on conflict (ck_id) do update set ck_class = excluded.ck_class, ck_attr = excluded.ck_attr, cv_value = excluded.cv_value, ck_user = excluded.ck_user, ct_change = excluded.ct_change, cl_required = excluded.cl_required;
INSERT INTO s_mt.t_class_attr(ck_id, ck_class, ck_attr, cv_data_type_extra, cv_value, ck_user, ct_change, cl_required) VALUES ('96', '29', 'regexp', null, null, '10020785', '2018-07-09T00:00:00.000+0000', 0)  on conflict (ck_id) do update set ck_class = excluded.ck_class, ck_attr = excluded.ck_attr, cv_value = excluded.cv_value, ck_user = excluded.ck_user, ct_change = excluded.ct_change, cl_required = excluded.cl_required;
INSERT INTO s_mt.t_class_attr(ck_id, ck_class, ck_attr, cv_data_type_extra, cv_value, ck_user, ct_change, cl_required) VALUES ('1012', '29', 'reqsel', null, null, '10020785', '2018-09-26T00:00:00.000+0000', 0)  on conflict (ck_id) do update set ck_class = excluded.ck_class, ck_attr = excluded.ck_attr, cv_value = excluded.cv_value, ck_user = excluded.ck_user, ct_change = excluded.ct_change, cl_required = excluded.cl_required;
INSERT INTO s_mt.t_class_attr(ck_id, ck_class, ck_attr, cv_data_type_extra, cv_value, ck_user, ct_change, cl_required) VALUES ('97', '29', 'required', null, null, '10020785', '2018-03-23T00:00:00.000+0000', 0)  on conflict (ck_id) do update set ck_class = excluded.ck_class, ck_attr = excluded.ck_attr, cv_value = excluded.cv_value, ck_user = excluded.ck_user, ct_change = excluded.ct_change, cl_required = excluded.cl_required;
INSERT INTO s_mt.t_class_attr(ck_id, ck_class, ck_attr, cv_data_type_extra, cv_value, ck_user, ct_change, cl_required) VALUES ('43176', '29', 'requiredrules', null, null, '10028610', '2019-02-05T00:00:00.000+0000', 0)  on conflict (ck_id) do update set ck_class = excluded.ck_class, ck_attr = excluded.ck_attr, cv_value = excluded.cv_value, ck_user = excluded.ck_user, ct_change = excluded.ct_change, cl_required = excluded.cl_required;
INSERT INTO s_mt.t_class_attr(ck_id, ck_class, ck_attr, cv_data_type_extra, cv_value, ck_user, ct_change, cl_required) VALUES ('1193', '29', 'setglobal', null, null, '10020785', '2018-09-02T00:00:00.000+0000', 0)  on conflict (ck_id) do update set ck_class = excluded.ck_class, ck_attr = excluded.ck_attr, cv_value = excluded.cv_value, ck_user = excluded.ck_user, ct_change = excluded.ct_change, cl_required = excluded.cl_required;
INSERT INTO s_mt.t_class_attr(ck_id, ck_class, ck_attr, cv_data_type_extra, cv_value, ck_user, ct_change, cl_required) VALUES ('100', '29', 'type', null, 'IFIELD', '10020785', '2018-03-23T00:00:00.000+0000', 1)  on conflict (ck_id) do update set ck_class = excluded.ck_class, ck_attr = excluded.ck_attr, cv_value = excluded.cv_value, ck_user = excluded.ck_user, ct_change = excluded.ct_change, cl_required = excluded.cl_required;
INSERT INTO s_mt.t_class_attr(ck_id, ck_class, ck_attr, cv_data_type_extra, cv_value, ck_user, ct_change, cl_required) VALUES ('1429', '29', 'width', null, null, '10020785', '2018-03-28T00:00:00.000+0000', 0)  on conflict (ck_id) do update set ck_class = excluded.ck_class, ck_attr = excluded.ck_attr, cv_value = excluded.cv_value, ck_user = excluded.ck_user, ct_change = excluded.ct_change, cl_required = excluded.cl_required;
select pkg_patcher.p_clear_attr('29'::varchar, '["activerules","column","datatype","defaultvalue","disabled","disabledrules","editmode","getglobal","hidden","hiddenrules","info","maxsize","regexp","reqsel","required","requiredrules","setglobal","type","width"]'::jsonb);
INSERT INTO s_mt.t_class(ck_id, cv_name, cv_description, cv_manual_documentation, cv_auto_documentation, cl_final, cl_dataset, ck_user, ct_change) VALUES ('15593D209A1D46FC873706F69EE71E7A', 'Field Color', 'Поле "Выбор цвета"', null, null, 0, 0, '4fd05ca9-3a9e-4d66-82df-886dfa082113', '2020-05-20T10:06:11.512+0000')  on conflict (ck_id) do update set cv_name = excluded.cv_name, cv_description = excluded.cv_description, cv_manual_documentation = excluded.cv_manual_documentation, cv_auto_documentation = excluded.cv_auto_documentation, cl_final = excluded.cl_final, cl_dataset = excluded.cl_dataset, ck_user = excluded.ck_user, ct_change = excluded.ct_change;
INSERT INTO s_mt.t_class_attr(ck_id, ck_class, ck_attr, cv_data_type_extra, cv_value, ck_user, ct_change, cl_required) VALUES ('B19D1605EB6F431DB7B7BEB6AF8033CF', '15593D209A1D46FC873706F69EE71E7A', 'column', null, null, '4fd05ca9-3a9e-4d66-82df-886dfa082113', '2020-05-20T10:06:49.770+0000', 0)  on conflict (ck_id) do update set ck_class = excluded.ck_class, ck_attr = excluded.ck_attr, cv_value = excluded.cv_value, ck_user = excluded.ck_user, ct_change = excluded.ct_change, cl_required = excluded.cl_required;
INSERT INTO s_mt.t_class_attr(ck_id, ck_class, ck_attr, cv_data_type_extra, cv_value, ck_user, ct_change, cl_required) VALUES ('4D0D3A4AA56F4D2EBB52A45EDA1CE989', '15593D209A1D46FC873706F69EE71E7A', 'datatype', null, 'color', '4fd05ca9-3a9e-4d66-82df-886dfa082113', '2020-05-20T10:06:42.252+0000', 0)  on conflict (ck_id) do update set ck_class = excluded.ck_class, ck_attr = excluded.ck_attr, cv_value = excluded.cv_value, ck_user = excluded.ck_user, ct_change = excluded.ct_change, cl_required = excluded.cl_required;
INSERT INTO s_mt.t_class_attr(ck_id, ck_class, ck_attr, cv_data_type_extra, cv_value, ck_user, ct_change, cl_required) VALUES ('FDD61DC9EDA648E0A4F9133D8B041350', '15593D209A1D46FC873706F69EE71E7A', 'defaultvalue', null, '#000000', '4fd05ca9-3a9e-4d66-82df-886dfa082113', '2020-05-20T10:18:10.282+0000', 0)  on conflict (ck_id) do update set ck_class = excluded.ck_class, ck_attr = excluded.ck_attr, cv_value = excluded.cv_value, ck_user = excluded.ck_user, ct_change = excluded.ct_change, cl_required = excluded.cl_required;
INSERT INTO s_mt.t_class_attr(ck_id, ck_class, ck_attr, cv_data_type_extra, cv_value, ck_user, ct_change, cl_required) VALUES ('C3640B48DAFD4F7894051683912D66D6', '15593D209A1D46FC873706F69EE71E7A', 'setglobal', null, null, '4fd05ca9-3a9e-4d66-82df-886dfa082113', '2020-05-20T10:07:29.046+0000', 0)  on conflict (ck_id) do update set ck_class = excluded.ck_class, ck_attr = excluded.ck_attr, cv_value = excluded.cv_value, ck_user = excluded.ck_user, ct_change = excluded.ct_change, cl_required = excluded.cl_required;
INSERT INTO s_mt.t_class_attr(ck_id, ck_class, ck_attr, cv_data_type_extra, cv_value, ck_user, ct_change, cl_required) VALUES ('EC6790CF4A1444A9A9B29FF14EBAA88D', '15593D209A1D46FC873706F69EE71E7A', 'type', null, 'IFIELD', '4fd05ca9-3a9e-4d66-82df-886dfa082113', '2020-05-20T10:06:27.813+0000', 1)  on conflict (ck_id) do update set ck_class = excluded.ck_class, ck_attr = excluded.ck_attr, cv_value = excluded.cv_value, ck_user = excluded.ck_user, ct_change = excluded.ct_change, cl_required = excluded.cl_required;
select pkg_patcher.p_clear_attr('15593D209A1D46FC873706F69EE71E7A'::varchar, '["column","datatype","defaultvalue","setglobal","type"]'::jsonb);
INSERT INTO s_mt.t_class(ck_id, cv_name, cv_description, cv_manual_documentation, cv_auto_documentation, cl_final, cl_dataset, ck_user, ct_change) VALUES ('31', 'Field Combobox', 'Поле "Выпадающий список"', null, null, 1, 1, '-11', '2018-02-22T00:00:00.000+0000')  on conflict (ck_id) do update set cv_name = excluded.cv_name, cv_description = excluded.cv_description, cv_manual_documentation = excluded.cv_manual_documentation, cv_auto_documentation = excluded.cv_auto_documentation, cl_final = excluded.cl_final, cl_dataset = excluded.cl_dataset, ck_user = excluded.ck_user, ct_change = excluded.ct_change;
INSERT INTO s_mt.t_class_attr(ck_id, ck_class, ck_attr, cv_data_type_extra, cv_value, ck_user, ct_change, cl_required) VALUES ('1129B00F728948F78D20902F5C01F28A', '31', 'activerules', null, null, '4fd05ca9-3a9e-4d66-82df-886dfa082113', '2019-11-25T00:00:00.000+0000', 0)  on conflict (ck_id) do update set ck_class = excluded.ck_class, ck_attr = excluded.ck_attr, cv_value = excluded.cv_value, ck_user = excluded.ck_user, ct_change = excluded.ct_change, cl_required = excluded.cl_required;
INSERT INTO s_mt.t_class_attr(ck_id, ck_class, ck_attr, cv_data_type_extra, cv_value, ck_user, ct_change, cl_required) VALUES ('752', '31', 'allownew', null, null, '4fd05ca9-3a9e-4d66-82df-886dfa082113', '2019-10-31T00:00:00.000+0000', 0)  on conflict (ck_id) do update set ck_class = excluded.ck_class, ck_attr = excluded.ck_attr, cv_value = excluded.cv_value, ck_user = excluded.ck_user, ct_change = excluded.ct_change, cl_required = excluded.cl_required;
INSERT INTO s_mt.t_class_attr(ck_id, ck_class, ck_attr, cv_data_type_extra, cv_value, ck_user, ct_change, cl_required) VALUES ('570', '31', 'autoload', null, 'true', '10020785', '2018-03-28T00:00:00.000+0000', 0)  on conflict (ck_id) do update set ck_class = excluded.ck_class, ck_attr = excluded.ck_attr, cv_value = excluded.cv_value, ck_user = excluded.ck_user, ct_change = excluded.ct_change, cl_required = excluded.cl_required;
INSERT INTO s_mt.t_class_attr(ck_id, ck_class, ck_attr, cv_data_type_extra, cv_value, ck_user, ct_change, cl_required) VALUES ('120', '31', 'column', null, null, '10020785', '2018-03-28T00:00:00.000+0000', 1)  on conflict (ck_id) do update set ck_class = excluded.ck_class, ck_attr = excluded.ck_attr, cv_value = excluded.cv_value, ck_user = excluded.ck_user, ct_change = excluded.ct_change, cl_required = excluded.cl_required;
INSERT INTO s_mt.t_class_attr(ck_id, ck_class, ck_attr, cv_data_type_extra, cv_value, ck_user, ct_change, cl_required) VALUES ('115', '31', 'datatype', null, 'combo', '10020785', '2018-03-28T00:00:00.000+0000', 1)  on conflict (ck_id) do update set ck_class = excluded.ck_class, ck_attr = excluded.ck_attr, cv_value = excluded.cv_value, ck_user = excluded.ck_user, ct_change = excluded.ct_change, cl_required = excluded.cl_required;
INSERT INTO s_mt.t_class_attr(ck_id, ck_class, ck_attr, cv_data_type_extra, cv_value, ck_user, ct_change, cl_required) VALUES ('870', '31', 'defaultvalue', null, null, '10020785', '2018-07-09T00:00:00.000+0000', 0)  on conflict (ck_id) do update set ck_class = excluded.ck_class, ck_attr = excluded.ck_attr, cv_value = excluded.cv_value, ck_user = excluded.ck_user, ct_change = excluded.ct_change, cl_required = excluded.cl_required;
INSERT INTO s_mt.t_class_attr(ck_id, ck_class, ck_attr, cv_data_type_extra, cv_value, ck_user, ct_change, cl_required) VALUES ('881', '31', 'disabled', null, null, '10020785', '2018-07-09T00:00:00.000+0000', 0)  on conflict (ck_id) do update set ck_class = excluded.ck_class, ck_attr = excluded.ck_attr, cv_value = excluded.cv_value, ck_user = excluded.ck_user, ct_change = excluded.ct_change, cl_required = excluded.cl_required;
INSERT INTO s_mt.t_class_attr(ck_id, ck_class, ck_attr, cv_data_type_extra, cv_value, ck_user, ct_change, cl_required) VALUES ('1255', '31', 'disabledrules', null, null, '10020785', '2018-07-09T00:00:00.000+0000', 0)  on conflict (ck_id) do update set ck_class = excluded.ck_class, ck_attr = excluded.ck_attr, cv_value = excluded.cv_value, ck_user = excluded.ck_user, ct_change = excluded.ct_change, cl_required = excluded.cl_required;
INSERT INTO s_mt.t_class_attr(ck_id, ck_class, ck_attr, cv_data_type_extra, cv_value, ck_user, ct_change, cl_required) VALUES ('125', '31', 'displayfield', null, null, '10020785', '2018-03-28T00:00:00.000+0000', 0)  on conflict (ck_id) do update set ck_class = excluded.ck_class, ck_attr = excluded.ck_attr, cv_value = excluded.cv_value, ck_user = excluded.ck_user, ct_change = excluded.ct_change, cl_required = excluded.cl_required;
INSERT INTO s_mt.t_class_attr(ck_id, ck_class, ck_attr, cv_data_type_extra, cv_value, ck_user, ct_change, cl_required) VALUES ('40172', '31', 'editmode', null, null, '20785', '2019-01-24T00:00:00.000+0000', 0)  on conflict (ck_id) do update set ck_class = excluded.ck_class, ck_attr = excluded.ck_attr, cv_value = excluded.cv_value, ck_user = excluded.ck_user, ct_change = excluded.ct_change, cl_required = excluded.cl_required;
INSERT INTO s_mt.t_class_attr(ck_id, ck_class, ck_attr, cv_data_type_extra, cv_value, ck_user, ct_change, cl_required) VALUES ('1911', '31', 'extraplugingate', null, null, '10020785', '2018-08-27T00:00:00.000+0000', 0)  on conflict (ck_id) do update set ck_class = excluded.ck_class, ck_attr = excluded.ck_attr, cv_value = excluded.cv_value, ck_user = excluded.ck_user, ct_change = excluded.ct_change, cl_required = excluded.cl_required;
INSERT INTO s_mt.t_class_attr(ck_id, ck_class, ck_attr, cv_data_type_extra, cv_value, ck_user, ct_change, cl_required) VALUES ('1165', '31', 'getglobal', null, null, '10020785', '2018-07-09T00:00:00.000+0000', 0)  on conflict (ck_id) do update set ck_class = excluded.ck_class, ck_attr = excluded.ck_attr, cv_value = excluded.cv_value, ck_user = excluded.ck_user, ct_change = excluded.ct_change, cl_required = excluded.cl_required;
INSERT INTO s_mt.t_class_attr(ck_id, ck_class, ck_attr, cv_data_type_extra, cv_value, ck_user, ct_change, cl_required) VALUES ('87BF581B3935242FE053809BA8C0461B', '31', 'getgloballist', null, null, '20785', '2019-05-16T00:00:00.000+0000', 0)  on conflict (ck_id) do update set ck_class = excluded.ck_class, ck_attr = excluded.ck_attr, cv_value = excluded.cv_value, ck_user = excluded.ck_user, ct_change = excluded.ct_change, cl_required = excluded.cl_required;
INSERT INTO s_mt.t_class_attr(ck_id, ck_class, ck_attr, cv_data_type_extra, cv_value, ck_user, ct_change, cl_required) VALUES ('1219', '31', 'getglobaltostore', null, null, '10020785', '2018-07-09T00:00:00.000+0000', 0)  on conflict (ck_id) do update set ck_class = excluded.ck_class, ck_attr = excluded.ck_attr, cv_value = excluded.cv_value, ck_user = excluded.ck_user, ct_change = excluded.ct_change, cl_required = excluded.cl_required;
INSERT INTO s_mt.t_class_attr(ck_id, ck_class, ck_attr, cv_data_type_extra, cv_value, ck_user, ct_change, cl_required) VALUES ('65C845B10E1E4E9EA72779C5DDF5E88F', '31', 'getmastervalue', null, 'ck_id', '4fd05ca9-3a9e-4d66-82df-886dfa082113', '2020-01-13T00:00:00.000+0000', 1)  on conflict (ck_id) do update set ck_class = excluded.ck_class, ck_attr = excluded.ck_attr, cv_value = excluded.cv_value, ck_user = excluded.ck_user, ct_change = excluded.ct_change, cl_required = excluded.cl_required;
INSERT INTO s_mt.t_class_attr(ck_id, ck_class, ck_attr, cv_data_type_extra, cv_value, ck_user, ct_change, cl_required) VALUES ('882', '31', 'hidden', null, null, '10020785', '2018-07-09T00:00:00.000+0000', 0)  on conflict (ck_id) do update set ck_class = excluded.ck_class, ck_attr = excluded.ck_attr, cv_value = excluded.cv_value, ck_user = excluded.ck_user, ct_change = excluded.ct_change, cl_required = excluded.cl_required;
INSERT INTO s_mt.t_class_attr(ck_id, ck_class, ck_attr, cv_data_type_extra, cv_value, ck_user, ct_change, cl_required) VALUES ('1299', '31', 'hiddenrules', null, null, '10020785', '2018-07-09T00:00:00.000+0000', 0)  on conflict (ck_id) do update set ck_class = excluded.ck_class, ck_attr = excluded.ck_attr, cv_value = excluded.cv_value, ck_user = excluded.ck_user, ct_change = excluded.ct_change, cl_required = excluded.cl_required;
INSERT INTO s_mt.t_class_attr(ck_id, ck_class, ck_attr, cv_data_type_extra, cv_value, ck_user, ct_change, cl_required) VALUES ('861', '31', 'idproperty', null, 'ck_id', '4fd05ca9-3a9e-4d66-82df-886dfa082113', '2020-01-14T00:00:00.000+0000', 1)  on conflict (ck_id) do update set ck_class = excluded.ck_class, ck_attr = excluded.ck_attr, cv_value = excluded.cv_value, ck_user = excluded.ck_user, ct_change = excluded.ct_change, cl_required = excluded.cl_required;
INSERT INTO s_mt.t_class_attr(ck_id, ck_class, ck_attr, cv_data_type_extra, cv_value, ck_user, ct_change, cl_required) VALUES ('1375', '31', 'info', null, null, '10020785', '2018-03-28T00:00:00.000+0000', 0)  on conflict (ck_id) do update set ck_class = excluded.ck_class, ck_attr = excluded.ck_attr, cv_value = excluded.cv_value, ck_user = excluded.ck_user, ct_change = excluded.ct_change, cl_required = excluded.cl_required;
INSERT INTO s_mt.t_class_attr(ck_id, ck_class, ck_attr, cv_data_type_extra, cv_value, ck_user, ct_change, cl_required) VALUES ('DD92D2006CC84B44803C2DF03D532C5D', '31', 'localization', null, null, '4fd05ca9-3a9e-4d66-82df-886dfa082113', '2019-12-12T00:00:00.000+0000', 0)  on conflict (ck_id) do update set ck_class = excluded.ck_class, ck_attr = excluded.ck_attr, cv_value = excluded.cv_value, ck_user = excluded.ck_user, ct_change = excluded.ct_change, cl_required = excluded.cl_required;
INSERT INTO s_mt.t_class_attr(ck_id, ck_class, ck_attr, cv_data_type_extra, cv_value, ck_user, ct_change, cl_required) VALUES ('121', '31', 'maxsize', null, '60', '10020785', '2018-03-28T00:00:00.000+0000', 0)  on conflict (ck_id) do update set ck_class = excluded.ck_class, ck_attr = excluded.ck_attr, cv_value = excluded.cv_value, ck_user = excluded.ck_user, ct_change = excluded.ct_change, cl_required = excluded.cl_required;
INSERT INTO s_mt.t_class_attr(ck_id, ck_class, ck_attr, cv_data_type_extra, cv_value, ck_user, ct_change, cl_required) VALUES ('1949', '31', 'minchars', null, '1', '10020785', '2018-07-09T00:00:00.000+0000', 0)  on conflict (ck_id) do update set ck_class = excluded.ck_class, ck_attr = excluded.ck_attr, cv_value = excluded.cv_value, ck_user = excluded.ck_user, ct_change = excluded.ct_change, cl_required = excluded.cl_required;
INSERT INTO s_mt.t_class_attr(ck_id, ck_class, ck_attr, cv_data_type_extra, cv_value, ck_user, ct_change, cl_required) VALUES ('819', '31', 'noglobalmask', null, 'true', '10020785', '2018-07-09T00:00:00.000+0000', 0)  on conflict (ck_id) do update set ck_class = excluded.ck_class, ck_attr = excluded.ck_attr, cv_value = excluded.cv_value, ck_user = excluded.ck_user, ct_change = excluded.ct_change, cl_required = excluded.cl_required;
INSERT INTO s_mt.t_class_attr(ck_id, ck_class, ck_attr, cv_data_type_extra, cv_value, ck_user, ct_change, cl_required) VALUES ('D845665B78644DEFA765D5CC3D697DF8', '31', 'orderdirection', null, 'ASC', '4fd05ca9-3a9e-4d66-82df-886dfa082113', '2019-12-12T00:00:00.000+0000', 0)  on conflict (ck_id) do update set ck_class = excluded.ck_class, ck_attr = excluded.ck_attr, cv_value = excluded.cv_value, ck_user = excluded.ck_user, ct_change = excluded.ct_change, cl_required = excluded.cl_required;
INSERT INTO s_mt.t_class_attr(ck_id, ck_class, ck_attr, cv_data_type_extra, cv_value, ck_user, ct_change, cl_required) VALUES ('75C2434DDBE24BE99CE9C4AEE0A01812', '31', 'orderproperty', null, null, '4fd05ca9-3a9e-4d66-82df-886dfa082113', '2019-12-12T00:00:00.000+0000', 0)  on conflict (ck_id) do update set ck_class = excluded.ck_class, ck_attr = excluded.ck_attr, cv_value = excluded.cv_value, ck_user = excluded.ck_user, ct_change = excluded.ct_change, cl_required = excluded.cl_required;
INSERT INTO s_mt.t_class_attr(ck_id, ck_class, ck_attr, cv_data_type_extra, cv_value, ck_user, ct_change, cl_required) VALUES ('913', '31', 'pagesize', null, null, '10020785', '2018-07-09T00:00:00.000+0000', 0)  on conflict (ck_id) do update set ck_class = excluded.ck_class, ck_attr = excluded.ck_attr, cv_value = excluded.cv_value, ck_user = excluded.ck_user, ct_change = excluded.ct_change, cl_required = excluded.cl_required;
INSERT INTO s_mt.t_class_attr(ck_id, ck_class, ck_attr, cv_data_type_extra, cv_value, ck_user, ct_change, cl_required) VALUES ('860', '31', 'querydelay', null, '1', '10020785', '2018-07-09T00:00:00.000+0000', 0)  on conflict (ck_id) do update set ck_class = excluded.ck_class, ck_attr = excluded.ck_attr, cv_value = excluded.cv_value, ck_user = excluded.ck_user, ct_change = excluded.ct_change, cl_required = excluded.cl_required;
INSERT INTO s_mt.t_class_attr(ck_id, ck_class, ck_attr, cv_data_type_extra, cv_value, ck_user, ct_change, cl_required) VALUES ('127', '31', 'querymode', null, 'local', '4fd05ca9-3a9e-4d66-82df-886dfa082113', '2020-06-17T13:49:58.887+0000', 0)  on conflict (ck_id) do update set ck_class = excluded.ck_class, ck_attr = excluded.ck_attr, cv_value = excluded.cv_value, ck_user = excluded.ck_user, ct_change = excluded.ct_change, cl_required = excluded.cl_required;
INSERT INTO s_mt.t_class_attr(ck_id, ck_class, ck_attr, cv_data_type_extra, cv_value, ck_user, ct_change, cl_required) VALUES ('863', '31', 'queryparam', null, null, '10020785', '2018-07-09T00:00:00.000+0000', 0)  on conflict (ck_id) do update set ck_class = excluded.ck_class, ck_attr = excluded.ck_attr, cv_value = excluded.cv_value, ck_user = excluded.ck_user, ct_change = excluded.ct_change, cl_required = excluded.cl_required;
INSERT INTO s_mt.t_class_attr(ck_id, ck_class, ck_attr, cv_data_type_extra, cv_value, ck_user, ct_change, cl_required) VALUES ('05EC92721264431DBE89B8C3B7A53C85', '31', 'records', null, null, '4fd05ca9-3a9e-4d66-82df-886dfa082113', '2019-12-13T00:00:00.000+0000', 0)  on conflict (ck_id) do update set ck_class = excluded.ck_class, ck_attr = excluded.ck_attr, cv_value = excluded.cv_value, ck_user = excluded.ck_user, ct_change = excluded.ct_change, cl_required = excluded.cl_required;
INSERT INTO s_mt.t_class_attr(ck_id, ck_class, ck_attr, cv_data_type_extra, cv_value, ck_user, ct_change, cl_required) VALUES ('122', '31', 'regexp', null, null, '10020785', '2018-09-02T00:00:00.000+0000', 0)  on conflict (ck_id) do update set ck_class = excluded.ck_class, ck_attr = excluded.ck_attr, cv_value = excluded.cv_value, ck_user = excluded.ck_user, ct_change = excluded.ct_change, cl_required = excluded.cl_required;
INSERT INTO s_mt.t_class_attr(ck_id, ck_class, ck_attr, cv_data_type_extra, cv_value, ck_user, ct_change, cl_required) VALUES ('1013', '31', 'reqsel', null, null, '10020785', '2018-07-09T00:00:00.000+0000', 0)  on conflict (ck_id) do update set ck_class = excluded.ck_class, ck_attr = excluded.ck_attr, cv_value = excluded.cv_value, ck_user = excluded.ck_user, ct_change = excluded.ct_change, cl_required = excluded.cl_required;
INSERT INTO s_mt.t_class_attr(ck_id, ck_class, ck_attr, cv_data_type_extra, cv_value, ck_user, ct_change, cl_required) VALUES ('123', '31', 'required', null, null, '10020785', '2018-07-09T00:00:00.000+0000', 0)  on conflict (ck_id) do update set ck_class = excluded.ck_class, ck_attr = excluded.ck_attr, cv_value = excluded.cv_value, ck_user = excluded.ck_user, ct_change = excluded.ct_change, cl_required = excluded.cl_required;
INSERT INTO s_mt.t_class_attr(ck_id, ck_class, ck_attr, cv_data_type_extra, cv_value, ck_user, ct_change, cl_required) VALUES ('43177', '31', 'requiredrules', null, null, '10028610', '2019-02-05T00:00:00.000+0000', 0)  on conflict (ck_id) do update set ck_class = excluded.ck_class, ck_attr = excluded.ck_attr, cv_value = excluded.cv_value, ck_user = excluded.ck_user, ct_change = excluded.ct_change, cl_required = excluded.cl_required;
INSERT INTO s_mt.t_class_attr(ck_id, ck_class, ck_attr, cv_data_type_extra, cv_value, ck_user, ct_change, cl_required) VALUES ('1195', '31', 'setglobal', null, null, '10020785', '2018-07-09T00:00:00.000+0000', 0)  on conflict (ck_id) do update set ck_class = excluded.ck_class, ck_attr = excluded.ck_attr, cv_value = excluded.cv_value, ck_user = excluded.ck_user, ct_change = excluded.ct_change, cl_required = excluded.cl_required;
INSERT INTO s_mt.t_class_attr(ck_id, ck_class, ck_attr, cv_data_type_extra, cv_value, ck_user, ct_change, cl_required) VALUES ('0289B3D0F9EC4F87814470CD7637C2A4', '31', 'setrecordtoglobal', null, null, '4fd05ca9-3a9e-4d66-82df-886dfa082113', '2020-02-06T00:00:00.000+0000', 0)  on conflict (ck_id) do update set ck_class = excluded.ck_class, ck_attr = excluded.ck_attr, cv_value = excluded.cv_value, ck_user = excluded.ck_user, ct_change = excluded.ct_change, cl_required = excluded.cl_required;
INSERT INTO s_mt.t_class_attr(ck_id, ck_class, ck_attr, cv_data_type_extra, cv_value, ck_user, ct_change, cl_required) VALUES ('114', '31', 'type', null, 'IFIELD', '10020785', '2018-07-09T00:00:00.000+0000', 1)  on conflict (ck_id) do update set ck_class = excluded.ck_class, ck_attr = excluded.ck_attr, cv_value = excluded.cv_value, ck_user = excluded.ck_user, ct_change = excluded.ct_change, cl_required = excluded.cl_required;
INSERT INTO s_mt.t_class_attr(ck_id, ck_class, ck_attr, cv_data_type_extra, cv_value, ck_user, ct_change, cl_required) VALUES ('126', '31', 'valuefield', null, null, '10020785', '2018-07-09T00:00:00.000+0000', 0)  on conflict (ck_id) do update set ck_class = excluded.ck_class, ck_attr = excluded.ck_attr, cv_value = excluded.cv_value, ck_user = excluded.ck_user, ct_change = excluded.ct_change, cl_required = excluded.cl_required;
INSERT INTO s_mt.t_class_attr(ck_id, ck_class, ck_attr, cv_data_type_extra, cv_value, ck_user, ct_change, cl_required) VALUES ('1053', '31', 'width', null, null, '10020785', '2018-07-09T00:00:00.000+0000', 0)  on conflict (ck_id) do update set ck_class = excluded.ck_class, ck_attr = excluded.ck_attr, cv_value = excluded.cv_value, ck_user = excluded.ck_user, ct_change = excluded.ct_change, cl_required = excluded.cl_required;
select pkg_patcher.p_clear_attr('31'::varchar, '["activerules","allownew","autoload","column","datatype","defaultvalue","disabled","disabledrules","displayfield","editmode","extraplugingate","getglobal","getgloballist","getglobaltostore","getmastervalue","hidden","hiddenrules","idproperty","info","localization","maxsize","minchars","noglobalmask","orderdirection","orderproperty","pagesize","querydelay","querymode","queryparam","records","regexp","reqsel","required","requiredrules","setglobal","setrecordtoglobal","type","valuefield","width"]'::jsonb);
INSERT INTO s_mt.t_class(ck_id, cv_name, cv_description, cv_manual_documentation, cv_auto_documentation, cl_final, cl_dataset, ck_user, ct_change) VALUES ('84599990888B6BCCE053809BA8C00CC8', 'Field Computed', 'Вычислимое поле', null, null, 0, 0, '20785', '2019-03-17T00:00:00.000+0000')  on conflict (ck_id) do update set cv_name = excluded.cv_name, cv_description = excluded.cv_description, cv_manual_documentation = excluded.cv_manual_documentation, cv_auto_documentation = excluded.cv_auto_documentation, cl_final = excluded.cl_final, cl_dataset = excluded.cl_dataset, ck_user = excluded.ck_user, ct_change = excluded.ct_change;
INSERT INTO s_mt.t_class_attr(ck_id, ck_class, ck_attr, cv_data_type_extra, cv_value, ck_user, ct_change, cl_required) VALUES ('CE2FF5005EEF4856803C344F86DA650E', '84599990888B6BCCE053809BA8C00CC8', 'activerules', null, null, '4fd05ca9-3a9e-4d66-82df-886dfa082113', '2020-04-10T13:23:14.727+0000', 0)  on conflict (ck_id) do update set ck_class = excluded.ck_class, ck_attr = excluded.ck_attr, cv_value = excluded.cv_value, ck_user = excluded.ck_user, ct_change = excluded.ct_change, cl_required = excluded.cl_required;
INSERT INTO s_mt.t_class_attr(ck_id, ck_class, ck_attr, cv_data_type_extra, cv_value, ck_user, ct_change, cl_required) VALUES ('846068E856FC60DAE053809BA8C0149C', '84599990888B6BCCE053809BA8C00CC8', 'column', null, null, '20785', '2019-03-17T00:00:00.000+0000', 0)  on conflict (ck_id) do update set ck_class = excluded.ck_class, ck_attr = excluded.ck_attr, cv_value = excluded.cv_value, ck_user = excluded.ck_user, ct_change = excluded.ct_change, cl_required = excluded.cl_required;
INSERT INTO s_mt.t_class_attr(ck_id, ck_class, ck_attr, cv_data_type_extra, cv_value, ck_user, ct_change, cl_required) VALUES ('84595AB4D5C06B95E053809BA8C06D64', '84599990888B6BCCE053809BA8C00CC8', 'datatype', null, 'computed', '20785', '2019-03-17T00:00:00.000+0000', 0)  on conflict (ck_id) do update set ck_class = excluded.ck_class, ck_attr = excluded.ck_attr, cv_value = excluded.cv_value, ck_user = excluded.ck_user, ct_change = excluded.ct_change, cl_required = excluded.cl_required;
INSERT INTO s_mt.t_class_attr(ck_id, ck_class, ck_attr, cv_data_type_extra, cv_value, ck_user, ct_change, cl_required) VALUES ('846060F16DF460F2E053809BA8C0CA26', '84599990888B6BCCE053809BA8C00CC8', 'required', null, null, '20785', '2019-03-17T00:00:00.000+0000', 0)  on conflict (ck_id) do update set ck_class = excluded.ck_class, ck_attr = excluded.ck_attr, cv_value = excluded.cv_value, ck_user = excluded.ck_user, ct_change = excluded.ct_change, cl_required = excluded.cl_required;
INSERT INTO s_mt.t_class_attr(ck_id, ck_class, ck_attr, cv_data_type_extra, cv_value, ck_user, ct_change, cl_required) VALUES ('87A9EF4DBB375226E053809BA8C0E1C2', '84599990888B6BCCE053809BA8C00CC8', 'setglobal', null, null, '20785', '2019-05-16T00:00:00.000+0000', 0)  on conflict (ck_id) do update set ck_class = excluded.ck_class, ck_attr = excluded.ck_attr, cv_value = excluded.cv_value, ck_user = excluded.ck_user, ct_change = excluded.ct_change, cl_required = excluded.cl_required;
INSERT INTO s_mt.t_class_attr(ck_id, ck_class, ck_attr, cv_data_type_extra, cv_value, ck_user, ct_change, cl_required) VALUES ('84599990888C6BCCE053809BA8C00CC8', '84599990888B6BCCE053809BA8C00CC8', 'type', null, 'IFIELD', '20785', '2019-03-17T00:00:00.000+0000', 0)  on conflict (ck_id) do update set ck_class = excluded.ck_class, ck_attr = excluded.ck_attr, cv_value = excluded.cv_value, ck_user = excluded.ck_user, ct_change = excluded.ct_change, cl_required = excluded.cl_required;
INSERT INTO s_mt.t_class_attr(ck_id, ck_class, ck_attr, cv_data_type_extra, cv_value, ck_user, ct_change, cl_required) VALUES ('84599990888D6BCCE053809BA8C00CC8', '84599990888B6BCCE053809BA8C00CC8', 'visible', null, null, '20785', '2019-03-17T00:00:00.000+0000', 0)  on conflict (ck_id) do update set ck_class = excluded.ck_class, ck_attr = excluded.ck_attr, cv_value = excluded.cv_value, ck_user = excluded.ck_user, ct_change = excluded.ct_change, cl_required = excluded.cl_required;
select pkg_patcher.p_clear_attr('84599990888B6BCCE053809BA8C00CC8'::varchar, '["activerules","column","datatype","required","setglobal","type","visible"]'::jsonb);
INSERT INTO s_mt.t_class(ck_id, cv_name, cv_description, cv_manual_documentation, cv_auto_documentation, cl_final, cl_dataset, ck_user, ct_change) VALUES ('197', 'Field Custom Addr', 'Поле поиска адреса', null, null, 1, 0, '-11', '2018-02-22T00:00:00.000+0000')  on conflict (ck_id) do update set cv_name = excluded.cv_name, cv_description = excluded.cv_description, cv_manual_documentation = excluded.cv_manual_documentation, cv_auto_documentation = excluded.cv_auto_documentation, cl_final = excluded.cl_final, cl_dataset = excluded.cl_dataset, ck_user = excluded.ck_user, ct_change = excluded.ct_change;
INSERT INTO s_mt.t_class_attr(ck_id, ck_class, ck_attr, cv_data_type_extra, cv_value, ck_user, ct_change, cl_required) VALUES ('145C377C95AA4857B148017490BFC61F', '197', 'activerules', null, null, '4fd05ca9-3a9e-4d66-82df-886dfa082113', '2020-04-10T13:23:26.532+0000', 0)  on conflict (ck_id) do update set ck_class = excluded.ck_class, ck_attr = excluded.ck_attr, cv_value = excluded.cv_value, ck_user = excluded.ck_user, ct_change = excluded.ct_change, cl_required = excluded.cl_required;
INSERT INTO s_mt.t_class_attr(ck_id, ck_class, ck_attr, cv_data_type_extra, cv_value, ck_user, ct_change, cl_required) VALUES ('811', '197', 'column', null, null, '10020785', '2018-07-09T00:00:00.000+0000', 1)  on conflict (ck_id) do update set ck_class = excluded.ck_class, ck_attr = excluded.ck_attr, cv_value = excluded.cv_value, ck_user = excluded.ck_user, ct_change = excluded.ct_change, cl_required = excluded.cl_required;
INSERT INTO s_mt.t_class_attr(ck_id, ck_class, ck_attr, cv_data_type_extra, cv_value, ck_user, ct_change, cl_required) VALUES ('2069', '197', 'datatype', null, 'addr', '10020785', '2018-04-30T00:00:00.000+0000', 1)  on conflict (ck_id) do update set ck_class = excluded.ck_class, ck_attr = excluded.ck_attr, cv_value = excluded.cv_value, ck_user = excluded.ck_user, ct_change = excluded.ct_change, cl_required = excluded.cl_required;
INSERT INTO s_mt.t_class_attr(ck_id, ck_class, ck_attr, cv_data_type_extra, cv_value, ck_user, ct_change, cl_required) VALUES ('871', '197', 'defaultvalue', null, null, '10020785', '2018-07-09T00:00:00.000+0000', 0)  on conflict (ck_id) do update set ck_class = excluded.ck_class, ck_attr = excluded.ck_attr, cv_value = excluded.cv_value, ck_user = excluded.ck_user, ct_change = excluded.ct_change, cl_required = excluded.cl_required;
INSERT INTO s_mt.t_class_attr(ck_id, ck_class, ck_attr, cv_data_type_extra, cv_value, ck_user, ct_change, cl_required) VALUES ('886', '197', 'disabled', null, null, '10020785', '2018-07-09T00:00:00.000+0000', 0)  on conflict (ck_id) do update set ck_class = excluded.ck_class, ck_attr = excluded.ck_attr, cv_value = excluded.cv_value, ck_user = excluded.ck_user, ct_change = excluded.ct_change, cl_required = excluded.cl_required;
INSERT INTO s_mt.t_class_attr(ck_id, ck_class, ck_attr, cv_data_type_extra, cv_value, ck_user, ct_change, cl_required) VALUES ('1272', '197', 'disabledrules', null, null, '10020785', '2018-07-09T00:00:00.000+0000', 0)  on conflict (ck_id) do update set ck_class = excluded.ck_class, ck_attr = excluded.ck_attr, cv_value = excluded.cv_value, ck_user = excluded.ck_user, ct_change = excluded.ct_change, cl_required = excluded.cl_required;
INSERT INTO s_mt.t_class_attr(ck_id, ck_class, ck_attr, cv_data_type_extra, cv_value, ck_user, ct_change, cl_required) VALUES ('40173', '197', 'editmode', null, null, '20785', '2019-01-24T00:00:00.000+0000', 0)  on conflict (ck_id) do update set ck_class = excluded.ck_class, ck_attr = excluded.ck_attr, cv_value = excluded.cv_value, ck_user = excluded.ck_user, ct_change = excluded.ct_change, cl_required = excluded.cl_required;
INSERT INTO s_mt.t_class_attr(ck_id, ck_class, ck_attr, cv_data_type_extra, cv_value, ck_user, ct_change, cl_required) VALUES ('1173', '197', 'getglobal', null, null, '10020785', '2018-07-09T00:00:00.000+0000', 0)  on conflict (ck_id) do update set ck_class = excluded.ck_class, ck_attr = excluded.ck_attr, cv_value = excluded.cv_value, ck_user = excluded.ck_user, ct_change = excluded.ct_change, cl_required = excluded.cl_required;
INSERT INTO s_mt.t_class_attr(ck_id, ck_class, ck_attr, cv_data_type_extra, cv_value, ck_user, ct_change, cl_required) VALUES ('885', '197', 'hidden', null, null, '10020785', '2018-07-09T00:00:00.000+0000', 0)  on conflict (ck_id) do update set ck_class = excluded.ck_class, ck_attr = excluded.ck_attr, cv_value = excluded.cv_value, ck_user = excluded.ck_user, ct_change = excluded.ct_change, cl_required = excluded.cl_required;
INSERT INTO s_mt.t_class_attr(ck_id, ck_class, ck_attr, cv_data_type_extra, cv_value, ck_user, ct_change, cl_required) VALUES ('1316', '197', 'hiddenrules', null, null, '10020785', '2018-07-09T00:00:00.000+0000', 0)  on conflict (ck_id) do update set ck_class = excluded.ck_class, ck_attr = excluded.ck_attr, cv_value = excluded.cv_value, ck_user = excluded.ck_user, ct_change = excluded.ct_change, cl_required = excluded.cl_required;
INSERT INTO s_mt.t_class_attr(ck_id, ck_class, ck_attr, cv_data_type_extra, cv_value, ck_user, ct_change, cl_required) VALUES ('1383', '197', 'info', null, null, '10020785', '2018-07-09T00:00:00.000+0000', 0)  on conflict (ck_id) do update set ck_class = excluded.ck_class, ck_attr = excluded.ck_attr, cv_value = excluded.cv_value, ck_user = excluded.ck_user, ct_change = excluded.ct_change, cl_required = excluded.cl_required;
INSERT INTO s_mt.t_class_attr(ck_id, ck_class, ck_attr, cv_data_type_extra, cv_value, ck_user, ct_change, cl_required) VALUES ('1014', '197', 'reqsel', null, null, '10020785', '2018-09-02T00:00:00.000+0000', 0)  on conflict (ck_id) do update set ck_class = excluded.ck_class, ck_attr = excluded.ck_attr, cv_value = excluded.cv_value, ck_user = excluded.ck_user, ct_change = excluded.ct_change, cl_required = excluded.cl_required;
INSERT INTO s_mt.t_class_attr(ck_id, ck_class, ck_attr, cv_data_type_extra, cv_value, ck_user, ct_change, cl_required) VALUES ('818', '197', 'required', null, null, '10020785', '2018-07-09T00:00:00.000+0000', 0)  on conflict (ck_id) do update set ck_class = excluded.ck_class, ck_attr = excluded.ck_attr, cv_value = excluded.cv_value, ck_user = excluded.ck_user, ct_change = excluded.ct_change, cl_required = excluded.cl_required;
INSERT INTO s_mt.t_class_attr(ck_id, ck_class, ck_attr, cv_data_type_extra, cv_value, ck_user, ct_change, cl_required) VALUES ('43178', '197', 'requiredrules', null, null, '10028610', '2019-02-05T00:00:00.000+0000', 0)  on conflict (ck_id) do update set ck_class = excluded.ck_class, ck_attr = excluded.ck_attr, cv_value = excluded.cv_value, ck_user = excluded.ck_user, ct_change = excluded.ct_change, cl_required = excluded.cl_required;
INSERT INTO s_mt.t_class_attr(ck_id, ck_class, ck_attr, cv_data_type_extra, cv_value, ck_user, ct_change, cl_required) VALUES ('1203', '197', 'setglobal', null, null, '10020785', '2018-07-09T00:00:00.000+0000', 0)  on conflict (ck_id) do update set ck_class = excluded.ck_class, ck_attr = excluded.ck_attr, cv_value = excluded.cv_value, ck_user = excluded.ck_user, ct_change = excluded.ct_change, cl_required = excluded.cl_required;
INSERT INTO s_mt.t_class_attr(ck_id, ck_class, ck_attr, cv_data_type_extra, cv_value, ck_user, ct_change, cl_required) VALUES ('809', '197', 'type', null, 'CUSTOM', '10020785', '2018-07-09T00:00:00.000+0000', 1)  on conflict (ck_id) do update set ck_class = excluded.ck_class, ck_attr = excluded.ck_attr, cv_value = excluded.cv_value, ck_user = excluded.ck_user, ct_change = excluded.ct_change, cl_required = excluded.cl_required;
INSERT INTO s_mt.t_class_attr(ck_id, ck_class, ck_attr, cv_data_type_extra, cv_value, ck_user, ct_change, cl_required) VALUES ('1495', '197', 'valuefield', null, null, '10020785', '2018-07-09T00:00:00.000+0000', 0)  on conflict (ck_id) do update set ck_class = excluded.ck_class, ck_attr = excluded.ck_attr, cv_value = excluded.cv_value, ck_user = excluded.ck_user, ct_change = excluded.ct_change, cl_required = excluded.cl_required;
INSERT INTO s_mt.t_class_attr(ck_id, ck_class, ck_attr, cv_data_type_extra, cv_value, ck_user, ct_change, cl_required) VALUES ('1430', '197', 'width', null, null, '10020785', '2018-07-09T00:00:00.000+0000', 0)  on conflict (ck_id) do update set ck_class = excluded.ck_class, ck_attr = excluded.ck_attr, cv_value = excluded.cv_value, ck_user = excluded.ck_user, ct_change = excluded.ct_change, cl_required = excluded.cl_required;
select pkg_patcher.p_clear_attr('197'::varchar, '["activerules","column","datatype","defaultvalue","disabled","disabledrules","editmode","getglobal","hidden","hiddenrules","info","reqsel","required","requiredrules","setglobal","type","valuefield","width"]'::jsonb);
INSERT INTO s_mt.t_class(ck_id, cv_name, cv_description, cv_manual_documentation, cv_auto_documentation, cl_final, cl_dataset, ck_user, ct_change) VALUES ('357', 'Field Custom MO', 'Поле выбора объекта обслуживания<br/>', null, null, 0, 0, '20786', '2019-04-01T00:00:00.000+0000')  on conflict (ck_id) do update set cv_name = excluded.cv_name, cv_description = excluded.cv_description, cv_manual_documentation = excluded.cv_manual_documentation, cv_auto_documentation = excluded.cv_auto_documentation, cl_final = excluded.cl_final, cl_dataset = excluded.cl_dataset, ck_user = excluded.ck_user, ct_change = excluded.ct_change;
INSERT INTO s_mt.t_class_attr(ck_id, ck_class, ck_attr, cv_data_type_extra, cv_value, ck_user, ct_change, cl_required) VALUES ('A9B7A6E3DCE24B17B5C3342739C17CAB', '357', 'activerules', null, null, '4fd05ca9-3a9e-4d66-82df-886dfa082113', '2020-04-10T13:24:02.318+0000', 0)  on conflict (ck_id) do update set ck_class = excluded.ck_class, ck_attr = excluded.ck_attr, cv_value = excluded.cv_value, ck_user = excluded.ck_user, ct_change = excluded.ct_change, cl_required = excluded.cl_required;
INSERT INTO s_mt.t_class_attr(ck_id, ck_class, ck_attr, cv_data_type_extra, cv_value, ck_user, ct_change, cl_required) VALUES ('857A4193E2E18F83E053809BA8C07E37', '357', 'childs', null, null, '20786', '2019-03-31T00:00:00.000+0000', 0)  on conflict (ck_id) do update set ck_class = excluded.ck_class, ck_attr = excluded.ck_attr, cv_value = excluded.cv_value, ck_user = excluded.ck_user, ct_change = excluded.ct_change, cl_required = excluded.cl_required;
INSERT INTO s_mt.t_class_attr(ck_id, ck_class, ck_attr, cv_data_type_extra, cv_value, ck_user, ct_change, cl_required) VALUES ('1482', '357', 'column', null, null, '10020785', '2018-07-09T00:00:00.000+0000', 1)  on conflict (ck_id) do update set ck_class = excluded.ck_class, ck_attr = excluded.ck_attr, cv_value = excluded.cv_value, ck_user = excluded.ck_user, ct_change = excluded.ct_change, cl_required = excluded.cl_required;
INSERT INTO s_mt.t_class_attr(ck_id, ck_class, ck_attr, cv_data_type_extra, cv_value, ck_user, ct_change, cl_required) VALUES ('2089', '357', 'datatype', null, 'mo', '10020785', '2018-07-09T00:00:00.000+0000', 1)  on conflict (ck_id) do update set ck_class = excluded.ck_class, ck_attr = excluded.ck_attr, cv_value = excluded.cv_value, ck_user = excluded.ck_user, ct_change = excluded.ct_change, cl_required = excluded.cl_required;
INSERT INTO s_mt.t_class_attr(ck_id, ck_class, ck_attr, cv_data_type_extra, cv_value, ck_user, ct_change, cl_required) VALUES ('1487', '357', 'defaultvalue', null, null, '10020785', '2018-07-09T00:00:00.000+0000', 0)  on conflict (ck_id) do update set ck_class = excluded.ck_class, ck_attr = excluded.ck_attr, cv_value = excluded.cv_value, ck_user = excluded.ck_user, ct_change = excluded.ct_change, cl_required = excluded.cl_required;
INSERT INTO s_mt.t_class_attr(ck_id, ck_class, ck_attr, cv_data_type_extra, cv_value, ck_user, ct_change, cl_required) VALUES ('1479', '357', 'disabled', null, null, '10020785', '2018-07-09T00:00:00.000+0000', 0)  on conflict (ck_id) do update set ck_class = excluded.ck_class, ck_attr = excluded.ck_attr, cv_value = excluded.cv_value, ck_user = excluded.ck_user, ct_change = excluded.ct_change, cl_required = excluded.cl_required;
INSERT INTO s_mt.t_class_attr(ck_id, ck_class, ck_attr, cv_data_type_extra, cv_value, ck_user, ct_change, cl_required) VALUES ('1473', '357', 'disabledrules', null, null, '10020785', '2018-07-09T00:00:00.000+0000', 0)  on conflict (ck_id) do update set ck_class = excluded.ck_class, ck_attr = excluded.ck_attr, cv_value = excluded.cv_value, ck_user = excluded.ck_user, ct_change = excluded.ct_change, cl_required = excluded.cl_required;
INSERT INTO s_mt.t_class_attr(ck_id, ck_class, ck_attr, cv_data_type_extra, cv_value, ck_user, ct_change, cl_required) VALUES ('13196', '357', 'displayfield', null, '{cv_d_mo_name} {cv_address_full} {cv_name}', '10020785', '2018-07-31T00:00:00.000+0000', 1)  on conflict (ck_id) do update set ck_class = excluded.ck_class, ck_attr = excluded.ck_attr, cv_value = excluded.cv_value, ck_user = excluded.ck_user, ct_change = excluded.ct_change, cl_required = excluded.cl_required;
INSERT INTO s_mt.t_class_attr(ck_id, ck_class, ck_attr, cv_data_type_extra, cv_value, ck_user, ct_change, cl_required) VALUES ('40174', '357', 'editmode', null, null, '20785', '2019-01-24T00:00:00.000+0000', 0)  on conflict (ck_id) do update set ck_class = excluded.ck_class, ck_attr = excluded.ck_attr, cv_value = excluded.cv_value, ck_user = excluded.ck_user, ct_change = excluded.ct_change, cl_required = excluded.cl_required;
INSERT INTO s_mt.t_class_attr(ck_id, ck_class, ck_attr, cv_data_type_extra, cv_value, ck_user, ct_change, cl_required) VALUES ('1471', '357', 'getglobal', null, null, '10020785', '2018-07-09T00:00:00.000+0000', 0)  on conflict (ck_id) do update set ck_class = excluded.ck_class, ck_attr = excluded.ck_attr, cv_value = excluded.cv_value, ck_user = excluded.ck_user, ct_change = excluded.ct_change, cl_required = excluded.cl_required;
INSERT INTO s_mt.t_class_attr(ck_id, ck_class, ck_attr, cv_data_type_extra, cv_value, ck_user, ct_change, cl_required) VALUES ('1478', '357', 'hidden', null, null, '10020785', '2018-07-09T00:00:00.000+0000', 0)  on conflict (ck_id) do update set ck_class = excluded.ck_class, ck_attr = excluded.ck_attr, cv_value = excluded.cv_value, ck_user = excluded.ck_user, ct_change = excluded.ct_change, cl_required = excluded.cl_required;
INSERT INTO s_mt.t_class_attr(ck_id, ck_class, ck_attr, cv_data_type_extra, cv_value, ck_user, ct_change, cl_required) VALUES ('1474', '357', 'hiddenrules', null, null, '10020785', '2018-07-09T00:00:00.000+0000', 0)  on conflict (ck_id) do update set ck_class = excluded.ck_class, ck_attr = excluded.ck_attr, cv_value = excluded.cv_value, ck_user = excluded.ck_user, ct_change = excluded.ct_change, cl_required = excluded.cl_required;
INSERT INTO s_mt.t_class_attr(ck_id, ck_class, ck_attr, cv_data_type_extra, cv_value, ck_user, ct_change, cl_required) VALUES ('1475', '357', 'info', null, null, '10020785', '2018-07-09T00:00:00.000+0000', 0)  on conflict (ck_id) do update set ck_class = excluded.ck_class, ck_attr = excluded.ck_attr, cv_value = excluded.cv_value, ck_user = excluded.ck_user, ct_change = excluded.ct_change, cl_required = excluded.cl_required;
INSERT INTO s_mt.t_class_attr(ck_id, ck_class, ck_attr, cv_data_type_extra, cv_value, ck_user, ct_change, cl_required) VALUES ('1480', '357', 'reqsel', null, null, '10020785', '2018-09-02T00:00:00.000+0000', 0)  on conflict (ck_id) do update set ck_class = excluded.ck_class, ck_attr = excluded.ck_attr, cv_value = excluded.cv_value, ck_user = excluded.ck_user, ct_change = excluded.ct_change, cl_required = excluded.cl_required;
INSERT INTO s_mt.t_class_attr(ck_id, ck_class, ck_attr, cv_data_type_extra, cv_value, ck_user, ct_change, cl_required) VALUES ('1470', '357', 'required', null, null, '10020785', '2018-07-09T00:00:00.000+0000', 0)  on conflict (ck_id) do update set ck_class = excluded.ck_class, ck_attr = excluded.ck_attr, cv_value = excluded.cv_value, ck_user = excluded.ck_user, ct_change = excluded.ct_change, cl_required = excluded.cl_required;
INSERT INTO s_mt.t_class_attr(ck_id, ck_class, ck_attr, cv_data_type_extra, cv_value, ck_user, ct_change, cl_required) VALUES ('43179', '357', 'requiredrules', null, null, '10028610', '2019-02-05T00:00:00.000+0000', 0)  on conflict (ck_id) do update set ck_class = excluded.ck_class, ck_attr = excluded.ck_attr, cv_value = excluded.cv_value, ck_user = excluded.ck_user, ct_change = excluded.ct_change, cl_required = excluded.cl_required;
INSERT INTO s_mt.t_class_attr(ck_id, ck_class, ck_attr, cv_data_type_extra, cv_value, ck_user, ct_change, cl_required) VALUES ('1472', '357', 'setglobal', null, null, '10020785', '2018-07-09T00:00:00.000+0000', 0)  on conflict (ck_id) do update set ck_class = excluded.ck_class, ck_attr = excluded.ck_attr, cv_value = excluded.cv_value, ck_user = excluded.ck_user, ct_change = excluded.ct_change, cl_required = excluded.cl_required;
INSERT INTO s_mt.t_class_attr(ck_id, ck_class, ck_attr, cv_data_type_extra, cv_value, ck_user, ct_change, cl_required) VALUES ('1476', '357', 'type', null, 'CUSTOM', '10020785', '2018-07-09T00:00:00.000+0000', 1)  on conflict (ck_id) do update set ck_class = excluded.ck_class, ck_attr = excluded.ck_attr, cv_value = excluded.cv_value, ck_user = excluded.ck_user, ct_change = excluded.ct_change, cl_required = excluded.cl_required;
INSERT INTO s_mt.t_class_attr(ck_id, ck_class, ck_attr, cv_data_type_extra, cv_value, ck_user, ct_change, cl_required) VALUES ('1494', '357', 'valuefield', null, null, '10020785', '2018-07-09T00:00:00.000+0000', 0)  on conflict (ck_id) do update set ck_class = excluded.ck_class, ck_attr = excluded.ck_attr, cv_value = excluded.cv_value, ck_user = excluded.ck_user, ct_change = excluded.ct_change, cl_required = excluded.cl_required;
INSERT INTO s_mt.t_class_attr(ck_id, ck_class, ck_attr, cv_data_type_extra, cv_value, ck_user, ct_change, cl_required) VALUES ('1490', '357', 'width', null, null, '10020785', '2018-07-09T00:00:00.000+0000', 0)  on conflict (ck_id) do update set ck_class = excluded.ck_class, ck_attr = excluded.ck_attr, cv_value = excluded.cv_value, ck_user = excluded.ck_user, ct_change = excluded.ct_change, cl_required = excluded.cl_required;
select pkg_patcher.p_clear_attr('357'::varchar, '["activerules","childs","column","datatype","defaultvalue","disabled","disabledrules","displayfield","editmode","getglobal","hidden","hiddenrules","info","reqsel","required","requiredrules","setglobal","type","valuefield","width"]'::jsonb);
INSERT INTO s_mt.t_class(ck_id, cv_name, cv_description, cv_manual_documentation, cv_auto_documentation, cl_final, cl_dataset, ck_user, ct_change) VALUES ('30', 'Field Date', 'Поле "Дата"', null, null, 0, 0, '-11', '2018-02-22T00:00:00.000+0000')  on conflict (ck_id) do update set cv_name = excluded.cv_name, cv_description = excluded.cv_description, cv_manual_documentation = excluded.cv_manual_documentation, cv_auto_documentation = excluded.cv_auto_documentation, cl_final = excluded.cl_final, cl_dataset = excluded.cl_dataset, ck_user = excluded.ck_user, ct_change = excluded.ct_change;
INSERT INTO s_mt.t_class_attr(ck_id, ck_class, ck_attr, cv_data_type_extra, cv_value, ck_user, ct_change, cl_required) VALUES ('A557528D99484639845EDEB8486C5898', '30', 'activerules', null, null, '4fd05ca9-3a9e-4d66-82df-886dfa082113', '2020-04-10T13:24:08.383+0000', 0)  on conflict (ck_id) do update set ck_class = excluded.ck_class, ck_attr = excluded.ck_attr, cv_value = excluded.cv_value, ck_user = excluded.ck_user, ct_change = excluded.ct_change, cl_required = excluded.cl_required;
INSERT INTO s_mt.t_class_attr(ck_id, ck_class, ck_attr, cv_data_type_extra, cv_value, ck_user, ct_change, cl_required) VALUES ('109', '30', 'column', null, null, '10020785', '2018-03-28T00:00:00.000+0000', 1)  on conflict (ck_id) do update set ck_class = excluded.ck_class, ck_attr = excluded.ck_attr, cv_value = excluded.cv_value, ck_user = excluded.ck_user, ct_change = excluded.ct_change, cl_required = excluded.cl_required;
INSERT INTO s_mt.t_class_attr(ck_id, ck_class, ck_attr, cv_data_type_extra, cv_value, ck_user, ct_change, cl_required) VALUES ('102', '30', 'datatype', null, 'date', '10020785', '2018-03-28T00:00:00.000+0000', 1)  on conflict (ck_id) do update set ck_class = excluded.ck_class, ck_attr = excluded.ck_attr, cv_value = excluded.cv_value, ck_user = excluded.ck_user, ct_change = excluded.ct_change, cl_required = excluded.cl_required;
INSERT INTO s_mt.t_class_attr(ck_id, ck_class, ck_attr, cv_data_type_extra, cv_value, ck_user, ct_change, cl_required) VALUES ('872', '30', 'defaultvalue', null, null, '10020785', '2018-09-26T00:00:00.000+0000', 0)  on conflict (ck_id) do update set ck_class = excluded.ck_class, ck_attr = excluded.ck_attr, cv_value = excluded.cv_value, ck_user = excluded.ck_user, ct_change = excluded.ct_change, cl_required = excluded.cl_required;
INSERT INTO s_mt.t_class_attr(ck_id, ck_class, ck_attr, cv_data_type_extra, cv_value, ck_user, ct_change, cl_required) VALUES ('1751', '30', 'defaultvaluequery', null, null, '10020785', '2018-09-02T00:00:00.000+0000', 0)  on conflict (ck_id) do update set ck_class = excluded.ck_class, ck_attr = excluded.ck_attr, cv_value = excluded.cv_value, ck_user = excluded.ck_user, ct_change = excluded.ct_change, cl_required = excluded.cl_required;
INSERT INTO s_mt.t_class_attr(ck_id, ck_class, ck_attr, cv_data_type_extra, cv_value, ck_user, ct_change, cl_required) VALUES ('888', '30', 'disabled', null, null, '10020785', '2018-07-09T00:00:00.000+0000', 0)  on conflict (ck_id) do update set ck_class = excluded.ck_class, ck_attr = excluded.ck_attr, cv_value = excluded.cv_value, ck_user = excluded.ck_user, ct_change = excluded.ct_change, cl_required = excluded.cl_required;
INSERT INTO s_mt.t_class_attr(ck_id, ck_class, ck_attr, cv_data_type_extra, cv_value, ck_user, ct_change, cl_required) VALUES ('1254', '30', 'disabledrules', null, null, '10020785', '2018-07-09T00:00:00.000+0000', 0)  on conflict (ck_id) do update set ck_class = excluded.ck_class, ck_attr = excluded.ck_attr, cv_value = excluded.cv_value, ck_user = excluded.ck_user, ct_change = excluded.ct_change, cl_required = excluded.cl_required;
INSERT INTO s_mt.t_class_attr(ck_id, ck_class, ck_attr, cv_data_type_extra, cv_value, ck_user, ct_change, cl_required) VALUES ('39182', '30', 'editmode', null, null, '20780', '2019-01-17T00:00:00.000+0000', 0)  on conflict (ck_id) do update set ck_class = excluded.ck_class, ck_attr = excluded.ck_attr, cv_value = excluded.cv_value, ck_user = excluded.ck_user, ct_change = excluded.ct_change, cl_required = excluded.cl_required;
INSERT INTO s_mt.t_class_attr(ck_id, ck_class, ck_attr, cv_data_type_extra, cv_value, ck_user, ct_change, cl_required) VALUES ('104', '30', 'format', null, '3', '10028610', '2019-03-06T00:00:00.000+0000', 1)  on conflict (ck_id) do update set ck_class = excluded.ck_class, ck_attr = excluded.ck_attr, cv_value = excluded.cv_value, ck_user = excluded.ck_user, ct_change = excluded.ct_change, cl_required = excluded.cl_required;
INSERT INTO s_mt.t_class_attr(ck_id, ck_class, ck_attr, cv_data_type_extra, cv_value, ck_user, ct_change, cl_required) VALUES ('1164', '30', 'getglobal', null, null, '10020785', '2018-07-09T00:00:00.000+0000', 0)  on conflict (ck_id) do update set ck_class = excluded.ck_class, ck_attr = excluded.ck_attr, cv_value = excluded.cv_value, ck_user = excluded.ck_user, ct_change = excluded.ct_change, cl_required = excluded.cl_required;
INSERT INTO s_mt.t_class_attr(ck_id, ck_class, ck_attr, cv_data_type_extra, cv_value, ck_user, ct_change, cl_required) VALUES ('887', '30', 'hidden', null, null, '10020785', '2018-07-09T00:00:00.000+0000', 0)  on conflict (ck_id) do update set ck_class = excluded.ck_class, ck_attr = excluded.ck_attr, cv_value = excluded.cv_value, ck_user = excluded.ck_user, ct_change = excluded.ct_change, cl_required = excluded.cl_required;
INSERT INTO s_mt.t_class_attr(ck_id, ck_class, ck_attr, cv_data_type_extra, cv_value, ck_user, ct_change, cl_required) VALUES ('1298', '30', 'hiddenrules', null, null, '10020785', '2018-07-09T00:00:00.000+0000', 0)  on conflict (ck_id) do update set ck_class = excluded.ck_class, ck_attr = excluded.ck_attr, cv_value = excluded.cv_value, ck_user = excluded.ck_user, ct_change = excluded.ct_change, cl_required = excluded.cl_required;
INSERT INTO s_mt.t_class_attr(ck_id, ck_class, ck_attr, cv_data_type_extra, cv_value, ck_user, ct_change, cl_required) VALUES ('1374', '30', 'info', null, null, '10020785', '2018-07-09T00:00:00.000+0000', 0)  on conflict (ck_id) do update set ck_class = excluded.ck_class, ck_attr = excluded.ck_attr, cv_value = excluded.cv_value, ck_user = excluded.ck_user, ct_change = excluded.ct_change, cl_required = excluded.cl_required;
INSERT INTO s_mt.t_class_attr(ck_id, ck_class, ck_attr, cv_data_type_extra, cv_value, ck_user, ct_change, cl_required) VALUES ('86EDB708DD2C42E69A1F54B3A1DC957F', '30', 'maxvalue', null, null, '4fd05ca9-3a9e-4d66-82df-886dfa082113', '2019-11-28T00:00:00.000+0000', 0)  on conflict (ck_id) do update set ck_class = excluded.ck_class, ck_attr = excluded.ck_attr, cv_value = excluded.cv_value, ck_user = excluded.ck_user, ct_change = excluded.ct_change, cl_required = excluded.cl_required;
INSERT INTO s_mt.t_class_attr(ck_id, ck_class, ck_attr, cv_data_type_extra, cv_value, ck_user, ct_change, cl_required) VALUES ('DE935606516C4181921F711F1C84AC77', '30', 'minvalue', null, null, '4fd05ca9-3a9e-4d66-82df-886dfa082113', '2019-11-28T00:00:00.000+0000', 0)  on conflict (ck_id) do update set ck_class = excluded.ck_class, ck_attr = excluded.ck_attr, cv_value = excluded.cv_value, ck_user = excluded.ck_user, ct_change = excluded.ct_change, cl_required = excluded.cl_required;
INSERT INTO s_mt.t_class_attr(ck_id, ck_class, ck_attr, cv_data_type_extra, cv_value, ck_user, ct_change, cl_required) VALUES ('1015', '30', 'reqsel', null, null, '10020785', '2018-09-02T00:00:00.000+0000', 0)  on conflict (ck_id) do update set ck_class = excluded.ck_class, ck_attr = excluded.ck_attr, cv_value = excluded.cv_value, ck_user = excluded.ck_user, ct_change = excluded.ct_change, cl_required = excluded.cl_required;
INSERT INTO s_mt.t_class_attr(ck_id, ck_class, ck_attr, cv_data_type_extra, cv_value, ck_user, ct_change, cl_required) VALUES ('112', '30', 'required', null, 'false', '10020785', '2018-07-09T00:00:00.000+0000', 0)  on conflict (ck_id) do update set ck_class = excluded.ck_class, ck_attr = excluded.ck_attr, cv_value = excluded.cv_value, ck_user = excluded.ck_user, ct_change = excluded.ct_change, cl_required = excluded.cl_required;
INSERT INTO s_mt.t_class_attr(ck_id, ck_class, ck_attr, cv_data_type_extra, cv_value, ck_user, ct_change, cl_required) VALUES ('43180', '30', 'requiredrules', null, null, '10028610', '2019-02-05T00:00:00.000+0000', 0)  on conflict (ck_id) do update set ck_class = excluded.ck_class, ck_attr = excluded.ck_attr, cv_value = excluded.cv_value, ck_user = excluded.ck_user, ct_change = excluded.ct_change, cl_required = excluded.cl_required;
INSERT INTO s_mt.t_class_attr(ck_id, ck_class, ck_attr, cv_data_type_extra, cv_value, ck_user, ct_change, cl_required) VALUES ('1194', '30', 'setglobal', null, null, '10020785', '2018-07-09T00:00:00.000+0000', 0)  on conflict (ck_id) do update set ck_class = excluded.ck_class, ck_attr = excluded.ck_attr, cv_value = excluded.cv_value, ck_user = excluded.ck_user, ct_change = excluded.ct_change, cl_required = excluded.cl_required;
INSERT INTO s_mt.t_class_attr(ck_id, ck_class, ck_attr, cv_data_type_extra, cv_value, ck_user, ct_change, cl_required) VALUES ('103', '30', 'type', null, 'IFIELD', '10020785', '2018-03-28T00:00:00.000+0000', 1)  on conflict (ck_id) do update set ck_class = excluded.ck_class, ck_attr = excluded.ck_attr, cv_value = excluded.cv_value, ck_user = excluded.ck_user, ct_change = excluded.ct_change, cl_required = excluded.cl_required;
INSERT INTO s_mt.t_class_attr(ck_id, ck_class, ck_attr, cv_data_type_extra, cv_value, ck_user, ct_change, cl_required) VALUES ('1431', '30', 'width', null, null, '20780', '2019-01-17T00:00:00.000+0000', 0)  on conflict (ck_id) do update set ck_class = excluded.ck_class, ck_attr = excluded.ck_attr, cv_value = excluded.cv_value, ck_user = excluded.ck_user, ct_change = excluded.ct_change, cl_required = excluded.cl_required;
select pkg_patcher.p_clear_attr('30'::varchar, '["activerules","column","datatype","defaultvalue","defaultvaluequery","disabled","disabledrules","editmode","format","getglobal","hidden","hiddenrules","info","maxvalue","minvalue","reqsel","required","requiredrules","setglobal","type","width"]'::jsonb);
INSERT INTO s_mt.t_class(ck_id, cv_name, cv_description, cv_manual_documentation, cv_auto_documentation, cl_final, cl_dataset, ck_user, ct_change) VALUES ('38', 'Field Grid', 'Поле "Выпадающая таблица"', null, null, 1, 1, '-11', '2018-02-22T00:00:00.000+0000')  on conflict (ck_id) do update set cv_name = excluded.cv_name, cv_description = excluded.cv_description, cv_manual_documentation = excluded.cv_manual_documentation, cv_auto_documentation = excluded.cv_auto_documentation, cl_final = excluded.cl_final, cl_dataset = excluded.cl_dataset, ck_user = excluded.ck_user, ct_change = excluded.ct_change;
INSERT INTO s_mt.t_class_attr(ck_id, ck_class, ck_attr, cv_data_type_extra, cv_value, ck_user, ct_change, cl_required) VALUES ('2E2488F24DB1422AA12F5D9D500E78CE', '38', 'activerules', null, null, '4fd05ca9-3a9e-4d66-82df-886dfa082113', '2020-04-10T13:24:15.634+0000', 0)  on conflict (ck_id) do update set ck_class = excluded.ck_class, ck_attr = excluded.ck_attr, cv_value = excluded.cv_value, ck_user = excluded.ck_user, ct_change = excluded.ct_change, cl_required = excluded.cl_required;
INSERT INTO s_mt.t_class_attr(ck_id, ck_class, ck_attr, cv_data_type_extra, cv_value, ck_user, ct_change, cl_required) VALUES ('571', '38', 'autoload', null, 'true', '10020785', '2018-07-09T00:00:00.000+0000', 0)  on conflict (ck_id) do update set ck_class = excluded.ck_class, ck_attr = excluded.ck_attr, cv_value = excluded.cv_value, ck_user = excluded.ck_user, ct_change = excluded.ct_change, cl_required = excluded.cl_required;
INSERT INTO s_mt.t_class_attr(ck_id, ck_class, ck_attr, cv_data_type_extra, cv_value, ck_user, ct_change, cl_required) VALUES ('1497', '38', 'btnrefresh', null, 'true', '10020785', '2018-07-09T00:00:00.000+0000', 0)  on conflict (ck_id) do update set ck_class = excluded.ck_class, ck_attr = excluded.ck_attr, cv_value = excluded.cv_value, ck_user = excluded.ck_user, ct_change = excluded.ct_change, cl_required = excluded.cl_required;
INSERT INTO s_mt.t_class_attr(ck_id, ck_class, ck_attr, cv_data_type_extra, cv_value, ck_user, ct_change, cl_required) VALUES ('5169', '38', 'collectionvalues', null, null, '10020785', '2018-07-12T00:00:00.000+0000', 0)  on conflict (ck_id) do update set ck_class = excluded.ck_class, ck_attr = excluded.ck_attr, cv_value = excluded.cv_value, ck_user = excluded.ck_user, ct_change = excluded.ct_change, cl_required = excluded.cl_required;
INSERT INTO s_mt.t_class_attr(ck_id, ck_class, ck_attr, cv_data_type_extra, cv_value, ck_user, ct_change, cl_required) VALUES ('297', '38', 'column', null, null, '10020785', '2018-07-09T00:00:00.000+0000', 0)  on conflict (ck_id) do update set ck_class = excluded.ck_class, ck_attr = excluded.ck_attr, cv_value = excluded.cv_value, ck_user = excluded.ck_user, ct_change = excluded.ct_change, cl_required = excluded.cl_required;
INSERT INTO s_mt.t_class_attr(ck_id, ck_class, ck_attr, cv_data_type_extra, cv_value, ck_user, ct_change, cl_required) VALUES ('306', '38', 'columns', null, null, '10020785', '2018-07-09T00:00:00.000+0000', 0)  on conflict (ck_id) do update set ck_class = excluded.ck_class, ck_attr = excluded.ck_attr, cv_value = excluded.cv_value, ck_user = excluded.ck_user, ct_change = excluded.ct_change, cl_required = excluded.cl_required;
INSERT INTO s_mt.t_class_attr(ck_id, ck_class, ck_attr, cv_data_type_extra, cv_value, ck_user, ct_change, cl_required) VALUES ('292', '38', 'datatype', null, 'grid', '10020785', '2018-07-09T00:00:00.000+0000', 1)  on conflict (ck_id) do update set ck_class = excluded.ck_class, ck_attr = excluded.ck_attr, cv_value = excluded.cv_value, ck_user = excluded.ck_user, ct_change = excluded.ct_change, cl_required = excluded.cl_required;
INSERT INTO s_mt.t_class_attr(ck_id, ck_class, ck_attr, cv_data_type_extra, cv_value, ck_user, ct_change, cl_required) VALUES ('873', '38', 'defaultvalue', null, null, '10020785', '2018-07-09T00:00:00.000+0000', 0)  on conflict (ck_id) do update set ck_class = excluded.ck_class, ck_attr = excluded.ck_attr, cv_value = excluded.cv_value, ck_user = excluded.ck_user, ct_change = excluded.ct_change, cl_required = excluded.cl_required;
INSERT INTO s_mt.t_class_attr(ck_id, ck_class, ck_attr, cv_data_type_extra, cv_value, ck_user, ct_change, cl_required) VALUES ('40169', '38', 'detail', null, null, '20785', '2019-01-21T00:00:00.000+0000', 0)  on conflict (ck_id) do update set ck_class = excluded.ck_class, ck_attr = excluded.ck_attr, cv_value = excluded.cv_value, ck_user = excluded.ck_user, ct_change = excluded.ct_change, cl_required = excluded.cl_required;
INSERT INTO s_mt.t_class_attr(ck_id, ck_class, ck_attr, cv_data_type_extra, cv_value, ck_user, ct_change, cl_required) VALUES ('890', '38', 'disabled', null, null, '10020785', '2018-07-09T00:00:00.000+0000', 0)  on conflict (ck_id) do update set ck_class = excluded.ck_class, ck_attr = excluded.ck_attr, cv_value = excluded.cv_value, ck_user = excluded.ck_user, ct_change = excluded.ct_change, cl_required = excluded.cl_required;
INSERT INTO s_mt.t_class_attr(ck_id, ck_class, ck_attr, cv_data_type_extra, cv_value, ck_user, ct_change, cl_required) VALUES ('1261', '38', 'disabledrules', null, null, '10020785', '2018-07-09T00:00:00.000+0000', 0)  on conflict (ck_id) do update set ck_class = excluded.ck_class, ck_attr = excluded.ck_attr, cv_value = excluded.cv_value, ck_user = excluded.ck_user, ct_change = excluded.ct_change, cl_required = excluded.cl_required;
INSERT INTO s_mt.t_class_attr(ck_id, ck_class, ck_attr, cv_data_type_extra, cv_value, ck_user, ct_change, cl_required) VALUES ('362', '38', 'displayfield', null, null, '10020785', '2018-07-09T00:00:00.000+0000', 0)  on conflict (ck_id) do update set ck_class = excluded.ck_class, ck_attr = excluded.ck_attr, cv_value = excluded.cv_value, ck_user = excluded.ck_user, ct_change = excluded.ct_change, cl_required = excluded.cl_required;
INSERT INTO s_mt.t_class_attr(ck_id, ck_class, ck_attr, cv_data_type_extra, cv_value, ck_user, ct_change, cl_required) VALUES ('40176', '38', 'editmode', null, null, '20785', '2019-01-24T00:00:00.000+0000', 0)  on conflict (ck_id) do update set ck_class = excluded.ck_class, ck_attr = excluded.ck_attr, cv_value = excluded.cv_value, ck_user = excluded.ck_user, ct_change = excluded.ct_change, cl_required = excluded.cl_required;
INSERT INTO s_mt.t_class_attr(ck_id, ck_class, ck_attr, cv_data_type_extra, cv_value, ck_user, ct_change, cl_required) VALUES ('1920', '38', 'extraplugingate', null, null, '10020785', '2018-09-03T00:00:00.000+0000', 0)  on conflict (ck_id) do update set ck_class = excluded.ck_class, ck_attr = excluded.ck_attr, cv_value = excluded.cv_value, ck_user = excluded.ck_user, ct_change = excluded.ct_change, cl_required = excluded.cl_required;
INSERT INTO s_mt.t_class_attr(ck_id, ck_class, ck_attr, cv_data_type_extra, cv_value, ck_user, ct_change, cl_required) VALUES ('520', '38', 'filters', null, null, '10020785', '2018-07-09T00:00:00.000+0000', 0)  on conflict (ck_id) do update set ck_class = excluded.ck_class, ck_attr = excluded.ck_attr, cv_value = excluded.cv_value, ck_user = excluded.ck_user, ct_change = excluded.ct_change, cl_required = excluded.cl_required;
INSERT INTO s_mt.t_class_attr(ck_id, ck_class, ck_attr, cv_data_type_extra, cv_value, ck_user, ct_change, cl_required) VALUES ('1186', '38', 'getglobal', null, null, '10020785', '2018-07-09T00:00:00.000+0000', 0)  on conflict (ck_id) do update set ck_class = excluded.ck_class, ck_attr = excluded.ck_attr, cv_value = excluded.cv_value, ck_user = excluded.ck_user, ct_change = excluded.ct_change, cl_required = excluded.cl_required;
INSERT INTO s_mt.t_class_attr(ck_id, ck_class, ck_attr, cv_data_type_extra, cv_value, ck_user, ct_change, cl_required) VALUES ('1228', '38', 'getglobaltostore', null, null, '10020785', '2018-07-09T00:00:00.000+0000', 0)  on conflict (ck_id) do update set ck_class = excluded.ck_class, ck_attr = excluded.ck_attr, cv_value = excluded.cv_value, ck_user = excluded.ck_user, ct_change = excluded.ct_change, cl_required = excluded.cl_required;
INSERT INTO s_mt.t_class_attr(ck_id, ck_class, ck_attr, cv_data_type_extra, cv_value, ck_user, ct_change, cl_required) VALUES ('BF466558447043FE850426E135427CBE', '38', 'getmastervalue', null, 'ck_id', '4fd05ca9-3a9e-4d66-82df-886dfa082113', '2020-01-13T00:00:00.000+0000', 1)  on conflict (ck_id) do update set ck_class = excluded.ck_class, ck_attr = excluded.ck_attr, cv_value = excluded.cv_value, ck_user = excluded.ck_user, ct_change = excluded.ct_change, cl_required = excluded.cl_required;
INSERT INTO s_mt.t_class_attr(ck_id, ck_class, ck_attr, cv_data_type_extra, cv_value, ck_user, ct_change, cl_required) VALUES ('889', '38', 'hidden', null, null, '10020785', '2018-07-09T00:00:00.000+0000', 0)  on conflict (ck_id) do update set ck_class = excluded.ck_class, ck_attr = excluded.ck_attr, cv_value = excluded.cv_value, ck_user = excluded.ck_user, ct_change = excluded.ct_change, cl_required = excluded.cl_required;
INSERT INTO s_mt.t_class_attr(ck_id, ck_class, ck_attr, cv_data_type_extra, cv_value, ck_user, ct_change, cl_required) VALUES ('1305', '38', 'hiddenrules', null, null, '10020785', '2018-07-09T00:00:00.000+0000', 0)  on conflict (ck_id) do update set ck_class = excluded.ck_class, ck_attr = excluded.ck_attr, cv_value = excluded.cv_value, ck_user = excluded.ck_user, ct_change = excluded.ct_change, cl_required = excluded.cl_required;
INSERT INTO s_mt.t_class_attr(ck_id, ck_class, ck_attr, cv_data_type_extra, cv_value, ck_user, ct_change, cl_required) VALUES ('911', '38', 'idproperty', null, 'ck_id', '4fd05ca9-3a9e-4d66-82df-886dfa082113', '2020-01-14T00:00:00.000+0000', 1)  on conflict (ck_id) do update set ck_class = excluded.ck_class, ck_attr = excluded.ck_attr, cv_value = excluded.cv_value, ck_user = excluded.ck_user, ct_change = excluded.ct_change, cl_required = excluded.cl_required;
INSERT INTO s_mt.t_class_attr(ck_id, ck_class, ck_attr, cv_data_type_extra, cv_value, ck_user, ct_change, cl_required) VALUES ('1394', '38', 'info', null, null, '10020785', '2018-07-09T00:00:00.000+0000', 0)  on conflict (ck_id) do update set ck_class = excluded.ck_class, ck_attr = excluded.ck_attr, cv_value = excluded.cv_value, ck_user = excluded.ck_user, ct_change = excluded.ct_change, cl_required = excluded.cl_required;
INSERT INTO s_mt.t_class_attr(ck_id, ck_class, ck_attr, cv_data_type_extra, cv_value, ck_user, ct_change, cl_required) VALUES ('ADE7889ACD7E4AEC9F94FA3E0C243C1F', '38', 'localization', null, null, '4fd05ca9-3a9e-4d66-82df-886dfa082113', '2020-02-25T00:00:00.000+0000', 0)  on conflict (ck_id) do update set ck_class = excluded.ck_class, ck_attr = excluded.ck_attr, cv_value = excluded.cv_value, ck_user = excluded.ck_user, ct_change = excluded.ct_change, cl_required = excluded.cl_required;
INSERT INTO s_mt.t_class_attr(ck_id, ck_class, ck_attr, cv_data_type_extra, cv_value, ck_user, ct_change, cl_required) VALUES ('820', '38', 'noglobalmask', null, 'true', '10020785', '2018-07-09T00:00:00.000+0000', 0)  on conflict (ck_id) do update set ck_class = excluded.ck_class, ck_attr = excluded.ck_attr, cv_value = excluded.cv_value, ck_user = excluded.ck_user, ct_change = excluded.ct_change, cl_required = excluded.cl_required;
INSERT INTO s_mt.t_class_attr(ck_id, ck_class, ck_attr, cv_data_type_extra, cv_value, ck_user, ct_change, cl_required) VALUES ('856', '38', 'orderdirection', null, null, '10020785', '2018-07-09T00:00:00.000+0000', 0)  on conflict (ck_id) do update set ck_class = excluded.ck_class, ck_attr = excluded.ck_attr, cv_value = excluded.cv_value, ck_user = excluded.ck_user, ct_change = excluded.ct_change, cl_required = excluded.cl_required;
INSERT INTO s_mt.t_class_attr(ck_id, ck_class, ck_attr, cv_data_type_extra, cv_value, ck_user, ct_change, cl_required) VALUES ('857', '38', 'orderproperty', null, '1', '10020785', '2018-07-09T00:00:00.000+0000', 0)  on conflict (ck_id) do update set ck_class = excluded.ck_class, ck_attr = excluded.ck_attr, cv_value = excluded.cv_value, ck_user = excluded.ck_user, ct_change = excluded.ct_change, cl_required = excluded.cl_required;
INSERT INTO s_mt.t_class_attr(ck_id, ck_class, ck_attr, cv_data_type_extra, cv_value, ck_user, ct_change, cl_required) VALUES ('363', '38', 'pagesize', null, null, '10020785', '2018-07-09T00:00:00.000+0000', 0)  on conflict (ck_id) do update set ck_class = excluded.ck_class, ck_attr = excluded.ck_attr, cv_value = excluded.cv_value, ck_user = excluded.ck_user, ct_change = excluded.ct_change, cl_required = excluded.cl_required;
INSERT INTO s_mt.t_class_attr(ck_id, ck_class, ck_attr, cv_data_type_extra, cv_value, ck_user, ct_change, cl_required) VALUES ('1662', '38', 'pickerheight', null, null, '10020785', '2018-07-09T00:00:00.000+0000', 0)  on conflict (ck_id) do update set ck_class = excluded.ck_class, ck_attr = excluded.ck_attr, cv_value = excluded.cv_value, ck_user = excluded.ck_user, ct_change = excluded.ct_change, cl_required = excluded.cl_required;
INSERT INTO s_mt.t_class_attr(ck_id, ck_class, ck_attr, cv_data_type_extra, cv_value, ck_user, ct_change, cl_required) VALUES ('1651', '38', 'pickerwidth', null, null, '10020785', '2018-07-09T00:00:00.000+0000', 0)  on conflict (ck_id) do update set ck_class = excluded.ck_class, ck_attr = excluded.ck_attr, cv_value = excluded.cv_value, ck_user = excluded.ck_user, ct_change = excluded.ct_change, cl_required = excluded.cl_required;
INSERT INTO s_mt.t_class_attr(ck_id, ck_class, ck_attr, cv_data_type_extra, cv_value, ck_user, ct_change, cl_required) VALUES ('1017', '38', 'reqsel', null, null, '10020785', '2018-09-03T00:00:00.000+0000', 0)  on conflict (ck_id) do update set ck_class = excluded.ck_class, ck_attr = excluded.ck_attr, cv_value = excluded.cv_value, ck_user = excluded.ck_user, ct_change = excluded.ct_change, cl_required = excluded.cl_required;
INSERT INTO s_mt.t_class_attr(ck_id, ck_class, ck_attr, cv_data_type_extra, cv_value, ck_user, ct_change, cl_required) VALUES ('300', '38', 'required', null, null, '10020785', '2018-07-09T00:00:00.000+0000', 0)  on conflict (ck_id) do update set ck_class = excluded.ck_class, ck_attr = excluded.ck_attr, cv_value = excluded.cv_value, ck_user = excluded.ck_user, ct_change = excluded.ct_change, cl_required = excluded.cl_required;
INSERT INTO s_mt.t_class_attr(ck_id, ck_class, ck_attr, cv_data_type_extra, cv_value, ck_user, ct_change, cl_required) VALUES ('43181', '38', 'requiredrules', null, null, '10028610', '2019-02-05T00:00:00.000+0000', 0)  on conflict (ck_id) do update set ck_class = excluded.ck_class, ck_attr = excluded.ck_attr, cv_value = excluded.cv_value, ck_user = excluded.ck_user, ct_change = excluded.ct_change, cl_required = excluded.cl_required;
INSERT INTO s_mt.t_class_attr(ck_id, ck_class, ck_attr, cv_data_type_extra, cv_value, ck_user, ct_change, cl_required) VALUES ('1216', '38', 'setglobal', null, null, '10020785', '2018-07-09T00:00:00.000+0000', 0)  on conflict (ck_id) do update set ck_class = excluded.ck_class, ck_attr = excluded.ck_attr, cv_value = excluded.cv_value, ck_user = excluded.ck_user, ct_change = excluded.ct_change, cl_required = excluded.cl_required;
INSERT INTO s_mt.t_class_attr(ck_id, ck_class, ck_attr, cv_data_type_extra, cv_value, ck_user, ct_change, cl_required) VALUES ('51CB8E54A91E41CDB19CECF416F2648B', '38', 'setrecordtoglobal', null, null, '4fd05ca9-3a9e-4d66-82df-886dfa082113', '2020-02-06T00:00:00.000+0000', 0)  on conflict (ck_id) do update set ck_class = excluded.ck_class, ck_attr = excluded.ck_attr, cv_value = excluded.cv_value, ck_user = excluded.ck_user, ct_change = excluded.ct_change, cl_required = excluded.cl_required;
INSERT INTO s_mt.t_class_attr(ck_id, ck_class, ck_attr, cv_data_type_extra, cv_value, ck_user, ct_change, cl_required) VALUES ('44171', '38', 'splitter', null, 'false', '10028610', '2019-02-12T00:00:00.000+0000', 0)  on conflict (ck_id) do update set ck_class = excluded.ck_class, ck_attr = excluded.ck_attr, cv_value = excluded.cv_value, ck_user = excluded.ck_user, ct_change = excluded.ct_change, cl_required = excluded.cl_required;
INSERT INTO s_mt.t_class_attr(ck_id, ck_class, ck_attr, cv_data_type_extra, cv_value, ck_user, ct_change, cl_required) VALUES ('17176', '38', 'timeout', null, null, '10020785', '2018-09-03T00:00:00.000+0000', 0)  on conflict (ck_id) do update set ck_class = excluded.ck_class, ck_attr = excluded.ck_attr, cv_value = excluded.cv_value, ck_user = excluded.ck_user, ct_change = excluded.ct_change, cl_required = excluded.cl_required;
INSERT INTO s_mt.t_class_attr(ck_id, ck_class, ck_attr, cv_data_type_extra, cv_value, ck_user, ct_change, cl_required) VALUES ('291', '38', 'type', null, 'IFIELD', '10020785', '2018-07-09T00:00:00.000+0000', 1)  on conflict (ck_id) do update set ck_class = excluded.ck_class, ck_attr = excluded.ck_attr, cv_value = excluded.cv_value, ck_user = excluded.ck_user, ct_change = excluded.ct_change, cl_required = excluded.cl_required;
INSERT INTO s_mt.t_class_attr(ck_id, ck_class, ck_attr, cv_data_type_extra, cv_value, ck_user, ct_change, cl_required) VALUES ('303', '38', 'valuefield', null, null, '10020785', '2018-07-09T00:00:00.000+0000', 0)  on conflict (ck_id) do update set ck_class = excluded.ck_class, ck_attr = excluded.ck_attr, cv_value = excluded.cv_value, ck_user = excluded.ck_user, ct_change = excluded.ct_change, cl_required = excluded.cl_required;
INSERT INTO s_mt.t_class_attr(ck_id, ck_class, ck_attr, cv_data_type_extra, cv_value, ck_user, ct_change, cl_required) VALUES ('1432', '38', 'width', null, null, '10020785', '2018-09-02T00:00:00.000+0000', 0)  on conflict (ck_id) do update set ck_class = excluded.ck_class, ck_attr = excluded.ck_attr, cv_value = excluded.cv_value, ck_user = excluded.ck_user, ct_change = excluded.ct_change, cl_required = excluded.cl_required;
select pkg_patcher.p_clear_attr('38'::varchar, '["activerules","autoload","btnrefresh","collectionvalues","column","columns","datatype","defaultvalue","detail","disabled","disabledrules","displayfield","editmode","extraplugingate","filters","getglobal","getglobaltostore","getmastervalue","hidden","hiddenrules","idproperty","info","localization","noglobalmask","orderdirection","orderproperty","pagesize","pickerheight","pickerwidth","reqsel","required","requiredrules","setglobal","setrecordtoglobal","splitter","timeout","type","valuefield","width"]'::jsonb);
INSERT INTO s_mt.t_class(ck_id, cv_name, cv_description, cv_manual_documentation, cv_auto_documentation, cl_final, cl_dataset, ck_user, ct_change) VALUES ('37', 'Field Grid Tree', 'Поле "Выпадающая таблица-дерево"', null, null, 0, 1, '4fd05ca9-3a9e-4d66-82df-886dfa082113', '2019-09-19T00:00:00.000+0000')  on conflict (ck_id) do update set cv_name = excluded.cv_name, cv_description = excluded.cv_description, cv_manual_documentation = excluded.cv_manual_documentation, cv_auto_documentation = excluded.cv_auto_documentation, cl_final = excluded.cl_final, cl_dataset = excluded.cl_dataset, ck_user = excluded.ck_user, ct_change = excluded.ct_change;
INSERT INTO s_mt.t_class_attr(ck_id, ck_class, ck_attr, cv_data_type_extra, cv_value, ck_user, ct_change, cl_required) VALUES ('AEF0F01160E347CCB07748609793643D', '37', 'activerules', null, null, '4fd05ca9-3a9e-4d66-82df-886dfa082113', '2020-04-10T13:24:22.330+0000', 0)  on conflict (ck_id) do update set ck_class = excluded.ck_class, ck_attr = excluded.ck_attr, cv_value = excluded.cv_value, ck_user = excluded.ck_user, ct_change = excluded.ct_change, cl_required = excluded.cl_required;
INSERT INTO s_mt.t_class_attr(ck_id, ck_class, ck_attr, cv_data_type_extra, cv_value, ck_user, ct_change, cl_required) VALUES ('575', '37', 'autoload', null, 'true', '10020785', '2018-07-09T00:00:00.000+0000', 0)  on conflict (ck_id) do update set ck_class = excluded.ck_class, ck_attr = excluded.ck_attr, cv_value = excluded.cv_value, ck_user = excluded.ck_user, ct_change = excluded.ct_change, cl_required = excluded.cl_required;
INSERT INTO s_mt.t_class_attr(ck_id, ck_class, ck_attr, cv_data_type_extra, cv_value, ck_user, ct_change, cl_required) VALUES ('1496', '37', 'btnrefresh', null, 'true', '10020785', '2018-07-09T00:00:00.000+0000', 0)  on conflict (ck_id) do update set ck_class = excluded.ck_class, ck_attr = excluded.ck_attr, cv_value = excluded.cv_value, ck_user = excluded.ck_user, ct_change = excluded.ct_change, cl_required = excluded.cl_required;
INSERT INTO s_mt.t_class_attr(ck_id, ck_class, ck_attr, cv_data_type_extra, cv_value, ck_user, ct_change, cl_required) VALUES ('DE8BD5C9509F4AFB8B1DC77ED22882DC', '37', 'collectionvalues', null, null, '4fd05ca9-3a9e-4d66-82df-886dfa082113', '2019-12-18T00:00:00.000+0000', 0)  on conflict (ck_id) do update set ck_class = excluded.ck_class, ck_attr = excluded.ck_attr, cv_value = excluded.cv_value, ck_user = excluded.ck_user, ct_change = excluded.ct_change, cl_required = excluded.cl_required;
INSERT INTO s_mt.t_class_attr(ck_id, ck_class, ck_attr, cv_data_type_extra, cv_value, ck_user, ct_change, cl_required) VALUES ('261', '37', 'column', null, null, '10020785', '2018-07-09T00:00:00.000+0000', 1)  on conflict (ck_id) do update set ck_class = excluded.ck_class, ck_attr = excluded.ck_attr, cv_value = excluded.cv_value, ck_user = excluded.ck_user, ct_change = excluded.ct_change, cl_required = excluded.cl_required;
INSERT INTO s_mt.t_class_attr(ck_id, ck_class, ck_attr, cv_data_type_extra, cv_value, ck_user, ct_change, cl_required) VALUES ('270', '37', 'columns', null, null, '10020785', '2018-07-09T00:00:00.000+0000', 0)  on conflict (ck_id) do update set ck_class = excluded.ck_class, ck_attr = excluded.ck_attr, cv_value = excluded.cv_value, ck_user = excluded.ck_user, ct_change = excluded.ct_change, cl_required = excluded.cl_required;
INSERT INTO s_mt.t_class_attr(ck_id, ck_class, ck_attr, cv_data_type_extra, cv_value, ck_user, ct_change, cl_required) VALUES ('256', '37', 'datatype', null, 'tree', '10020785', '2018-07-09T00:00:00.000+0000', 1)  on conflict (ck_id) do update set ck_class = excluded.ck_class, ck_attr = excluded.ck_attr, cv_value = excluded.cv_value, ck_user = excluded.ck_user, ct_change = excluded.ct_change, cl_required = excluded.cl_required;
INSERT INTO s_mt.t_class_attr(ck_id, ck_class, ck_attr, cv_data_type_extra, cv_value, ck_user, ct_change, cl_required) VALUES ('880', '37', 'defaultvalue', null, null, '10020785', '2018-07-09T00:00:00.000+0000', 0)  on conflict (ck_id) do update set ck_class = excluded.ck_class, ck_attr = excluded.ck_attr, cv_value = excluded.cv_value, ck_user = excluded.ck_user, ct_change = excluded.ct_change, cl_required = excluded.cl_required;
INSERT INTO s_mt.t_class_attr(ck_id, ck_class, ck_attr, cv_data_type_extra, cv_value, ck_user, ct_change, cl_required) VALUES ('901', '37', 'disabled', null, null, '10020785', '2018-07-09T00:00:00.000+0000', 0)  on conflict (ck_id) do update set ck_class = excluded.ck_class, ck_attr = excluded.ck_attr, cv_value = excluded.cv_value, ck_user = excluded.ck_user, ct_change = excluded.ct_change, cl_required = excluded.cl_required;
INSERT INTO s_mt.t_class_attr(ck_id, ck_class, ck_attr, cv_data_type_extra, cv_value, ck_user, ct_change, cl_required) VALUES ('1260', '37', 'disabledrules', null, null, '10020785', '2018-07-09T00:00:00.000+0000', 0)  on conflict (ck_id) do update set ck_class = excluded.ck_class, ck_attr = excluded.ck_attr, cv_value = excluded.cv_value, ck_user = excluded.ck_user, ct_change = excluded.ct_change, cl_required = excluded.cl_required;
INSERT INTO s_mt.t_class_attr(ck_id, ck_class, ck_attr, cv_data_type_extra, cv_value, ck_user, ct_change, cl_required) VALUES ('361', '37', 'displayfield', null, null, '10020785', '2018-07-09T00:00:00.000+0000', 0)  on conflict (ck_id) do update set ck_class = excluded.ck_class, ck_attr = excluded.ck_attr, cv_value = excluded.cv_value, ck_user = excluded.ck_user, ct_change = excluded.ct_change, cl_required = excluded.cl_required;
INSERT INTO s_mt.t_class_attr(ck_id, ck_class, ck_attr, cv_data_type_extra, cv_value, ck_user, ct_change, cl_required) VALUES ('40185', '37', 'editmode', null, null, '20785', '2019-01-24T00:00:00.000+0000', 0)  on conflict (ck_id) do update set ck_class = excluded.ck_class, ck_attr = excluded.ck_attr, cv_value = excluded.cv_value, ck_user = excluded.ck_user, ct_change = excluded.ct_change, cl_required = excluded.cl_required;
INSERT INTO s_mt.t_class_attr(ck_id, ck_class, ck_attr, cv_data_type_extra, cv_value, ck_user, ct_change, cl_required) VALUES ('1917', '37', 'extraplugingate', null, null, '10020785', '2018-08-27T00:00:00.000+0000', 0)  on conflict (ck_id) do update set ck_class = excluded.ck_class, ck_attr = excluded.ck_attr, cv_value = excluded.cv_value, ck_user = excluded.ck_user, ct_change = excluded.ct_change, cl_required = excluded.cl_required;
INSERT INTO s_mt.t_class_attr(ck_id, ck_class, ck_attr, cv_data_type_extra, cv_value, ck_user, ct_change, cl_required) VALUES ('519', '37', 'filters', null, null, '10020785', '2018-07-09T00:00:00.000+0000', 1)  on conflict (ck_id) do update set ck_class = excluded.ck_class, ck_attr = excluded.ck_attr, cv_value = excluded.cv_value, ck_user = excluded.ck_user, ct_change = excluded.ct_change, cl_required = excluded.cl_required;
INSERT INTO s_mt.t_class_attr(ck_id, ck_class, ck_attr, cv_data_type_extra, cv_value, ck_user, ct_change, cl_required) VALUES ('1184', '37', 'getglobal', null, null, '10020785', '2018-07-09T00:00:00.000+0000', 0)  on conflict (ck_id) do update set ck_class = excluded.ck_class, ck_attr = excluded.ck_attr, cv_value = excluded.cv_value, ck_user = excluded.ck_user, ct_change = excluded.ct_change, cl_required = excluded.cl_required;
INSERT INTO s_mt.t_class_attr(ck_id, ck_class, ck_attr, cv_data_type_extra, cv_value, ck_user, ct_change, cl_required) VALUES ('1226', '37', 'getglobaltostore', null, null, '10020785', '2018-07-09T00:00:00.000+0000', 0)  on conflict (ck_id) do update set ck_class = excluded.ck_class, ck_attr = excluded.ck_attr, cv_value = excluded.cv_value, ck_user = excluded.ck_user, ct_change = excluded.ct_change, cl_required = excluded.cl_required;
INSERT INTO s_mt.t_class_attr(ck_id, ck_class, ck_attr, cv_data_type_extra, cv_value, ck_user, ct_change, cl_required) VALUES ('CCF2BF29972F4AA1B3C495A9572541E9', '37', 'getmastervalue', null, 'ck_id', '4fd05ca9-3a9e-4d66-82df-886dfa082113', '2020-01-13T00:00:00.000+0000', 1)  on conflict (ck_id) do update set ck_class = excluded.ck_class, ck_attr = excluded.ck_attr, cv_value = excluded.cv_value, ck_user = excluded.ck_user, ct_change = excluded.ct_change, cl_required = excluded.cl_required;
INSERT INTO s_mt.t_class_attr(ck_id, ck_class, ck_attr, cv_data_type_extra, cv_value, ck_user, ct_change, cl_required) VALUES ('902', '37', 'hidden', null, null, '10020785', '2018-07-09T00:00:00.000+0000', 0)  on conflict (ck_id) do update set ck_class = excluded.ck_class, ck_attr = excluded.ck_attr, cv_value = excluded.cv_value, ck_user = excluded.ck_user, ct_change = excluded.ct_change, cl_required = excluded.cl_required;
INSERT INTO s_mt.t_class_attr(ck_id, ck_class, ck_attr, cv_data_type_extra, cv_value, ck_user, ct_change, cl_required) VALUES ('1304', '37', 'hiddenrules', null, null, '10020785', '2018-07-09T00:00:00.000+0000', 0)  on conflict (ck_id) do update set ck_class = excluded.ck_class, ck_attr = excluded.ck_attr, cv_value = excluded.cv_value, ck_user = excluded.ck_user, ct_change = excluded.ct_change, cl_required = excluded.cl_required;
INSERT INTO s_mt.t_class_attr(ck_id, ck_class, ck_attr, cv_data_type_extra, cv_value, ck_user, ct_change, cl_required) VALUES ('912', '37', 'idproperty', null, 'ck_id', '4fd05ca9-3a9e-4d66-82df-886dfa082113', '2020-01-14T00:00:00.000+0000', 1)  on conflict (ck_id) do update set ck_class = excluded.ck_class, ck_attr = excluded.ck_attr, cv_value = excluded.cv_value, ck_user = excluded.ck_user, ct_change = excluded.ct_change, cl_required = excluded.cl_required;
INSERT INTO s_mt.t_class_attr(ck_id, ck_class, ck_attr, cv_data_type_extra, cv_value, ck_user, ct_change, cl_required) VALUES ('1392', '37', 'info', null, null, '10020785', '2018-07-09T00:00:00.000+0000', 0)  on conflict (ck_id) do update set ck_class = excluded.ck_class, ck_attr = excluded.ck_attr, cv_value = excluded.cv_value, ck_user = excluded.ck_user, ct_change = excluded.ct_change, cl_required = excluded.cl_required;
INSERT INTO s_mt.t_class_attr(ck_id, ck_class, ck_attr, cv_data_type_extra, cv_value, ck_user, ct_change, cl_required) VALUES ('B8EF025BD1564257AE4D570BD177829E', '37', 'localization', null, null, '4fd05ca9-3a9e-4d66-82df-886dfa082113', '2020-02-25T00:00:00.000+0000', 0)  on conflict (ck_id) do update set ck_class = excluded.ck_class, ck_attr = excluded.ck_attr, cv_value = excluded.cv_value, ck_user = excluded.ck_user, ct_change = excluded.ct_change, cl_required = excluded.cl_required;
INSERT INTO s_mt.t_class_attr(ck_id, ck_class, ck_attr, cv_data_type_extra, cv_value, ck_user, ct_change, cl_required) VALUES ('822', '37', 'noglobalmask', null, 'true', '10020785', '2018-07-09T00:00:00.000+0000', 0)  on conflict (ck_id) do update set ck_class = excluded.ck_class, ck_attr = excluded.ck_attr, cv_value = excluded.cv_value, ck_user = excluded.ck_user, ct_change = excluded.ct_change, cl_required = excluded.cl_required;
INSERT INTO s_mt.t_class_attr(ck_id, ck_class, ck_attr, cv_data_type_extra, cv_value, ck_user, ct_change, cl_required) VALUES ('858', '37', 'orderdirection', null, null, '10020785', '2018-07-09T00:00:00.000+0000', 0)  on conflict (ck_id) do update set ck_class = excluded.ck_class, ck_attr = excluded.ck_attr, cv_value = excluded.cv_value, ck_user = excluded.ck_user, ct_change = excluded.ct_change, cl_required = excluded.cl_required;
INSERT INTO s_mt.t_class_attr(ck_id, ck_class, ck_attr, cv_data_type_extra, cv_value, ck_user, ct_change, cl_required) VALUES ('859', '37', 'orderproperty', null, '1', '10020785', '2018-07-09T00:00:00.000+0000', 0)  on conflict (ck_id) do update set ck_class = excluded.ck_class, ck_attr = excluded.ck_attr, cv_value = excluded.cv_value, ck_user = excluded.ck_user, ct_change = excluded.ct_change, cl_required = excluded.cl_required;
INSERT INTO s_mt.t_class_attr(ck_id, ck_class, ck_attr, cv_data_type_extra, cv_value, ck_user, ct_change, cl_required) VALUES ('364', '37', 'pagesize', null, null, '10020785', '2018-07-09T00:00:00.000+0000', 0)  on conflict (ck_id) do update set ck_class = excluded.ck_class, ck_attr = excluded.ck_attr, cv_value = excluded.cv_value, ck_user = excluded.ck_user, ct_change = excluded.ct_change, cl_required = excluded.cl_required;
INSERT INTO s_mt.t_class_attr(ck_id, ck_class, ck_attr, cv_data_type_extra, cv_value, ck_user, ct_change, cl_required) VALUES ('1663', '37', 'pickerheight', null, null, '10020785', '2018-07-09T00:00:00.000+0000', 0)  on conflict (ck_id) do update set ck_class = excluded.ck_class, ck_attr = excluded.ck_attr, cv_value = excluded.cv_value, ck_user = excluded.ck_user, ct_change = excluded.ct_change, cl_required = excluded.cl_required;
INSERT INTO s_mt.t_class_attr(ck_id, ck_class, ck_attr, cv_data_type_extra, cv_value, ck_user, ct_change, cl_required) VALUES ('1652', '37', 'pickerwidth', null, null, '10020785', '2018-07-09T00:00:00.000+0000', 0)  on conflict (ck_id) do update set ck_class = excluded.ck_class, ck_attr = excluded.ck_attr, cv_value = excluded.cv_value, ck_user = excluded.ck_user, ct_change = excluded.ct_change, cl_required = excluded.cl_required;
INSERT INTO s_mt.t_class_attr(ck_id, ck_class, ck_attr, cv_data_type_extra, cv_value, ck_user, ct_change, cl_required) VALUES ('1025', '37', 'reqsel', null, null, '10020785', '2018-09-02T00:00:00.000+0000', 0)  on conflict (ck_id) do update set ck_class = excluded.ck_class, ck_attr = excluded.ck_attr, cv_value = excluded.cv_value, ck_user = excluded.ck_user, ct_change = excluded.ct_change, cl_required = excluded.cl_required;
INSERT INTO s_mt.t_class_attr(ck_id, ck_class, ck_attr, cv_data_type_extra, cv_value, ck_user, ct_change, cl_required) VALUES ('264', '37', 'required', null, null, '10020785', '2018-07-09T00:00:00.000+0000', 0)  on conflict (ck_id) do update set ck_class = excluded.ck_class, ck_attr = excluded.ck_attr, cv_value = excluded.cv_value, ck_user = excluded.ck_user, ct_change = excluded.ct_change, cl_required = excluded.cl_required;
INSERT INTO s_mt.t_class_attr(ck_id, ck_class, ck_attr, cv_data_type_extra, cv_value, ck_user, ct_change, cl_required) VALUES ('43187', '37', 'requiredrules', null, null, '10028610', '2019-02-05T00:00:00.000+0000', 0)  on conflict (ck_id) do update set ck_class = excluded.ck_class, ck_attr = excluded.ck_attr, cv_value = excluded.cv_value, ck_user = excluded.ck_user, ct_change = excluded.ct_change, cl_required = excluded.cl_required;
INSERT INTO s_mt.t_class_attr(ck_id, ck_class, ck_attr, cv_data_type_extra, cv_value, ck_user, ct_change, cl_required) VALUES ('994', '37', 'rootvisible', null, null, '10020785', '2018-07-09T00:00:00.000+0000', 0)  on conflict (ck_id) do update set ck_class = excluded.ck_class, ck_attr = excluded.ck_attr, cv_value = excluded.cv_value, ck_user = excluded.ck_user, ct_change = excluded.ct_change, cl_required = excluded.cl_required;
INSERT INTO s_mt.t_class_attr(ck_id, ck_class, ck_attr, cv_data_type_extra, cv_value, ck_user, ct_change, cl_required) VALUES ('1214', '37', 'setglobal', null, null, '10020785', '2018-07-09T00:00:00.000+0000', 0)  on conflict (ck_id) do update set ck_class = excluded.ck_class, ck_attr = excluded.ck_attr, cv_value = excluded.cv_value, ck_user = excluded.ck_user, ct_change = excluded.ct_change, cl_required = excluded.cl_required;
INSERT INTO s_mt.t_class_attr(ck_id, ck_class, ck_attr, cv_data_type_extra, cv_value, ck_user, ct_change, cl_required) VALUES ('88EE741D949F4FE49B8BEAA241B34957', '37', 'setrecordtoglobal', null, null, '4fd05ca9-3a9e-4d66-82df-886dfa082113', '2020-02-06T00:00:00.000+0000', 0)  on conflict (ck_id) do update set ck_class = excluded.ck_class, ck_attr = excluded.ck_attr, cv_value = excluded.cv_value, ck_user = excluded.ck_user, ct_change = excluded.ct_change, cl_required = excluded.cl_required;
INSERT INTO s_mt.t_class_attr(ck_id, ck_class, ck_attr, cv_data_type_extra, cv_value, ck_user, ct_change, cl_required) VALUES ('44172', '37', 'splitter', null, 'false', '10028610', '2019-02-12T00:00:00.000+0000', 0)  on conflict (ck_id) do update set ck_class = excluded.ck_class, ck_attr = excluded.ck_attr, cv_value = excluded.cv_value, ck_user = excluded.ck_user, ct_change = excluded.ct_change, cl_required = excluded.cl_required;
INSERT INTO s_mt.t_class_attr(ck_id, ck_class, ck_attr, cv_data_type_extra, cv_value, ck_user, ct_change, cl_required) VALUES ('17177', '37', 'timeout', null, null, '10020785', '2018-09-02T00:00:00.000+0000', 0)  on conflict (ck_id) do update set ck_class = excluded.ck_class, ck_attr = excluded.ck_attr, cv_value = excluded.cv_value, ck_user = excluded.ck_user, ct_change = excluded.ct_change, cl_required = excluded.cl_required;
INSERT INTO s_mt.t_class_attr(ck_id, ck_class, ck_attr, cv_data_type_extra, cv_value, ck_user, ct_change, cl_required) VALUES ('255', '37', 'type', null, 'IFIELD', '10020785', '2018-07-09T00:00:00.000+0000', 1)  on conflict (ck_id) do update set ck_class = excluded.ck_class, ck_attr = excluded.ck_attr, cv_value = excluded.cv_value, ck_user = excluded.ck_user, ct_change = excluded.ct_change, cl_required = excluded.cl_required;
INSERT INTO s_mt.t_class_attr(ck_id, ck_class, ck_attr, cv_data_type_extra, cv_value, ck_user, ct_change, cl_required) VALUES ('267', '37', 'valuefield', null, null, '10020785', '2018-07-09T00:00:00.000+0000', 1)  on conflict (ck_id) do update set ck_class = excluded.ck_class, ck_attr = excluded.ck_attr, cv_value = excluded.cv_value, ck_user = excluded.ck_user, ct_change = excluded.ct_change, cl_required = excluded.cl_required;
INSERT INTO s_mt.t_class_attr(ck_id, ck_class, ck_attr, cv_data_type_extra, cv_value, ck_user, ct_change, cl_required) VALUES ('1439', '37', 'width', null, null, '10020785', '2018-09-02T00:00:00.000+0000', 0)  on conflict (ck_id) do update set ck_class = excluded.ck_class, ck_attr = excluded.ck_attr, cv_value = excluded.cv_value, ck_user = excluded.ck_user, ct_change = excluded.ct_change, cl_required = excluded.cl_required;
select pkg_patcher.p_clear_attr('37'::varchar, '["activerules","autoload","btnrefresh","collectionvalues","column","columns","datatype","defaultvalue","disabled","disabledrules","displayfield","editmode","extraplugingate","filters","getglobal","getglobaltostore","getmastervalue","hidden","hiddenrules","idproperty","info","localization","noglobalmask","orderdirection","orderproperty","pagesize","pickerheight","pickerwidth","reqsel","required","requiredrules","rootvisible","setglobal","setrecordtoglobal","splitter","timeout","type","valuefield","width"]'::jsonb);
INSERT INTO s_mt.t_class(ck_id, cv_name, cv_description, cv_manual_documentation, cv_auto_documentation, cl_final, cl_dataset, ck_user, ct_change) VALUES ('7457', 'Field Group', 'Визуальное объединение нескольких полей в одну группу', null, null, 0, 0, '20785', '2018-12-19T00:00:00.000+0000')  on conflict (ck_id) do update set cv_name = excluded.cv_name, cv_description = excluded.cv_description, cv_manual_documentation = excluded.cv_manual_documentation, cv_auto_documentation = excluded.cv_auto_documentation, cl_final = excluded.cl_final, cl_dataset = excluded.cl_dataset, ck_user = excluded.ck_user, ct_change = excluded.ct_change;
INSERT INTO s_mt.t_class_attr(ck_id, ck_class, ck_attr, cv_data_type_extra, cv_value, ck_user, ct_change, cl_required) VALUES ('86B0F1092EB44FE893071BA9FAD4FB7D', '7457', 'activerules', null, null, '4fd05ca9-3a9e-4d66-82df-886dfa082113', '2020-04-10T13:24:31.607+0000', 0)  on conflict (ck_id) do update set ck_class = excluded.ck_class, ck_attr = excluded.ck_attr, cv_value = excluded.cv_value, ck_user = excluded.ck_user, ct_change = excluded.ct_change, cl_required = excluded.cl_required;
INSERT INTO s_mt.t_class_attr(ck_id, ck_class, ck_attr, cv_data_type_extra, cv_value, ck_user, ct_change, cl_required) VALUES ('37172', '7457', 'childs', null, null, '20785', '2018-12-19T00:00:00.000+0000', 0)  on conflict (ck_id) do update set ck_class = excluded.ck_class, ck_attr = excluded.ck_attr, cv_value = excluded.cv_value, ck_user = excluded.ck_user, ct_change = excluded.ct_change, cl_required = excluded.cl_required;
INSERT INTO s_mt.t_class_attr(ck_id, ck_class, ck_attr, cv_data_type_extra, cv_value, ck_user, ct_change, cl_required) VALUES ('37173', '7457', 'contentview', null, null, '20785', '2018-12-19T00:00:00.000+0000', 0)  on conflict (ck_id) do update set ck_class = excluded.ck_class, ck_attr = excluded.ck_attr, cv_value = excluded.cv_value, ck_user = excluded.ck_user, ct_change = excluded.ct_change, cl_required = excluded.cl_required;
INSERT INTO s_mt.t_class_attr(ck_id, ck_class, ck_attr, cv_data_type_extra, cv_value, ck_user, ct_change, cl_required) VALUES ('37171', '7457', 'datatype', null, 'group', '20785', '2018-12-19T00:00:00.000+0000', 1)  on conflict (ck_id) do update set ck_class = excluded.ck_class, ck_attr = excluded.ck_attr, cv_value = excluded.cv_value, ck_user = excluded.ck_user, ct_change = excluded.ct_change, cl_required = excluded.cl_required;
INSERT INTO s_mt.t_class_attr(ck_id, ck_class, ck_attr, cv_data_type_extra, cv_value, ck_user, ct_change, cl_required) VALUES ('37174', '7457', 'disabled', null, null, '20785', '2018-12-19T00:00:00.000+0000', 0)  on conflict (ck_id) do update set ck_class = excluded.ck_class, ck_attr = excluded.ck_attr, cv_value = excluded.cv_value, ck_user = excluded.ck_user, ct_change = excluded.ct_change, cl_required = excluded.cl_required;
INSERT INTO s_mt.t_class_attr(ck_id, ck_class, ck_attr, cv_data_type_extra, cv_value, ck_user, ct_change, cl_required) VALUES ('37175', '7457', 'disabledrules', null, null, '20785', '2018-12-19T00:00:00.000+0000', 0)  on conflict (ck_id) do update set ck_class = excluded.ck_class, ck_attr = excluded.ck_attr, cv_value = excluded.cv_value, ck_user = excluded.ck_user, ct_change = excluded.ct_change, cl_required = excluded.cl_required;
INSERT INTO s_mt.t_class_attr(ck_id, ck_class, ck_attr, cv_data_type_extra, cv_value, ck_user, ct_change, cl_required) VALUES ('40177', '7457', 'editmode', null, null, '20785', '2019-01-24T00:00:00.000+0000', 0)  on conflict (ck_id) do update set ck_class = excluded.ck_class, ck_attr = excluded.ck_attr, cv_value = excluded.cv_value, ck_user = excluded.ck_user, ct_change = excluded.ct_change, cl_required = excluded.cl_required;
INSERT INTO s_mt.t_class_attr(ck_id, ck_class, ck_attr, cv_data_type_extra, cv_value, ck_user, ct_change, cl_required) VALUES ('37176', '7457', 'hidden', null, null, '20785', '2018-12-19T00:00:00.000+0000', 0)  on conflict (ck_id) do update set ck_class = excluded.ck_class, ck_attr = excluded.ck_attr, cv_value = excluded.cv_value, ck_user = excluded.ck_user, ct_change = excluded.ct_change, cl_required = excluded.cl_required;
INSERT INTO s_mt.t_class_attr(ck_id, ck_class, ck_attr, cv_data_type_extra, cv_value, ck_user, ct_change, cl_required) VALUES ('37177', '7457', 'hiddenrules', null, null, '20785', '2018-12-19T00:00:00.000+0000', 0)  on conflict (ck_id) do update set ck_class = excluded.ck_class, ck_attr = excluded.ck_attr, cv_value = excluded.cv_value, ck_user = excluded.ck_user, ct_change = excluded.ct_change, cl_required = excluded.cl_required;
INSERT INTO s_mt.t_class_attr(ck_id, ck_class, ck_attr, cv_data_type_extra, cv_value, ck_user, ct_change, cl_required) VALUES ('37180', '7457', 'info', null, null, '20785', '2018-12-19T00:00:00.000+0000', 0)  on conflict (ck_id) do update set ck_class = excluded.ck_class, ck_attr = excluded.ck_attr, cv_value = excluded.cv_value, ck_user = excluded.ck_user, ct_change = excluded.ct_change, cl_required = excluded.cl_required;
INSERT INTO s_mt.t_class_attr(ck_id, ck_class, ck_attr, cv_data_type_extra, cv_value, ck_user, ct_change, cl_required) VALUES ('37181', '7457', 'reqcount', null, null, '20785', '2018-12-19T00:00:00.000+0000', 0)  on conflict (ck_id) do update set ck_class = excluded.ck_class, ck_attr = excluded.ck_attr, cv_value = excluded.cv_value, ck_user = excluded.ck_user, ct_change = excluded.ct_change, cl_required = excluded.cl_required;
INSERT INTO s_mt.t_class_attr(ck_id, ck_class, ck_attr, cv_data_type_extra, cv_value, ck_user, ct_change, cl_required) VALUES ('37182', '7457', 'reqcountrules', null, null, '20785', '2018-12-19T00:00:00.000+0000', 0)  on conflict (ck_id) do update set ck_class = excluded.ck_class, ck_attr = excluded.ck_attr, cv_value = excluded.cv_value, ck_user = excluded.ck_user, ct_change = excluded.ct_change, cl_required = excluded.cl_required;
INSERT INTO s_mt.t_class_attr(ck_id, ck_class, ck_attr, cv_data_type_extra, cv_value, ck_user, ct_change, cl_required) VALUES ('37179', '7457', 'reqsel', null, null, '20785', '2018-12-19T00:00:00.000+0000', 0)  on conflict (ck_id) do update set ck_class = excluded.ck_class, ck_attr = excluded.ck_attr, cv_value = excluded.cv_value, ck_user = excluded.ck_user, ct_change = excluded.ct_change, cl_required = excluded.cl_required;
INSERT INTO s_mt.t_class_attr(ck_id, ck_class, ck_attr, cv_data_type_extra, cv_value, ck_user, ct_change, cl_required) VALUES ('37170', '7457', 'type', null, 'IFIELD', '20785', '2018-12-19T00:00:00.000+0000', 1)  on conflict (ck_id) do update set ck_class = excluded.ck_class, ck_attr = excluded.ck_attr, cv_value = excluded.cv_value, ck_user = excluded.ck_user, ct_change = excluded.ct_change, cl_required = excluded.cl_required;
INSERT INTO s_mt.t_class_attr(ck_id, ck_class, ck_attr, cv_data_type_extra, cv_value, ck_user, ct_change, cl_required) VALUES ('37178', '7457', 'width', null, null, '20785', '2018-12-19T00:00:00.000+0000', 0)  on conflict (ck_id) do update set ck_class = excluded.ck_class, ck_attr = excluded.ck_attr, cv_value = excluded.cv_value, ck_user = excluded.ck_user, ct_change = excluded.ct_change, cl_required = excluded.cl_required;
select pkg_patcher.p_clear_attr('7457'::varchar, '["activerules","childs","contentview","datatype","disabled","disabledrules","editmode","hidden","hiddenrules","info","reqcount","reqcountrules","reqsel","type","width"]'::jsonb);
INSERT INTO s_mt.t_class(ck_id, cv_name, cv_description, cv_manual_documentation, cv_auto_documentation, cl_final, cl_dataset, ck_user, ct_change) VALUES ('33', 'Field Hidden', 'Скрытое поле', null, null, 0, 0, '-11', '2018-02-22T00:00:00.000+0000')  on conflict (ck_id) do update set cv_name = excluded.cv_name, cv_description = excluded.cv_description, cv_manual_documentation = excluded.cv_manual_documentation, cv_auto_documentation = excluded.cv_auto_documentation, cl_final = excluded.cl_final, cl_dataset = excluded.cl_dataset, ck_user = excluded.ck_user, ct_change = excluded.ct_change;
INSERT INTO s_mt.t_class_attr(ck_id, ck_class, ck_attr, cv_data_type_extra, cv_value, ck_user, ct_change, cl_required) VALUES ('56BCCD5D052C46698D2400382B8D906E', '33', 'activerules', null, null, '4fd05ca9-3a9e-4d66-82df-886dfa082113', '2020-04-10T13:24:37.429+0000', 0)  on conflict (ck_id) do update set ck_class = excluded.ck_class, ck_attr = excluded.ck_attr, cv_value = excluded.cv_value, ck_user = excluded.ck_user, ct_change = excluded.ct_change, cl_required = excluded.cl_required;
INSERT INTO s_mt.t_class_attr(ck_id, ck_class, ck_attr, cv_data_type_extra, cv_value, ck_user, ct_change, cl_required) VALUES ('161', '33', 'column', null, null, '10020785', '2018-07-09T00:00:00.000+0000', 0)  on conflict (ck_id) do update set ck_class = excluded.ck_class, ck_attr = excluded.ck_attr, cv_value = excluded.cv_value, ck_user = excluded.ck_user, ct_change = excluded.ct_change, cl_required = excluded.cl_required;
INSERT INTO s_mt.t_class_attr(ck_id, ck_class, ck_attr, cv_data_type_extra, cv_value, ck_user, ct_change, cl_required) VALUES ('160', '33', 'datatype', null, 'hidden', '10020785', '2018-07-09T00:00:00.000+0000', 1)  on conflict (ck_id) do update set ck_class = excluded.ck_class, ck_attr = excluded.ck_attr, cv_value = excluded.cv_value, ck_user = excluded.ck_user, ct_change = excluded.ct_change, cl_required = excluded.cl_required;
INSERT INTO s_mt.t_class_attr(ck_id, ck_class, ck_attr, cv_data_type_extra, cv_value, ck_user, ct_change, cl_required) VALUES ('874', '33', 'defaultvalue', null, null, '10020785', '2018-07-09T00:00:00.000+0000', 0)  on conflict (ck_id) do update set ck_class = excluded.ck_class, ck_attr = excluded.ck_attr, cv_value = excluded.cv_value, ck_user = excluded.ck_user, ct_change = excluded.ct_change, cl_required = excluded.cl_required;
INSERT INTO s_mt.t_class_attr(ck_id, ck_class, ck_attr, cv_data_type_extra, cv_value, ck_user, ct_change, cl_required) VALUES ('40178', '33', 'editmode', null, null, '20785', '2019-01-24T00:00:00.000+0000', 0)  on conflict (ck_id) do update set ck_class = excluded.ck_class, ck_attr = excluded.ck_attr, cv_value = excluded.cv_value, ck_user = excluded.ck_user, ct_change = excluded.ct_change, cl_required = excluded.cl_required;
INSERT INTO s_mt.t_class_attr(ck_id, ck_class, ck_attr, cv_data_type_extra, cv_value, ck_user, ct_change, cl_required) VALUES ('1166', '33', 'getglobal', null, null, '10020785', '2018-07-09T00:00:00.000+0000', 0)  on conflict (ck_id) do update set ck_class = excluded.ck_class, ck_attr = excluded.ck_attr, cv_value = excluded.cv_value, ck_user = excluded.ck_user, ct_change = excluded.ct_change, cl_required = excluded.cl_required;
INSERT INTO s_mt.t_class_attr(ck_id, ck_class, ck_attr, cv_data_type_extra, cv_value, ck_user, ct_change, cl_required) VALUES ('1196', '33', 'setglobal', null, null, '10020785', '2018-07-09T00:00:00.000+0000', 0)  on conflict (ck_id) do update set ck_class = excluded.ck_class, ck_attr = excluded.ck_attr, cv_value = excluded.cv_value, ck_user = excluded.ck_user, ct_change = excluded.ct_change, cl_required = excluded.cl_required;
INSERT INTO s_mt.t_class_attr(ck_id, ck_class, ck_attr, cv_data_type_extra, cv_value, ck_user, ct_change, cl_required) VALUES ('159', '33', 'type', null, 'IFIELD', '10020785', '2018-07-09T00:00:00.000+0000', 1)  on conflict (ck_id) do update set ck_class = excluded.ck_class, ck_attr = excluded.ck_attr, cv_value = excluded.cv_value, ck_user = excluded.ck_user, ct_change = excluded.ct_change, cl_required = excluded.cl_required;
select pkg_patcher.p_clear_attr('33'::varchar, '["activerules","column","datatype","defaultvalue","editmode","getglobal","setglobal","type"]'::jsonb);
INSERT INTO s_mt.t_class(ck_id, cv_name, cv_description, cv_manual_documentation, cv_auto_documentation, cl_final, cl_dataset, ck_user, ct_change) VALUES ('8E6AC2B44FCB8D3BE053809BA8C0E74D', 'Field Image', 'Поле "Изображение"', null, null, 0, 0, '20780', '2019-08-11T00:00:00.000+0000')  on conflict (ck_id) do update set cv_name = excluded.cv_name, cv_description = excluded.cv_description, cv_manual_documentation = excluded.cv_manual_documentation, cv_auto_documentation = excluded.cv_auto_documentation, cl_final = excluded.cl_final, cl_dataset = excluded.cl_dataset, ck_user = excluded.ck_user, ct_change = excluded.ct_change;
INSERT INTO s_mt.t_class_attr(ck_id, ck_class, ck_attr, cv_data_type_extra, cv_value, ck_user, ct_change, cl_required) VALUES ('AE9E2B9F9B9E464B94A1D816BEADECEB', '8E6AC2B44FCB8D3BE053809BA8C0E74D', 'activerules', null, null, '4fd05ca9-3a9e-4d66-82df-886dfa082113', '2020-04-10T13:24:43.771+0000', 0)  on conflict (ck_id) do update set ck_class = excluded.ck_class, ck_attr = excluded.ck_attr, cv_value = excluded.cv_value, ck_user = excluded.ck_user, ct_change = excluded.ct_change, cl_required = excluded.cl_required;
INSERT INTO s_mt.t_class_attr(ck_id, ck_class, ck_attr, cv_data_type_extra, cv_value, ck_user, ct_change, cl_required) VALUES ('8E579BE0CA468D75E053809BA8C04F70', '8E6AC2B44FCB8D3BE053809BA8C0E74D', 'column', null, null, '20785', '2019-07-23T00:00:00.000+0000', 0)  on conflict (ck_id) do update set ck_class = excluded.ck_class, ck_attr = excluded.ck_attr, cv_value = excluded.cv_value, ck_user = excluded.ck_user, ct_change = excluded.ct_change, cl_required = excluded.cl_required;
INSERT INTO s_mt.t_class_attr(ck_id, ck_class, ck_attr, cv_data_type_extra, cv_value, ck_user, ct_change, cl_required) VALUES ('8E59987C46208D83E053809BA8C06D2D', '8E6AC2B44FCB8D3BE053809BA8C0E74D', 'datatype', null, 'image', '20785', '2019-07-23T00:00:00.000+0000', 1)  on conflict (ck_id) do update set ck_class = excluded.ck_class, ck_attr = excluded.ck_attr, cv_value = excluded.cv_value, ck_user = excluded.ck_user, ct_change = excluded.ct_change, cl_required = excluded.cl_required;
INSERT INTO s_mt.t_class_attr(ck_id, ck_class, ck_attr, cv_data_type_extra, cv_value, ck_user, ct_change, cl_required) VALUES ('8E595EA2AB608D8FE053809BA8C044A5', '8E6AC2B44FCB8D3BE053809BA8C0E74D', 'height', null, null, '20785', '2019-07-23T00:00:00.000+0000', 0)  on conflict (ck_id) do update set ck_class = excluded.ck_class, ck_attr = excluded.ck_attr, cv_value = excluded.cv_value, ck_user = excluded.ck_user, ct_change = excluded.ct_change, cl_required = excluded.cl_required;
INSERT INTO s_mt.t_class_attr(ck_id, ck_class, ck_attr, cv_data_type_extra, cv_value, ck_user, ct_change, cl_required) VALUES ('8E595EA2AB5E8D8FE053809BA8C044A5', '8E6AC2B44FCB8D3BE053809BA8C0E74D', 'type', null, 'IFIELD', '20785', '2019-07-23T00:00:00.000+0000', 1)  on conflict (ck_id) do update set ck_class = excluded.ck_class, ck_attr = excluded.ck_attr, cv_value = excluded.cv_value, ck_user = excluded.ck_user, ct_change = excluded.ct_change, cl_required = excluded.cl_required;
INSERT INTO s_mt.t_class_attr(ck_id, ck_class, ck_attr, cv_data_type_extra, cv_value, ck_user, ct_change, cl_required) VALUES ('8E595EA2AB5F8D8FE053809BA8C044A5', '8E6AC2B44FCB8D3BE053809BA8C0E74D', 'width', null, null, '20785', '2019-07-23T00:00:00.000+0000', 0)  on conflict (ck_id) do update set ck_class = excluded.ck_class, ck_attr = excluded.ck_attr, cv_value = excluded.cv_value, ck_user = excluded.ck_user, ct_change = excluded.ct_change, cl_required = excluded.cl_required;
select pkg_patcher.p_clear_attr('8E6AC2B44FCB8D3BE053809BA8C0E74D'::varchar, '["activerules","column","datatype","height","type","width"]'::jsonb);
INSERT INTO s_mt.t_class(ck_id, cv_name, cv_description, cv_manual_documentation, cv_auto_documentation, cl_final, cl_dataset, ck_user, ct_change) VALUES ('27', 'Field Integer', 'Поле "Целое число"', null, null, 0, 0, '-11', '2018-02-22T00:00:00.000+0000')  on conflict (ck_id) do update set cv_name = excluded.cv_name, cv_description = excluded.cv_description, cv_manual_documentation = excluded.cv_manual_documentation, cv_auto_documentation = excluded.cv_auto_documentation, cl_final = excluded.cl_final, cl_dataset = excluded.cl_dataset, ck_user = excluded.ck_user, ct_change = excluded.ct_change;
INSERT INTO s_mt.t_class_attr(ck_id, ck_class, ck_attr, cv_data_type_extra, cv_value, ck_user, ct_change, cl_required) VALUES ('7539E429073041A68EC1B9D64B801A80', '27', 'activerules', null, null, '4fd05ca9-3a9e-4d66-82df-886dfa082113', '2020-04-10T13:24:51.126+0000', 0)  on conflict (ck_id) do update set ck_class = excluded.ck_class, ck_attr = excluded.ck_attr, cv_value = excluded.cv_value, ck_user = excluded.ck_user, ct_change = excluded.ct_change, cl_required = excluded.cl_required;
INSERT INTO s_mt.t_class_attr(ck_id, ck_class, ck_attr, cv_data_type_extra, cv_value, ck_user, ct_change, cl_required) VALUES ('85', '27', 'column', null, null, '10020785', '2018-07-09T00:00:00.000+0000', 1)  on conflict (ck_id) do update set ck_class = excluded.ck_class, ck_attr = excluded.ck_attr, cv_value = excluded.cv_value, ck_user = excluded.ck_user, ct_change = excluded.ct_change, cl_required = excluded.cl_required;
INSERT INTO s_mt.t_class_attr(ck_id, ck_class, ck_attr, cv_data_type_extra, cv_value, ck_user, ct_change, cl_required) VALUES ('65', '27', 'datatype', null, 'integer', '10020785', '2018-07-09T00:00:00.000+0000', 1)  on conflict (ck_id) do update set ck_class = excluded.ck_class, ck_attr = excluded.ck_attr, cv_value = excluded.cv_value, ck_user = excluded.ck_user, ct_change = excluded.ct_change, cl_required = excluded.cl_required;
INSERT INTO s_mt.t_class_attr(ck_id, ck_class, ck_attr, cv_data_type_extra, cv_value, ck_user, ct_change, cl_required) VALUES ('875', '27', 'defaultvalue', null, null, '10020785', '2018-09-02T00:00:00.000+0000', 0)  on conflict (ck_id) do update set ck_class = excluded.ck_class, ck_attr = excluded.ck_attr, cv_value = excluded.cv_value, ck_user = excluded.ck_user, ct_change = excluded.ct_change, cl_required = excluded.cl_required;
INSERT INTO s_mt.t_class_attr(ck_id, ck_class, ck_attr, cv_data_type_extra, cv_value, ck_user, ct_change, cl_required) VALUES ('892', '27', 'disabled', null, null, '10020785', '2018-07-09T00:00:00.000+0000', 0)  on conflict (ck_id) do update set ck_class = excluded.ck_class, ck_attr = excluded.ck_attr, cv_value = excluded.cv_value, ck_user = excluded.ck_user, ct_change = excluded.ct_change, cl_required = excluded.cl_required;
INSERT INTO s_mt.t_class_attr(ck_id, ck_class, ck_attr, cv_data_type_extra, cv_value, ck_user, ct_change, cl_required) VALUES ('1251', '27', 'disabledrules', null, null, '10020785', '2018-07-09T00:00:00.000+0000', 0)  on conflict (ck_id) do update set ck_class = excluded.ck_class, ck_attr = excluded.ck_attr, cv_value = excluded.cv_value, ck_user = excluded.ck_user, ct_change = excluded.ct_change, cl_required = excluded.cl_required;
INSERT INTO s_mt.t_class_attr(ck_id, ck_class, ck_attr, cv_data_type_extra, cv_value, ck_user, ct_change, cl_required) VALUES ('39181', '27', 'editmode', null, null, '20780', '2019-01-17T00:00:00.000+0000', 0)  on conflict (ck_id) do update set ck_class = excluded.ck_class, ck_attr = excluded.ck_attr, cv_value = excluded.cv_value, ck_user = excluded.ck_user, ct_change = excluded.ct_change, cl_required = excluded.cl_required;
INSERT INTO s_mt.t_class_attr(ck_id, ck_class, ck_attr, cv_data_type_extra, cv_value, ck_user, ct_change, cl_required) VALUES ('1161', '27', 'getglobal', null, null, '10020785', '2018-07-09T00:00:00.000+0000', 0)  on conflict (ck_id) do update set ck_class = excluded.ck_class, ck_attr = excluded.ck_attr, cv_value = excluded.cv_value, ck_user = excluded.ck_user, ct_change = excluded.ct_change, cl_required = excluded.cl_required;
INSERT INTO s_mt.t_class_attr(ck_id, ck_class, ck_attr, cv_data_type_extra, cv_value, ck_user, ct_change, cl_required) VALUES ('891', '27', 'hidden', null, null, '10020785', '2018-07-09T00:00:00.000+0000', 0)  on conflict (ck_id) do update set ck_class = excluded.ck_class, ck_attr = excluded.ck_attr, cv_value = excluded.cv_value, ck_user = excluded.ck_user, ct_change = excluded.ct_change, cl_required = excluded.cl_required;
INSERT INTO s_mt.t_class_attr(ck_id, ck_class, ck_attr, cv_data_type_extra, cv_value, ck_user, ct_change, cl_required) VALUES ('1295', '27', 'hiddenrules', null, null, '10020785', '2018-07-09T00:00:00.000+0000', 0)  on conflict (ck_id) do update set ck_class = excluded.ck_class, ck_attr = excluded.ck_attr, cv_value = excluded.cv_value, ck_user = excluded.ck_user, ct_change = excluded.ct_change, cl_required = excluded.cl_required;
INSERT INTO s_mt.t_class_attr(ck_id, ck_class, ck_attr, cv_data_type_extra, cv_value, ck_user, ct_change, cl_required) VALUES ('1371', '27', 'info', null, null, '10020785', '2018-07-09T00:00:00.000+0000', 0)  on conflict (ck_id) do update set ck_class = excluded.ck_class, ck_attr = excluded.ck_attr, cv_value = excluded.cv_value, ck_user = excluded.ck_user, ct_change = excluded.ct_change, cl_required = excluded.cl_required;
INSERT INTO s_mt.t_class_attr(ck_id, ck_class, ck_attr, cv_data_type_extra, cv_value, ck_user, ct_change, cl_required) VALUES ('70', '27', 'maxsize', null, '60', '10020785', '2018-07-09T00:00:00.000+0000', 0)  on conflict (ck_id) do update set ck_class = excluded.ck_class, ck_attr = excluded.ck_attr, cv_value = excluded.cv_value, ck_user = excluded.ck_user, ct_change = excluded.ct_change, cl_required = excluded.cl_required;
INSERT INTO s_mt.t_class_attr(ck_id, ck_class, ck_attr, cv_data_type_extra, cv_value, ck_user, ct_change, cl_required) VALUES ('1112', '27', 'maxvalue', null, null, '10020785', '2018-07-09T00:00:00.000+0000', 0)  on conflict (ck_id) do update set ck_class = excluded.ck_class, ck_attr = excluded.ck_attr, cv_value = excluded.cv_value, ck_user = excluded.ck_user, ct_change = excluded.ct_change, cl_required = excluded.cl_required;
INSERT INTO s_mt.t_class_attr(ck_id, ck_class, ck_attr, cv_data_type_extra, cv_value, ck_user, ct_change, cl_required) VALUES ('1109', '27', 'minvalue', null, '0', '10020785', '2018-07-09T00:00:00.000+0000', 0)  on conflict (ck_id) do update set ck_class = excluded.ck_class, ck_attr = excluded.ck_attr, cv_value = excluded.cv_value, ck_user = excluded.ck_user, ct_change = excluded.ct_change, cl_required = excluded.cl_required;
INSERT INTO s_mt.t_class_attr(ck_id, ck_class, ck_attr, cv_data_type_extra, cv_value, ck_user, ct_change, cl_required) VALUES ('71', '27', 'regexp', null, null, '10020785', '2018-07-09T00:00:00.000+0000', 0)  on conflict (ck_id) do update set ck_class = excluded.ck_class, ck_attr = excluded.ck_attr, cv_value = excluded.cv_value, ck_user = excluded.ck_user, ct_change = excluded.ct_change, cl_required = excluded.cl_required;
INSERT INTO s_mt.t_class_attr(ck_id, ck_class, ck_attr, cv_data_type_extra, cv_value, ck_user, ct_change, cl_required) VALUES ('1019', '27', 'reqsel', null, null, '10020785', '2018-09-02T00:00:00.000+0000', 0)  on conflict (ck_id) do update set ck_class = excluded.ck_class, ck_attr = excluded.ck_attr, cv_value = excluded.cv_value, ck_user = excluded.ck_user, ct_change = excluded.ct_change, cl_required = excluded.cl_required;
INSERT INTO s_mt.t_class_attr(ck_id, ck_class, ck_attr, cv_data_type_extra, cv_value, ck_user, ct_change, cl_required) VALUES ('72', '27', 'required', null, 'false', '10020785', '2018-07-09T00:00:00.000+0000', 0)  on conflict (ck_id) do update set ck_class = excluded.ck_class, ck_attr = excluded.ck_attr, cv_value = excluded.cv_value, ck_user = excluded.ck_user, ct_change = excluded.ct_change, cl_required = excluded.cl_required;
INSERT INTO s_mt.t_class_attr(ck_id, ck_class, ck_attr, cv_data_type_extra, cv_value, ck_user, ct_change, cl_required) VALUES ('43182', '27', 'requiredrules', null, null, '10028610', '2019-02-05T00:00:00.000+0000', 0)  on conflict (ck_id) do update set ck_class = excluded.ck_class, ck_attr = excluded.ck_attr, cv_value = excluded.cv_value, ck_user = excluded.ck_user, ct_change = excluded.ct_change, cl_required = excluded.cl_required;
INSERT INTO s_mt.t_class_attr(ck_id, ck_class, ck_attr, cv_data_type_extra, cv_value, ck_user, ct_change, cl_required) VALUES ('1191', '27', 'setglobal', null, null, '10020785', '2018-07-09T00:00:00.000+0000', 0)  on conflict (ck_id) do update set ck_class = excluded.ck_class, ck_attr = excluded.ck_attr, cv_value = excluded.cv_value, ck_user = excluded.ck_user, ct_change = excluded.ct_change, cl_required = excluded.cl_required;
INSERT INTO s_mt.t_class_attr(ck_id, ck_class, ck_attr, cv_data_type_extra, cv_value, ck_user, ct_change, cl_required) VALUES ('873409A99E972433E053809BA8C02780', '27', 'thousandseparator', null, null, '20786', '2019-04-29T00:00:00.000+0000', 0)  on conflict (ck_id) do update set ck_class = excluded.ck_class, ck_attr = excluded.ck_attr, cv_value = excluded.cv_value, ck_user = excluded.ck_user, ct_change = excluded.ct_change, cl_required = excluded.cl_required;
INSERT INTO s_mt.t_class_attr(ck_id, ck_class, ck_attr, cv_data_type_extra, cv_value, ck_user, ct_change, cl_required) VALUES ('66', '27', 'type', null, 'IFIELD', '10020785', '2018-07-09T00:00:00.000+0000', 1)  on conflict (ck_id) do update set ck_class = excluded.ck_class, ck_attr = excluded.ck_attr, cv_value = excluded.cv_value, ck_user = excluded.ck_user, ct_change = excluded.ct_change, cl_required = excluded.cl_required;
INSERT INTO s_mt.t_class_attr(ck_id, ck_class, ck_attr, cv_data_type_extra, cv_value, ck_user, ct_change, cl_required) VALUES ('1434', '27', 'width', null, null, '10020785', '2018-07-09T00:00:00.000+0000', 0)  on conflict (ck_id) do update set ck_class = excluded.ck_class, ck_attr = excluded.ck_attr, cv_value = excluded.cv_value, ck_user = excluded.ck_user, ct_change = excluded.ct_change, cl_required = excluded.cl_required;
select pkg_patcher.p_clear_attr('27'::varchar, '["activerules","column","datatype","defaultvalue","disabled","disabledrules","editmode","getglobal","hidden","hiddenrules","info","maxsize","maxvalue","minvalue","regexp","reqsel","required","requiredrules","setglobal","thousandseparator","type","width"]'::jsonb);
INSERT INTO s_mt.t_class(ck_id, cv_name, cv_description, cv_manual_documentation, cv_auto_documentation, cl_final, cl_dataset, ck_user, ct_change) VALUES ('317', 'Field Item Selector', 'Поле "Песочные часы"', null, null, 0, 1, '-11', '2018-02-22T00:00:00.000+0000')  on conflict (ck_id) do update set cv_name = excluded.cv_name, cv_description = excluded.cv_description, cv_manual_documentation = excluded.cv_manual_documentation, cv_auto_documentation = excluded.cv_auto_documentation, cl_final = excluded.cl_final, cl_dataset = excluded.cl_dataset, ck_user = excluded.ck_user, ct_change = excluded.ct_change;
INSERT INTO s_mt.t_class_attr(ck_id, ck_class, ck_attr, cv_data_type_extra, cv_value, ck_user, ct_change, cl_required) VALUES ('BF8323F4386C48EDA0872B62D25D3CA7', '317', 'activerules', null, null, '4fd05ca9-3a9e-4d66-82df-886dfa082113', '2020-04-10T13:24:58.792+0000', 0)  on conflict (ck_id) do update set ck_class = excluded.ck_class, ck_attr = excluded.ck_attr, cv_value = excluded.cv_value, ck_user = excluded.ck_user, ct_change = excluded.ct_change, cl_required = excluded.cl_required;
INSERT INTO s_mt.t_class_attr(ck_id, ck_class, ck_attr, cv_data_type_extra, cv_value, ck_user, ct_change, cl_required) VALUES ('1149', '317', 'childs', null, null, '10020785', '2018-06-11T00:00:00.000+0000', 0)  on conflict (ck_id) do update set ck_class = excluded.ck_class, ck_attr = excluded.ck_attr, cv_value = excluded.cv_value, ck_user = excluded.ck_user, ct_change = excluded.ct_change, cl_required = excluded.cl_required;
INSERT INTO s_mt.t_class_attr(ck_id, ck_class, ck_attr, cv_data_type_extra, cv_value, ck_user, ct_change, cl_required) VALUES ('1323', '317', 'column', null, 'ck_id', '10020785', '2018-06-11T00:00:00.000+0000', 0)  on conflict (ck_id) do update set ck_class = excluded.ck_class, ck_attr = excluded.ck_attr, cv_value = excluded.cv_value, ck_user = excluded.ck_user, ct_change = excluded.ct_change, cl_required = excluded.cl_required;
INSERT INTO s_mt.t_class_attr(ck_id, ck_class, ck_attr, cv_data_type_extra, cv_value, ck_user, ct_change, cl_required) VALUES ('1278', '317', 'disabledrules', null, null, '10020785', '2018-06-13T00:00:00.000+0000', 0)  on conflict (ck_id) do update set ck_class = excluded.ck_class, ck_attr = excluded.ck_attr, cv_value = excluded.cv_value, ck_user = excluded.ck_user, ct_change = excluded.ct_change, cl_required = excluded.cl_required;
INSERT INTO s_mt.t_class_attr(ck_id, ck_class, ck_attr, cv_data_type_extra, cv_value, ck_user, ct_change, cl_required) VALUES ('40180', '317', 'editmode', null, null, '20785', '2019-01-24T00:00:00.000+0000', 0)  on conflict (ck_id) do update set ck_class = excluded.ck_class, ck_attr = excluded.ck_attr, cv_value = excluded.cv_value, ck_user = excluded.ck_user, ct_change = excluded.ct_change, cl_required = excluded.cl_required;
INSERT INTO s_mt.t_class_attr(ck_id, ck_class, ck_attr, cv_data_type_extra, cv_value, ck_user, ct_change, cl_required) VALUES ('1912', '317', 'extraplugingate', null, null, '10020785', '2018-09-02T00:00:00.000+0000', 0)  on conflict (ck_id) do update set ck_class = excluded.ck_class, ck_attr = excluded.ck_attr, cv_value = excluded.cv_value, ck_user = excluded.ck_user, ct_change = excluded.ct_change, cl_required = excluded.cl_required;
INSERT INTO s_mt.t_class_attr(ck_id, ck_class, ck_attr, cv_data_type_extra, cv_value, ck_user, ct_change, cl_required) VALUES ('1220', '317', 'getglobaltostore', null, null, '10020785', '2018-06-13T00:00:00.000+0000', 0)  on conflict (ck_id) do update set ck_class = excluded.ck_class, ck_attr = excluded.ck_attr, cv_value = excluded.cv_value, ck_user = excluded.ck_user, ct_change = excluded.ct_change, cl_required = excluded.cl_required;
INSERT INTO s_mt.t_class_attr(ck_id, ck_class, ck_attr, cv_data_type_extra, cv_value, ck_user, ct_change, cl_required) VALUES ('3F07486FAC2D4752A510616FDA61264D', '317', 'getmastervalue', null, 'ck_id', '4fd05ca9-3a9e-4d66-82df-886dfa082113', '2020-01-13T00:00:00.000+0000', 1)  on conflict (ck_id) do update set ck_class = excluded.ck_class, ck_attr = excluded.ck_attr, cv_value = excluded.cv_value, ck_user = excluded.ck_user, ct_change = excluded.ct_change, cl_required = excluded.cl_required;
INSERT INTO s_mt.t_class_attr(ck_id, ck_class, ck_attr, cv_data_type_extra, cv_value, ck_user, ct_change, cl_required) VALUES ('1324', '317', 'height', null, '390px', '10020785', '2018-06-13T00:00:00.000+0000', 0)  on conflict (ck_id) do update set ck_class = excluded.ck_class, ck_attr = excluded.ck_attr, cv_value = excluded.cv_value, ck_user = excluded.ck_user, ct_change = excluded.ct_change, cl_required = excluded.cl_required;
INSERT INTO s_mt.t_class_attr(ck_id, ck_class, ck_attr, cv_data_type_extra, cv_value, ck_user, ct_change, cl_required) VALUES ('1322', '317', 'hiddenrules', null, null, '10020785', '2018-06-13T00:00:00.000+0000', 0)  on conflict (ck_id) do update set ck_class = excluded.ck_class, ck_attr = excluded.ck_attr, cv_value = excluded.cv_value, ck_user = excluded.ck_user, ct_change = excluded.ct_change, cl_required = excluded.cl_required;
INSERT INTO s_mt.t_class_attr(ck_id, ck_class, ck_attr, cv_data_type_extra, cv_value, ck_user, ct_change, cl_required) VALUES ('9F3F2102CBBD42169E500EA18EC2A69D', '317', 'idproperty', null, 'ck_id', '4fd05ca9-3a9e-4d66-82df-886dfa082113', '2020-01-14T00:00:00.000+0000', 1)  on conflict (ck_id) do update set ck_class = excluded.ck_class, ck_attr = excluded.ck_attr, cv_value = excluded.cv_value, ck_user = excluded.ck_user, ct_change = excluded.ct_change, cl_required = excluded.cl_required;
INSERT INTO s_mt.t_class_attr(ck_id, ck_class, ck_attr, cv_data_type_extra, cv_value, ck_user, ct_change, cl_required) VALUES ('1325', '317', 'reqsel', null, 'true', '10020785', '2018-09-02T00:00:00.000+0000', 0)  on conflict (ck_id) do update set ck_class = excluded.ck_class, ck_attr = excluded.ck_attr, cv_value = excluded.cv_value, ck_user = excluded.ck_user, ct_change = excluded.ct_change, cl_required = excluded.cl_required;
INSERT INTO s_mt.t_class_attr(ck_id, ck_class, ck_attr, cv_data_type_extra, cv_value, ck_user, ct_change, cl_required) VALUES ('28D10C6E207F4FBBAD8B00891C4477BD', '317', 'setrecordtoglobal', null, null, '4fd05ca9-3a9e-4d66-82df-886dfa082113', '2020-02-06T00:00:00.000+0000', 0)  on conflict (ck_id) do update set ck_class = excluded.ck_class, ck_attr = excluded.ck_attr, cv_value = excluded.cv_value, ck_user = excluded.ck_user, ct_change = excluded.ct_change, cl_required = excluded.cl_required;
INSERT INTO s_mt.t_class_attr(ck_id, ck_class, ck_attr, cv_data_type_extra, cv_value, ck_user, ct_change, cl_required) VALUES ('1151', '317', 'type', null, 'ITEMSELECTOR', '20785', '2019-01-15T00:00:00.000+0000', 0)  on conflict (ck_id) do update set ck_class = excluded.ck_class, ck_attr = excluded.ck_attr, cv_value = excluded.cv_value, ck_user = excluded.ck_user, ct_change = excluded.ct_change, cl_required = excluded.cl_required;
select pkg_patcher.p_clear_attr('317'::varchar, '["activerules","childs","column","disabledrules","editmode","extraplugingate","getglobaltostore","getmastervalue","height","hiddenrules","idproperty","reqsel","setrecordtoglobal","type"]'::jsonb);
INSERT INTO s_mt.t_class(ck_id, cv_name, cv_description, cv_manual_documentation, cv_auto_documentation, cl_final, cl_dataset, ck_user, ct_change) VALUES ('47AC6CC616C3493E923FAD5E79B28166', 'Field Markdown', 'Поле "Markdown"', null, null, 0, 0, '4fd05ca9-3a9e-4d66-82df-886dfa082113', '2020-04-09T00:00:00.000+0000')  on conflict (ck_id) do update set cv_name = excluded.cv_name, cv_description = excluded.cv_description, cv_manual_documentation = excluded.cv_manual_documentation, cv_auto_documentation = excluded.cv_auto_documentation, cl_final = excluded.cl_final, cl_dataset = excluded.cl_dataset, ck_user = excluded.ck_user, ct_change = excluded.ct_change;
INSERT INTO s_mt.t_class_attr(ck_id, ck_class, ck_attr, cv_data_type_extra, cv_value, ck_user, ct_change, cl_required) VALUES ('BBD0BBD8C3544F748885F964614D0C18', '47AC6CC616C3493E923FAD5E79B28166', 'column', null, null, '4fd05ca9-3a9e-4d66-82df-886dfa082113', '2020-04-09T00:00:00.000+0000', 0)  on conflict (ck_id) do update set ck_class = excluded.ck_class, ck_attr = excluded.ck_attr, cv_value = excluded.cv_value, ck_user = excluded.ck_user, ct_change = excluded.ct_change, cl_required = excluded.cl_required;
INSERT INTO s_mt.t_class_attr(ck_id, ck_class, ck_attr, cv_data_type_extra, cv_value, ck_user, ct_change, cl_required) VALUES ('492989E2DC86446CA23BF450ADA68899', '47AC6CC616C3493E923FAD5E79B28166', 'datatype', null, 'markdown', '4fd05ca9-3a9e-4d66-82df-886dfa082113', '2020-04-09T00:00:00.000+0000', 0)  on conflict (ck_id) do update set ck_class = excluded.ck_class, ck_attr = excluded.ck_attr, cv_value = excluded.cv_value, ck_user = excluded.ck_user, ct_change = excluded.ct_change, cl_required = excluded.cl_required;
INSERT INTO s_mt.t_class_attr(ck_id, ck_class, ck_attr, cv_data_type_extra, cv_value, ck_user, ct_change, cl_required) VALUES ('F0AADDD2539D426F831BC557FDDCC247', '47AC6CC616C3493E923FAD5E79B28166', 'defaultvalue', null, null, '4fd05ca9-3a9e-4d66-82df-886dfa082113', '2020-04-09T00:00:00.000+0000', 0)  on conflict (ck_id) do update set ck_class = excluded.ck_class, ck_attr = excluded.ck_attr, cv_value = excluded.cv_value, ck_user = excluded.ck_user, ct_change = excluded.ct_change, cl_required = excluded.cl_required;
INSERT INTO s_mt.t_class_attr(ck_id, ck_class, ck_attr, cv_data_type_extra, cv_value, ck_user, ct_change, cl_required) VALUES ('619F763574084B6AAA308F4814FD7756', '47AC6CC616C3493E923FAD5E79B28166', 'disabled', null, null, '4fd05ca9-3a9e-4d66-82df-886dfa082113', '2020-04-09T00:00:00.000+0000', 0)  on conflict (ck_id) do update set ck_class = excluded.ck_class, ck_attr = excluded.ck_attr, cv_value = excluded.cv_value, ck_user = excluded.ck_user, ct_change = excluded.ct_change, cl_required = excluded.cl_required;
INSERT INTO s_mt.t_class_attr(ck_id, ck_class, ck_attr, cv_data_type_extra, cv_value, ck_user, ct_change, cl_required) VALUES ('105F0471B8A44443AC4F7F7E78B43777', '47AC6CC616C3493E923FAD5E79B28166', 'disabledrules', null, null, '4fd05ca9-3a9e-4d66-82df-886dfa082113', '2020-04-09T00:00:00.000+0000', 0)  on conflict (ck_id) do update set ck_class = excluded.ck_class, ck_attr = excluded.ck_attr, cv_value = excluded.cv_value, ck_user = excluded.ck_user, ct_change = excluded.ct_change, cl_required = excluded.cl_required;
INSERT INTO s_mt.t_class_attr(ck_id, ck_class, ck_attr, cv_data_type_extra, cv_value, ck_user, ct_change, cl_required) VALUES ('E1AE92E79B114D6EBDA48C6D5654D54A', '47AC6CC616C3493E923FAD5E79B28166', 'editmode', null, 'all', '4fd05ca9-3a9e-4d66-82df-886dfa082113', '2020-04-09T00:00:00.000+0000', 0)  on conflict (ck_id) do update set ck_class = excluded.ck_class, ck_attr = excluded.ck_attr, cv_value = excluded.cv_value, ck_user = excluded.ck_user, ct_change = excluded.ct_change, cl_required = excluded.cl_required;
INSERT INTO s_mt.t_class_attr(ck_id, ck_class, ck_attr, cv_data_type_extra, cv_value, ck_user, ct_change, cl_required) VALUES ('DF27835437E6455FA2827EE6884D6D1B', '47AC6CC616C3493E923FAD5E79B28166', 'getglobal', null, null, '4fd05ca9-3a9e-4d66-82df-886dfa082113', '2020-04-09T00:00:00.000+0000', 0)  on conflict (ck_id) do update set ck_class = excluded.ck_class, ck_attr = excluded.ck_attr, cv_value = excluded.cv_value, ck_user = excluded.ck_user, ct_change = excluded.ct_change, cl_required = excluded.cl_required;
INSERT INTO s_mt.t_class_attr(ck_id, ck_class, ck_attr, cv_data_type_extra, cv_value, ck_user, ct_change, cl_required) VALUES ('E24F9D64ADB24BAF9A9180E663899932', '47AC6CC616C3493E923FAD5E79B28166', 'hidden', null, null, '4fd05ca9-3a9e-4d66-82df-886dfa082113', '2020-04-09T00:00:00.000+0000', 0)  on conflict (ck_id) do update set ck_class = excluded.ck_class, ck_attr = excluded.ck_attr, cv_value = excluded.cv_value, ck_user = excluded.ck_user, ct_change = excluded.ct_change, cl_required = excluded.cl_required;
INSERT INTO s_mt.t_class_attr(ck_id, ck_class, ck_attr, cv_data_type_extra, cv_value, ck_user, ct_change, cl_required) VALUES ('2E07071E25CD464EAF98B2E34AD225FA', '47AC6CC616C3493E923FAD5E79B28166', 'hiddenrules', null, null, '4fd05ca9-3a9e-4d66-82df-886dfa082113', '2020-04-09T00:00:00.000+0000', 0)  on conflict (ck_id) do update set ck_class = excluded.ck_class, ck_attr = excluded.ck_attr, cv_value = excluded.cv_value, ck_user = excluded.ck_user, ct_change = excluded.ct_change, cl_required = excluded.cl_required;
INSERT INTO s_mt.t_class_attr(ck_id, ck_class, ck_attr, cv_data_type_extra, cv_value, ck_user, ct_change, cl_required) VALUES ('AE46DC13D2054B9CBA462761E9491298', '47AC6CC616C3493E923FAD5E79B28166', 'maxheight', null, null, '4fd05ca9-3a9e-4d66-82df-886dfa082113', '2020-04-09T00:00:00.000+0000', 0)  on conflict (ck_id) do update set ck_class = excluded.ck_class, ck_attr = excluded.ck_attr, cv_value = excluded.cv_value, ck_user = excluded.ck_user, ct_change = excluded.ct_change, cl_required = excluded.cl_required;
INSERT INTO s_mt.t_class_attr(ck_id, ck_class, ck_attr, cv_data_type_extra, cv_value, ck_user, ct_change, cl_required) VALUES ('89E907782BBE41BCA7443E9D34BFA745', '47AC6CC616C3493E923FAD5E79B28166', 'maxsize', null, null, '4fd05ca9-3a9e-4d66-82df-886dfa082113', '2020-04-09T00:00:00.000+0000', 0)  on conflict (ck_id) do update set ck_class = excluded.ck_class, ck_attr = excluded.ck_attr, cv_value = excluded.cv_value, ck_user = excluded.ck_user, ct_change = excluded.ct_change, cl_required = excluded.cl_required;
INSERT INTO s_mt.t_class_attr(ck_id, ck_class, ck_attr, cv_data_type_extra, cv_value, ck_user, ct_change, cl_required) VALUES ('93EA121D1A134A76B306BD903EB970C5', '47AC6CC616C3493E923FAD5E79B28166', 'minheight', null, '35px', '4fd05ca9-3a9e-4d66-82df-886dfa082113', '2020-04-09T00:00:00.000+0000', 0)  on conflict (ck_id) do update set ck_class = excluded.ck_class, ck_attr = excluded.ck_attr, cv_value = excluded.cv_value, ck_user = excluded.ck_user, ct_change = excluded.ct_change, cl_required = excluded.cl_required;
INSERT INTO s_mt.t_class_attr(ck_id, ck_class, ck_attr, cv_data_type_extra, cv_value, ck_user, ct_change, cl_required) VALUES ('C6D59003EE6F413C8C5EFAF4AB1CD5F9', '47AC6CC616C3493E923FAD5E79B28166', 'reqsel', null, 'false', '4fd05ca9-3a9e-4d66-82df-886dfa082113', '2020-04-09T00:00:00.000+0000', 0)  on conflict (ck_id) do update set ck_class = excluded.ck_class, ck_attr = excluded.ck_attr, cv_value = excluded.cv_value, ck_user = excluded.ck_user, ct_change = excluded.ct_change, cl_required = excluded.cl_required;
INSERT INTO s_mt.t_class_attr(ck_id, ck_class, ck_attr, cv_data_type_extra, cv_value, ck_user, ct_change, cl_required) VALUES ('D81FC047C95F46A5B28D6D1C122C668E', '47AC6CC616C3493E923FAD5E79B28166', 'required', null, null, '4fd05ca9-3a9e-4d66-82df-886dfa082113', '2020-04-09T00:00:00.000+0000', 0)  on conflict (ck_id) do update set ck_class = excluded.ck_class, ck_attr = excluded.ck_attr, cv_value = excluded.cv_value, ck_user = excluded.ck_user, ct_change = excluded.ct_change, cl_required = excluded.cl_required;
INSERT INTO s_mt.t_class_attr(ck_id, ck_class, ck_attr, cv_data_type_extra, cv_value, ck_user, ct_change, cl_required) VALUES ('9888EB47720D43849116E099BCA16261', '47AC6CC616C3493E923FAD5E79B28166', 'requiredrules', null, null, '4fd05ca9-3a9e-4d66-82df-886dfa082113', '2020-04-09T00:00:00.000+0000', 0)  on conflict (ck_id) do update set ck_class = excluded.ck_class, ck_attr = excluded.ck_attr, cv_value = excluded.cv_value, ck_user = excluded.ck_user, ct_change = excluded.ct_change, cl_required = excluded.cl_required;
INSERT INTO s_mt.t_class_attr(ck_id, ck_class, ck_attr, cv_data_type_extra, cv_value, ck_user, ct_change, cl_required) VALUES ('040E57628E8C4F78A41DE3F78699CAE0', '47AC6CC616C3493E923FAD5E79B28166', 'setglobal', null, null, '4fd05ca9-3a9e-4d66-82df-886dfa082113', '2020-04-09T00:00:00.000+0000', 0)  on conflict (ck_id) do update set ck_class = excluded.ck_class, ck_attr = excluded.ck_attr, cv_value = excluded.cv_value, ck_user = excluded.ck_user, ct_change = excluded.ct_change, cl_required = excluded.cl_required;
INSERT INTO s_mt.t_class_attr(ck_id, ck_class, ck_attr, cv_data_type_extra, cv_value, ck_user, ct_change, cl_required) VALUES ('D14A4FC3A6104AF2BE5D284CDD7C799B', '47AC6CC616C3493E923FAD5E79B28166', 'type', null, 'IFIELD', '4fd05ca9-3a9e-4d66-82df-886dfa082113', '2020-04-09T00:00:00.000+0000', 0)  on conflict (ck_id) do update set ck_class = excluded.ck_class, ck_attr = excluded.ck_attr, cv_value = excluded.cv_value, ck_user = excluded.ck_user, ct_change = excluded.ct_change, cl_required = excluded.cl_required;
INSERT INTO s_mt.t_class_attr(ck_id, ck_class, ck_attr, cv_data_type_extra, cv_value, ck_user, ct_change, cl_required) VALUES ('9A3F049D8BF04FA6847947B5A59BC14C', '47AC6CC616C3493E923FAD5E79B28166', 'width', null, null, '4fd05ca9-3a9e-4d66-82df-886dfa082113', '2020-04-09T00:00:00.000+0000', 0)  on conflict (ck_id) do update set ck_class = excluded.ck_class, ck_attr = excluded.ck_attr, cv_value = excluded.cv_value, ck_user = excluded.ck_user, ct_change = excluded.ct_change, cl_required = excluded.cl_required;
select pkg_patcher.p_clear_attr('47AC6CC616C3493E923FAD5E79B28166'::varchar, '["column","datatype","defaultvalue","disabled","disabledrules","editmode","getglobal","hidden","hiddenrules","maxheight","maxsize","minheight","reqsel","required","requiredrules","setglobal","type","width"]'::jsonb);
INSERT INTO s_mt.t_class(ck_id, cv_name, cv_description, cv_manual_documentation, cv_auto_documentation, cl_final, cl_dataset, ck_user, ct_change) VALUES ('28', 'Field Numeric', 'Поле "Число"', null, null, 0, 0, '10020786', '2018-03-01T00:00:00.000+0000')  on conflict (ck_id) do update set cv_name = excluded.cv_name, cv_description = excluded.cv_description, cv_manual_documentation = excluded.cv_manual_documentation, cv_auto_documentation = excluded.cv_auto_documentation, cl_final = excluded.cl_final, cl_dataset = excluded.cl_dataset, ck_user = excluded.ck_user, ct_change = excluded.ct_change;
INSERT INTO s_mt.t_class_attr(ck_id, ck_class, ck_attr, cv_data_type_extra, cv_value, ck_user, ct_change, cl_required) VALUES ('CB810813606E4A2988F32C6D80BF999B', '28', 'activerules', null, null, '4fd05ca9-3a9e-4d66-82df-886dfa082113', '2020-04-10T13:25:05.902+0000', 0)  on conflict (ck_id) do update set ck_class = excluded.ck_class, ck_attr = excluded.ck_attr, cv_value = excluded.cv_value, ck_user = excluded.ck_user, ct_change = excluded.ct_change, cl_required = excluded.cl_required;
INSERT INTO s_mt.t_class_attr(ck_id, ck_class, ck_attr, cv_data_type_extra, cv_value, ck_user, ct_change, cl_required) VALUES ('84', '28', 'column', null, null, '10020785', '2018-07-09T00:00:00.000+0000', 0)  on conflict (ck_id) do update set ck_class = excluded.ck_class, ck_attr = excluded.ck_attr, cv_value = excluded.cv_value, ck_user = excluded.ck_user, ct_change = excluded.ct_change, cl_required = excluded.cl_required;
INSERT INTO s_mt.t_class_attr(ck_id, ck_class, ck_attr, cv_data_type_extra, cv_value, ck_user, ct_change, cl_required) VALUES ('1654', '28', 'currencysign', null, null, '10020785', '2018-07-09T00:00:00.000+0000', 0)  on conflict (ck_id) do update set ck_class = excluded.ck_class, ck_attr = excluded.ck_attr, cv_value = excluded.cv_value, ck_user = excluded.ck_user, ct_change = excluded.ct_change, cl_required = excluded.cl_required;
INSERT INTO s_mt.t_class_attr(ck_id, ck_class, ck_attr, cv_data_type_extra, cv_value, ck_user, ct_change, cl_required) VALUES ('76', '28', 'datatype', null, 'numeric', '10020785', '2018-07-09T00:00:00.000+0000', 1)  on conflict (ck_id) do update set ck_class = excluded.ck_class, ck_attr = excluded.ck_attr, cv_value = excluded.cv_value, ck_user = excluded.ck_user, ct_change = excluded.ct_change, cl_required = excluded.cl_required;
INSERT INTO s_mt.t_class_attr(ck_id, ck_class, ck_attr, cv_data_type_extra, cv_value, ck_user, ct_change, cl_required) VALUES ('89', '28', 'decimalprecision', null, null, '10020785', '2018-07-09T00:00:00.000+0000', 0)  on conflict (ck_id) do update set ck_class = excluded.ck_class, ck_attr = excluded.ck_attr, cv_value = excluded.cv_value, ck_user = excluded.ck_user, ct_change = excluded.ct_change, cl_required = excluded.cl_required;
INSERT INTO s_mt.t_class_attr(ck_id, ck_class, ck_attr, cv_data_type_extra, cv_value, ck_user, ct_change, cl_required) VALUES ('1655', '28', 'decimalseparator', null, ',', '40025111', '2019-03-28T00:00:00.000+0000', 0)  on conflict (ck_id) do update set ck_class = excluded.ck_class, ck_attr = excluded.ck_attr, cv_value = excluded.cv_value, ck_user = excluded.ck_user, ct_change = excluded.ct_change, cl_required = excluded.cl_required;
INSERT INTO s_mt.t_class_attr(ck_id, ck_class, ck_attr, cv_data_type_extra, cv_value, ck_user, ct_change, cl_required) VALUES ('877', '28', 'defaultvalue', null, null, '10020785', '2018-07-09T00:00:00.000+0000', 0)  on conflict (ck_id) do update set ck_class = excluded.ck_class, ck_attr = excluded.ck_attr, cv_value = excluded.cv_value, ck_user = excluded.ck_user, ct_change = excluded.ct_change, cl_required = excluded.cl_required;
INSERT INTO s_mt.t_class_attr(ck_id, ck_class, ck_attr, cv_data_type_extra, cv_value, ck_user, ct_change, cl_required) VALUES ('895', '28', 'disabled', null, null, '10020785', '2018-07-09T00:00:00.000+0000', 0)  on conflict (ck_id) do update set ck_class = excluded.ck_class, ck_attr = excluded.ck_attr, cv_value = excluded.cv_value, ck_user = excluded.ck_user, ct_change = excluded.ct_change, cl_required = excluded.cl_required;
INSERT INTO s_mt.t_class_attr(ck_id, ck_class, ck_attr, cv_data_type_extra, cv_value, ck_user, ct_change, cl_required) VALUES ('1252', '28', 'disabledrules', null, null, '10020785', '2018-07-09T00:00:00.000+0000', 0)  on conflict (ck_id) do update set ck_class = excluded.ck_class, ck_attr = excluded.ck_attr, cv_value = excluded.cv_value, ck_user = excluded.ck_user, ct_change = excluded.ct_change, cl_required = excluded.cl_required;
INSERT INTO s_mt.t_class_attr(ck_id, ck_class, ck_attr, cv_data_type_extra, cv_value, ck_user, ct_change, cl_required) VALUES ('39180', '28', 'editmode', null, null, '20780', '2019-01-17T00:00:00.000+0000', 0)  on conflict (ck_id) do update set ck_class = excluded.ck_class, ck_attr = excluded.ck_attr, cv_value = excluded.cv_value, ck_user = excluded.ck_user, ct_change = excluded.ct_change, cl_required = excluded.cl_required;
INSERT INTO s_mt.t_class_attr(ck_id, ck_class, ck_attr, cv_data_type_extra, cv_value, ck_user, ct_change, cl_required) VALUES ('1162', '28', 'getglobal', null, null, '10020785', '2018-07-09T00:00:00.000+0000', 0)  on conflict (ck_id) do update set ck_class = excluded.ck_class, ck_attr = excluded.ck_attr, cv_value = excluded.cv_value, ck_user = excluded.ck_user, ct_change = excluded.ct_change, cl_required = excluded.cl_required;
INSERT INTO s_mt.t_class_attr(ck_id, ck_class, ck_attr, cv_data_type_extra, cv_value, ck_user, ct_change, cl_required) VALUES ('896', '28', 'hidden', null, null, '10020785', '2018-07-09T00:00:00.000+0000', 0)  on conflict (ck_id) do update set ck_class = excluded.ck_class, ck_attr = excluded.ck_attr, cv_value = excluded.cv_value, ck_user = excluded.ck_user, ct_change = excluded.ct_change, cl_required = excluded.cl_required;
INSERT INTO s_mt.t_class_attr(ck_id, ck_class, ck_attr, cv_data_type_extra, cv_value, ck_user, ct_change, cl_required) VALUES ('1296', '28', 'hiddenrules', null, null, '10020785', '2018-07-09T00:00:00.000+0000', 0)  on conflict (ck_id) do update set ck_class = excluded.ck_class, ck_attr = excluded.ck_attr, cv_value = excluded.cv_value, ck_user = excluded.ck_user, ct_change = excluded.ct_change, cl_required = excluded.cl_required;
INSERT INTO s_mt.t_class_attr(ck_id, ck_class, ck_attr, cv_data_type_extra, cv_value, ck_user, ct_change, cl_required) VALUES ('1372', '28', 'info', null, null, '10020785', '2018-07-09T00:00:00.000+0000', 0)  on conflict (ck_id) do update set ck_class = excluded.ck_class, ck_attr = excluded.ck_attr, cv_value = excluded.cv_value, ck_user = excluded.ck_user, ct_change = excluded.ct_change, cl_required = excluded.cl_required;
INSERT INTO s_mt.t_class_attr(ck_id, ck_class, ck_attr, cv_data_type_extra, cv_value, ck_user, ct_change, cl_required) VALUES ('82', '28', 'maxsize', null, '60', '10020785', '2018-07-09T00:00:00.000+0000', 0)  on conflict (ck_id) do update set ck_class = excluded.ck_class, ck_attr = excluded.ck_attr, cv_value = excluded.cv_value, ck_user = excluded.ck_user, ct_change = excluded.ct_change, cl_required = excluded.cl_required;
INSERT INTO s_mt.t_class_attr(ck_id, ck_class, ck_attr, cv_data_type_extra, cv_value, ck_user, ct_change, cl_required) VALUES ('1111', '28', 'maxvalue', null, null, '10020785', '2018-07-09T00:00:00.000+0000', 0)  on conflict (ck_id) do update set ck_class = excluded.ck_class, ck_attr = excluded.ck_attr, cv_value = excluded.cv_value, ck_user = excluded.ck_user, ct_change = excluded.ct_change, cl_required = excluded.cl_required;
INSERT INTO s_mt.t_class_attr(ck_id, ck_class, ck_attr, cv_data_type_extra, cv_value, ck_user, ct_change, cl_required) VALUES ('1110', '28', 'minvalue', null, '0', '10020785', '2018-07-09T00:00:00.000+0000', 0)  on conflict (ck_id) do update set ck_class = excluded.ck_class, ck_attr = excluded.ck_attr, cv_value = excluded.cv_value, ck_user = excluded.ck_user, ct_change = excluded.ct_change, cl_required = excluded.cl_required;
INSERT INTO s_mt.t_class_attr(ck_id, ck_class, ck_attr, cv_data_type_extra, cv_value, ck_user, ct_change, cl_required) VALUES ('83', '28', 'regexp', null, null, '10020785', '2018-07-09T00:00:00.000+0000', 0)  on conflict (ck_id) do update set ck_class = excluded.ck_class, ck_attr = excluded.ck_attr, cv_value = excluded.cv_value, ck_user = excluded.ck_user, ct_change = excluded.ct_change, cl_required = excluded.cl_required;
INSERT INTO s_mt.t_class_attr(ck_id, ck_class, ck_attr, cv_data_type_extra, cv_value, ck_user, ct_change, cl_required) VALUES ('1022', '28', 'reqsel', null, null, '10020785', '2018-09-02T00:00:00.000+0000', 0)  on conflict (ck_id) do update set ck_class = excluded.ck_class, ck_attr = excluded.ck_attr, cv_value = excluded.cv_value, ck_user = excluded.ck_user, ct_change = excluded.ct_change, cl_required = excluded.cl_required;
INSERT INTO s_mt.t_class_attr(ck_id, ck_class, ck_attr, cv_data_type_extra, cv_value, ck_user, ct_change, cl_required) VALUES ('87', '28', 'required', null, 'false', '10020785', '2018-07-09T00:00:00.000+0000', 0)  on conflict (ck_id) do update set ck_class = excluded.ck_class, ck_attr = excluded.ck_attr, cv_value = excluded.cv_value, ck_user = excluded.ck_user, ct_change = excluded.ct_change, cl_required = excluded.cl_required;
INSERT INTO s_mt.t_class_attr(ck_id, ck_class, ck_attr, cv_data_type_extra, cv_value, ck_user, ct_change, cl_required) VALUES ('43183', '28', 'requiredrules', null, null, '10028610', '2019-02-05T00:00:00.000+0000', 0)  on conflict (ck_id) do update set ck_class = excluded.ck_class, ck_attr = excluded.ck_attr, cv_value = excluded.cv_value, ck_user = excluded.ck_user, ct_change = excluded.ct_change, cl_required = excluded.cl_required;
INSERT INTO s_mt.t_class_attr(ck_id, ck_class, ck_attr, cv_data_type_extra, cv_value, ck_user, ct_change, cl_required) VALUES ('1192', '28', 'setglobal', null, null, '10020785', '2018-07-09T00:00:00.000+0000', 0)  on conflict (ck_id) do update set ck_class = excluded.ck_class, ck_attr = excluded.ck_attr, cv_value = excluded.cv_value, ck_user = excluded.ck_user, ct_change = excluded.ct_change, cl_required = excluded.cl_required;
INSERT INTO s_mt.t_class_attr(ck_id, ck_class, ck_attr, cv_data_type_extra, cv_value, ck_user, ct_change, cl_required) VALUES ('1653', '28', 'thousandseparator', null, '.', '40025111', '2019-04-23T00:00:00.000+0000', 0)  on conflict (ck_id) do update set ck_class = excluded.ck_class, ck_attr = excluded.ck_attr, cv_value = excluded.cv_value, ck_user = excluded.ck_user, ct_change = excluded.ct_change, cl_required = excluded.cl_required;
INSERT INTO s_mt.t_class_attr(ck_id, ck_class, ck_attr, cv_data_type_extra, cv_value, ck_user, ct_change, cl_required) VALUES ('77', '28', 'type', null, 'IFIELD', '10020785', '2018-07-09T00:00:00.000+0000', 1)  on conflict (ck_id) do update set ck_class = excluded.ck_class, ck_attr = excluded.ck_attr, cv_value = excluded.cv_value, ck_user = excluded.ck_user, ct_change = excluded.ct_change, cl_required = excluded.cl_required;
INSERT INTO s_mt.t_class_attr(ck_id, ck_class, ck_attr, cv_data_type_extra, cv_value, ck_user, ct_change, cl_required) VALUES ('1437', '28', 'width', null, null, '10020785', '2018-09-02T00:00:00.000+0000', 0)  on conflict (ck_id) do update set ck_class = excluded.ck_class, ck_attr = excluded.ck_attr, cv_value = excluded.cv_value, ck_user = excluded.ck_user, ct_change = excluded.ct_change, cl_required = excluded.cl_required;
select pkg_patcher.p_clear_attr('28'::varchar, '["activerules","column","currencysign","datatype","decimalprecision","decimalseparator","defaultvalue","disabled","disabledrules","editmode","getglobal","hidden","hiddenrules","info","maxsize","maxvalue","minvalue","regexp","reqsel","required","requiredrules","setglobal","thousandseparator","type","width"]'::jsonb);
INSERT INTO s_mt.t_class(ck_id, cv_name, cv_description, cv_manual_documentation, cv_auto_documentation, cl_final, cl_dataset, ck_user, ct_change) VALUES ('8457', 'Field Password', 'Поле "Пароль"', null, null, 0, 0, '20786', '2018-12-25T00:00:00.000+0000')  on conflict (ck_id) do update set cv_name = excluded.cv_name, cv_description = excluded.cv_description, cv_manual_documentation = excluded.cv_manual_documentation, cv_auto_documentation = excluded.cv_auto_documentation, cl_final = excluded.cl_final, cl_dataset = excluded.cl_dataset, ck_user = excluded.ck_user, ct_change = excluded.ct_change;
INSERT INTO s_mt.t_class_attr(ck_id, ck_class, ck_attr, cv_data_type_extra, cv_value, ck_user, ct_change, cl_required) VALUES ('DB76AC5D6C344759B5A78FB5080EA47A', '8457', 'activerules', null, null, '4fd05ca9-3a9e-4d66-82df-886dfa082113', '2020-04-10T13:25:14.692+0000', 0)  on conflict (ck_id) do update set ck_class = excluded.ck_class, ck_attr = excluded.ck_attr, cv_value = excluded.cv_value, ck_user = excluded.ck_user, ct_change = excluded.ct_change, cl_required = excluded.cl_required;
INSERT INTO s_mt.t_class_attr(ck_id, ck_class, ck_attr, cv_data_type_extra, cv_value, ck_user, ct_change, cl_required) VALUES ('38173', '8457', 'column', null, null, '10020785', '2018-07-09T00:00:00.000+0000', 1)  on conflict (ck_id) do update set ck_class = excluded.ck_class, ck_attr = excluded.ck_attr, cv_value = excluded.cv_value, ck_user = excluded.ck_user, ct_change = excluded.ct_change, cl_required = excluded.cl_required;
INSERT INTO s_mt.t_class_attr(ck_id, ck_class, ck_attr, cv_data_type_extra, cv_value, ck_user, ct_change, cl_required) VALUES ('38171', '8457', 'datatype', null, 'password', '20786', '2018-12-25T00:00:00.000+0000', 1)  on conflict (ck_id) do update set ck_class = excluded.ck_class, ck_attr = excluded.ck_attr, cv_value = excluded.cv_value, ck_user = excluded.ck_user, ct_change = excluded.ct_change, cl_required = excluded.cl_required;
INSERT INTO s_mt.t_class_attr(ck_id, ck_class, ck_attr, cv_data_type_extra, cv_value, ck_user, ct_change, cl_required) VALUES ('38185', '8457', 'defaultvalue', null, null, '10020785', '2018-07-09T00:00:00.000+0000', 0)  on conflict (ck_id) do update set ck_class = excluded.ck_class, ck_attr = excluded.ck_attr, cv_value = excluded.cv_value, ck_user = excluded.ck_user, ct_change = excluded.ct_change, cl_required = excluded.cl_required;
INSERT INTO s_mt.t_class_attr(ck_id, ck_class, ck_attr, cv_data_type_extra, cv_value, ck_user, ct_change, cl_required) VALUES ('38180', '8457', 'disabled', null, null, '10020785', '2018-07-09T00:00:00.000+0000', 0)  on conflict (ck_id) do update set ck_class = excluded.ck_class, ck_attr = excluded.ck_attr, cv_value = excluded.cv_value, ck_user = excluded.ck_user, ct_change = excluded.ct_change, cl_required = excluded.cl_required;
INSERT INTO s_mt.t_class_attr(ck_id, ck_class, ck_attr, cv_data_type_extra, cv_value, ck_user, ct_change, cl_required) VALUES ('38177', '8457', 'disabledrules', null, null, '10020785', '2018-07-09T00:00:00.000+0000', 0)  on conflict (ck_id) do update set ck_class = excluded.ck_class, ck_attr = excluded.ck_attr, cv_value = excluded.cv_value, ck_user = excluded.ck_user, ct_change = excluded.ct_change, cl_required = excluded.cl_required;
INSERT INTO s_mt.t_class_attr(ck_id, ck_class, ck_attr, cv_data_type_extra, cv_value, ck_user, ct_change, cl_required) VALUES ('40182', '8457', 'editmode', null, null, '20785', '2019-01-24T00:00:00.000+0000', 0)  on conflict (ck_id) do update set ck_class = excluded.ck_class, ck_attr = excluded.ck_attr, cv_value = excluded.cv_value, ck_user = excluded.ck_user, ct_change = excluded.ct_change, cl_required = excluded.cl_required;
INSERT INTO s_mt.t_class_attr(ck_id, ck_class, ck_attr, cv_data_type_extra, cv_value, ck_user, ct_change, cl_required) VALUES ('38176', '8457', 'getglobal', null, null, '10020785', '2018-07-09T00:00:00.000+0000', 0)  on conflict (ck_id) do update set ck_class = excluded.ck_class, ck_attr = excluded.ck_attr, cv_value = excluded.cv_value, ck_user = excluded.ck_user, ct_change = excluded.ct_change, cl_required = excluded.cl_required;
INSERT INTO s_mt.t_class_attr(ck_id, ck_class, ck_attr, cv_data_type_extra, cv_value, ck_user, ct_change, cl_required) VALUES ('38181', '8457', 'hidden', null, null, '10020785', '2018-07-09T00:00:00.000+0000', 0)  on conflict (ck_id) do update set ck_class = excluded.ck_class, ck_attr = excluded.ck_attr, cv_value = excluded.cv_value, ck_user = excluded.ck_user, ct_change = excluded.ct_change, cl_required = excluded.cl_required;
INSERT INTO s_mt.t_class_attr(ck_id, ck_class, ck_attr, cv_data_type_extra, cv_value, ck_user, ct_change, cl_required) VALUES ('38178', '8457', 'hiddenrules', null, null, '10020785', '2018-07-09T00:00:00.000+0000', 0)  on conflict (ck_id) do update set ck_class = excluded.ck_class, ck_attr = excluded.ck_attr, cv_value = excluded.cv_value, ck_user = excluded.ck_user, ct_change = excluded.ct_change, cl_required = excluded.cl_required;
INSERT INTO s_mt.t_class_attr(ck_id, ck_class, ck_attr, cv_data_type_extra, cv_value, ck_user, ct_change, cl_required) VALUES ('38184', '8457', 'imask', null, null, '10020785', '2018-07-09T00:00:00.000+0000', 0)  on conflict (ck_id) do update set ck_class = excluded.ck_class, ck_attr = excluded.ck_attr, cv_value = excluded.cv_value, ck_user = excluded.ck_user, ct_change = excluded.ct_change, cl_required = excluded.cl_required;
INSERT INTO s_mt.t_class_attr(ck_id, ck_class, ck_attr, cv_data_type_extra, cv_value, ck_user, ct_change, cl_required) VALUES ('38186', '8457', 'info', null, null, '10020785', '2018-07-09T00:00:00.000+0000', 0)  on conflict (ck_id) do update set ck_class = excluded.ck_class, ck_attr = excluded.ck_attr, cv_value = excluded.cv_value, ck_user = excluded.ck_user, ct_change = excluded.ct_change, cl_required = excluded.cl_required;
INSERT INTO s_mt.t_class_attr(ck_id, ck_class, ck_attr, cv_data_type_extra, cv_value, ck_user, ct_change, cl_required) VALUES ('38188', '8457', 'maxsize', null, '120', '10020785', '2018-07-09T00:00:00.000+0000', 0)  on conflict (ck_id) do update set ck_class = excluded.ck_class, ck_attr = excluded.ck_attr, cv_value = excluded.cv_value, ck_user = excluded.ck_user, ct_change = excluded.ct_change, cl_required = excluded.cl_required;
INSERT INTO s_mt.t_class_attr(ck_id, ck_class, ck_attr, cv_data_type_extra, cv_value, ck_user, ct_change, cl_required) VALUES ('38179', '8457', 'regexp', null, null, '10020785', '2018-07-09T00:00:00.000+0000', 0)  on conflict (ck_id) do update set ck_class = excluded.ck_class, ck_attr = excluded.ck_attr, cv_value = excluded.cv_value, ck_user = excluded.ck_user, ct_change = excluded.ct_change, cl_required = excluded.cl_required;
INSERT INTO s_mt.t_class_attr(ck_id, ck_class, ck_attr, cv_data_type_extra, cv_value, ck_user, ct_change, cl_required) VALUES ('38182', '8457', 'reqsel', null, null, '10020785', '2018-09-02T00:00:00.000+0000', 0)  on conflict (ck_id) do update set ck_class = excluded.ck_class, ck_attr = excluded.ck_attr, cv_value = excluded.cv_value, ck_user = excluded.ck_user, ct_change = excluded.ct_change, cl_required = excluded.cl_required;
INSERT INTO s_mt.t_class_attr(ck_id, ck_class, ck_attr, cv_data_type_extra, cv_value, ck_user, ct_change, cl_required) VALUES ('38172', '8457', 'required', null, 'false', '10020785', '2018-07-09T00:00:00.000+0000', 0)  on conflict (ck_id) do update set ck_class = excluded.ck_class, ck_attr = excluded.ck_attr, cv_value = excluded.cv_value, ck_user = excluded.ck_user, ct_change = excluded.ct_change, cl_required = excluded.cl_required;
INSERT INTO s_mt.t_class_attr(ck_id, ck_class, ck_attr, cv_data_type_extra, cv_value, ck_user, ct_change, cl_required) VALUES ('43184', '8457', 'requiredrules', null, null, '10028610', '2019-02-05T00:00:00.000+0000', 0)  on conflict (ck_id) do update set ck_class = excluded.ck_class, ck_attr = excluded.ck_attr, cv_value = excluded.cv_value, ck_user = excluded.ck_user, ct_change = excluded.ct_change, cl_required = excluded.cl_required;
INSERT INTO s_mt.t_class_attr(ck_id, ck_class, ck_attr, cv_data_type_extra, cv_value, ck_user, ct_change, cl_required) VALUES ('38187', '8457', 'setglobal', null, null, '10020785', '2018-07-09T00:00:00.000+0000', 0)  on conflict (ck_id) do update set ck_class = excluded.ck_class, ck_attr = excluded.ck_attr, cv_value = excluded.cv_value, ck_user = excluded.ck_user, ct_change = excluded.ct_change, cl_required = excluded.cl_required;
INSERT INTO s_mt.t_class_attr(ck_id, ck_class, ck_attr, cv_data_type_extra, cv_value, ck_user, ct_change, cl_required) VALUES ('38170', '8457', 'type', null, 'IFIELD', '10020785', '2018-07-09T00:00:00.000+0000', 1)  on conflict (ck_id) do update set ck_class = excluded.ck_class, ck_attr = excluded.ck_attr, cv_value = excluded.cv_value, ck_user = excluded.ck_user, ct_change = excluded.ct_change, cl_required = excluded.cl_required;
INSERT INTO s_mt.t_class_attr(ck_id, ck_class, ck_attr, cv_data_type_extra, cv_value, ck_user, ct_change, cl_required) VALUES ('38174', '8457', 'width', null, null, '10020785', '2018-09-02T00:00:00.000+0000', 0)  on conflict (ck_id) do update set ck_class = excluded.ck_class, ck_attr = excluded.ck_attr, cv_value = excluded.cv_value, ck_user = excluded.ck_user, ct_change = excluded.ct_change, cl_required = excluded.cl_required;
select pkg_patcher.p_clear_attr('8457'::varchar, '["activerules","column","datatype","defaultvalue","disabled","disabledrules","editmode","getglobal","hidden","hiddenrules","imask","info","maxsize","regexp","reqsel","required","requiredrules","setglobal","type","width"]'::jsonb);
INSERT INTO s_mt.t_class(ck_id, cv_name, cv_description, cv_manual_documentation, cv_auto_documentation, cl_final, cl_dataset, ck_user, ct_change) VALUES ('97', 'Field Period Date', 'Поле "Период" (с/по)', null, null, 0, 0, '10020786', '2018-04-08T00:00:00.000+0000')  on conflict (ck_id) do update set cv_name = excluded.cv_name, cv_description = excluded.cv_description, cv_manual_documentation = excluded.cv_manual_documentation, cv_auto_documentation = excluded.cv_auto_documentation, cl_final = excluded.cl_final, cl_dataset = excluded.cl_dataset, ck_user = excluded.ck_user, ct_change = excluded.ct_change;
INSERT INTO s_mt.t_class_attr(ck_id, ck_class, ck_attr, cv_data_type_extra, cv_value, ck_user, ct_change, cl_required) VALUES ('418187F041824B44BDEAE7201531BCBA', '97', 'activerules', null, null, '4fd05ca9-3a9e-4d66-82df-886dfa082113', '2020-04-10T13:25:55.640+0000', 0)  on conflict (ck_id) do update set ck_class = excluded.ck_class, ck_attr = excluded.ck_attr, cv_value = excluded.cv_value, ck_user = excluded.ck_user, ct_change = excluded.ct_change, cl_required = excluded.cl_required;
INSERT INTO s_mt.t_class_attr(ck_id, ck_class, ck_attr, cv_data_type_extra, cv_value, ck_user, ct_change, cl_required) VALUES ('50169', '97', 'childs', null, null, '10028610', '2019-03-10T00:00:00.000+0000', 0)  on conflict (ck_id) do update set ck_class = excluded.ck_class, ck_attr = excluded.ck_attr, cv_value = excluded.cv_value, ck_user = excluded.ck_user, ct_change = excluded.ct_change, cl_required = excluded.cl_required;
INSERT INTO s_mt.t_class_attr(ck_id, ck_class, ck_attr, cv_data_type_extra, cv_value, ck_user, ct_change, cl_required) VALUES ('498', '97', 'columnend', null, null, '10020848', '2018-09-10T00:00:00.000+0000', 1)  on conflict (ck_id) do update set ck_class = excluded.ck_class, ck_attr = excluded.ck_attr, cv_value = excluded.cv_value, ck_user = excluded.ck_user, ct_change = excluded.ct_change, cl_required = excluded.cl_required;
INSERT INTO s_mt.t_class_attr(ck_id, ck_class, ck_attr, cv_data_type_extra, cv_value, ck_user, ct_change, cl_required) VALUES ('497', '97', 'columnstart', null, null, '10020848', '2018-09-10T00:00:00.000+0000', 1)  on conflict (ck_id) do update set ck_class = excluded.ck_class, ck_attr = excluded.ck_attr, cv_value = excluded.cv_value, ck_user = excluded.ck_user, ct_change = excluded.ct_change, cl_required = excluded.cl_required;
INSERT INTO s_mt.t_class_attr(ck_id, ck_class, ck_attr, cv_data_type_extra, cv_value, ck_user, ct_change, cl_required) VALUES ('1999', '97', 'datatype', null, 'date', '10020848', '2018-09-10T00:00:00.000+0000', 1)  on conflict (ck_id) do update set ck_class = excluded.ck_class, ck_attr = excluded.ck_attr, cv_value = excluded.cv_value, ck_user = excluded.ck_user, ct_change = excluded.ct_change, cl_required = excluded.cl_required;
INSERT INTO s_mt.t_class_attr(ck_id, ck_class, ck_attr, cv_data_type_extra, cv_value, ck_user, ct_change, cl_required) VALUES ('897', '97', 'disabled', null, null, '10020848', '2018-09-10T00:00:00.000+0000', 0)  on conflict (ck_id) do update set ck_class = excluded.ck_class, ck_attr = excluded.ck_attr, cv_value = excluded.cv_value, ck_user = excluded.ck_user, ct_change = excluded.ct_change, cl_required = excluded.cl_required;
INSERT INTO s_mt.t_class_attr(ck_id, ck_class, ck_attr, cv_data_type_extra, cv_value, ck_user, ct_change, cl_required) VALUES ('1266', '97', 'disabledrules', null, null, '10020848', '2018-09-10T00:00:00.000+0000', 0)  on conflict (ck_id) do update set ck_class = excluded.ck_class, ck_attr = excluded.ck_attr, cv_value = excluded.cv_value, ck_user = excluded.ck_user, ct_change = excluded.ct_change, cl_required = excluded.cl_required;
INSERT INTO s_mt.t_class_attr(ck_id, ck_class, ck_attr, cv_data_type_extra, cv_value, ck_user, ct_change, cl_required) VALUES ('40183', '97', 'editmode', null, null, '20785', '2019-01-24T00:00:00.000+0000', 0)  on conflict (ck_id) do update set ck_class = excluded.ck_class, ck_attr = excluded.ck_attr, cv_value = excluded.cv_value, ck_user = excluded.ck_user, ct_change = excluded.ct_change, cl_required = excluded.cl_required;
INSERT INTO s_mt.t_class_attr(ck_id, ck_class, ck_attr, cv_data_type_extra, cv_value, ck_user, ct_change, cl_required) VALUES ('508', '97', 'format', null, '3', '20780', '2019-03-11T00:00:00.000+0000', 0)  on conflict (ck_id) do update set ck_class = excluded.ck_class, ck_attr = excluded.ck_attr, cv_value = excluded.cv_value, ck_user = excluded.ck_user, ct_change = excluded.ct_change, cl_required = excluded.cl_required;
INSERT INTO s_mt.t_class_attr(ck_id, ck_class, ck_attr, cv_data_type_extra, cv_value, ck_user, ct_change, cl_required) VALUES ('1187', '97', 'getglobal', null, null, '10020848', '2018-09-10T00:00:00.000+0000', 0)  on conflict (ck_id) do update set ck_class = excluded.ck_class, ck_attr = excluded.ck_attr, cv_value = excluded.cv_value, ck_user = excluded.ck_user, ct_change = excluded.ct_change, cl_required = excluded.cl_required;
INSERT INTO s_mt.t_class_attr(ck_id, ck_class, ck_attr, cv_data_type_extra, cv_value, ck_user, ct_change, cl_required) VALUES ('898', '97', 'hidden', null, null, '10020848', '2018-09-10T00:00:00.000+0000', 0)  on conflict (ck_id) do update set ck_class = excluded.ck_class, ck_attr = excluded.ck_attr, cv_value = excluded.cv_value, ck_user = excluded.ck_user, ct_change = excluded.ct_change, cl_required = excluded.cl_required;
INSERT INTO s_mt.t_class_attr(ck_id, ck_class, ck_attr, cv_data_type_extra, cv_value, ck_user, ct_change, cl_required) VALUES ('1310', '97', 'hiddenrules', null, null, '10020848', '2018-09-10T00:00:00.000+0000', 0)  on conflict (ck_id) do update set ck_class = excluded.ck_class, ck_attr = excluded.ck_attr, cv_value = excluded.cv_value, ck_user = excluded.ck_user, ct_change = excluded.ct_change, cl_required = excluded.cl_required;
INSERT INTO s_mt.t_class_attr(ck_id, ck_class, ck_attr, cv_data_type_extra, cv_value, ck_user, ct_change, cl_required) VALUES ('1395', '97', 'info', null, null, '10020848', '2018-09-10T00:00:00.000+0000', 0)  on conflict (ck_id) do update set ck_class = excluded.ck_class, ck_attr = excluded.ck_attr, cv_value = excluded.cv_value, ck_user = excluded.ck_user, ct_change = excluded.ct_change, cl_required = excluded.cl_required;
INSERT INTO s_mt.t_class_attr(ck_id, ck_class, ck_attr, cv_data_type_extra, cv_value, ck_user, ct_change, cl_required) VALUES ('F5FF53FE7CB0476987016FA2C02D5B7D', '97', 'maxvalue', null, null, '4fd05ca9-3a9e-4d66-82df-886dfa082113', '2019-11-28T00:00:00.000+0000', 0)  on conflict (ck_id) do update set ck_class = excluded.ck_class, ck_attr = excluded.ck_attr, cv_value = excluded.cv_value, ck_user = excluded.ck_user, ct_change = excluded.ct_change, cl_required = excluded.cl_required;
INSERT INTO s_mt.t_class_attr(ck_id, ck_class, ck_attr, cv_data_type_extra, cv_value, ck_user, ct_change, cl_required) VALUES ('B3EE27B57D5D475088D0FB5D6FFFD394', '97', 'minvalue', null, null, '4fd05ca9-3a9e-4d66-82df-886dfa082113', '2019-11-28T00:00:00.000+0000', 0)  on conflict (ck_id) do update set ck_class = excluded.ck_class, ck_attr = excluded.ck_attr, cv_value = excluded.cv_value, ck_user = excluded.ck_user, ct_change = excluded.ct_change, cl_required = excluded.cl_required;
INSERT INTO s_mt.t_class_attr(ck_id, ck_class, ck_attr, cv_data_type_extra, cv_value, ck_user, ct_change, cl_required) VALUES ('1023', '97', 'reqsel', null, null, '10020848', '2018-09-10T00:00:00.000+0000', 0)  on conflict (ck_id) do update set ck_class = excluded.ck_class, ck_attr = excluded.ck_attr, cv_value = excluded.cv_value, ck_user = excluded.ck_user, ct_change = excluded.ct_change, cl_required = excluded.cl_required;
INSERT INTO s_mt.t_class_attr(ck_id, ck_class, ck_attr, cv_data_type_extra, cv_value, ck_user, ct_change, cl_required) VALUES ('504', '97', 'required', null, 'false', '10020848', '2018-09-10T00:00:00.000+0000', 0)  on conflict (ck_id) do update set ck_class = excluded.ck_class, ck_attr = excluded.ck_attr, cv_value = excluded.cv_value, ck_user = excluded.ck_user, ct_change = excluded.ct_change, cl_required = excluded.cl_required;
INSERT INTO s_mt.t_class_attr(ck_id, ck_class, ck_attr, cv_data_type_extra, cv_value, ck_user, ct_change, cl_required) VALUES ('43185', '97', 'requiredrules', null, null, '10028610', '2019-02-05T00:00:00.000+0000', 0)  on conflict (ck_id) do update set ck_class = excluded.ck_class, ck_attr = excluded.ck_attr, cv_value = excluded.cv_value, ck_user = excluded.ck_user, ct_change = excluded.ct_change, cl_required = excluded.cl_required;
INSERT INTO s_mt.t_class_attr(ck_id, ck_class, ck_attr, cv_data_type_extra, cv_value, ck_user, ct_change, cl_required) VALUES ('1217', '97', 'setglobal', null, null, '10020848', '2018-09-10T00:00:00.000+0000', 0)  on conflict (ck_id) do update set ck_class = excluded.ck_class, ck_attr = excluded.ck_attr, cv_value = excluded.cv_value, ck_user = excluded.ck_user, ct_change = excluded.ct_change, cl_required = excluded.cl_required;
INSERT INTO s_mt.t_class_attr(ck_id, ck_class, ck_attr, cv_data_type_extra, cv_value, ck_user, ct_change, cl_required) VALUES ('499', '97', 'type', null, 'IPERIOD', '10020848', '2018-09-10T00:00:00.000+0000', 1)  on conflict (ck_id) do update set ck_class = excluded.ck_class, ck_attr = excluded.ck_attr, cv_value = excluded.cv_value, ck_user = excluded.ck_user, ct_change = excluded.ct_change, cl_required = excluded.cl_required;
INSERT INTO s_mt.t_class_attr(ck_id, ck_class, ck_attr, cv_data_type_extra, cv_value, ck_user, ct_change, cl_required) VALUES ('501', '97', 'width', null, null, '10020785', '2018-09-02T00:00:00.000+0000', 0)  on conflict (ck_id) do update set ck_class = excluded.ck_class, ck_attr = excluded.ck_attr, cv_value = excluded.cv_value, ck_user = excluded.ck_user, ct_change = excluded.ct_change, cl_required = excluded.cl_required;
select pkg_patcher.p_clear_attr('97'::varchar, '["activerules","childs","columnend","columnstart","datatype","disabled","disabledrules","editmode","format","getglobal","hidden","hiddenrules","info","maxvalue","minvalue","reqsel","required","requiredrules","setglobal","type","width"]'::jsonb);
INSERT INTO s_mt.t_class(ck_id, cv_name, cv_description, cv_manual_documentation, cv_auto_documentation, cl_final, cl_dataset, ck_user, ct_change) VALUES ('8D547C621A02626CE053809BA8C0882B', 'Field Radio Group', 'Группа радиобаттонов', null, null, 0, 1, '20785', '2019-07-15T00:00:00.000+0000')  on conflict (ck_id) do update set cv_name = excluded.cv_name, cv_description = excluded.cv_description, cv_manual_documentation = excluded.cv_manual_documentation, cv_auto_documentation = excluded.cv_auto_documentation, cl_final = excluded.cl_final, cl_dataset = excluded.cl_dataset, ck_user = excluded.ck_user, ct_change = excluded.ct_change;
INSERT INTO s_mt.t_class_attr(ck_id, ck_class, ck_attr, cv_data_type_extra, cv_value, ck_user, ct_change, cl_required) VALUES ('916E2FA60B104602B66E3D3997B8C493', '8D547C621A02626CE053809BA8C0882B', 'activerules', null, null, '4fd05ca9-3a9e-4d66-82df-886dfa082113', '2020-04-10T13:26:04.570+0000', 0)  on conflict (ck_id) do update set ck_class = excluded.ck_class, ck_attr = excluded.ck_attr, cv_value = excluded.cv_value, ck_user = excluded.ck_user, ct_change = excluded.ct_change, cl_required = excluded.cl_required;
INSERT INTO s_mt.t_class_attr(ck_id, ck_class, ck_attr, cv_data_type_extra, cv_value, ck_user, ct_change, cl_required) VALUES ('8E96280A12EC80E3E053809BA8C0CF8D', '8D547C621A02626CE053809BA8C0882B', 'autoload', null, 'true', '20785', '2019-07-28T00:00:00.000+0000', 0)  on conflict (ck_id) do update set ck_class = excluded.ck_class, ck_attr = excluded.ck_attr, cv_value = excluded.cv_value, ck_user = excluded.ck_user, ct_change = excluded.ct_change, cl_required = excluded.cl_required;
INSERT INTO s_mt.t_class_attr(ck_id, ck_class, ck_attr, cv_data_type_extra, cv_value, ck_user, ct_change, cl_required) VALUES ('8D3A50B6DE906276E053809BA8C0911C', '8D547C621A02626CE053809BA8C0882B', 'column', null, null, '20785', '2019-07-13T00:00:00.000+0000', 0)  on conflict (ck_id) do update set ck_class = excluded.ck_class, ck_attr = excluded.ck_attr, cv_value = excluded.cv_value, ck_user = excluded.ck_user, ct_change = excluded.ct_change, cl_required = excluded.cl_required;
INSERT INTO s_mt.t_class_attr(ck_id, ck_class, ck_attr, cv_data_type_extra, cv_value, ck_user, ct_change, cl_required) VALUES ('8D2BA0EF36FE627EE053809BA8C0076B', '8D547C621A02626CE053809BA8C0882B', 'contentview', null, null, '20785', '2019-07-13T00:00:00.000+0000', 0)  on conflict (ck_id) do update set ck_class = excluded.ck_class, ck_attr = excluded.ck_attr, cv_value = excluded.cv_value, ck_user = excluded.ck_user, ct_change = excluded.ct_change, cl_required = excluded.cl_required;
INSERT INTO s_mt.t_class_attr(ck_id, ck_class, ck_attr, cv_data_type_extra, cv_value, ck_user, ct_change, cl_required) VALUES ('8FE6D5F194F92655E053809BA8C008C3', '8D547C621A02626CE053809BA8C0882B', 'contentwidth', null, null, '20785', '2019-08-11T00:00:00.000+0000', 0)  on conflict (ck_id) do update set ck_class = excluded.ck_class, ck_attr = excluded.ck_attr, cv_value = excluded.cv_value, ck_user = excluded.ck_user, ct_change = excluded.ct_change, cl_required = excluded.cl_required;
INSERT INTO s_mt.t_class_attr(ck_id, ck_class, ck_attr, cv_data_type_extra, cv_value, ck_user, ct_change, cl_required) VALUES ('8D3A50B6DE916276E053809BA8C0911C', '8D547C621A02626CE053809BA8C0882B', 'datatype', null, 'radio', '20785', '2019-07-13T00:00:00.000+0000', 1)  on conflict (ck_id) do update set ck_class = excluded.ck_class, ck_attr = excluded.ck_attr, cv_value = excluded.cv_value, ck_user = excluded.ck_user, ct_change = excluded.ct_change, cl_required = excluded.cl_required;
INSERT INTO s_mt.t_class_attr(ck_id, ck_class, ck_attr, cv_data_type_extra, cv_value, ck_user, ct_change, cl_required) VALUES ('8D3A50B6DE936276E053809BA8C0911C', '8D547C621A02626CE053809BA8C0882B', 'defaultvalue', null, null, '20785', '2019-07-13T00:00:00.000+0000', 0)  on conflict (ck_id) do update set ck_class = excluded.ck_class, ck_attr = excluded.ck_attr, cv_value = excluded.cv_value, ck_user = excluded.ck_user, ct_change = excluded.ct_change, cl_required = excluded.cl_required;
INSERT INTO s_mt.t_class_attr(ck_id, ck_class, ck_attr, cv_data_type_extra, cv_value, ck_user, ct_change, cl_required) VALUES ('8D2BA0EF36FF627EE053809BA8C0076B', '8D547C621A02626CE053809BA8C0882B', 'disabled', null, null, '20785', '2019-07-13T00:00:00.000+0000', 0)  on conflict (ck_id) do update set ck_class = excluded.ck_class, ck_attr = excluded.ck_attr, cv_value = excluded.cv_value, ck_user = excluded.ck_user, ct_change = excluded.ct_change, cl_required = excluded.cl_required;
INSERT INTO s_mt.t_class_attr(ck_id, ck_class, ck_attr, cv_data_type_extra, cv_value, ck_user, ct_change, cl_required) VALUES ('8D547C621A04626CE053809BA8C0882B', '8D547C621A02626CE053809BA8C0882B', 'disabledrules', null, null, '20785', '2019-07-13T00:00:00.000+0000', 0)  on conflict (ck_id) do update set ck_class = excluded.ck_class, ck_attr = excluded.ck_attr, cv_value = excluded.cv_value, ck_user = excluded.ck_user, ct_change = excluded.ct_change, cl_required = excluded.cl_required;
INSERT INTO s_mt.t_class_attr(ck_id, ck_class, ck_attr, cv_data_type_extra, cv_value, ck_user, ct_change, cl_required) VALUES ('8D4FD9E32883628AE053809BA8C080EB', '8D547C621A02626CE053809BA8C0882B', 'displayfield', null, null, '20785', '2019-07-13T00:00:00.000+0000', 0)  on conflict (ck_id) do update set ck_class = excluded.ck_class, ck_attr = excluded.ck_attr, cv_value = excluded.cv_value, ck_user = excluded.ck_user, ct_change = excluded.ct_change, cl_required = excluded.cl_required;
INSERT INTO s_mt.t_class_attr(ck_id, ck_class, ck_attr, cv_data_type_extra, cv_value, ck_user, ct_change, cl_required) VALUES ('8D547C621A05626CE053809BA8C0882B', '8D547C621A02626CE053809BA8C0882B', 'getglobal', null, null, '20785', '2019-07-13T00:00:00.000+0000', 0)  on conflict (ck_id) do update set ck_class = excluded.ck_class, ck_attr = excluded.ck_attr, cv_value = excluded.cv_value, ck_user = excluded.ck_user, ct_change = excluded.ct_change, cl_required = excluded.cl_required;
INSERT INTO s_mt.t_class_attr(ck_id, ck_class, ck_attr, cv_data_type_extra, cv_value, ck_user, ct_change, cl_required) VALUES ('829161BAD43D4B83B9821A95F9464548', '8D547C621A02626CE053809BA8C0882B', 'getmastervalue', null, 'ck_id', '4fd05ca9-3a9e-4d66-82df-886dfa082113', '2020-01-13T00:00:00.000+0000', 1)  on conflict (ck_id) do update set ck_class = excluded.ck_class, ck_attr = excluded.ck_attr, cv_value = excluded.cv_value, ck_user = excluded.ck_user, ct_change = excluded.ct_change, cl_required = excluded.cl_required;
INSERT INTO s_mt.t_class_attr(ck_id, ck_class, ck_attr, cv_data_type_extra, cv_value, ck_user, ct_change, cl_required) VALUES ('8FE7CBE0BC1C2651E053809BA8C0F192', '8D547C621A02626CE053809BA8C0882B', 'height', null, null, '20785', '2019-08-11T00:00:00.000+0000', 0)  on conflict (ck_id) do update set ck_class = excluded.ck_class, ck_attr = excluded.ck_attr, cv_value = excluded.cv_value, ck_user = excluded.ck_user, ct_change = excluded.ct_change, cl_required = excluded.cl_required;
INSERT INTO s_mt.t_class_attr(ck_id, ck_class, ck_attr, cv_data_type_extra, cv_value, ck_user, ct_change, cl_required) VALUES ('8D4FD9E32884628AE053809BA8C080EB', '8D547C621A02626CE053809BA8C0882B', 'hidden', null, null, '20785', '2019-07-13T00:00:00.000+0000', 0)  on conflict (ck_id) do update set ck_class = excluded.ck_class, ck_attr = excluded.ck_attr, cv_value = excluded.cv_value, ck_user = excluded.ck_user, ct_change = excluded.ct_change, cl_required = excluded.cl_required;
INSERT INTO s_mt.t_class_attr(ck_id, ck_class, ck_attr, cv_data_type_extra, cv_value, ck_user, ct_change, cl_required) VALUES ('8D3A50B6DE956276E053809BA8C0911C', '8D547C621A02626CE053809BA8C0882B', 'hiddenrules', null, null, '20785', '2019-07-13T00:00:00.000+0000', 0)  on conflict (ck_id) do update set ck_class = excluded.ck_class, ck_attr = excluded.ck_attr, cv_value = excluded.cv_value, ck_user = excluded.ck_user, ct_change = excluded.ct_change, cl_required = excluded.cl_required;
INSERT INTO s_mt.t_class_attr(ck_id, ck_class, ck_attr, cv_data_type_extra, cv_value, ck_user, ct_change, cl_required) VALUES ('6EF5C9A6ACEE46D080AAFE5B6B675FF5', '8D547C621A02626CE053809BA8C0882B', 'idproperty', null, 'ck_id', '4fd05ca9-3a9e-4d66-82df-886dfa082113', '2020-01-14T00:00:00.000+0000', 1)  on conflict (ck_id) do update set ck_class = excluded.ck_class, ck_attr = excluded.ck_attr, cv_value = excluded.cv_value, ck_user = excluded.ck_user, ct_change = excluded.ct_change, cl_required = excluded.cl_required;
INSERT INTO s_mt.t_class_attr(ck_id, ck_class, ck_attr, cv_data_type_extra, cv_value, ck_user, ct_change, cl_required) VALUES ('8D547C621A06626CE053809BA8C0882B', '8D547C621A02626CE053809BA8C0882B', 'noglobalmask', null, 'true', '20785', '2019-07-13T00:00:00.000+0000', 0)  on conflict (ck_id) do update set ck_class = excluded.ck_class, ck_attr = excluded.ck_attr, cv_value = excluded.cv_value, ck_user = excluded.ck_user, ct_change = excluded.ct_change, cl_required = excluded.cl_required;
INSERT INTO s_mt.t_class_attr(ck_id, ck_class, ck_attr, cv_data_type_extra, cv_value, ck_user, ct_change, cl_required) VALUES ('433F410317974A2EA8BAEA2AE491B216', '8D547C621A02626CE053809BA8C0882B', 'records', null, null, '4fd05ca9-3a9e-4d66-82df-886dfa082113', '2020-03-30T00:00:00.000+0000', 0)  on conflict (ck_id) do update set ck_class = excluded.ck_class, ck_attr = excluded.ck_attr, cv_value = excluded.cv_value, ck_user = excluded.ck_user, ct_change = excluded.ct_change, cl_required = excluded.cl_required;
INSERT INTO s_mt.t_class_attr(ck_id, ck_class, ck_attr, cv_data_type_extra, cv_value, ck_user, ct_change, cl_required) VALUES ('8D2BA0EF3700627EE053809BA8C0076B', '8D547C621A02626CE053809BA8C0882B', 'reqsel', null, null, '20785', '2019-07-13T00:00:00.000+0000', 0)  on conflict (ck_id) do update set ck_class = excluded.ck_class, ck_attr = excluded.ck_attr, cv_value = excluded.cv_value, ck_user = excluded.ck_user, ct_change = excluded.ct_change, cl_required = excluded.cl_required;
INSERT INTO s_mt.t_class_attr(ck_id, ck_class, ck_attr, cv_data_type_extra, cv_value, ck_user, ct_change, cl_required) VALUES ('8D547C621A07626CE053809BA8C0882B', '8D547C621A02626CE053809BA8C0882B', 'required', null, null, '20785', '2019-07-13T00:00:00.000+0000', 0)  on conflict (ck_id) do update set ck_class = excluded.ck_class, ck_attr = excluded.ck_attr, cv_value = excluded.cv_value, ck_user = excluded.ck_user, ct_change = excluded.ct_change, cl_required = excluded.cl_required;
INSERT INTO s_mt.t_class_attr(ck_id, ck_class, ck_attr, cv_data_type_extra, cv_value, ck_user, ct_change, cl_required) VALUES ('8D547C621A08626CE053809BA8C0882B', '8D547C621A02626CE053809BA8C0882B', 'requiredrules', null, null, '20785', '2019-07-13T00:00:00.000+0000', 0)  on conflict (ck_id) do update set ck_class = excluded.ck_class, ck_attr = excluded.ck_attr, cv_value = excluded.cv_value, ck_user = excluded.ck_user, ct_change = excluded.ct_change, cl_required = excluded.cl_required;
INSERT INTO s_mt.t_class_attr(ck_id, ck_class, ck_attr, cv_data_type_extra, cv_value, ck_user, ct_change, cl_required) VALUES ('8D4FD9E32886628AE053809BA8C080EB', '8D547C621A02626CE053809BA8C0882B', 'setglobal', null, null, '20785', '2019-07-13T00:00:00.000+0000', 0)  on conflict (ck_id) do update set ck_class = excluded.ck_class, ck_attr = excluded.ck_attr, cv_value = excluded.cv_value, ck_user = excluded.ck_user, ct_change = excluded.ct_change, cl_required = excluded.cl_required;
INSERT INTO s_mt.t_class_attr(ck_id, ck_class, ck_attr, cv_data_type_extra, cv_value, ck_user, ct_change, cl_required) VALUES ('AD0AB448BE984097B40279BC693A3927', '8D547C621A02626CE053809BA8C0882B', 'setrecordtoglobal', null, null, '4fd05ca9-3a9e-4d66-82df-886dfa082113', '2020-02-06T00:00:00.000+0000', 0)  on conflict (ck_id) do update set ck_class = excluded.ck_class, ck_attr = excluded.ck_attr, cv_value = excluded.cv_value, ck_user = excluded.ck_user, ct_change = excluded.ct_change, cl_required = excluded.cl_required;
INSERT INTO s_mt.t_class_attr(ck_id, ck_class, ck_attr, cv_data_type_extra, cv_value, ck_user, ct_change, cl_required) VALUES ('8D547C621A03626CE053809BA8C0882B', '8D547C621A02626CE053809BA8C0882B', 'type', null, 'IFIELD', '20785', '2019-07-13T00:00:00.000+0000', 1)  on conflict (ck_id) do update set ck_class = excluded.ck_class, ck_attr = excluded.ck_attr, cv_value = excluded.cv_value, ck_user = excluded.ck_user, ct_change = excluded.ct_change, cl_required = excluded.cl_required;
INSERT INTO s_mt.t_class_attr(ck_id, ck_class, ck_attr, cv_data_type_extra, cv_value, ck_user, ct_change, cl_required) VALUES ('8D3A50B6DE926276E053809BA8C0911C', '8D547C621A02626CE053809BA8C0882B', 'valuefield', null, null, '20785', '2019-07-13T00:00:00.000+0000', 0)  on conflict (ck_id) do update set ck_class = excluded.ck_class, ck_attr = excluded.ck_attr, cv_value = excluded.cv_value, ck_user = excluded.ck_user, ct_change = excluded.ct_change, cl_required = excluded.cl_required;
INSERT INTO s_mt.t_class_attr(ck_id, ck_class, ck_attr, cv_data_type_extra, cv_value, ck_user, ct_change, cl_required) VALUES ('8D547C621A09626CE053809BA8C0882B', '8D547C621A02626CE053809BA8C0882B', 'width', null, null, '20785', '2019-07-13T00:00:00.000+0000', 0)  on conflict (ck_id) do update set ck_class = excluded.ck_class, ck_attr = excluded.ck_attr, cv_value = excluded.cv_value, ck_user = excluded.ck_user, ct_change = excluded.ct_change, cl_required = excluded.cl_required;
select pkg_patcher.p_clear_attr('8D547C621A02626CE053809BA8C0882B'::varchar, '["activerules","autoload","column","contentview","contentwidth","datatype","defaultvalue","disabled","disabledrules","displayfield","getglobal","getmastervalue","height","hidden","hiddenrules","idproperty","noglobalmask","records","reqsel","required","requiredrules","setglobal","setrecordtoglobal","type","valuefield","width"]'::jsonb);
INSERT INTO s_mt.t_class(ck_id, cv_name, cv_description, cv_manual_documentation, cv_auto_documentation, cl_final, cl_dataset, ck_user, ct_change) VALUES ('9964E8D5F6C04D9F85AC78E6EFBD72F1', 'Field Repeater', 'Поле "Повторитель"', null, null, 0, 0, '4fd05ca9-3a9e-4d66-82df-886dfa082113', '2020-02-26T00:00:00.000+0000')  on conflict (ck_id) do update set cv_name = excluded.cv_name, cv_description = excluded.cv_description, cv_manual_documentation = excluded.cv_manual_documentation, cv_auto_documentation = excluded.cv_auto_documentation, cl_final = excluded.cl_final, cl_dataset = excluded.cl_dataset, ck_user = excluded.ck_user, ct_change = excluded.ct_change;
INSERT INTO s_mt.t_class_attr(ck_id, ck_class, ck_attr, cv_data_type_extra, cv_value, ck_user, ct_change, cl_required) VALUES ('E41BE6316C134A55A8E9C599D27CCC23', '9964E8D5F6C04D9F85AC78E6EFBD72F1', 'activerules', null, null, '4fd05ca9-3a9e-4d66-82df-886dfa082113', '2020-04-10T13:26:12.413+0000', 0)  on conflict (ck_id) do update set ck_class = excluded.ck_class, ck_attr = excluded.ck_attr, cv_value = excluded.cv_value, ck_user = excluded.ck_user, ct_change = excluded.ct_change, cl_required = excluded.cl_required;
INSERT INTO s_mt.t_class_attr(ck_id, ck_class, ck_attr, cv_data_type_extra, cv_value, ck_user, ct_change, cl_required) VALUES ('F4F0130AA4B94D5DAD45BE2F969582EF', '9964E8D5F6C04D9F85AC78E6EFBD72F1', 'align', null, 'stretch', '4fd05ca9-3a9e-4d66-82df-886dfa082113', '2019-12-26T00:00:00.000+0000', 0)  on conflict (ck_id) do update set ck_class = excluded.ck_class, ck_attr = excluded.ck_attr, cv_value = excluded.cv_value, ck_user = excluded.ck_user, ct_change = excluded.ct_change, cl_required = excluded.cl_required;
INSERT INTO s_mt.t_class_attr(ck_id, ck_class, ck_attr, cv_data_type_extra, cv_value, ck_user, ct_change, cl_required) VALUES ('4F0C103E377040179EF412F13E09D265', '9964E8D5F6C04D9F85AC78E6EFBD72F1', 'childs', null, null, '4fd05ca9-3a9e-4d66-82df-886dfa082113', '2019-12-16T00:00:00.000+0000', 0)  on conflict (ck_id) do update set ck_class = excluded.ck_class, ck_attr = excluded.ck_attr, cv_value = excluded.cv_value, ck_user = excluded.ck_user, ct_change = excluded.ct_change, cl_required = excluded.cl_required;
INSERT INTO s_mt.t_class_attr(ck_id, ck_class, ck_attr, cv_data_type_extra, cv_value, ck_user, ct_change, cl_required) VALUES ('BC0A91B7524444B8A203C6A7EBA1B623', '9964E8D5F6C04D9F85AC78E6EFBD72F1', 'column', null, null, '4fd05ca9-3a9e-4d66-82df-886dfa082113', '2019-12-16T00:00:00.000+0000', 0)  on conflict (ck_id) do update set ck_class = excluded.ck_class, ck_attr = excluded.ck_attr, cv_value = excluded.cv_value, ck_user = excluded.ck_user, ct_change = excluded.ct_change, cl_required = excluded.cl_required;
INSERT INTO s_mt.t_class_attr(ck_id, ck_class, ck_attr, cv_data_type_extra, cv_value, ck_user, ct_change, cl_required) VALUES ('0C5C9CB43CB2468E80A21ECED49C9D4E', '9964E8D5F6C04D9F85AC78E6EFBD72F1', 'contentview', null, 'hbox', '4fd05ca9-3a9e-4d66-82df-886dfa082113', '2019-12-26T00:00:00.000+0000', 0)  on conflict (ck_id) do update set ck_class = excluded.ck_class, ck_attr = excluded.ck_attr, cv_value = excluded.cv_value, ck_user = excluded.ck_user, ct_change = excluded.ct_change, cl_required = excluded.cl_required;
INSERT INTO s_mt.t_class_attr(ck_id, ck_class, ck_attr, cv_data_type_extra, cv_value, ck_user, ct_change, cl_required) VALUES ('B49B198763F54750B26A63C8BDD1AA11', '9964E8D5F6C04D9F85AC78E6EFBD72F1', 'datatype', null, 'repeater', '4fd05ca9-3a9e-4d66-82df-886dfa082113', '2019-12-16T00:00:00.000+0000', 0)  on conflict (ck_id) do update set ck_class = excluded.ck_class, ck_attr = excluded.ck_attr, cv_value = excluded.cv_value, ck_user = excluded.ck_user, ct_change = excluded.ct_change, cl_required = excluded.cl_required;
INSERT INTO s_mt.t_class_attr(ck_id, ck_class, ck_attr, cv_data_type_extra, cv_value, ck_user, ct_change, cl_required) VALUES ('9703F359DEC34DBE83EE86B15A424AD2', '9964E8D5F6C04D9F85AC78E6EFBD72F1', 'maxsize', null, null, '4fd05ca9-3a9e-4d66-82df-886dfa082113', '2019-12-17T00:00:00.000+0000', 0)  on conflict (ck_id) do update set ck_class = excluded.ck_class, ck_attr = excluded.ck_attr, cv_value = excluded.cv_value, ck_user = excluded.ck_user, ct_change = excluded.ct_change, cl_required = excluded.cl_required;
INSERT INTO s_mt.t_class_attr(ck_id, ck_class, ck_attr, cv_data_type_extra, cv_value, ck_user, ct_change, cl_required) VALUES ('5471EE7C20FD470D8D90D8A2D6858FE2', '9964E8D5F6C04D9F85AC78E6EFBD72F1', 'minsize', null, '1', '4fd05ca9-3a9e-4d66-82df-886dfa082113', '2020-02-20T00:00:00.000+0000', 0)  on conflict (ck_id) do update set ck_class = excluded.ck_class, ck_attr = excluded.ck_attr, cv_value = excluded.cv_value, ck_user = excluded.ck_user, ct_change = excluded.ct_change, cl_required = excluded.cl_required;
INSERT INTO s_mt.t_class_attr(ck_id, ck_class, ck_attr, cv_data_type_extra, cv_value, ck_user, ct_change, cl_required) VALUES ('A2372FDB85AB4D228E5123336D911970', '9964E8D5F6C04D9F85AC78E6EFBD72F1', 'type', null, 'IFIELD', '4fd05ca9-3a9e-4d66-82df-886dfa082113', '2019-12-16T00:00:00.000+0000', 0)  on conflict (ck_id) do update set ck_class = excluded.ck_class, ck_attr = excluded.ck_attr, cv_value = excluded.cv_value, ck_user = excluded.ck_user, ct_change = excluded.ct_change, cl_required = excluded.cl_required;
select pkg_patcher.p_clear_attr('9964E8D5F6C04D9F85AC78E6EFBD72F1'::varchar, '["activerules","align","childs","column","contentview","datatype","maxsize","minsize","type"]'::jsonb);
INSERT INTO s_mt.t_class(ck_id, cv_name, cv_description, cv_manual_documentation, cv_auto_documentation, cl_final, cl_dataset, ck_user, ct_change) VALUES ('417', 'Field Set', 'Логическое объединение нескольких полей ввода в массив (например, используется для группировок в Panel Dynamic)', null, null, 1, 0, '10020786', '2018-03-05T00:00:00.000+0000')  on conflict (ck_id) do update set cv_name = excluded.cv_name, cv_description = excluded.cv_description, cv_manual_documentation = excluded.cv_manual_documentation, cv_auto_documentation = excluded.cv_auto_documentation, cl_final = excluded.cl_final, cl_dataset = excluded.cl_dataset, ck_user = excluded.ck_user, ct_change = excluded.ct_change;
INSERT INTO s_mt.t_class_attr(ck_id, ck_class, ck_attr, cv_data_type_extra, cv_value, ck_user, ct_change, cl_required) VALUES ('D1D3234E3FD245D0B4AE5EEF79F1CFA3', '417', 'activerules', null, null, '4fd05ca9-3a9e-4d66-82df-886dfa082113', '2020-04-10T13:26:18.564+0000', 0)  on conflict (ck_id) do update set ck_class = excluded.ck_class, ck_attr = excluded.ck_attr, cv_value = excluded.cv_value, ck_user = excluded.ck_user, ct_change = excluded.ct_change, cl_required = excluded.cl_required;
INSERT INTO s_mt.t_class_attr(ck_id, ck_class, ck_attr, cv_data_type_extra, cv_value, ck_user, ct_change, cl_required) VALUES ('1850', '417', 'childs', null, null, '10020785', '2018-09-02T00:00:00.000+0000', 0)  on conflict (ck_id) do update set ck_class = excluded.ck_class, ck_attr = excluded.ck_attr, cv_value = excluded.cv_value, ck_user = excluded.ck_user, ct_change = excluded.ct_change, cl_required = excluded.cl_required;
INSERT INTO s_mt.t_class_attr(ck_id, ck_class, ck_attr, cv_data_type_extra, cv_value, ck_user, ct_change, cl_required) VALUES ('C01003A9F4A747A8A298557825AFE1C8', '417', 'column', null, null, '4fd05ca9-3a9e-4d66-82df-886dfa082113', '2020-05-09T10:44:49.779+0000', 1)  on conflict (ck_id) do update set ck_class = excluded.ck_class, ck_attr = excluded.ck_attr, cv_value = excluded.cv_value, ck_user = excluded.ck_user, ct_change = excluded.ct_change, cl_required = excluded.cl_required;
INSERT INTO s_mt.t_class_attr(ck_id, ck_class, ck_attr, cv_data_type_extra, cv_value, ck_user, ct_change, cl_required) VALUES ('1860', '417', 'contentview', null, 'hbox', '10020785', '2018-09-26T00:00:00.000+0000', 0)  on conflict (ck_id) do update set ck_class = excluded.ck_class, ck_attr = excluded.ck_attr, cv_value = excluded.cv_value, ck_user = excluded.ck_user, ct_change = excluded.ct_change, cl_required = excluded.cl_required;
INSERT INTO s_mt.t_class_attr(ck_id, ck_class, ck_attr, cv_data_type_extra, cv_value, ck_user, ct_change, cl_required) VALUES ('7CCB52EFAE834B6787CE5563647E859A', '417', 'datatype', null, 'arrayset', '4fd05ca9-3a9e-4d66-82df-886dfa082113', '2020-05-09T10:46:16.844+0000', 0)  on conflict (ck_id) do update set ck_class = excluded.ck_class, ck_attr = excluded.ck_attr, cv_value = excluded.cv_value, ck_user = excluded.ck_user, ct_change = excluded.ct_change, cl_required = excluded.cl_required;
INSERT INTO s_mt.t_class_attr(ck_id, ck_class, ck_attr, cv_data_type_extra, cv_value, ck_user, ct_change, cl_required) VALUES ('1865', '417', 'disabled', null, null, '10020785', '2018-09-02T00:00:00.000+0000', 0)  on conflict (ck_id) do update set ck_class = excluded.ck_class, ck_attr = excluded.ck_attr, cv_value = excluded.cv_value, ck_user = excluded.ck_user, ct_change = excluded.ct_change, cl_required = excluded.cl_required;
INSERT INTO s_mt.t_class_attr(ck_id, ck_class, ck_attr, cv_data_type_extra, cv_value, ck_user, ct_change, cl_required) VALUES ('1852', '417', 'disabledrules', null, null, '10020785', '2018-09-02T00:00:00.000+0000', 0)  on conflict (ck_id) do update set ck_class = excluded.ck_class, ck_attr = excluded.ck_attr, cv_value = excluded.cv_value, ck_user = excluded.ck_user, ct_change = excluded.ct_change, cl_required = excluded.cl_required;
INSERT INTO s_mt.t_class_attr(ck_id, ck_class, ck_attr, cv_data_type_extra, cv_value, ck_user, ct_change, cl_required) VALUES ('40184', '417', 'editmode', null, null, '20785', '2019-01-24T00:00:00.000+0000', 0)  on conflict (ck_id) do update set ck_class = excluded.ck_class, ck_attr = excluded.ck_attr, cv_value = excluded.cv_value, ck_user = excluded.ck_user, ct_change = excluded.ct_change, cl_required = excluded.cl_required;
INSERT INTO s_mt.t_class_attr(ck_id, ck_class, ck_attr, cv_data_type_extra, cv_value, ck_user, ct_change, cl_required) VALUES ('1864', '417', 'hidden', null, null, '10020785', '2018-09-02T00:00:00.000+0000', 0)  on conflict (ck_id) do update set ck_class = excluded.ck_class, ck_attr = excluded.ck_attr, cv_value = excluded.cv_value, ck_user = excluded.ck_user, ct_change = excluded.ct_change, cl_required = excluded.cl_required;
INSERT INTO s_mt.t_class_attr(ck_id, ck_class, ck_attr, cv_data_type_extra, cv_value, ck_user, ct_change, cl_required) VALUES ('1853', '417', 'hiddenrules', null, null, '10020785', '2018-09-02T00:00:00.000+0000', 0)  on conflict (ck_id) do update set ck_class = excluded.ck_class, ck_attr = excluded.ck_attr, cv_value = excluded.cv_value, ck_user = excluded.ck_user, ct_change = excluded.ct_change, cl_required = excluded.cl_required;
INSERT INTO s_mt.t_class_attr(ck_id, ck_class, ck_attr, cv_data_type_extra, cv_value, ck_user, ct_change, cl_required) VALUES ('1855', '417', 'reqsel', null, 'true', '10020785', '2018-09-02T00:00:00.000+0000', 0)  on conflict (ck_id) do update set ck_class = excluded.ck_class, ck_attr = excluded.ck_attr, cv_value = excluded.cv_value, ck_user = excluded.ck_user, ct_change = excluded.ct_change, cl_required = excluded.cl_required;
INSERT INTO s_mt.t_class_attr(ck_id, ck_class, ck_attr, cv_data_type_extra, cv_value, ck_user, ct_change, cl_required) VALUES ('1849', '417', 'type', null, 'FIELDSET', '10020785', '2018-09-02T00:00:00.000+0000', 0)  on conflict (ck_id) do update set ck_class = excluded.ck_class, ck_attr = excluded.ck_attr, cv_value = excluded.cv_value, ck_user = excluded.ck_user, ct_change = excluded.ct_change, cl_required = excluded.cl_required;
select pkg_patcher.p_clear_attr('417'::varchar, '["activerules","childs","column","contentview","datatype","disabled","disabledrules","editmode","hidden","hiddenrules","reqsel","type"]'::jsonb);
INSERT INTO s_mt.t_class(ck_id, cv_name, cv_description, cv_manual_documentation, cv_auto_documentation, cl_final, cl_dataset, ck_user, ct_change) VALUES ('26', 'Field Text', 'Поле "Текст"', null, null, 0, 0, '-11', '2018-02-22T00:00:00.000+0000')  on conflict (ck_id) do update set cv_name = excluded.cv_name, cv_description = excluded.cv_description, cv_manual_documentation = excluded.cv_manual_documentation, cv_auto_documentation = excluded.cv_auto_documentation, cl_final = excluded.cl_final, cl_dataset = excluded.cl_dataset, ck_user = excluded.ck_user, ct_change = excluded.ct_change;
INSERT INTO s_mt.t_class_attr(ck_id, ck_class, ck_attr, cv_data_type_extra, cv_value, ck_user, ct_change, cl_required) VALUES ('5A54F67D3B1B41B49B908B412692E7B7', '26', 'activerules', null, null, '4fd05ca9-3a9e-4d66-82df-886dfa082113', '2020-04-10T13:26:25.815+0000', 0)  on conflict (ck_id) do update set ck_class = excluded.ck_class, ck_attr = excluded.ck_attr, cv_value = excluded.cv_value, ck_user = excluded.ck_user, ct_change = excluded.ct_change, cl_required = excluded.cl_required;
INSERT INTO s_mt.t_class_attr(ck_id, ck_class, ck_attr, cv_data_type_extra, cv_value, ck_user, ct_change, cl_required) VALUES ('86', '26', 'column', null, null, '10020785', '2018-07-09T00:00:00.000+0000', 1)  on conflict (ck_id) do update set ck_class = excluded.ck_class, ck_attr = excluded.ck_attr, cv_value = excluded.cv_value, ck_user = excluded.ck_user, ct_change = excluded.ct_change, cl_required = excluded.cl_required;
INSERT INTO s_mt.t_class_attr(ck_id, ck_class, ck_attr, cv_data_type_extra, cv_value, ck_user, ct_change, cl_required) VALUES ('39178', '26', 'columnsfilter', null, null, '20785', '2019-01-16T00:00:00.000+0000', 0)  on conflict (ck_id) do update set ck_class = excluded.ck_class, ck_attr = excluded.ck_attr, cv_value = excluded.cv_value, ck_user = excluded.ck_user, ct_change = excluded.ct_change, cl_required = excluded.cl_required;
INSERT INTO s_mt.t_class_attr(ck_id, ck_class, ck_attr, cv_data_type_extra, cv_value, ck_user, ct_change, cl_required) VALUES ('64', '26', 'datatype', null, 'text', '10020785', '2018-07-09T00:00:00.000+0000', 1)  on conflict (ck_id) do update set ck_class = excluded.ck_class, ck_attr = excluded.ck_attr, cv_value = excluded.cv_value, ck_user = excluded.ck_user, ct_change = excluded.ct_change, cl_required = excluded.cl_required;
INSERT INTO s_mt.t_class_attr(ck_id, ck_class, ck_attr, cv_data_type_extra, cv_value, ck_user, ct_change, cl_required) VALUES ('879', '26', 'defaultvalue', null, null, '10020785', '2018-07-09T00:00:00.000+0000', 0)  on conflict (ck_id) do update set ck_class = excluded.ck_class, ck_attr = excluded.ck_attr, cv_value = excluded.cv_value, ck_user = excluded.ck_user, ct_change = excluded.ct_change, cl_required = excluded.cl_required;
INSERT INTO s_mt.t_class_attr(ck_id, ck_class, ck_attr, cv_data_type_extra, cv_value, ck_user, ct_change, cl_required) VALUES ('899', '26', 'disabled', null, null, '10020785', '2018-07-09T00:00:00.000+0000', 0)  on conflict (ck_id) do update set ck_class = excluded.ck_class, ck_attr = excluded.ck_attr, cv_value = excluded.cv_value, ck_user = excluded.ck_user, ct_change = excluded.ct_change, cl_required = excluded.cl_required;
INSERT INTO s_mt.t_class_attr(ck_id, ck_class, ck_attr, cv_data_type_extra, cv_value, ck_user, ct_change, cl_required) VALUES ('1250', '26', 'disabledrules', null, null, '10020785', '2018-07-09T00:00:00.000+0000', 0)  on conflict (ck_id) do update set ck_class = excluded.ck_class, ck_attr = excluded.ck_attr, cv_value = excluded.cv_value, ck_user = excluded.ck_user, ct_change = excluded.ct_change, cl_required = excluded.cl_required;
INSERT INTO s_mt.t_class_attr(ck_id, ck_class, ck_attr, cv_data_type_extra, cv_value, ck_user, ct_change, cl_required) VALUES ('39179', '26', 'editmode', null, null, '20785', '2019-01-16T00:00:00.000+0000', 0)  on conflict (ck_id) do update set ck_class = excluded.ck_class, ck_attr = excluded.ck_attr, cv_value = excluded.cv_value, ck_user = excluded.ck_user, ct_change = excluded.ct_change, cl_required = excluded.cl_required;
INSERT INTO s_mt.t_class_attr(ck_id, ck_class, ck_attr, cv_data_type_extra, cv_value, ck_user, ct_change, cl_required) VALUES ('1160', '26', 'getglobal', null, null, '10020785', '2018-07-09T00:00:00.000+0000', 0)  on conflict (ck_id) do update set ck_class = excluded.ck_class, ck_attr = excluded.ck_attr, cv_value = excluded.cv_value, ck_user = excluded.ck_user, ct_change = excluded.ct_change, cl_required = excluded.cl_required;
INSERT INTO s_mt.t_class_attr(ck_id, ck_class, ck_attr, cv_data_type_extra, cv_value, ck_user, ct_change, cl_required) VALUES ('900', '26', 'hidden', null, null, '10020785', '2018-07-09T00:00:00.000+0000', 0)  on conflict (ck_id) do update set ck_class = excluded.ck_class, ck_attr = excluded.ck_attr, cv_value = excluded.cv_value, ck_user = excluded.ck_user, ct_change = excluded.ct_change, cl_required = excluded.cl_required;
INSERT INTO s_mt.t_class_attr(ck_id, ck_class, ck_attr, cv_data_type_extra, cv_value, ck_user, ct_change, cl_required) VALUES ('1294', '26', 'hiddenrules', null, null, '10020785', '2018-07-09T00:00:00.000+0000', 0)  on conflict (ck_id) do update set ck_class = excluded.ck_class, ck_attr = excluded.ck_attr, cv_value = excluded.cv_value, ck_user = excluded.ck_user, ct_change = excluded.ct_change, cl_required = excluded.cl_required;
INSERT INTO s_mt.t_class_attr(ck_id, ck_class, ck_attr, cv_data_type_extra, cv_value, ck_user, ct_change, cl_required) VALUES ('62', '26', 'imask', null, null, '10020785', '2018-07-09T00:00:00.000+0000', 0)  on conflict (ck_id) do update set ck_class = excluded.ck_class, ck_attr = excluded.ck_attr, cv_value = excluded.cv_value, ck_user = excluded.ck_user, ct_change = excluded.ct_change, cl_required = excluded.cl_required;
INSERT INTO s_mt.t_class_attr(ck_id, ck_class, ck_attr, cv_data_type_extra, cv_value, ck_user, ct_change, cl_required) VALUES ('1370', '26', 'info', null, null, '10020785', '2018-07-09T00:00:00.000+0000', 0)  on conflict (ck_id) do update set ck_class = excluded.ck_class, ck_attr = excluded.ck_attr, cv_value = excluded.cv_value, ck_user = excluded.ck_user, ct_change = excluded.ct_change, cl_required = excluded.cl_required;
INSERT INTO s_mt.t_class_attr(ck_id, ck_class, ck_attr, cv_data_type_extra, cv_value, ck_user, ct_change, cl_required) VALUES ('408', '26', 'maxsize', null, '120', '10020785', '2018-07-09T00:00:00.000+0000', 0)  on conflict (ck_id) do update set ck_class = excluded.ck_class, ck_attr = excluded.ck_attr, cv_value = excluded.cv_value, ck_user = excluded.ck_user, ct_change = excluded.ct_change, cl_required = excluded.cl_required;
INSERT INTO s_mt.t_class_attr(ck_id, ck_class, ck_attr, cv_data_type_extra, cv_value, ck_user, ct_change, cl_required) VALUES ('39176', '26', 'redirecturl', null, null, '20785', '2019-01-16T00:00:00.000+0000', 0)  on conflict (ck_id) do update set ck_class = excluded.ck_class, ck_attr = excluded.ck_attr, cv_value = excluded.cv_value, ck_user = excluded.ck_user, ct_change = excluded.ct_change, cl_required = excluded.cl_required;
INSERT INTO s_mt.t_class_attr(ck_id, ck_class, ck_attr, cv_data_type_extra, cv_value, ck_user, ct_change, cl_required) VALUES ('39177', '26', 'redirectusequery', null, null, '20785', '2019-01-16T00:00:00.000+0000', 0)  on conflict (ck_id) do update set ck_class = excluded.ck_class, ck_attr = excluded.ck_attr, cv_value = excluded.cv_value, ck_user = excluded.ck_user, ct_change = excluded.ct_change, cl_required = excluded.cl_required;
INSERT INTO s_mt.t_class_attr(ck_id, ck_class, ck_attr, cv_data_type_extra, cv_value, ck_user, ct_change, cl_required) VALUES ('61', '26', 'regexp', null, null, '10020785', '2018-07-09T00:00:00.000+0000', 0)  on conflict (ck_id) do update set ck_class = excluded.ck_class, ck_attr = excluded.ck_attr, cv_value = excluded.cv_value, ck_user = excluded.ck_user, ct_change = excluded.ct_change, cl_required = excluded.cl_required;
INSERT INTO s_mt.t_class_attr(ck_id, ck_class, ck_attr, cv_data_type_extra, cv_value, ck_user, ct_change, cl_required) VALUES ('1024', '26', 'reqsel', null, null, '10020785', '2018-09-02T00:00:00.000+0000', 0)  on conflict (ck_id) do update set ck_class = excluded.ck_class, ck_attr = excluded.ck_attr, cv_value = excluded.cv_value, ck_user = excluded.ck_user, ct_change = excluded.ct_change, cl_required = excluded.cl_required;
INSERT INTO s_mt.t_class_attr(ck_id, ck_class, ck_attr, cv_data_type_extra, cv_value, ck_user, ct_change, cl_required) VALUES ('73', '26', 'required', null, 'false', '10020785', '2018-07-09T00:00:00.000+0000', 0)  on conflict (ck_id) do update set ck_class = excluded.ck_class, ck_attr = excluded.ck_attr, cv_value = excluded.cv_value, ck_user = excluded.ck_user, ct_change = excluded.ct_change, cl_required = excluded.cl_required;
INSERT INTO s_mt.t_class_attr(ck_id, ck_class, ck_attr, cv_data_type_extra, cv_value, ck_user, ct_change, cl_required) VALUES ('43169', '26', 'requiredrules', null, null, '10028610', '2019-02-05T00:00:00.000+0000', 0)  on conflict (ck_id) do update set ck_class = excluded.ck_class, ck_attr = excluded.ck_attr, cv_value = excluded.cv_value, ck_user = excluded.ck_user, ct_change = excluded.ct_change, cl_required = excluded.cl_required;
INSERT INTO s_mt.t_class_attr(ck_id, ck_class, ck_attr, cv_data_type_extra, cv_value, ck_user, ct_change, cl_required) VALUES ('1190', '26', 'setglobal', null, null, '10020785', '2018-07-09T00:00:00.000+0000', 0)  on conflict (ck_id) do update set ck_class = excluded.ck_class, ck_attr = excluded.ck_attr, cv_value = excluded.cv_value, ck_user = excluded.ck_user, ct_change = excluded.ct_change, cl_required = excluded.cl_required;
INSERT INTO s_mt.t_class_attr(ck_id, ck_class, ck_attr, cv_data_type_extra, cv_value, ck_user, ct_change, cl_required) VALUES ('63', '26', 'type', null, 'IFIELD', '10020785', '2018-07-09T00:00:00.000+0000', 1)  on conflict (ck_id) do update set ck_class = excluded.ck_class, ck_attr = excluded.ck_attr, cv_value = excluded.cv_value, ck_user = excluded.ck_user, ct_change = excluded.ct_change, cl_required = excluded.cl_required;
INSERT INTO s_mt.t_class_attr(ck_id, ck_class, ck_attr, cv_data_type_extra, cv_value, ck_user, ct_change, cl_required) VALUES ('1054', '26', 'width', null, null, '20788', '2019-01-17T00:00:00.000+0000', 0)  on conflict (ck_id) do update set ck_class = excluded.ck_class, ck_attr = excluded.ck_attr, cv_value = excluded.cv_value, ck_user = excluded.ck_user, ct_change = excluded.ct_change, cl_required = excluded.cl_required;
select pkg_patcher.p_clear_attr('26'::varchar, '["activerules","column","columnsfilter","datatype","defaultvalue","disabled","disabledrules","editmode","getglobal","hidden","hiddenrules","imask","info","maxsize","redirecturl","redirectusequery","regexp","reqsel","required","requiredrules","setglobal","type","width"]'::jsonb);
INSERT INTO s_mt.t_class(ck_id, cv_name, cv_description, cv_manual_documentation, cv_auto_documentation, cl_final, cl_dataset, ck_user, ct_change) VALUES ('10457', 'Field Textarea', 'Поле,  в которое можно вводить несколько строк текста.', null, null, 0, 0, '30021381', '2019-01-24T00:00:00.000+0000')  on conflict (ck_id) do update set cv_name = excluded.cv_name, cv_description = excluded.cv_description, cv_manual_documentation = excluded.cv_manual_documentation, cv_auto_documentation = excluded.cv_auto_documentation, cl_final = excluded.cl_final, cl_dataset = excluded.cl_dataset, ck_user = excluded.ck_user, ct_change = excluded.ct_change;
INSERT INTO s_mt.t_class_attr(ck_id, ck_class, ck_attr, cv_data_type_extra, cv_value, ck_user, ct_change, cl_required) VALUES ('989E7D95905D4CFF90EC31F152B147FE', '10457', 'activerules', null, null, '4fd05ca9-3a9e-4d66-82df-886dfa082113', '2020-04-10T13:26:32.689+0000', 0)  on conflict (ck_id) do update set ck_class = excluded.ck_class, ck_attr = excluded.ck_attr, cv_value = excluded.cv_value, ck_user = excluded.ck_user, ct_change = excluded.ct_change, cl_required = excluded.cl_required;
INSERT INTO s_mt.t_class_attr(ck_id, ck_class, ck_attr, cv_data_type_extra, cv_value, ck_user, ct_change, cl_required) VALUES ('40190', '10457', 'column', null, null, '30021381', '2019-01-24T00:00:00.000+0000', 1)  on conflict (ck_id) do update set ck_class = excluded.ck_class, ck_attr = excluded.ck_attr, cv_value = excluded.cv_value, ck_user = excluded.ck_user, ct_change = excluded.ct_change, cl_required = excluded.cl_required;
INSERT INTO s_mt.t_class_attr(ck_id, ck_class, ck_attr, cv_data_type_extra, cv_value, ck_user, ct_change, cl_required) VALUES ('40191', '10457', 'columnsfilter', null, null, '30021381', '2019-01-24T00:00:00.000+0000', 0)  on conflict (ck_id) do update set ck_class = excluded.ck_class, ck_attr = excluded.ck_attr, cv_value = excluded.cv_value, ck_user = excluded.ck_user, ct_change = excluded.ct_change, cl_required = excluded.cl_required;
INSERT INTO s_mt.t_class_attr(ck_id, ck_class, ck_attr, cv_data_type_extra, cv_value, ck_user, ct_change, cl_required) VALUES ('40187', '10457', 'datatype', null, 'textarea', '30021381', '2019-01-29T00:00:00.000+0000', 1)  on conflict (ck_id) do update set ck_class = excluded.ck_class, ck_attr = excluded.ck_attr, cv_value = excluded.cv_value, ck_user = excluded.ck_user, ct_change = excluded.ct_change, cl_required = excluded.cl_required;
INSERT INTO s_mt.t_class_attr(ck_id, ck_class, ck_attr, cv_data_type_extra, cv_value, ck_user, ct_change, cl_required) VALUES ('40192', '10457', 'defaultvalue', null, null, '30021381', '2019-01-24T00:00:00.000+0000', 0)  on conflict (ck_id) do update set ck_class = excluded.ck_class, ck_attr = excluded.ck_attr, cv_value = excluded.cv_value, ck_user = excluded.ck_user, ct_change = excluded.ct_change, cl_required = excluded.cl_required;
INSERT INTO s_mt.t_class_attr(ck_id, ck_class, ck_attr, cv_data_type_extra, cv_value, ck_user, ct_change, cl_required) VALUES ('40193', '10457', 'disabled', null, null, '30021381', '2019-01-24T00:00:00.000+0000', 0)  on conflict (ck_id) do update set ck_class = excluded.ck_class, ck_attr = excluded.ck_attr, cv_value = excluded.cv_value, ck_user = excluded.ck_user, ct_change = excluded.ct_change, cl_required = excluded.cl_required;
INSERT INTO s_mt.t_class_attr(ck_id, ck_class, ck_attr, cv_data_type_extra, cv_value, ck_user, ct_change, cl_required) VALUES ('40194', '10457', 'disabledrules', null, null, '30021381', '2019-01-24T00:00:00.000+0000', 0)  on conflict (ck_id) do update set ck_class = excluded.ck_class, ck_attr = excluded.ck_attr, cv_value = excluded.cv_value, ck_user = excluded.ck_user, ct_change = excluded.ct_change, cl_required = excluded.cl_required;
INSERT INTO s_mt.t_class_attr(ck_id, ck_class, ck_attr, cv_data_type_extra, cv_value, ck_user, ct_change, cl_required) VALUES ('40195', '10457', 'editmode', null, null, '30021381', '2019-01-24T00:00:00.000+0000', 0)  on conflict (ck_id) do update set ck_class = excluded.ck_class, ck_attr = excluded.ck_attr, cv_value = excluded.cv_value, ck_user = excluded.ck_user, ct_change = excluded.ct_change, cl_required = excluded.cl_required;
INSERT INTO s_mt.t_class_attr(ck_id, ck_class, ck_attr, cv_data_type_extra, cv_value, ck_user, ct_change, cl_required) VALUES ('40196', '10457', 'getglobal', null, null, '30021381', '2019-01-24T00:00:00.000+0000', 0)  on conflict (ck_id) do update set ck_class = excluded.ck_class, ck_attr = excluded.ck_attr, cv_value = excluded.cv_value, ck_user = excluded.ck_user, ct_change = excluded.ct_change, cl_required = excluded.cl_required;
INSERT INTO s_mt.t_class_attr(ck_id, ck_class, ck_attr, cv_data_type_extra, cv_value, ck_user, ct_change, cl_required) VALUES ('40197', '10457', 'hidden', null, null, '30021381', '2019-01-24T00:00:00.000+0000', 0)  on conflict (ck_id) do update set ck_class = excluded.ck_class, ck_attr = excluded.ck_attr, cv_value = excluded.cv_value, ck_user = excluded.ck_user, ct_change = excluded.ct_change, cl_required = excluded.cl_required;
INSERT INTO s_mt.t_class_attr(ck_id, ck_class, ck_attr, cv_data_type_extra, cv_value, ck_user, ct_change, cl_required) VALUES ('40198', '10457', 'hiddenrules', null, null, '30021381', '2019-01-24T00:00:00.000+0000', 0)  on conflict (ck_id) do update set ck_class = excluded.ck_class, ck_attr = excluded.ck_attr, cv_value = excluded.cv_value, ck_user = excluded.ck_user, ct_change = excluded.ct_change, cl_required = excluded.cl_required;
INSERT INTO s_mt.t_class_attr(ck_id, ck_class, ck_attr, cv_data_type_extra, cv_value, ck_user, ct_change, cl_required) VALUES ('40199', '10457', 'imask', null, null, '30021381', '2019-01-24T00:00:00.000+0000', 0)  on conflict (ck_id) do update set ck_class = excluded.ck_class, ck_attr = excluded.ck_attr, cv_value = excluded.cv_value, ck_user = excluded.ck_user, ct_change = excluded.ct_change, cl_required = excluded.cl_required;
INSERT INTO s_mt.t_class_attr(ck_id, ck_class, ck_attr, cv_data_type_extra, cv_value, ck_user, ct_change, cl_required) VALUES ('40200', '10457', 'info', null, null, '30021381', '2019-01-24T00:00:00.000+0000', 0)  on conflict (ck_id) do update set ck_class = excluded.ck_class, ck_attr = excluded.ck_attr, cv_value = excluded.cv_value, ck_user = excluded.ck_user, ct_change = excluded.ct_change, cl_required = excluded.cl_required;
INSERT INTO s_mt.t_class_attr(ck_id, ck_class, ck_attr, cv_data_type_extra, cv_value, ck_user, ct_change, cl_required) VALUES ('94830285D1B64138A700C8DD6E904F6E', '10457', 'maxheight', null, null, '4fd05ca9-3a9e-4d66-82df-886dfa082113', '2019-11-01T00:00:00.000+0000', 0)  on conflict (ck_id) do update set ck_class = excluded.ck_class, ck_attr = excluded.ck_attr, cv_value = excluded.cv_value, ck_user = excluded.ck_user, ct_change = excluded.ct_change, cl_required = excluded.cl_required;
INSERT INTO s_mt.t_class_attr(ck_id, ck_class, ck_attr, cv_data_type_extra, cv_value, ck_user, ct_change, cl_required) VALUES ('40201', '10457', 'maxsize', null, null, '30021381', '2019-01-27T00:00:00.000+0000', 0)  on conflict (ck_id) do update set ck_class = excluded.ck_class, ck_attr = excluded.ck_attr, cv_value = excluded.cv_value, ck_user = excluded.ck_user, ct_change = excluded.ct_change, cl_required = excluded.cl_required;
INSERT INTO s_mt.t_class_attr(ck_id, ck_class, ck_attr, cv_data_type_extra, cv_value, ck_user, ct_change, cl_required) VALUES ('008661D1B2CC423BA3DD8F88BBFB1C41', '10457', 'minheight', null, null, '4fd05ca9-3a9e-4d66-82df-886dfa082113', '2019-11-01T00:00:00.000+0000', 0)  on conflict (ck_id) do update set ck_class = excluded.ck_class, ck_attr = excluded.ck_attr, cv_value = excluded.cv_value, ck_user = excluded.ck_user, ct_change = excluded.ct_change, cl_required = excluded.cl_required;
INSERT INTO s_mt.t_class_attr(ck_id, ck_class, ck_attr, cv_data_type_extra, cv_value, ck_user, ct_change, cl_required) VALUES ('40203', '10457', 'redirecturl', null, null, '30021381', '2019-01-24T00:00:00.000+0000', 0)  on conflict (ck_id) do update set ck_class = excluded.ck_class, ck_attr = excluded.ck_attr, cv_value = excluded.cv_value, ck_user = excluded.ck_user, ct_change = excluded.ct_change, cl_required = excluded.cl_required;
INSERT INTO s_mt.t_class_attr(ck_id, ck_class, ck_attr, cv_data_type_extra, cv_value, ck_user, ct_change, cl_required) VALUES ('40204', '10457', 'redirectusequery', null, null, '30021381', '2019-01-24T00:00:00.000+0000', 0)  on conflict (ck_id) do update set ck_class = excluded.ck_class, ck_attr = excluded.ck_attr, cv_value = excluded.cv_value, ck_user = excluded.ck_user, ct_change = excluded.ct_change, cl_required = excluded.cl_required;
INSERT INTO s_mt.t_class_attr(ck_id, ck_class, ck_attr, cv_data_type_extra, cv_value, ck_user, ct_change, cl_required) VALUES ('40205', '10457', 'regexp', null, null, '30021381', '2019-01-24T00:00:00.000+0000', 0)  on conflict (ck_id) do update set ck_class = excluded.ck_class, ck_attr = excluded.ck_attr, cv_value = excluded.cv_value, ck_user = excluded.ck_user, ct_change = excluded.ct_change, cl_required = excluded.cl_required;
INSERT INTO s_mt.t_class_attr(ck_id, ck_class, ck_attr, cv_data_type_extra, cv_value, ck_user, ct_change, cl_required) VALUES ('40206', '10457', 'reqsel', null, null, '30021381', '2019-01-24T00:00:00.000+0000', 0)  on conflict (ck_id) do update set ck_class = excluded.ck_class, ck_attr = excluded.ck_attr, cv_value = excluded.cv_value, ck_user = excluded.ck_user, ct_change = excluded.ct_change, cl_required = excluded.cl_required;
INSERT INTO s_mt.t_class_attr(ck_id, ck_class, ck_attr, cv_data_type_extra, cv_value, ck_user, ct_change, cl_required) VALUES ('40207', '10457', 'required', null, null, '30021381', '2019-01-24T00:00:00.000+0000', 0)  on conflict (ck_id) do update set ck_class = excluded.ck_class, ck_attr = excluded.ck_attr, cv_value = excluded.cv_value, ck_user = excluded.ck_user, ct_change = excluded.ct_change, cl_required = excluded.cl_required;
INSERT INTO s_mt.t_class_attr(ck_id, ck_class, ck_attr, cv_data_type_extra, cv_value, ck_user, ct_change, cl_required) VALUES ('43186', '10457', 'requiredrules', null, null, '10028610', '2019-02-05T00:00:00.000+0000', 0)  on conflict (ck_id) do update set ck_class = excluded.ck_class, ck_attr = excluded.ck_attr, cv_value = excluded.cv_value, ck_user = excluded.ck_user, ct_change = excluded.ct_change, cl_required = excluded.cl_required;
INSERT INTO s_mt.t_class_attr(ck_id, ck_class, ck_attr, cv_data_type_extra, cv_value, ck_user, ct_change, cl_required) VALUES ('40208', '10457', 'setglobal', null, null, '30021381', '2019-01-24T00:00:00.000+0000', 0)  on conflict (ck_id) do update set ck_class = excluded.ck_class, ck_attr = excluded.ck_attr, cv_value = excluded.cv_value, ck_user = excluded.ck_user, ct_change = excluded.ct_change, cl_required = excluded.cl_required;
INSERT INTO s_mt.t_class_attr(ck_id, ck_class, ck_attr, cv_data_type_extra, cv_value, ck_user, ct_change, cl_required) VALUES ('40189', '10457', 'type', null, 'IFIELD', '30021381', '2019-01-24T00:00:00.000+0000', 1)  on conflict (ck_id) do update set ck_class = excluded.ck_class, ck_attr = excluded.ck_attr, cv_value = excluded.cv_value, ck_user = excluded.ck_user, ct_change = excluded.ct_change, cl_required = excluded.cl_required;
INSERT INTO s_mt.t_class_attr(ck_id, ck_class, ck_attr, cv_data_type_extra, cv_value, ck_user, ct_change, cl_required) VALUES ('40210', '10457', 'width', null, null, '30021381', '2019-01-24T00:00:00.000+0000', 0)  on conflict (ck_id) do update set ck_class = excluded.ck_class, ck_attr = excluded.ck_attr, cv_value = excluded.cv_value, ck_user = excluded.ck_user, ct_change = excluded.ct_change, cl_required = excluded.cl_required;
select pkg_patcher.p_clear_attr('10457'::varchar, '["activerules","column","columnsfilter","datatype","defaultvalue","disabled","disabledrules","editmode","getglobal","hidden","hiddenrules","imask","info","maxheight","maxsize","minheight","redirecturl","redirectusequery","regexp","reqsel","required","requiredrules","setglobal","type","width"]'::jsonb);
INSERT INTO s_mt.t_class(ck_id, cv_name, cv_description, cv_manual_documentation, cv_auto_documentation, cl_final, cl_dataset, ck_user, ct_change) VALUES ('58', 'Filter Panel', 'Панель с фильтрами', null, null, 1, 0, '20780', '2019-06-27T00:00:00.000+0000')  on conflict (ck_id) do update set cv_name = excluded.cv_name, cv_description = excluded.cv_description, cv_manual_documentation = excluded.cv_manual_documentation, cv_auto_documentation = excluded.cv_auto_documentation, cl_final = excluded.cl_final, cl_dataset = excluded.cl_dataset, ck_user = excluded.ck_user, ct_change = excluded.ct_change;
INSERT INTO s_mt.t_class_attr(ck_id, ck_class, ck_attr, cv_data_type_extra, cv_value, ck_user, ct_change, cl_required) VALUES ('AE96502B4A204D74BA61C69CBCE742CA', '58', 'align', null, null, '4fd05ca9-3a9e-4d66-82df-886dfa082113', '2020-05-15T08:12:36.652+0000', 0)  on conflict (ck_id) do update set ck_class = excluded.ck_class, ck_attr = excluded.ck_attr, cv_value = excluded.cv_value, ck_user = excluded.ck_user, ct_change = excluded.ct_change, cl_required = excluded.cl_required;
INSERT INTO s_mt.t_class_attr(ck_id, ck_class, ck_attr, cv_data_type_extra, cv_value, ck_user, ct_change, cl_required) VALUES ('382', '58', 'childs', null, null, '10020785', '2018-07-09T00:00:00.000+0000', 1)  on conflict (ck_id) do update set ck_class = excluded.ck_class, ck_attr = excluded.ck_attr, cv_value = excluded.cv_value, ck_user = excluded.ck_user, ct_change = excluded.ct_change, cl_required = excluded.cl_required;
INSERT INTO s_mt.t_class_attr(ck_id, ck_class, ck_attr, cv_data_type_extra, cv_value, ck_user, ct_change, cl_required) VALUES ('789', '58', 'collapsed', null, 'false', '10020785', '2018-09-04T00:00:00.000+0000', 0)  on conflict (ck_id) do update set ck_class = excluded.ck_class, ck_attr = excluded.ck_attr, cv_value = excluded.cv_value, ck_user = excluded.ck_user, ct_change = excluded.ct_change, cl_required = excluded.cl_required;
INSERT INTO s_mt.t_class_attr(ck_id, ck_class, ck_attr, cv_data_type_extra, cv_value, ck_user, ct_change, cl_required) VALUES ('7E09B0F7E2944DDFAFB5B5A410470A27', '58', 'contentview', null, null, '4fd05ca9-3a9e-4d66-82df-886dfa082113', '2020-05-15T08:12:16.776+0000', 0)  on conflict (ck_id) do update set ck_class = excluded.ck_class, ck_attr = excluded.ck_attr, cv_value = excluded.cv_value, ck_user = excluded.ck_user, ct_change = excluded.ct_change, cl_required = excluded.cl_required;
INSERT INTO s_mt.t_class_attr(ck_id, ck_class, ck_attr, cv_data_type_extra, cv_value, ck_user, ct_change, cl_required) VALUES ('642', '58', 'dynamicfilter', null, 'false', '10020785', '2018-07-09T00:00:00.000+0000', 0)  on conflict (ck_id) do update set ck_class = excluded.ck_class, ck_attr = excluded.ck_attr, cv_value = excluded.cv_value, ck_user = excluded.ck_user, ct_change = excluded.ct_change, cl_required = excluded.cl_required;
INSERT INTO s_mt.t_class_attr(ck_id, ck_class, ck_attr, cv_data_type_extra, cv_value, ck_user, ct_change, cl_required) VALUES ('7169', '58', 'filtervaluessave', null, 'true', '10020785', '2018-07-19T00:00:00.000+0000', 1)  on conflict (ck_id) do update set ck_class = excluded.ck_class, ck_attr = excluded.ck_attr, cv_value = excluded.cv_value, ck_user = excluded.ck_user, ct_change = excluded.ct_change, cl_required = excluded.cl_required;
INSERT INTO s_mt.t_class_attr(ck_id, ck_class, ck_attr, cv_data_type_extra, cv_value, ck_user, ct_change, cl_required) VALUES ('3169', '58', 'setglobal', null, null, '10020785', '2018-07-09T00:00:00.000+0000', 0)  on conflict (ck_id) do update set ck_class = excluded.ck_class, ck_attr = excluded.ck_attr, cv_value = excluded.cv_value, ck_user = excluded.ck_user, ct_change = excluded.ct_change, cl_required = excluded.cl_required;
INSERT INTO s_mt.t_class_attr(ck_id, ck_class, ck_attr, cv_data_type_extra, cv_value, ck_user, ct_change, cl_required) VALUES ('17178', '58', 'timeout', null, null, '10020785', '2018-09-02T00:00:00.000+0000', 0)  on conflict (ck_id) do update set ck_class = excluded.ck_class, ck_attr = excluded.ck_attr, cv_value = excluded.cv_value, ck_user = excluded.ck_user, ct_change = excluded.ct_change, cl_required = excluded.cl_required;
INSERT INTO s_mt.t_class_attr(ck_id, ck_class, ck_attr, cv_data_type_extra, cv_value, ck_user, ct_change, cl_required) VALUES ('13169', '58', 'topbtn', null, null, '10020785', '2018-07-30T00:00:00.000+0000', 0)  on conflict (ck_id) do update set ck_class = excluded.ck_class, ck_attr = excluded.ck_attr, cv_value = excluded.cv_value, ck_user = excluded.ck_user, ct_change = excluded.ct_change, cl_required = excluded.cl_required;
INSERT INTO s_mt.t_class_attr(ck_id, ck_class, ck_attr, cv_data_type_extra, cv_value, ck_user, ct_change, cl_required) VALUES ('381', '58', 'type', null, 'FILTERPANEL', '10020785', '2018-07-09T00:00:00.000+0000', 1)  on conflict (ck_id) do update set ck_class = excluded.ck_class, ck_attr = excluded.ck_attr, cv_value = excluded.cv_value, ck_user = excluded.ck_user, ct_change = excluded.ct_change, cl_required = excluded.cl_required;
select pkg_patcher.p_clear_attr('58'::varchar, '["align","childs","collapsed","contentview","dynamicfilter","filtervaluessave","setglobal","timeout","topbtn","type"]'::jsonb);
INSERT INTO s_mt.t_class(ck_id, cv_name, cv_description, cv_manual_documentation, cv_auto_documentation, cl_final, cl_dataset, ck_user, ct_change) VALUES ('4BA159E82B434939AAD293411854ED95', 'Filter Panel Extended', 'Расширенная панель для фильтра', null, null, 0, 0, '4fd05ca9-3a9e-4d66-82df-886dfa082113', '2019-09-20T00:00:00.000+0000')  on conflict (ck_id) do update set cv_name = excluded.cv_name, cv_description = excluded.cv_description, cv_manual_documentation = excluded.cv_manual_documentation, cv_auto_documentation = excluded.cv_auto_documentation, cl_final = excluded.cl_final, cl_dataset = excluded.cl_dataset, ck_user = excluded.ck_user, ct_change = excluded.ct_change;
INSERT INTO s_mt.t_class_attr(ck_id, ck_class, ck_attr, cv_data_type_extra, cv_value, ck_user, ct_change, cl_required) VALUES ('76EE49BB9A894DCF83E2223625E9CC25', '4BA159E82B434939AAD293411854ED95', 'align', null, null, '4fd05ca9-3a9e-4d66-82df-886dfa082113', '2020-05-15T08:33:16.727+0000', 0)  on conflict (ck_id) do update set ck_class = excluded.ck_class, ck_attr = excluded.ck_attr, cv_value = excluded.cv_value, ck_user = excluded.ck_user, ct_change = excluded.ct_change, cl_required = excluded.cl_required;
INSERT INTO s_mt.t_class_attr(ck_id, ck_class, ck_attr, cv_data_type_extra, cv_value, ck_user, ct_change, cl_required) VALUES ('53F747643BEE49B795CA755F3532E598', '4BA159E82B434939AAD293411854ED95', 'childs', null, null, '4fd05ca9-3a9e-4d66-82df-886dfa082113', '2019-09-20T00:00:00.000+0000', 0)  on conflict (ck_id) do update set ck_class = excluded.ck_class, ck_attr = excluded.ck_attr, cv_value = excluded.cv_value, ck_user = excluded.ck_user, ct_change = excluded.ct_change, cl_required = excluded.cl_required;
INSERT INTO s_mt.t_class_attr(ck_id, ck_class, ck_attr, cv_data_type_extra, cv_value, ck_user, ct_change, cl_required) VALUES ('A1E0CA6DCC7C41008A1EBF65B782E066', '4BA159E82B434939AAD293411854ED95', 'collapsed', null, null, '4fd05ca9-3a9e-4d66-82df-886dfa082113', '2019-09-20T00:00:00.000+0000', 0)  on conflict (ck_id) do update set ck_class = excluded.ck_class, ck_attr = excluded.ck_attr, cv_value = excluded.cv_value, ck_user = excluded.ck_user, ct_change = excluded.ct_change, cl_required = excluded.cl_required;
INSERT INTO s_mt.t_class_attr(ck_id, ck_class, ck_attr, cv_data_type_extra, cv_value, ck_user, ct_change, cl_required) VALUES ('B74180C0E70E4E92B33C60A9D47BF5D3', '4BA159E82B434939AAD293411854ED95', 'contentview', null, null, '4fd05ca9-3a9e-4d66-82df-886dfa082113', '2020-05-15T08:33:11.953+0000', 0)  on conflict (ck_id) do update set ck_class = excluded.ck_class, ck_attr = excluded.ck_attr, cv_value = excluded.cv_value, ck_user = excluded.ck_user, ct_change = excluded.ct_change, cl_required = excluded.cl_required;
INSERT INTO s_mt.t_class_attr(ck_id, ck_class, ck_attr, cv_data_type_extra, cv_value, ck_user, ct_change, cl_required) VALUES ('5087C7FA59AA4AEE94F6B0B31C6FE127', '4BA159E82B434939AAD293411854ED95', 'type', null, 'FILTER_PANEL_EXTENDED', '4fd05ca9-3a9e-4d66-82df-886dfa082113', '2019-09-20T00:00:00.000+0000', 1)  on conflict (ck_id) do update set ck_class = excluded.ck_class, ck_attr = excluded.ck_attr, cv_value = excluded.cv_value, ck_user = excluded.ck_user, ct_change = excluded.ct_change, cl_required = excluded.cl_required;
INSERT INTO s_mt.t_class_attr(ck_id, ck_class, ck_attr, cv_data_type_extra, cv_value, ck_user, ct_change, cl_required) VALUES ('EAF0BB9A11FA4B67B127748CA290F34D', '4BA159E82B434939AAD293411854ED95', 'width', null, null, '4fd05ca9-3a9e-4d66-82df-886dfa082113', '2020-05-15T08:31:40.527+0000', 0)  on conflict (ck_id) do update set ck_class = excluded.ck_class, ck_attr = excluded.ck_attr, cv_value = excluded.cv_value, ck_user = excluded.ck_user, ct_change = excluded.ct_change, cl_required = excluded.cl_required;
select pkg_patcher.p_clear_attr('4BA159E82B434939AAD293411854ED95'::varchar, '["align","childs","collapsed","contentview","type","width"]'::jsonb);
INSERT INTO s_mt.t_class(ck_id, cv_name, cv_description, cv_manual_documentation, cv_auto_documentation, cl_final, cl_dataset, ck_user, ct_change) VALUES ('871CB755C589248AE053809BA8C0F31E', 'Form Panel', 'Форма для работы с глобальными данными', null, null, 0, 0, '4fd05ca9-3a9e-4d66-82df-886dfa082113', '2020-01-17T00:00:00.000+0000')  on conflict (ck_id) do update set cv_name = excluded.cv_name, cv_description = excluded.cv_description, cv_manual_documentation = excluded.cv_manual_documentation, cv_auto_documentation = excluded.cv_auto_documentation, cl_final = excluded.cl_final, cl_dataset = excluded.cl_dataset, ck_user = excluded.ck_user, ct_change = excluded.ct_change;
INSERT INTO s_mt.t_class_attr(ck_id, ck_class, ck_attr, cv_data_type_extra, cv_value, ck_user, ct_change, cl_required) VALUES ('BAD0F50DA67C43B0BD0AF2064E5CB974', '871CB755C589248AE053809BA8C0F31E', 'align', null, null, '4fd05ca9-3a9e-4d66-82df-886dfa082113', '2019-10-28T00:00:00.000+0000', 0)  on conflict (ck_id) do update set ck_class = excluded.ck_class, ck_attr = excluded.ck_attr, cv_value = excluded.cv_value, ck_user = excluded.ck_user, ct_change = excluded.ct_change, cl_required = excluded.cl_required;
INSERT INTO s_mt.t_class_attr(ck_id, ck_class, ck_attr, cv_data_type_extra, cv_value, ck_user, ct_change, cl_required) VALUES ('876936326A5213F3E053809BA8C0487C', '871CB755C589248AE053809BA8C0F31E', 'childs', null, null, '20785', '2019-05-15T00:00:00.000+0000', 1)  on conflict (ck_id) do update set ck_class = excluded.ck_class, ck_attr = excluded.ck_attr, cv_value = excluded.cv_value, ck_user = excluded.ck_user, ct_change = excluded.ct_change, cl_required = excluded.cl_required;
INSERT INTO s_mt.t_class_attr(ck_id, ck_class, ck_attr, cv_data_type_extra, cv_value, ck_user, ct_change, cl_required) VALUES ('68E51904C436427A9DC7A1A31352E5E8', '871CB755C589248AE053809BA8C0F31E', 'contentview', null, null, '4fd05ca9-3a9e-4d66-82df-886dfa082113', '2019-10-28T00:00:00.000+0000', 0)  on conflict (ck_id) do update set ck_class = excluded.ck_class, ck_attr = excluded.ck_attr, cv_value = excluded.cv_value, ck_user = excluded.ck_user, ct_change = excluded.ct_change, cl_required = excluded.cl_required;
INSERT INTO s_mt.t_class_attr(ck_id, ck_class, ck_attr, cv_data_type_extra, cv_value, ck_user, ct_change, cl_required) VALUES ('871CB755C58B248AE053809BA8C0F31E', '871CB755C589248AE053809BA8C0F31E', 'getglobal', null, null, '20785', '2019-05-16T00:00:00.000+0000', 0)  on conflict (ck_id) do update set ck_class = excluded.ck_class, ck_attr = excluded.ck_attr, cv_value = excluded.cv_value, ck_user = excluded.ck_user, ct_change = excluded.ct_change, cl_required = excluded.cl_required;
INSERT INTO s_mt.t_class_attr(ck_id, ck_class, ck_attr, cv_data_type_extra, cv_value, ck_user, ct_change, cl_required) VALUES ('871CB755C58A248AE053809BA8C0F31E', '871CB755C589248AE053809BA8C0F31E', 'setglobal', null, null, '20785', '2019-05-16T00:00:00.000+0000', 0)  on conflict (ck_id) do update set ck_class = excluded.ck_class, ck_attr = excluded.ck_attr, cv_value = excluded.cv_value, ck_user = excluded.ck_user, ct_change = excluded.ct_change, cl_required = excluded.cl_required;
INSERT INTO s_mt.t_class_attr(ck_id, ck_class, ck_attr, cv_data_type_extra, cv_value, ck_user, ct_change, cl_required) VALUES ('87BF581B392C242FE053809BA8C0461B', '871CB755C589248AE053809BA8C0F31E', 'type', null, 'FORMPANEL', '20785', '2019-05-15T00:00:00.000+0000', 1)  on conflict (ck_id) do update set ck_class = excluded.ck_class, ck_attr = excluded.ck_attr, cv_value = excluded.cv_value, ck_user = excluded.ck_user, ct_change = excluded.ct_change, cl_required = excluded.cl_required;
INSERT INTO s_mt.t_class_attr(ck_id, ck_class, ck_attr, cv_data_type_extra, cv_value, ck_user, ct_change, cl_required) VALUES ('876936326A5713F3E053809BA8C0487C', '871CB755C589248AE053809BA8C0F31E', 'updateglobal', null, null, '20785', '2019-05-16T00:00:00.000+0000', 0)  on conflict (ck_id) do update set ck_class = excluded.ck_class, ck_attr = excluded.ck_attr, cv_value = excluded.cv_value, ck_user = excluded.ck_user, ct_change = excluded.ct_change, cl_required = excluded.cl_required;
INSERT INTO s_mt.t_class_attr(ck_id, ck_class, ck_attr, cv_data_type_extra, cv_value, ck_user, ct_change, cl_required) VALUES ('902090BB29794B2CB869BEB12AA3E11C', '871CB755C589248AE053809BA8C0F31E', 'width', null, null, '4fd05ca9-3a9e-4d66-82df-886dfa082113', '2019-10-28T00:00:00.000+0000', 0)  on conflict (ck_id) do update set ck_class = excluded.ck_class, ck_attr = excluded.ck_attr, cv_value = excluded.cv_value, ck_user = excluded.ck_user, ct_change = excluded.ct_change, cl_required = excluded.cl_required;
select pkg_patcher.p_clear_attr('871CB755C589248AE053809BA8C0F31E'::varchar, '["align","childs","contentview","getglobal","setglobal","type","updateglobal","width"]'::jsonb);
INSERT INTO s_mt.t_class(ck_id, cv_name, cv_description, cv_manual_documentation, cv_auto_documentation, cl_final, cl_dataset, ck_user, ct_change) VALUES ('8', 'Grid', 'Грид для отображения данных', null, null, 1, 1, '-11', '2018-02-22T00:00:00.000+0000')  on conflict (ck_id) do update set cv_name = excluded.cv_name, cv_description = excluded.cv_description, cv_manual_documentation = excluded.cv_manual_documentation, cv_auto_documentation = excluded.cv_auto_documentation, cl_final = excluded.cl_final, cl_dataset = excluded.cl_dataset, ck_user = excluded.ck_user, ct_change = excluded.ct_change;
INSERT INTO s_mt.t_class_attr(ck_id, ck_class, ck_attr, cv_data_type_extra, cv_value, ck_user, ct_change, cl_required) VALUES ('572', '8', 'autoload', null, 'true', '10020848', '2018-06-04T00:00:00.000+0000', 0)  on conflict (ck_id) do update set ck_class = excluded.ck_class, ck_attr = excluded.ck_attr, cv_value = excluded.cv_value, ck_user = excluded.ck_user, ct_change = excluded.ct_change, cl_required = excluded.cl_required;
INSERT INTO s_mt.t_class_attr(ck_id, ck_class, ck_attr, cv_data_type_extra, cv_value, ck_user, ct_change, cl_required) VALUES ('1753', '8', 'autoselectidentity', null, 'ck_id', '10020848', '2018-09-09T00:00:00.000+0000', 0)  on conflict (ck_id) do update set ck_class = excluded.ck_class, ck_attr = excluded.ck_attr, cv_value = excluded.cv_value, ck_user = excluded.ck_user, ct_change = excluded.ct_change, cl_required = excluded.cl_required;
INSERT INTO s_mt.t_class_attr(ck_id, ck_class, ck_attr, cv_data_type_extra, cv_value, ck_user, ct_change, cl_required) VALUES ('1440', '8', 'btnaudit', null, 'true', '10020848', '2018-06-04T00:00:00.000+0000', 0)  on conflict (ck_id) do update set ck_class = excluded.ck_class, ck_attr = excluded.ck_attr, cv_value = excluded.cv_value, ck_user = excluded.ck_user, ct_change = excluded.ct_change, cl_required = excluded.cl_required;
INSERT INTO s_mt.t_class_attr(ck_id, ck_class, ck_attr, cv_data_type_extra, cv_value, ck_user, ct_change, cl_required) VALUES ('1643', '8', 'btndelete', null, 'true', '10020848', '2018-06-04T00:00:00.000+0000', 0)  on conflict (ck_id) do update set ck_class = excluded.ck_class, ck_attr = excluded.ck_attr, cv_value = excluded.cv_value, ck_user = excluded.ck_user, ct_change = excluded.ct_change, cl_required = excluded.cl_required;
INSERT INTO s_mt.t_class_attr(ck_id, ck_class, ck_attr, cv_data_type_extra, cv_value, ck_user, ct_change, cl_required) VALUES ('1449', '8', 'btnexcel', null, 'true', '10020848', '2018-09-09T00:00:00.000+0000', 0)  on conflict (ck_id) do update set ck_class = excluded.ck_class, ck_attr = excluded.ck_attr, cv_value = excluded.cv_value, ck_user = excluded.ck_user, ct_change = excluded.ct_change, cl_required = excluded.cl_required;
INSERT INTO s_mt.t_class_attr(ck_id, ck_class, ck_attr, cv_data_type_extra, cv_value, ck_user, ct_change, cl_required) VALUES ('1450', '8', 'btnrefresh', null, 'true', '10020848', '2018-06-04T00:00:00.000+0000', 0)  on conflict (ck_id) do update set ck_class = excluded.ck_class, ck_attr = excluded.ck_attr, cv_value = excluded.cv_value, ck_user = excluded.ck_user, ct_change = excluded.ct_change, cl_required = excluded.cl_required;
INSERT INTO s_mt.t_class_attr(ck_id, ck_class, ck_attr, cv_data_type_extra, cv_value, ck_user, ct_change, cl_required) VALUES ('8D547C621A1D626CE053809BA8C0882B', '8', 'btnsettings', null, 'true', '20785', '2019-07-16T00:00:00.000+0000', 0)  on conflict (ck_id) do update set ck_class = excluded.ck_class, ck_attr = excluded.ck_attr, cv_value = excluded.cv_value, ck_user = excluded.ck_user, ct_change = excluded.ct_change, cl_required = excluded.cl_required;
INSERT INTO s_mt.t_class_attr(ck_id, ck_class, ck_attr, cv_data_type_extra, cv_value, ck_user, ct_change, cl_required) VALUES ('1661', '8', 'checkaddmore', null, null, '4fd05ca9-3a9e-4d66-82df-886dfa082113', '2019-11-05T00:00:00.000+0000', 0)  on conflict (ck_id) do update set ck_class = excluded.ck_class, ck_attr = excluded.ck_attr, cv_value = excluded.cv_value, ck_user = excluded.ck_user, ct_change = excluded.ct_change, cl_required = excluded.cl_required;
INSERT INTO s_mt.t_class_attr(ck_id, ck_class, ck_attr, cv_data_type_extra, cv_value, ck_user, ct_change, cl_required) VALUES ('54', '8', 'childwindow', null, null, '10020848', '2018-06-04T00:00:00.000+0000', 0)  on conflict (ck_id) do update set ck_class = excluded.ck_class, ck_attr = excluded.ck_attr, cv_value = excluded.cv_value, ck_user = excluded.ck_user, ct_change = excluded.ct_change, cl_required = excluded.cl_required;
INSERT INTO s_mt.t_class_attr(ck_id, ck_class, ck_attr, cv_data_type_extra, cv_value, ck_user, ct_change, cl_required) VALUES ('26173', '8', 'collectionvalues', null, null, '10020785', '2018-10-07T00:00:00.000+0000', 0)  on conflict (ck_id) do update set ck_class = excluded.ck_class, ck_attr = excluded.ck_attr, cv_value = excluded.cv_value, ck_user = excluded.ck_user, ct_change = excluded.ct_change, cl_required = excluded.cl_required;
INSERT INTO s_mt.t_class_attr(ck_id, ck_class, ck_attr, cv_data_type_extra, cv_value, ck_user, ct_change, cl_required) VALUES ('8', '8', 'columns', null, null, '10020848', '2018-06-04T00:00:00.000+0000', 0)  on conflict (ck_id) do update set ck_class = excluded.ck_class, ck_attr = excluded.ck_attr, cv_value = excluded.cv_value, ck_user = excluded.ck_user, ct_change = excluded.ct_change, cl_required = excluded.cl_required;
INSERT INTO s_mt.t_class_attr(ck_id, ck_class, ck_attr, cv_data_type_extra, cv_value, ck_user, ct_change, cl_required) VALUES ('974', '8', 'contextmenus', null, null, '10020785', '2018-07-09T00:00:00.000+0000', 0)  on conflict (ck_id) do update set ck_class = excluded.ck_class, ck_attr = excluded.ck_attr, cv_value = excluded.cv_value, ck_user = excluded.ck_user, ct_change = excluded.ct_change, cl_required = excluded.cl_required;
INSERT INTO s_mt.t_class_attr(ck_id, ck_class, ck_attr, cv_data_type_extra, cv_value, ck_user, ct_change, cl_required) VALUES ('37169', '8', 'defaultvalue', null, null, '20785', '2018-12-18T00:00:00.000+0000', 0)  on conflict (ck_id) do update set ck_class = excluded.ck_class, ck_attr = excluded.ck_attr, cv_value = excluded.cv_value, ck_user = excluded.ck_user, ct_change = excluded.ct_change, cl_required = excluded.cl_required;
INSERT INTO s_mt.t_class_attr(ck_id, ck_class, ck_attr, cv_data_type_extra, cv_value, ck_user, ct_change, cl_required) VALUES ('36174', '8', 'detail', null, null, '20785', '2018-12-11T00:00:00.000+0000', 0)  on conflict (ck_id) do update set ck_class = excluded.ck_class, ck_attr = excluded.ck_attr, cv_value = excluded.cv_value, ck_user = excluded.ck_user, ct_change = excluded.ct_change, cl_required = excluded.cl_required;
INSERT INTO s_mt.t_class_attr(ck_id, ck_class, ck_attr, cv_data_type_extra, cv_value, ck_user, ct_change, cl_required) VALUES ('1236', '8', 'disabledrules', null, null, '10020848', '2018-09-09T00:00:00.000+0000', 0)  on conflict (ck_id) do update set ck_class = excluded.ck_class, ck_attr = excluded.ck_attr, cv_value = excluded.cv_value, ck_user = excluded.ck_user, ct_change = excluded.ct_change, cl_required = excluded.cl_required;
INSERT INTO s_mt.t_class_attr(ck_id, ck_class, ck_attr, cv_data_type_extra, cv_value, ck_user, ct_change, cl_required) VALUES ('407', '8', 'edittype', null, 'inline', '10020848', '2018-09-09T00:00:00.000+0000', 0)  on conflict (ck_id) do update set ck_class = excluded.ck_class, ck_attr = excluded.ck_attr, cv_value = excluded.cv_value, ck_user = excluded.ck_user, ct_change = excluded.ct_change, cl_required = excluded.cl_required;
INSERT INTO s_mt.t_class_attr(ck_id, ck_class, ck_attr, cv_data_type_extra, cv_value, ck_user, ct_change, cl_required) VALUES ('1915', '8', 'extraplugingate', null, null, '10020848', '2018-09-09T00:00:00.000+0000', 0)  on conflict (ck_id) do update set ck_class = excluded.ck_class, ck_attr = excluded.ck_attr, cv_value = excluded.cv_value, ck_user = excluded.ck_user, ct_change = excluded.ct_change, cl_required = excluded.cl_required;
INSERT INTO s_mt.t_class_attr(ck_id, ck_class, ck_attr, cv_data_type_extra, cv_value, ck_user, ct_change, cl_required) VALUES ('391', '8', 'filters', null, null, '10020785', '2018-07-09T00:00:00.000+0000', 1)  on conflict (ck_id) do update set ck_class = excluded.ck_class, ck_attr = excluded.ck_attr, cv_value = excluded.cv_value, ck_user = excluded.ck_user, ct_change = excluded.ct_change, cl_required = excluded.cl_required;
INSERT INTO s_mt.t_class_attr(ck_id, ck_class, ck_attr, cv_data_type_extra, cv_value, ck_user, ct_change, cl_required) VALUES ('1174', '8', 'getglobal', null, null, '10020848', '2018-09-09T00:00:00.000+0000', 0)  on conflict (ck_id) do update set ck_class = excluded.ck_class, ck_attr = excluded.ck_attr, cv_value = excluded.cv_value, ck_user = excluded.ck_user, ct_change = excluded.ct_change, cl_required = excluded.cl_required;
INSERT INTO s_mt.t_class_attr(ck_id, ck_class, ck_attr, cv_data_type_extra, cv_value, ck_user, ct_change, cl_required) VALUES ('1223', '8', 'getglobaltostore', null, null, '10020848', '2018-09-09T00:00:00.000+0000', 0)  on conflict (ck_id) do update set ck_class = excluded.ck_class, ck_attr = excluded.ck_attr, cv_value = excluded.cv_value, ck_user = excluded.ck_user, ct_change = excluded.ct_change, cl_required = excluded.cl_required;
INSERT INTO s_mt.t_class_attr(ck_id, ck_class, ck_attr, cv_data_type_extra, cv_value, ck_user, ct_change, cl_required) VALUES ('489A9DCE0ABC4054A6D52936A10FB35B', '8', 'getmastervalue', null, 'ck_id', '4fd05ca9-3a9e-4d66-82df-886dfa082113', '2020-01-13T00:00:00.000+0000', 1)  on conflict (ck_id) do update set ck_class = excluded.ck_class, ck_attr = excluded.ck_attr, cv_value = excluded.cv_value, ck_user = excluded.ck_user, ct_change = excluded.ct_change, cl_required = excluded.cl_required;
INSERT INTO s_mt.t_class_attr(ck_id, ck_class, ck_attr, cv_data_type_extra, cv_value, ck_user, ct_change, cl_required) VALUES ('1600', '8', 'height', null, null, '10020848', '2018-06-04T00:00:00.000+0000', 0)  on conflict (ck_id) do update set ck_class = excluded.ck_class, ck_attr = excluded.ck_attr, cv_value = excluded.cv_value, ck_user = excluded.ck_user, ct_change = excluded.ct_change, cl_required = excluded.cl_required;
INSERT INTO s_mt.t_class_attr(ck_id, ck_class, ck_attr, cv_data_type_extra, cv_value, ck_user, ct_change, cl_required) VALUES ('1280', '8', 'hiddenrules', null, null, '10020848', '2018-09-09T00:00:00.000+0000', 0)  on conflict (ck_id) do update set ck_class = excluded.ck_class, ck_attr = excluded.ck_attr, cv_value = excluded.cv_value, ck_user = excluded.ck_user, ct_change = excluded.ct_change, cl_required = excluded.cl_required;
INSERT INTO s_mt.t_class_attr(ck_id, ck_class, ck_attr, cv_data_type_extra, cv_value, ck_user, ct_change, cl_required) VALUES ('2169', '8', 'hideactions', null, 'false', '10020848', '2018-09-09T00:00:00.000+0000', 0)  on conflict (ck_id) do update set ck_class = excluded.ck_class, ck_attr = excluded.ck_attr, cv_value = excluded.cv_value, ck_user = excluded.ck_user, ct_change = excluded.ct_change, cl_required = excluded.cl_required;
INSERT INTO s_mt.t_class_attr(ck_id, ck_class, ck_attr, cv_data_type_extra, cv_value, ck_user, ct_change, cl_required) VALUES ('F49A87AF3E134494AE94932D709FA2F2', '8', 'idproperty', null, 'ck_id', '4fd05ca9-3a9e-4d66-82df-886dfa082113', '2020-01-14T00:00:00.000+0000', 1)  on conflict (ck_id) do update set ck_class = excluded.ck_class, ck_attr = excluded.ck_attr, cv_value = excluded.cv_value, ck_user = excluded.ck_user, ct_change = excluded.ct_change, cl_required = excluded.cl_required;
INSERT INTO s_mt.t_class_attr(ck_id, ck_class, ck_attr, cv_data_type_extra, cv_value, ck_user, ct_change, cl_required) VALUES ('823', '8', 'noglobalmask', null, null, '10020848', '2018-09-09T00:00:00.000+0000', 0)  on conflict (ck_id) do update set ck_class = excluded.ck_class, ck_attr = excluded.ck_attr, cv_value = excluded.cv_value, ck_user = excluded.ck_user, ct_change = excluded.ct_change, cl_required = excluded.cl_required;
INSERT INTO s_mt.t_class_attr(ck_id, ck_class, ck_attr, cv_data_type_extra, cv_value, ck_user, ct_change, cl_required) VALUES ('853', '8', 'orderdirection', null, null, '10020848', '2018-06-04T00:00:00.000+0000', 0)  on conflict (ck_id) do update set ck_class = excluded.ck_class, ck_attr = excluded.ck_attr, cv_value = excluded.cv_value, ck_user = excluded.ck_user, ct_change = excluded.ct_change, cl_required = excluded.cl_required;
INSERT INTO s_mt.t_class_attr(ck_id, ck_class, ck_attr, cv_data_type_extra, cv_value, ck_user, ct_change, cl_required) VALUES ('852', '8', 'orderproperty', null, null, '10020848', '2018-06-04T00:00:00.000+0000', 0)  on conflict (ck_id) do update set ck_class = excluded.ck_class, ck_attr = excluded.ck_attr, cv_value = excluded.cv_value, ck_user = excluded.ck_user, ct_change = excluded.ct_change, cl_required = excluded.cl_required;
INSERT INTO s_mt.t_class_attr(ck_id, ck_class, ck_attr, cv_data_type_extra, cv_value, ck_user, ct_change, cl_required) VALUES ('401', '8', 'pagesize', null, null, '10020848', '2018-06-04T00:00:00.000+0000', 0)  on conflict (ck_id) do update set ck_class = excluded.ck_class, ck_attr = excluded.ck_attr, cv_value = excluded.cv_value, ck_user = excluded.ck_user, ct_change = excluded.ct_change, cl_required = excluded.cl_required;
INSERT INTO s_mt.t_class_attr(ck_id, ck_class, ck_attr, cv_data_type_extra, cv_value, ck_user, ct_change, cl_required) VALUES ('10178', '8', 'readonlyrules', null, null, '10020848', '2018-09-09T00:00:00.000+0000', 0)  on conflict (ck_id) do update set ck_class = excluded.ck_class, ck_attr = excluded.ck_attr, cv_value = excluded.cv_value, ck_user = excluded.ck_user, ct_change = excluded.ct_change, cl_required = excluded.cl_required;
INSERT INTO s_mt.t_class_attr(ck_id, ck_class, ck_attr, cv_data_type_extra, cv_value, ck_user, ct_change, cl_required) VALUES ('28169', '8', 'refreshallrecords', null, 'false', '10020785', '2018-10-16T00:00:00.000+0000', 0)  on conflict (ck_id) do update set ck_class = excluded.ck_class, ck_attr = excluded.ck_attr, cv_value = excluded.cv_value, ck_user = excluded.ck_user, ct_change = excluded.ct_change, cl_required = excluded.cl_required;
INSERT INTO s_mt.t_class_attr(ck_id, ck_class, ck_attr, cv_data_type_extra, cv_value, ck_user, ct_change, cl_required) VALUES ('12169', '8', 'reloadmaster', null, null, '10020848', '2018-09-09T00:00:00.000+0000', 0)  on conflict (ck_id) do update set ck_class = excluded.ck_class, ck_attr = excluded.ck_attr, cv_value = excluded.cv_value, ck_user = excluded.ck_user, ct_change = excluded.ct_change, cl_required = excluded.cl_required;
INSERT INTO s_mt.t_class_attr(ck_id, ck_class, ck_attr, cv_data_type_extra, cv_value, ck_user, ct_change, cl_required) VALUES ('1326', '8', 'reqsel', null, 'true', '10020848', '2018-06-04T00:00:00.000+0000', 0)  on conflict (ck_id) do update set ck_class = excluded.ck_class, ck_attr = excluded.ck_attr, cv_value = excluded.cv_value, ck_user = excluded.ck_user, ct_change = excluded.ct_change, cl_required = excluded.cl_required;
INSERT INTO s_mt.t_class_attr(ck_id, ck_class, ck_attr, cv_data_type_extra, cv_value, ck_user, ct_change, cl_required) VALUES ('1204', '8', 'setglobal', null, null, '10020848', '2018-09-09T00:00:00.000+0000', 0)  on conflict (ck_id) do update set ck_class = excluded.ck_class, ck_attr = excluded.ck_attr, cv_value = excluded.cv_value, ck_user = excluded.ck_user, ct_change = excluded.ct_change, cl_required = excluded.cl_required;
INSERT INTO s_mt.t_class_attr(ck_id, ck_class, ck_attr, cv_data_type_extra, cv_value, ck_user, ct_change, cl_required) VALUES ('06D07E0B8EAA4CB5B0D4E6E32C4C2CB5', '8', 'setrecordtoglobal', null, null, '4fd05ca9-3a9e-4d66-82df-886dfa082113', '2020-02-06T00:00:00.000+0000', 0)  on conflict (ck_id) do update set ck_class = excluded.ck_class, ck_attr = excluded.ck_attr, cv_value = excluded.cv_value, ck_user = excluded.ck_user, ct_change = excluded.ct_change, cl_required = excluded.cl_required;
INSERT INTO s_mt.t_class_attr(ck_id, ck_class, ck_attr, cv_data_type_extra, cv_value, ck_user, ct_change, cl_required) VALUES ('44173', '8', 'splitter', null, 'true', '10028610', '2019-02-12T00:00:00.000+0000', 0)  on conflict (ck_id) do update set ck_class = excluded.ck_class, ck_attr = excluded.ck_attr, cv_value = excluded.cv_value, ck_user = excluded.ck_user, ct_change = excluded.ct_change, cl_required = excluded.cl_required;
INSERT INTO s_mt.t_class_attr(ck_id, ck_class, ck_attr, cv_data_type_extra, cv_value, ck_user, ct_change, cl_required) VALUES ('1680', '8', 'stepname', null, null, '10020848', '2018-09-09T00:00:00.000+0000', 0)  on conflict (ck_id) do update set ck_class = excluded.ck_class, ck_attr = excluded.ck_attr, cv_value = excluded.cv_value, ck_user = excluded.ck_user, ct_change = excluded.ct_change, cl_required = excluded.cl_required;
INSERT INTO s_mt.t_class_attr(ck_id, ck_class, ck_attr, cv_data_type_extra, cv_value, ck_user, ct_change, cl_required) VALUES ('1681', '8', 'stepnamenext', null, null, '10020848', '2018-09-09T00:00:00.000+0000', 0)  on conflict (ck_id) do update set ck_class = excluded.ck_class, ck_attr = excluded.ck_attr, cv_value = excluded.cv_value, ck_user = excluded.ck_user, ct_change = excluded.ct_change, cl_required = excluded.cl_required;
INSERT INTO s_mt.t_class_attr(ck_id, ck_class, ck_attr, cv_data_type_extra, cv_value, ck_user, ct_change, cl_required) VALUES ('17180', '8', 'timeout', null, null, '10020848', '2018-09-09T00:00:00.000+0000', 0)  on conflict (ck_id) do update set ck_class = excluded.ck_class, ck_attr = excluded.ck_attr, cv_value = excluded.cv_value, ck_user = excluded.ck_user, ct_change = excluded.ct_change, cl_required = excluded.cl_required;
INSERT INTO s_mt.t_class_attr(ck_id, ck_class, ck_attr, cv_data_type_extra, cv_value, ck_user, ct_change, cl_required) VALUES ('9', '8', 'title', null, null, '10020848', '2018-09-09T00:00:00.000+0000', 0)  on conflict (ck_id) do update set ck_class = excluded.ck_class, ck_attr = excluded.ck_attr, cv_value = excluded.cv_value, ck_user = excluded.ck_user, ct_change = excluded.ct_change, cl_required = excluded.cl_required;
INSERT INTO s_mt.t_class_attr(ck_id, ck_class, ck_attr, cv_data_type_extra, cv_value, ck_user, ct_change, cl_required) VALUES ('30', '8', 'topbtn', null, null, '10020848', '2018-06-04T00:00:00.000+0000', 0)  on conflict (ck_id) do update set ck_class = excluded.ck_class, ck_attr = excluded.ck_attr, cv_value = excluded.cv_value, ck_user = excluded.ck_user, ct_change = excluded.ct_change, cl_required = excluded.cl_required;
INSERT INTO s_mt.t_class_attr(ck_id, ck_class, ck_attr, cv_data_type_extra, cv_value, ck_user, ct_change, cl_required) VALUES ('11', '8', 'type', null, 'GRID', '10020848', '2018-09-09T00:00:00.000+0000', 1)  on conflict (ck_id) do update set ck_class = excluded.ck_class, ck_attr = excluded.ck_attr, cv_value = excluded.cv_value, ck_user = excluded.ck_user, ct_change = excluded.ct_change, cl_required = excluded.cl_required;
INSERT INTO s_mt.t_class_attr(ck_id, ck_class, ck_attr, cv_data_type_extra, cv_value, ck_user, ct_change, cl_required) VALUES ('1971', '8', 'valuefield', null, 'ck_id', '10020848', '2018-09-09T00:00:00.000+0000', 0)  on conflict (ck_id) do update set ck_class = excluded.ck_class, ck_attr = excluded.ck_attr, cv_value = excluded.cv_value, ck_user = excluded.ck_user, ct_change = excluded.ct_change, cl_required = excluded.cl_required;
INSERT INTO s_mt.t_class_attr(ck_id, ck_class, ck_attr, cv_data_type_extra, cv_value, ck_user, ct_change, cl_required) VALUES ('1491', '8', 'winreloadstores', null, 'false', '10020848', '2018-09-09T00:00:00.000+0000', 0)  on conflict (ck_id) do update set ck_class = excluded.ck_class, ck_attr = excluded.ck_attr, cv_value = excluded.cv_value, ck_user = excluded.ck_user, ct_change = excluded.ct_change, cl_required = excluded.cl_required;
INSERT INTO s_mt.t_class_attr(ck_id, ck_class, ck_attr, cv_data_type_extra, cv_value, ck_user, ct_change, cl_required) VALUES ('1809', '8', 'wintype', null, 'default', '10020848', '2018-09-09T00:00:00.000+0000', 0)  on conflict (ck_id) do update set ck_class = excluded.ck_class, ck_attr = excluded.ck_attr, cv_value = excluded.cv_value, ck_user = excluded.ck_user, ct_change = excluded.ct_change, cl_required = excluded.cl_required;
select pkg_patcher.p_clear_attr('8'::varchar, '["autoload","autoselectidentity","btnaudit","btndelete","btnexcel","btnrefresh","btnsettings","checkaddmore","childwindow","collectionvalues","columns","contextmenus","defaultvalue","detail","disabledrules","edittype","extraplugingate","filters","getglobal","getglobaltostore","getmastervalue","height","hiddenrules","hideactions","idproperty","noglobalmask","orderdirection","orderproperty","pagesize","readonlyrules","refreshallrecords","reloadmaster","reqsel","setglobal","setrecordtoglobal","splitter","stepname","stepnamenext","timeout","title","topbtn","type","valuefield","winreloadstores","wintype"]'::jsonb);
INSERT INTO s_mt.t_class(ck_id, cv_name, cv_description, cv_manual_documentation, cv_auto_documentation, cl_final, cl_dataset, ck_user, ct_change) VALUES ('18', 'Grid Tree', 'Грид-дерево для отображения данных', null, null, 1, 1, '-11', '2018-02-22T00:00:00.000+0000')  on conflict (ck_id) do update set cv_name = excluded.cv_name, cv_description = excluded.cv_description, cv_manual_documentation = excluded.cv_manual_documentation, cv_auto_documentation = excluded.cv_auto_documentation, cl_final = excluded.cl_final, cl_dataset = excluded.cl_dataset, ck_user = excluded.ck_user, ct_change = excluded.ct_change;
INSERT INTO s_mt.t_class_attr(ck_id, ck_class, ck_attr, cv_data_type_extra, cv_value, ck_user, ct_change, cl_required) VALUES ('573', '18', 'autoload', null, 'true', '10020785', '2018-07-09T00:00:00.000+0000', 0)  on conflict (ck_id) do update set ck_class = excluded.ck_class, ck_attr = excluded.ck_attr, cv_value = excluded.cv_value, ck_user = excluded.ck_user, ct_change = excluded.ct_change, cl_required = excluded.cl_required;
INSERT INTO s_mt.t_class_attr(ck_id, ck_class, ck_attr, cv_data_type_extra, cv_value, ck_user, ct_change, cl_required) VALUES ('1933', '18', 'autoselectidentity', null, 'ck_id', '10020848', '2018-09-09T00:00:00.000+0000', 0)  on conflict (ck_id) do update set ck_class = excluded.ck_class, ck_attr = excluded.ck_attr, cv_value = excluded.cv_value, ck_user = excluded.ck_user, ct_change = excluded.ct_change, cl_required = excluded.cl_required;
INSERT INTO s_mt.t_class_attr(ck_id, ck_class, ck_attr, cv_data_type_extra, cv_value, ck_user, ct_change, cl_required) VALUES ('1441', '18', 'btnaudit', null, 'true', '10020785', '2018-07-09T00:00:00.000+0000', 0)  on conflict (ck_id) do update set ck_class = excluded.ck_class, ck_attr = excluded.ck_attr, cv_value = excluded.cv_value, ck_user = excluded.ck_user, ct_change = excluded.ct_change, cl_required = excluded.cl_required;
INSERT INTO s_mt.t_class_attr(ck_id, ck_class, ck_attr, cv_data_type_extra, cv_value, ck_user, ct_change, cl_required) VALUES ('1644', '18', 'btndelete', null, 'true', '10020785', '2018-07-09T00:00:00.000+0000', 0)  on conflict (ck_id) do update set ck_class = excluded.ck_class, ck_attr = excluded.ck_attr, cv_value = excluded.cv_value, ck_user = excluded.ck_user, ct_change = excluded.ct_change, cl_required = excluded.cl_required;
INSERT INTO s_mt.t_class_attr(ck_id, ck_class, ck_attr, cv_data_type_extra, cv_value, ck_user, ct_change, cl_required) VALUES ('1451', '18', 'btnexcel', null, 'false', '10020785', '2018-09-02T00:00:00.000+0000', 0)  on conflict (ck_id) do update set ck_class = excluded.ck_class, ck_attr = excluded.ck_attr, cv_value = excluded.cv_value, ck_user = excluded.ck_user, ct_change = excluded.ct_change, cl_required = excluded.cl_required;
INSERT INTO s_mt.t_class_attr(ck_id, ck_class, ck_attr, cv_data_type_extra, cv_value, ck_user, ct_change, cl_required) VALUES ('1452', '18', 'btnrefresh', null, 'true', '10020785', '2018-07-09T00:00:00.000+0000', 0)  on conflict (ck_id) do update set ck_class = excluded.ck_class, ck_attr = excluded.ck_attr, cv_value = excluded.cv_value, ck_user = excluded.ck_user, ct_change = excluded.ct_change, cl_required = excluded.cl_required;
INSERT INTO s_mt.t_class_attr(ck_id, ck_class, ck_attr, cv_data_type_extra, cv_value, ck_user, ct_change, cl_required) VALUES ('8D55C5D933216250E053809BA8C0AD33', '18', 'btnsettings', null, 'true', '20785', '2019-07-16T00:00:00.000+0000', 0)  on conflict (ck_id) do update set ck_class = excluded.ck_class, ck_attr = excluded.ck_attr, cv_value = excluded.cv_value, ck_user = excluded.ck_user, ct_change = excluded.ct_change, cl_required = excluded.cl_required;
INSERT INTO s_mt.t_class_attr(ck_id, ck_class, ck_attr, cv_data_type_extra, cv_value, ck_user, ct_change, cl_required) VALUES ('1660', '18', 'checkaddmore', null, null, '4fd05ca9-3a9e-4d66-82df-886dfa082113', '2019-11-05T00:00:00.000+0000', 0)  on conflict (ck_id) do update set ck_class = excluded.ck_class, ck_attr = excluded.ck_attr, cv_value = excluded.cv_value, ck_user = excluded.ck_user, ct_change = excluded.ct_change, cl_required = excluded.cl_required;
INSERT INTO s_mt.t_class_attr(ck_id, ck_class, ck_attr, cv_data_type_extra, cv_value, ck_user, ct_change, cl_required) VALUES ('55', '18', 'childwindow', null, null, '10020785', '2018-07-09T00:00:00.000+0000', 0)  on conflict (ck_id) do update set ck_class = excluded.ck_class, ck_attr = excluded.ck_attr, cv_value = excluded.cv_value, ck_user = excluded.ck_user, ct_change = excluded.ct_change, cl_required = excluded.cl_required;
INSERT INTO s_mt.t_class_attr(ck_id, ck_class, ck_attr, cv_data_type_extra, cv_value, ck_user, ct_change, cl_required) VALUES ('16169', '18', 'collectionvalues', null, null, '10020785', '2018-09-02T00:00:00.000+0000', 0)  on conflict (ck_id) do update set ck_class = excluded.ck_class, ck_attr = excluded.ck_attr, cv_value = excluded.cv_value, ck_user = excluded.ck_user, ct_change = excluded.ct_change, cl_required = excluded.cl_required;
INSERT INTO s_mt.t_class_attr(ck_id, ck_class, ck_attr, cv_data_type_extra, cv_value, ck_user, ct_change, cl_required) VALUES ('1972', '18', 'column', null, null, '10020785', '2018-07-09T00:00:00.000+0000', 0)  on conflict (ck_id) do update set ck_class = excluded.ck_class, ck_attr = excluded.ck_attr, cv_value = excluded.cv_value, ck_user = excluded.ck_user, ct_change = excluded.ct_change, cl_required = excluded.cl_required;
INSERT INTO s_mt.t_class_attr(ck_id, ck_class, ck_attr, cv_data_type_extra, cv_value, ck_user, ct_change, cl_required) VALUES ('27', '18', 'columns', null, null, '10020785', '2018-07-09T00:00:00.000+0000', 1)  on conflict (ck_id) do update set ck_class = excluded.ck_class, ck_attr = excluded.ck_attr, cv_value = excluded.cv_value, ck_user = excluded.ck_user, ct_change = excluded.ct_change, cl_required = excluded.cl_required;
INSERT INTO s_mt.t_class_attr(ck_id, ck_class, ck_attr, cv_data_type_extra, cv_value, ck_user, ct_change, cl_required) VALUES ('977', '18', 'contextmenus', null, null, '10020785', '2018-07-09T00:00:00.000+0000', 0)  on conflict (ck_id) do update set ck_class = excluded.ck_class, ck_attr = excluded.ck_attr, cv_value = excluded.cv_value, ck_user = excluded.ck_user, ct_change = excluded.ct_change, cl_required = excluded.cl_required;
INSERT INTO s_mt.t_class_attr(ck_id, ck_class, ck_attr, cv_data_type_extra, cv_value, ck_user, ct_change, cl_required) VALUES ('1243', '18', 'disabledrules', null, null, '10020785', '2018-07-09T00:00:00.000+0000', 0)  on conflict (ck_id) do update set ck_class = excluded.ck_class, ck_attr = excluded.ck_attr, cv_value = excluded.cv_value, ck_user = excluded.ck_user, ct_change = excluded.ct_change, cl_required = excluded.cl_required;
INSERT INTO s_mt.t_class_attr(ck_id, ck_class, ck_attr, cv_data_type_extra, cv_value, ck_user, ct_change, cl_required) VALUES ('1916', '18', 'extraplugingate', null, null, '10020785', '2018-09-02T00:00:00.000+0000', 0)  on conflict (ck_id) do update set ck_class = excluded.ck_class, ck_attr = excluded.ck_attr, cv_value = excluded.cv_value, ck_user = excluded.ck_user, ct_change = excluded.ct_change, cl_required = excluded.cl_required;
INSERT INTO s_mt.t_class_attr(ck_id, ck_class, ck_attr, cv_data_type_extra, cv_value, ck_user, ct_change, cl_required) VALUES ('392', '18', 'filters', null, null, '10020785', '2018-07-09T00:00:00.000+0000', 0)  on conflict (ck_id) do update set ck_class = excluded.ck_class, ck_attr = excluded.ck_attr, cv_value = excluded.cv_value, ck_user = excluded.ck_user, ct_change = excluded.ct_change, cl_required = excluded.cl_required;
INSERT INTO s_mt.t_class_attr(ck_id, ck_class, ck_attr, cv_data_type_extra, cv_value, ck_user, ct_change, cl_required) VALUES ('1181', '18', 'getglobal', null, null, '10020785', '2018-07-09T00:00:00.000+0000', 0)  on conflict (ck_id) do update set ck_class = excluded.ck_class, ck_attr = excluded.ck_attr, cv_value = excluded.cv_value, ck_user = excluded.ck_user, ct_change = excluded.ct_change, cl_required = excluded.cl_required;
INSERT INTO s_mt.t_class_attr(ck_id, ck_class, ck_attr, cv_data_type_extra, cv_value, ck_user, ct_change, cl_required) VALUES ('1224', '18', 'getglobaltostore', null, null, '10020785', '2018-07-09T00:00:00.000+0000', 0)  on conflict (ck_id) do update set ck_class = excluded.ck_class, ck_attr = excluded.ck_attr, cv_value = excluded.cv_value, ck_user = excluded.ck_user, ct_change = excluded.ct_change, cl_required = excluded.cl_required;
INSERT INTO s_mt.t_class_attr(ck_id, ck_class, ck_attr, cv_data_type_extra, cv_value, ck_user, ct_change, cl_required) VALUES ('3D057F0B0E7448B0A01FFA3CF1D2EA66', '18', 'getmastervalue', null, 'ck_id', '4fd05ca9-3a9e-4d66-82df-886dfa082113', '2020-01-13T00:00:00.000+0000', 1)  on conflict (ck_id) do update set ck_class = excluded.ck_class, ck_attr = excluded.ck_attr, cv_value = excluded.cv_value, ck_user = excluded.ck_user, ct_change = excluded.ct_change, cl_required = excluded.cl_required;
INSERT INTO s_mt.t_class_attr(ck_id, ck_class, ck_attr, cv_data_type_extra, cv_value, ck_user, ct_change, cl_required) VALUES ('1607', '18', 'height', null, null, '10020785', '2018-09-02T00:00:00.000+0000', 0)  on conflict (ck_id) do update set ck_class = excluded.ck_class, ck_attr = excluded.ck_attr, cv_value = excluded.cv_value, ck_user = excluded.ck_user, ct_change = excluded.ct_change, cl_required = excluded.cl_required;
INSERT INTO s_mt.t_class_attr(ck_id, ck_class, ck_attr, cv_data_type_extra, cv_value, ck_user, ct_change, cl_required) VALUES ('1287', '18', 'hiddenrules', null, null, '10020785', '2018-07-09T00:00:00.000+0000', 0)  on conflict (ck_id) do update set ck_class = excluded.ck_class, ck_attr = excluded.ck_attr, cv_value = excluded.cv_value, ck_user = excluded.ck_user, ct_change = excluded.ct_change, cl_required = excluded.cl_required;
INSERT INTO s_mt.t_class_attr(ck_id, ck_class, ck_attr, cv_data_type_extra, cv_value, ck_user, ct_change, cl_required) VALUES ('2170', '18', 'hideactions', null, 'false', '10020785', '2018-07-09T00:00:00.000+0000', 0)  on conflict (ck_id) do update set ck_class = excluded.ck_class, ck_attr = excluded.ck_attr, cv_value = excluded.cv_value, ck_user = excluded.ck_user, ct_change = excluded.ct_change, cl_required = excluded.cl_required;
INSERT INTO s_mt.t_class_attr(ck_id, ck_class, ck_attr, cv_data_type_extra, cv_value, ck_user, ct_change, cl_required) VALUES ('14B09CCEAC9E4DD18FB8259BE0633E83', '18', 'idproperty', null, 'ck_id', '4fd05ca9-3a9e-4d66-82df-886dfa082113', '2020-01-14T00:00:00.000+0000', 1)  on conflict (ck_id) do update set ck_class = excluded.ck_class, ck_attr = excluded.ck_attr, cv_value = excluded.cv_value, ck_user = excluded.ck_user, ct_change = excluded.ct_change, cl_required = excluded.cl_required;
INSERT INTO s_mt.t_class_attr(ck_id, ck_class, ck_attr, cv_data_type_extra, cv_value, ck_user, ct_change, cl_required) VALUES ('824', '18', 'noglobalmask', null, null, '10020785', '2018-07-09T00:00:00.000+0000', 0)  on conflict (ck_id) do update set ck_class = excluded.ck_class, ck_attr = excluded.ck_attr, cv_value = excluded.cv_value, ck_user = excluded.ck_user, ct_change = excluded.ct_change, cl_required = excluded.cl_required;
INSERT INTO s_mt.t_class_attr(ck_id, ck_class, ck_attr, cv_data_type_extra, cv_value, ck_user, ct_change, cl_required) VALUES ('855', '18', 'orderdirection', null, null, '10020785', '2018-07-09T00:00:00.000+0000', 1)  on conflict (ck_id) do update set ck_class = excluded.ck_class, ck_attr = excluded.ck_attr, cv_value = excluded.cv_value, ck_user = excluded.ck_user, ct_change = excluded.ct_change, cl_required = excluded.cl_required;
INSERT INTO s_mt.t_class_attr(ck_id, ck_class, ck_attr, cv_data_type_extra, cv_value, ck_user, ct_change, cl_required) VALUES ('854', '18', 'orderproperty', null, null, '10020785', '2018-07-09T00:00:00.000+0000', 1)  on conflict (ck_id) do update set ck_class = excluded.ck_class, ck_attr = excluded.ck_attr, cv_value = excluded.cv_value, ck_user = excluded.ck_user, ct_change = excluded.ct_change, cl_required = excluded.cl_required;
INSERT INTO s_mt.t_class_attr(ck_id, ck_class, ck_attr, cv_data_type_extra, cv_value, ck_user, ct_change, cl_required) VALUES ('10177', '18', 'readonlyrules', null, null, '10020785', '2018-09-02T00:00:00.000+0000', 0)  on conflict (ck_id) do update set ck_class = excluded.ck_class, ck_attr = excluded.ck_attr, cv_value = excluded.cv_value, ck_user = excluded.ck_user, ct_change = excluded.ct_change, cl_required = excluded.cl_required;
INSERT INTO s_mt.t_class_attr(ck_id, ck_class, ck_attr, cv_data_type_extra, cv_value, ck_user, ct_change, cl_required) VALUES ('28170', '18', 'refreshallrecords', null, 'true', '10020785', '2018-10-16T00:00:00.000+0000', 0)  on conflict (ck_id) do update set ck_class = excluded.ck_class, ck_attr = excluded.ck_attr, cv_value = excluded.cv_value, ck_user = excluded.ck_user, ct_change = excluded.ct_change, cl_required = excluded.cl_required;
INSERT INTO s_mt.t_class_attr(ck_id, ck_class, ck_attr, cv_data_type_extra, cv_value, ck_user, ct_change, cl_required) VALUES ('1327', '18', 'reqsel', null, 'true', '10020785', '2018-07-09T00:00:00.000+0000', 0)  on conflict (ck_id) do update set ck_class = excluded.ck_class, ck_attr = excluded.ck_attr, cv_value = excluded.cv_value, ck_user = excluded.ck_user, ct_change = excluded.ct_change, cl_required = excluded.cl_required;
INSERT INTO s_mt.t_class_attr(ck_id, ck_class, ck_attr, cv_data_type_extra, cv_value, ck_user, ct_change, cl_required) VALUES ('167', '18', 'rootvisible', null, 'false', '10020785', '2018-07-09T00:00:00.000+0000', 0)  on conflict (ck_id) do update set ck_class = excluded.ck_class, ck_attr = excluded.ck_attr, cv_value = excluded.cv_value, ck_user = excluded.ck_user, ct_change = excluded.ct_change, cl_required = excluded.cl_required;
INSERT INTO s_mt.t_class_attr(ck_id, ck_class, ck_attr, cv_data_type_extra, cv_value, ck_user, ct_change, cl_required) VALUES ('1211', '18', 'setglobal', null, null, '10020785', '2018-07-09T00:00:00.000+0000', 0)  on conflict (ck_id) do update set ck_class = excluded.ck_class, ck_attr = excluded.ck_attr, cv_value = excluded.cv_value, ck_user = excluded.ck_user, ct_change = excluded.ct_change, cl_required = excluded.cl_required;
INSERT INTO s_mt.t_class_attr(ck_id, ck_class, ck_attr, cv_data_type_extra, cv_value, ck_user, ct_change, cl_required) VALUES ('FBBAC52C933A4910BC1F23A380E6E7C9', '18', 'setrecordtoglobal', null, null, '4fd05ca9-3a9e-4d66-82df-886dfa082113', '2020-02-06T00:00:00.000+0000', 0)  on conflict (ck_id) do update set ck_class = excluded.ck_class, ck_attr = excluded.ck_attr, cv_value = excluded.cv_value, ck_user = excluded.ck_user, ct_change = excluded.ct_change, cl_required = excluded.cl_required;
INSERT INTO s_mt.t_class_attr(ck_id, ck_class, ck_attr, cv_data_type_extra, cv_value, ck_user, ct_change, cl_required) VALUES ('44174', '18', 'splitter', null, 'true', '10028610', '2019-02-12T00:00:00.000+0000', 0)  on conflict (ck_id) do update set ck_class = excluded.ck_class, ck_attr = excluded.ck_attr, cv_value = excluded.cv_value, ck_user = excluded.ck_user, ct_change = excluded.ct_change, cl_required = excluded.cl_required;
INSERT INTO s_mt.t_class_attr(ck_id, ck_class, ck_attr, cv_data_type_extra, cv_value, ck_user, ct_change, cl_required) VALUES ('1909', '18', 'stepname', null, null, '10020785', '2018-07-09T00:00:00.000+0000', 0)  on conflict (ck_id) do update set ck_class = excluded.ck_class, ck_attr = excluded.ck_attr, cv_value = excluded.cv_value, ck_user = excluded.ck_user, ct_change = excluded.ct_change, cl_required = excluded.cl_required;
INSERT INTO s_mt.t_class_attr(ck_id, ck_class, ck_attr, cv_data_type_extra, cv_value, ck_user, ct_change, cl_required) VALUES ('1910', '18', 'stepnamenext', null, null, '20848', '2018-10-16T00:00:00.000+0000', 0)  on conflict (ck_id) do update set ck_class = excluded.ck_class, ck_attr = excluded.ck_attr, cv_value = excluded.cv_value, ck_user = excluded.ck_user, ct_change = excluded.ct_change, cl_required = excluded.cl_required;
INSERT INTO s_mt.t_class_attr(ck_id, ck_class, ck_attr, cv_data_type_extra, cv_value, ck_user, ct_change, cl_required) VALUES ('17179', '18', 'timeout', null, null, '10020785', '2018-09-02T00:00:00.000+0000', 0)  on conflict (ck_id) do update set ck_class = excluded.ck_class, ck_attr = excluded.ck_attr, cv_value = excluded.cv_value, ck_user = excluded.ck_user, ct_change = excluded.ct_change, cl_required = excluded.cl_required;
INSERT INTO s_mt.t_class_attr(ck_id, ck_class, ck_attr, cv_data_type_extra, cv_value, ck_user, ct_change, cl_required) VALUES ('31', '18', 'topbtn', null, null, '10020785', '2018-07-09T00:00:00.000+0000', 0)  on conflict (ck_id) do update set ck_class = excluded.ck_class, ck_attr = excluded.ck_attr, cv_value = excluded.cv_value, ck_user = excluded.ck_user, ct_change = excluded.ct_change, cl_required = excluded.cl_required;
INSERT INTO s_mt.t_class_attr(ck_id, ck_class, ck_attr, cv_data_type_extra, cv_value, ck_user, ct_change, cl_required) VALUES ('16', '18', 'type', null, 'TREEGRID', '10020785', '2018-07-09T00:00:00.000+0000', 1)  on conflict (ck_id) do update set ck_class = excluded.ck_class, ck_attr = excluded.ck_attr, cv_value = excluded.cv_value, ck_user = excluded.ck_user, ct_change = excluded.ct_change, cl_required = excluded.cl_required;
INSERT INTO s_mt.t_class_attr(ck_id, ck_class, ck_attr, cv_data_type_extra, cv_value, ck_user, ct_change, cl_required) VALUES ('1973', '18', 'valuefield', null, 'ck_id', '10020785', '2018-07-09T00:00:00.000+0000', 0)  on conflict (ck_id) do update set ck_class = excluded.ck_class, ck_attr = excluded.ck_attr, cv_value = excluded.cv_value, ck_user = excluded.ck_user, ct_change = excluded.ct_change, cl_required = excluded.cl_required;
INSERT INTO s_mt.t_class_attr(ck_id, ck_class, ck_attr, cv_data_type_extra, cv_value, ck_user, ct_change, cl_required) VALUES ('1492', '18', 'winreloadstores', null, 'false', '10020785', '2018-09-02T00:00:00.000+0000', 0)  on conflict (ck_id) do update set ck_class = excluded.ck_class, ck_attr = excluded.ck_attr, cv_value = excluded.cv_value, ck_user = excluded.ck_user, ct_change = excluded.ct_change, cl_required = excluded.cl_required;
select pkg_patcher.p_clear_attr('18'::varchar, '["autoload","autoselectidentity","btnaudit","btndelete","btnexcel","btnrefresh","btnsettings","checkaddmore","childwindow","collectionvalues","column","columns","contextmenus","disabledrules","extraplugingate","filters","getglobal","getglobaltostore","getmastervalue","height","hiddenrules","hideactions","idproperty","noglobalmask","orderdirection","orderproperty","readonlyrules","refreshallrecords","reqsel","rootvisible","setglobal","setrecordtoglobal","splitter","stepname","stepnamenext","timeout","topbtn","type","valuefield","winreloadstores"]'::jsonb);
INSERT INTO s_mt.t_class(ck_id, cv_name, cv_description, cv_manual_documentation, cv_auto_documentation, cl_final, cl_dataset, ck_user, ct_change) VALUES ('8FFC6C4564B84157E053809BA8C00266', 'IFrame', 'Элемент для отображения внешнего сайта по ссылке', null, null, 1, 1, '20785', '2019-08-21T00:00:00.000+0000')  on conflict (ck_id) do update set cv_name = excluded.cv_name, cv_description = excluded.cv_description, cv_manual_documentation = excluded.cv_manual_documentation, cv_auto_documentation = excluded.cv_auto_documentation, cl_final = excluded.cl_final, cl_dataset = excluded.cl_dataset, ck_user = excluded.ck_user, ct_change = excluded.ct_change;
INSERT INTO s_mt.t_class_attr(ck_id, ck_class, ck_attr, cv_data_type_extra, cv_value, ck_user, ct_change, cl_required) VALUES ('8FED45342C2D41A1E053809BA8C04341', '8FFC6C4564B84157E053809BA8C00266', 'autoload', null, 'true', '20785', '2019-08-13T00:00:00.000+0000', 0)  on conflict (ck_id) do update set ck_class = excluded.ck_class, ck_attr = excluded.ck_attr, cv_value = excluded.cv_value, ck_user = excluded.ck_user, ct_change = excluded.ct_change, cl_required = excluded.cl_required;
INSERT INTO s_mt.t_class_attr(ck_id, ck_class, ck_attr, cv_data_type_extra, cv_value, ck_user, ct_change, cl_required) VALUES ('8FFF734D4DBA414BE053809BA8C08F58', '8FFC6C4564B84157E053809BA8C00266', 'column', null, null, '20785', '2019-08-13T00:00:00.000+0000', 1)  on conflict (ck_id) do update set ck_class = excluded.ck_class, ck_attr = excluded.ck_attr, cv_value = excluded.cv_value, ck_user = excluded.ck_user, ct_change = excluded.ct_change, cl_required = excluded.cl_required;
INSERT INTO s_mt.t_class_attr(ck_id, ck_class, ck_attr, cv_data_type_extra, cv_value, ck_user, ct_change, cl_required) VALUES ('11DE7C7D0AF54B3A93692595D61DF7BE', '8FFC6C4564B84157E053809BA8C00266', 'disabledrules', null, null, '4fd05ca9-3a9e-4d66-82df-886dfa082113', '2019-09-11T00:00:00.000+0000', 0)  on conflict (ck_id) do update set ck_class = excluded.ck_class, ck_attr = excluded.ck_attr, cv_value = excluded.cv_value, ck_user = excluded.ck_user, ct_change = excluded.ct_change, cl_required = excluded.cl_required;
INSERT INTO s_mt.t_class_attr(ck_id, ck_class, ck_attr, cv_data_type_extra, cv_value, ck_user, ct_change, cl_required) VALUES ('F9046336B0C14701A3116D476C559AF4', '8FFC6C4564B84157E053809BA8C00266', 'extraplugingate', null, null, '4fd05ca9-3a9e-4d66-82df-886dfa082113', '2020-02-12T00:00:00.000+0000', 0)  on conflict (ck_id) do update set ck_class = excluded.ck_class, ck_attr = excluded.ck_attr, cv_value = excluded.cv_value, ck_user = excluded.ck_user, ct_change = excluded.ct_change, cl_required = excluded.cl_required;
INSERT INTO s_mt.t_class_attr(ck_id, ck_class, ck_attr, cv_data_type_extra, cv_value, ck_user, ct_change, cl_required) VALUES ('8FEE27121C844165E053809BA8C091E5', '8FFC6C4564B84157E053809BA8C00266', 'getglobaltostore', null, null, '20785', '2019-08-13T00:00:00.000+0000', 0)  on conflict (ck_id) do update set ck_class = excluded.ck_class, ck_attr = excluded.ck_attr, cv_value = excluded.cv_value, ck_user = excluded.ck_user, ct_change = excluded.ct_change, cl_required = excluded.cl_required;
INSERT INTO s_mt.t_class_attr(ck_id, ck_class, ck_attr, cv_data_type_extra, cv_value, ck_user, ct_change, cl_required) VALUES ('1C9D75E0E0784F25998D255B0141D28F', '8FFC6C4564B84157E053809BA8C00266', 'getmastervalue', null, 'ck_id', '4fd05ca9-3a9e-4d66-82df-886dfa082113', '2020-01-13T00:00:00.000+0000', 1)  on conflict (ck_id) do update set ck_class = excluded.ck_class, ck_attr = excluded.ck_attr, cv_value = excluded.cv_value, ck_user = excluded.ck_user, ct_change = excluded.ct_change, cl_required = excluded.cl_required;
INSERT INTO s_mt.t_class_attr(ck_id, ck_class, ck_attr, cv_data_type_extra, cv_value, ck_user, ct_change, cl_required) VALUES ('8FFF734D4DBB414BE053809BA8C08F58', '8FFC6C4564B84157E053809BA8C00266', 'height', null, null, '20785', '2019-08-13T00:00:00.000+0000', 1)  on conflict (ck_id) do update set ck_class = excluded.ck_class, ck_attr = excluded.ck_attr, cv_value = excluded.cv_value, ck_user = excluded.ck_user, ct_change = excluded.ct_change, cl_required = excluded.cl_required;
INSERT INTO s_mt.t_class_attr(ck_id, ck_class, ck_attr, cv_data_type_extra, cv_value, ck_user, ct_change, cl_required) VALUES ('40963E17B1B240ACA3F48355270A7DB0', '8FFC6C4564B84157E053809BA8C00266', 'hiddenrules', null, null, '4fd05ca9-3a9e-4d66-82df-886dfa082113', '2019-09-11T00:00:00.000+0000', 0)  on conflict (ck_id) do update set ck_class = excluded.ck_class, ck_attr = excluded.ck_attr, cv_value = excluded.cv_value, ck_user = excluded.ck_user, ct_change = excluded.ct_change, cl_required = excluded.cl_required;
INSERT INTO s_mt.t_class_attr(ck_id, ck_class, ck_attr, cv_data_type_extra, cv_value, ck_user, ct_change, cl_required) VALUES ('F0F98E9809E4469FA626ED341327700F', '8FFC6C4564B84157E053809BA8C00266', 'idproperty', null, 'ck_id', '4fd05ca9-3a9e-4d66-82df-886dfa082113', '2020-01-14T00:00:00.000+0000', 1)  on conflict (ck_id) do update set ck_class = excluded.ck_class, ck_attr = excluded.ck_attr, cv_value = excluded.cv_value, ck_user = excluded.ck_user, ct_change = excluded.ct_change, cl_required = excluded.cl_required;
INSERT INTO s_mt.t_class_attr(ck_id, ck_class, ck_attr, cv_data_type_extra, cv_value, ck_user, ct_change, cl_required) VALUES ('F4C4919904E44AAB964BAFC3594F6B3D', '8FFC6C4564B84157E053809BA8C00266', 'noglobalmask', null, 'true', '4fd05ca9-3a9e-4d66-82df-886dfa082113', '2019-09-17T00:00:00.000+0000', 0)  on conflict (ck_id) do update set ck_class = excluded.ck_class, ck_attr = excluded.ck_attr, cv_value = excluded.cv_value, ck_user = excluded.ck_user, ct_change = excluded.ct_change, cl_required = excluded.cl_required;
INSERT INTO s_mt.t_class_attr(ck_id, ck_class, ck_attr, cv_data_type_extra, cv_value, ck_user, ct_change, cl_required) VALUES ('1D3A048960D24DC9B53F84B8BEF923BA', '8FFC6C4564B84157E053809BA8C00266', 'setrecordtoglobal', null, null, '4fd05ca9-3a9e-4d66-82df-886dfa082113', '2020-02-06T00:00:00.000+0000', 0)  on conflict (ck_id) do update set ck_class = excluded.ck_class, ck_attr = excluded.ck_attr, cv_value = excluded.cv_value, ck_user = excluded.ck_user, ct_change = excluded.ct_change, cl_required = excluded.cl_required;
INSERT INTO s_mt.t_class_attr(ck_id, ck_class, ck_attr, cv_data_type_extra, cv_value, ck_user, ct_change, cl_required) VALUES ('F01151B6BB574EF6A7AB43AC51CCE7B0', '8FFC6C4564B84157E053809BA8C00266', 'timeout', null, null, '4fd05ca9-3a9e-4d66-82df-886dfa082113', '2020-02-12T00:00:00.000+0000', 0)  on conflict (ck_id) do update set ck_class = excluded.ck_class, ck_attr = excluded.ck_attr, cv_value = excluded.cv_value, ck_user = excluded.ck_user, ct_change = excluded.ct_change, cl_required = excluded.cl_required;
INSERT INTO s_mt.t_class_attr(ck_id, ck_class, ck_attr, cv_data_type_extra, cv_value, ck_user, ct_change, cl_required) VALUES ('8FED45342C2C41A1E053809BA8C04341', '8FFC6C4564B84157E053809BA8C00266', 'type', null, 'IFRAME', '20785', '2019-08-13T00:00:00.000+0000', 1)  on conflict (ck_id) do update set ck_class = excluded.ck_class, ck_attr = excluded.ck_attr, cv_value = excluded.cv_value, ck_user = excluded.ck_user, ct_change = excluded.ct_change, cl_required = excluded.cl_required;
INSERT INTO s_mt.t_class_attr(ck_id, ck_class, ck_attr, cv_data_type_extra, cv_value, ck_user, ct_change, cl_required) VALUES ('252CD650ED1549ED80F0201417F44920', '8FFC6C4564B84157E053809BA8C00266', 'typeiframe', null, '"URL"', '4fd05ca9-3a9e-4d66-82df-886dfa082113', '2019-11-28T00:00:00.000+0000', 0)  on conflict (ck_id) do update set ck_class = excluded.ck_class, ck_attr = excluded.ck_attr, cv_value = excluded.cv_value, ck_user = excluded.ck_user, ct_change = excluded.ct_change, cl_required = excluded.cl_required;
INSERT INTO s_mt.t_class_attr(ck_id, ck_class, ck_attr, cv_data_type_extra, cv_value, ck_user, ct_change, cl_required) VALUES ('8FFF734D4DBC414BE053809BA8C08F58', '8FFC6C4564B84157E053809BA8C00266', 'width', null, '100%', '20785', '2019-08-14T00:00:00.000+0000', 0)  on conflict (ck_id) do update set ck_class = excluded.ck_class, ck_attr = excluded.ck_attr, cv_value = excluded.cv_value, ck_user = excluded.ck_user, ct_change = excluded.ct_change, cl_required = excluded.cl_required;
select pkg_patcher.p_clear_attr('8FFC6C4564B84157E053809BA8C00266'::varchar, '["autoload","column","disabledrules","extraplugingate","getglobaltostore","getmastervalue","height","hiddenrules","idproperty","noglobalmask","setrecordtoglobal","timeout","type","typeiframe","width"]'::jsonb);
INSERT INTO s_mt.t_class(ck_id, cv_name, cv_description, cv_manual_documentation, cv_auto_documentation, cl_final, cl_dataset, ck_user, ct_change) VALUES ('DAB69DA8C46746AD959E331D4CFAC8AD', 'Lang Combo', 'Выбор языка', null, null, 1, 1, '4fd05ca9-3a9e-4d66-82df-886dfa082113', '2020-01-17T00:00:00.000+0000')  on conflict (ck_id) do update set cv_name = excluded.cv_name, cv_description = excluded.cv_description, cv_manual_documentation = excluded.cv_manual_documentation, cv_auto_documentation = excluded.cv_auto_documentation, cl_final = excluded.cl_final, cl_dataset = excluded.cl_dataset, ck_user = excluded.ck_user, ct_change = excluded.ct_change;
INSERT INTO s_mt.t_class_attr(ck_id, ck_class, ck_attr, cv_data_type_extra, cv_value, ck_user, ct_change, cl_required) VALUES ('60D797B44AD74083A775895BBA5F62B4', 'DAB69DA8C46746AD959E331D4CFAC8AD', 'column', null, null, '4fd05ca9-3a9e-4d66-82df-886dfa082113', '2020-01-17T00:00:00.000+0000', 0)  on conflict (ck_id) do update set ck_class = excluded.ck_class, ck_attr = excluded.ck_attr, cv_value = excluded.cv_value, ck_user = excluded.ck_user, ct_change = excluded.ct_change, cl_required = excluded.cl_required;
INSERT INTO s_mt.t_class_attr(ck_id, ck_class, ck_attr, cv_data_type_extra, cv_value, ck_user, ct_change, cl_required) VALUES ('830DF67A4924499EB814EB74A65118DC', 'DAB69DA8C46746AD959E331D4CFAC8AD', 'getmastervalue', null, 'ck_id', '4fd05ca9-3a9e-4d66-82df-886dfa082113', '2020-01-17T00:00:00.000+0000', 0)  on conflict (ck_id) do update set ck_class = excluded.ck_class, ck_attr = excluded.ck_attr, cv_value = excluded.cv_value, ck_user = excluded.ck_user, ct_change = excluded.ct_change, cl_required = excluded.cl_required;
INSERT INTO s_mt.t_class_attr(ck_id, ck_class, ck_attr, cv_data_type_extra, cv_value, ck_user, ct_change, cl_required) VALUES ('9C6D50A139124F6687485AA77C5550C3', 'DAB69DA8C46746AD959E331D4CFAC8AD', 'idproperty', null, 'ck_id', '4fd05ca9-3a9e-4d66-82df-886dfa082113', '2020-01-17T00:00:00.000+0000', 0)  on conflict (ck_id) do update set ck_class = excluded.ck_class, ck_attr = excluded.ck_attr, cv_value = excluded.cv_value, ck_user = excluded.ck_user, ct_change = excluded.ct_change, cl_required = excluded.cl_required;
INSERT INTO s_mt.t_class_attr(ck_id, ck_class, ck_attr, cv_data_type_extra, cv_value, ck_user, ct_change, cl_required) VALUES ('4F5907A6B6C740ED890F38344958B1EB', 'DAB69DA8C46746AD959E331D4CFAC8AD', 'setrecordtoglobal', null, null, '4fd05ca9-3a9e-4d66-82df-886dfa082113', '2020-02-06T00:00:00.000+0000', 0)  on conflict (ck_id) do update set ck_class = excluded.ck_class, ck_attr = excluded.ck_attr, cv_value = excluded.cv_value, ck_user = excluded.ck_user, ct_change = excluded.ct_change, cl_required = excluded.cl_required;
INSERT INTO s_mt.t_class_attr(ck_id, ck_class, ck_attr, cv_data_type_extra, cv_value, ck_user, ct_change, cl_required) VALUES ('BD32B0A2B8734A3FBA1C32F48F9E4279', 'DAB69DA8C46746AD959E331D4CFAC8AD', 'type', null, 'LANG_COMBO', '4fd05ca9-3a9e-4d66-82df-886dfa082113', '2020-01-17T00:00:00.000+0000', 1)  on conflict (ck_id) do update set ck_class = excluded.ck_class, ck_attr = excluded.ck_attr, cv_value = excluded.cv_value, ck_user = excluded.ck_user, ct_change = excluded.ct_change, cl_required = excluded.cl_required;
select pkg_patcher.p_clear_attr('DAB69DA8C46746AD959E331D4CFAC8AD'::varchar, '["column","getmastervalue","idproperty","setrecordtoglobal","type"]'::jsonb);
INSERT INTO s_mt.t_class(ck_id, cv_name, cv_description, cv_manual_documentation, cv_auto_documentation, cl_final, cl_dataset, ck_user, ct_change) VALUES ('257', 'Menu Redirect', 'Переход на другую страницу с фильтрацией', null, null, 0, 0, '-11', '2018-02-22T00:00:00.000+0000')  on conflict (ck_id) do update set cv_name = excluded.cv_name, cv_description = excluded.cv_description, cv_manual_documentation = excluded.cv_manual_documentation, cv_auto_documentation = excluded.cv_auto_documentation, cl_final = excluded.cl_final, cl_dataset = excluded.cl_dataset, ck_user = excluded.ck_user, ct_change = excluded.ct_change;
INSERT INTO s_mt.t_class_attr(ck_id, ck_class, ck_attr, cv_data_type_extra, cv_value, ck_user, ct_change, cl_required) VALUES ('970', '257', 'columnsfilter', null, null, '10020785', '2018-07-09T00:00:00.000+0000', 0)  on conflict (ck_id) do update set ck_class = excluded.ck_class, ck_attr = excluded.ck_attr, cv_value = excluded.cv_value, ck_user = excluded.ck_user, ct_change = excluded.ct_change, cl_required = excluded.cl_required;
INSERT INTO s_mt.t_class_attr(ck_id, ck_class, ck_attr, cv_data_type_extra, cv_value, ck_user, ct_change, cl_required) VALUES ('1275', '257', 'disabledrules', null, null, '10020785', '2018-07-09T00:00:00.000+0000', 0)  on conflict (ck_id) do update set ck_class = excluded.ck_class, ck_attr = excluded.ck_attr, cv_value = excluded.cv_value, ck_user = excluded.ck_user, ct_change = excluded.ct_change, cl_required = excluded.cl_required;
INSERT INTO s_mt.t_class_attr(ck_id, ck_class, ck_attr, cv_data_type_extra, cv_value, ck_user, ct_change, cl_required) VALUES ('268DF12618A447759760E558A544802A', '257', 'handler', null, 'onRedirect', '4fd05ca9-3a9e-4d66-82df-886dfa082113', '2020-04-28T18:28:30.169+0000', 0)  on conflict (ck_id) do update set ck_class = excluded.ck_class, ck_attr = excluded.ck_attr, cv_value = excluded.cv_value, ck_user = excluded.ck_user, ct_change = excluded.ct_change, cl_required = excluded.cl_required;
INSERT INTO s_mt.t_class_attr(ck_id, ck_class, ck_attr, cv_data_type_extra, cv_value, ck_user, ct_change, cl_required) VALUES ('1319', '257', 'hiddenrules', null, null, '10020785', '2018-07-09T00:00:00.000+0000', 0)  on conflict (ck_id) do update set ck_class = excluded.ck_class, ck_attr = excluded.ck_attr, cv_value = excluded.cv_value, ck_user = excluded.ck_user, ct_change = excluded.ct_change, cl_required = excluded.cl_required;
INSERT INTO s_mt.t_class_attr(ck_id, ck_class, ck_attr, cv_data_type_extra, cv_value, ck_user, ct_change, cl_required) VALUES ('10174', '257', 'readonlyrules', null, null, '10020785', '2018-09-02T00:00:00.000+0000', 0)  on conflict (ck_id) do update set ck_class = excluded.ck_class, ck_attr = excluded.ck_attr, cv_value = excluded.cv_value, ck_user = excluded.ck_user, ct_change = excluded.ct_change, cl_required = excluded.cl_required;
INSERT INTO s_mt.t_class_attr(ck_id, ck_class, ck_attr, cv_data_type_extra, cv_value, ck_user, ct_change, cl_required) VALUES ('972', '257', 'redirecturl', null, null, '10020785', '2018-07-09T00:00:00.000+0000', 1)  on conflict (ck_id) do update set ck_class = excluded.ck_class, ck_attr = excluded.ck_attr, cv_value = excluded.cv_value, ck_user = excluded.ck_user, ct_change = excluded.ct_change, cl_required = excluded.cl_required;
INSERT INTO s_mt.t_class_attr(ck_id, ck_class, ck_attr, cv_data_type_extra, cv_value, ck_user, ct_change, cl_required) VALUES ('3B1ACC43B4D442628099F7F104F09EA2', '257', 'type', null, 'BTN', '4fd05ca9-3a9e-4d66-82df-886dfa082113', '2020-04-28T18:28:19.125+0000', 0)  on conflict (ck_id) do update set ck_class = excluded.ck_class, ck_attr = excluded.ck_attr, cv_value = excluded.cv_value, ck_user = excluded.ck_user, ct_change = excluded.ct_change, cl_required = excluded.cl_required;
INSERT INTO s_mt.t_class_attr(ck_id, ck_class, ck_attr, cv_data_type_extra, cv_value, ck_user, ct_change, cl_required) VALUES ('61DAF1509FC7450FBB8A50F1EF0DF230', '257', 'uitype', null, '8', '4fd05ca9-3a9e-4d66-82df-886dfa082113', '2020-04-28T18:29:50.135+0000', 0)  on conflict (ck_id) do update set ck_class = excluded.ck_class, ck_attr = excluded.ck_attr, cv_value = excluded.cv_value, ck_user = excluded.ck_user, ct_change = excluded.ct_change, cl_required = excluded.cl_required;
select pkg_patcher.p_clear_attr('257'::varchar, '["columnsfilter","disabledrules","handler","hiddenrules","readonlyrules","redirecturl","type","uitype"]'::jsonb);
INSERT INTO s_mt.t_class(ck_id, cv_name, cv_description, cv_manual_documentation, cv_auto_documentation, cl_final, cl_dataset, ck_user, ct_change) VALUES ('C12028B0A13B4AE28E63CBB90F3428E1', 'Notification Tab Panel', 'Таб панель оповещений', null, null, 0, 0, '4fd05ca9-3a9e-4d66-82df-886dfa082113', '2019-10-21T00:00:00.000+0000')  on conflict (ck_id) do update set cv_name = excluded.cv_name, cv_description = excluded.cv_description, cv_manual_documentation = excluded.cv_manual_documentation, cv_auto_documentation = excluded.cv_auto_documentation, cl_final = excluded.cl_final, cl_dataset = excluded.cl_dataset, ck_user = excluded.ck_user, ct_change = excluded.ct_change;
INSERT INTO s_mt.t_class_attr(ck_id, ck_class, ck_attr, cv_data_type_extra, cv_value, ck_user, ct_change, cl_required) VALUES ('5CE6E945D0164CD49959C639DED4241F', 'C12028B0A13B4AE28E63CBB90F3428E1', 'childs', null, null, '4fd05ca9-3a9e-4d66-82df-886dfa082113', '2019-10-21T00:00:00.000+0000', 0)  on conflict (ck_id) do update set ck_class = excluded.ck_class, ck_attr = excluded.ck_attr, cv_value = excluded.cv_value, ck_user = excluded.ck_user, ct_change = excluded.ct_change, cl_required = excluded.cl_required;
INSERT INTO s_mt.t_class_attr(ck_id, ck_class, ck_attr, cv_data_type_extra, cv_value, ck_user, ct_change, cl_required) VALUES ('7D1A291C0DB34FC7B4CA4AE66B8F8505', 'C12028B0A13B4AE28E63CBB90F3428E1', 'type', null, 'NOTIFICATION_PANEL', '4fd05ca9-3a9e-4d66-82df-886dfa082113', '2019-10-21T00:00:00.000+0000', 0)  on conflict (ck_id) do update set ck_class = excluded.ck_class, ck_attr = excluded.ck_attr, cv_value = excluded.cv_value, ck_user = excluded.ck_user, ct_change = excluded.ct_change, cl_required = excluded.cl_required;
select pkg_patcher.p_clear_attr('C12028B0A13B4AE28E63CBB90F3428E1'::varchar, '["childs","type"]'::jsonb);
INSERT INTO s_mt.t_class(ck_id, cv_name, cv_description, cv_manual_documentation, cv_auto_documentation, cl_final, cl_dataset, ck_user, ct_change) VALUES ('16CD1F9A0789445AA23AC20DA565BFCC', 'Open Page Tabs', 'Вкладки открытых страниц', null, null, 0, 0, '4fd05ca9-3a9e-4d66-82df-886dfa082113', '2019-10-02T00:00:00.000+0000')  on conflict (ck_id) do update set cv_name = excluded.cv_name, cv_description = excluded.cv_description, cv_manual_documentation = excluded.cv_manual_documentation, cv_auto_documentation = excluded.cv_auto_documentation, cl_final = excluded.cl_final, cl_dataset = excluded.cl_dataset, ck_user = excluded.ck_user, ct_change = excluded.ct_change;
INSERT INTO s_mt.t_class_attr(ck_id, ck_class, ck_attr, cv_data_type_extra, cv_value, ck_user, ct_change, cl_required) VALUES ('5D38230388F8457BB6DFD870C7C7E924', '16CD1F9A0789445AA23AC20DA565BFCC', 'contentview', null, 'hbox', '4fd05ca9-3a9e-4d66-82df-886dfa082113', '2019-10-02T00:00:00.000+0000', 1)  on conflict (ck_id) do update set ck_class = excluded.ck_class, ck_attr = excluded.ck_attr, cv_value = excluded.cv_value, ck_user = excluded.ck_user, ct_change = excluded.ct_change, cl_required = excluded.cl_required;
INSERT INTO s_mt.t_class_attr(ck_id, ck_class, ck_attr, cv_data_type_extra, cv_value, ck_user, ct_change, cl_required) VALUES ('93731877298F4BBF8A931752BB439B9E', '16CD1F9A0789445AA23AC20DA565BFCC', 'height', null, null, '4fd05ca9-3a9e-4d66-82df-886dfa082113', '2019-10-02T00:00:00.000+0000', 0)  on conflict (ck_id) do update set ck_class = excluded.ck_class, ck_attr = excluded.ck_attr, cv_value = excluded.cv_value, ck_user = excluded.ck_user, ct_change = excluded.ct_change, cl_required = excluded.cl_required;
INSERT INTO s_mt.t_class_attr(ck_id, ck_class, ck_attr, cv_data_type_extra, cv_value, ck_user, ct_change, cl_required) VALUES ('4864200D95D0459DBBCAD663450EF955', '16CD1F9A0789445AA23AC20DA565BFCC', 'type', null, 'OPEN_PAGE_TABS', '4fd05ca9-3a9e-4d66-82df-886dfa082113', '2019-10-02T00:00:00.000+0000', 1)  on conflict (ck_id) do update set ck_class = excluded.ck_class, ck_attr = excluded.ck_attr, cv_value = excluded.cv_value, ck_user = excluded.ck_user, ct_change = excluded.ct_change, cl_required = excluded.cl_required;
INSERT INTO s_mt.t_class_attr(ck_id, ck_class, ck_attr, cv_data_type_extra, cv_value, ck_user, ct_change, cl_required) VALUES ('2BE24312010A4711AF1DE65E17E5A3BD', '16CD1F9A0789445AA23AC20DA565BFCC', 'width', null, null, '4fd05ca9-3a9e-4d66-82df-886dfa082113', '2019-10-02T00:00:00.000+0000', 0)  on conflict (ck_id) do update set ck_class = excluded.ck_class, ck_attr = excluded.ck_attr, cv_value = excluded.cv_value, ck_user = excluded.ck_user, ct_change = excluded.ct_change, cl_required = excluded.cl_required;
select pkg_patcher.p_clear_attr('16CD1F9A0789445AA23AC20DA565BFCC'::varchar, '["contentview","height","type","width"]'::jsonb);
INSERT INTO s_mt.t_class(ck_id, cv_name, cv_description, cv_manual_documentation, cv_auto_documentation, cl_final, cl_dataset, ck_user, ct_change) VALUES ('858DBC49DF354ECCA2F57F36DAF4E37A', 'Pager', 'Контейнер для отображения страницы', null, null, 1, 1, '4fd05ca9-3a9e-4d66-82df-886dfa082113', '2019-10-30T00:00:00.000+0000')  on conflict (ck_id) do update set cv_name = excluded.cv_name, cv_description = excluded.cv_description, cv_manual_documentation = excluded.cv_manual_documentation, cv_auto_documentation = excluded.cv_auto_documentation, cl_final = excluded.cl_final, cl_dataset = excluded.cl_dataset, ck_user = excluded.ck_user, ct_change = excluded.ct_change;
INSERT INTO s_mt.t_class_attr(ck_id, ck_class, ck_attr, cv_data_type_extra, cv_value, ck_user, ct_change, cl_required) VALUES ('5D452C8FE6BA470BAE3CB39A7E037524', '858DBC49DF354ECCA2F57F36DAF4E37A', 'defaultvalue', null, null, '4fd05ca9-3a9e-4d66-82df-886dfa082113', '2019-10-30T00:00:00.000+0000', 0)  on conflict (ck_id) do update set ck_class = excluded.ck_class, ck_attr = excluded.ck_attr, cv_value = excluded.cv_value, ck_user = excluded.ck_user, ct_change = excluded.ct_change, cl_required = excluded.cl_required;
INSERT INTO s_mt.t_class_attr(ck_id, ck_class, ck_attr, cv_data_type_extra, cv_value, ck_user, ct_change, cl_required) VALUES ('1536EAEC3FED4400B75CDDB8B93810F3', '858DBC49DF354ECCA2F57F36DAF4E37A', 'getmastervalue', null, 'ck_id', '4fd05ca9-3a9e-4d66-82df-886dfa082113', '2020-01-13T00:00:00.000+0000', 1)  on conflict (ck_id) do update set ck_class = excluded.ck_class, ck_attr = excluded.ck_attr, cv_value = excluded.cv_value, ck_user = excluded.ck_user, ct_change = excluded.ct_change, cl_required = excluded.cl_required;
INSERT INTO s_mt.t_class_attr(ck_id, ck_class, ck_attr, cv_data_type_extra, cv_value, ck_user, ct_change, cl_required) VALUES ('2FCFE83485A64EB98DDCD38E61381B4E', '858DBC49DF354ECCA2F57F36DAF4E37A', 'idproperty', null, 'ck_id', '4fd05ca9-3a9e-4d66-82df-886dfa082113', '2020-01-14T00:00:00.000+0000', 1)  on conflict (ck_id) do update set ck_class = excluded.ck_class, ck_attr = excluded.ck_attr, cv_value = excluded.cv_value, ck_user = excluded.ck_user, ct_change = excluded.ct_change, cl_required = excluded.cl_required;
INSERT INTO s_mt.t_class_attr(ck_id, ck_class, ck_attr, cv_data_type_extra, cv_value, ck_user, ct_change, cl_required) VALUES ('CAF6B85B49AA4D10831A10FB2FF9471A', '858DBC49DF354ECCA2F57F36DAF4E37A', 'setrecordtoglobal', null, null, '4fd05ca9-3a9e-4d66-82df-886dfa082113', '2020-02-06T00:00:00.000+0000', 0)  on conflict (ck_id) do update set ck_class = excluded.ck_class, ck_attr = excluded.ck_attr, cv_value = excluded.cv_value, ck_user = excluded.ck_user, ct_change = excluded.ct_change, cl_required = excluded.cl_required;
INSERT INTO s_mt.t_class_attr(ck_id, ck_class, ck_attr, cv_data_type_extra, cv_value, ck_user, ct_change, cl_required) VALUES ('31015C5D1FE142F984A09751ED148B74', '858DBC49DF354ECCA2F57F36DAF4E37A', 'type', null, 'PAGER', '4fd05ca9-3a9e-4d66-82df-886dfa082113', '2019-10-30T00:00:00.000+0000', 1)  on conflict (ck_id) do update set ck_class = excluded.ck_class, ck_attr = excluded.ck_attr, cv_value = excluded.cv_value, ck_user = excluded.ck_user, ct_change = excluded.ct_change, cl_required = excluded.cl_required;
select pkg_patcher.p_clear_attr('858DBC49DF354ECCA2F57F36DAF4E37A'::varchar, '["defaultvalue","getmastervalue","idproperty","setrecordtoglobal","type"]'::jsonb);
INSERT INTO s_mt.t_class(ck_id, cv_name, cv_description, cv_manual_documentation, cv_auto_documentation, cl_final, cl_dataset, ck_user, ct_change) VALUES ('C3F1A4DE593B40FD81079A422C16070D', 'Pages', 'Контейнер для управления страницами', null, null, 0, 0, '4fd05ca9-3a9e-4d66-82df-886dfa082113', '2019-10-14T00:00:00.000+0000')  on conflict (ck_id) do update set cv_name = excluded.cv_name, cv_description = excluded.cv_description, cv_manual_documentation = excluded.cv_manual_documentation, cv_auto_documentation = excluded.cv_auto_documentation, cl_final = excluded.cl_final, cl_dataset = excluded.cl_dataset, ck_user = excluded.ck_user, ct_change = excluded.ct_change;
INSERT INTO s_mt.t_class_attr(ck_id, ck_class, ck_attr, cv_data_type_extra, cv_value, ck_user, ct_change, cl_required) VALUES ('C5CC30188D464E26A99E092BA1EB128B', 'C3F1A4DE593B40FD81079A422C16070D', 'childs', null, null, '4fd05ca9-3a9e-4d66-82df-886dfa082113', '2020-06-11T11:51:42.681+0000', 0)  on conflict (ck_id) do update set ck_class = excluded.ck_class, ck_attr = excluded.ck_attr, cv_value = excluded.cv_value, ck_user = excluded.ck_user, ct_change = excluded.ct_change, cl_required = excluded.cl_required;
INSERT INTO s_mt.t_class_attr(ck_id, ck_class, ck_attr, cv_data_type_extra, cv_value, ck_user, ct_change, cl_required) VALUES ('F379091F1CCF43808359B6496BBF6179', 'C3F1A4DE593B40FD81079A422C16070D', 'height', null, null, '4fd05ca9-3a9e-4d66-82df-886dfa082113', '2020-06-17T09:31:00.858+0000', 0)  on conflict (ck_id) do update set ck_class = excluded.ck_class, ck_attr = excluded.ck_attr, cv_value = excluded.cv_value, ck_user = excluded.ck_user, ct_change = excluded.ct_change, cl_required = excluded.cl_required;
INSERT INTO s_mt.t_class_attr(ck_id, ck_class, ck_attr, cv_data_type_extra, cv_value, ck_user, ct_change, cl_required) VALUES ('2E558B9E3B754ADE9DF7A73C0179CBDA', 'C3F1A4DE593B40FD81079A422C16070D', 'type', null, 'PAGES', '4fd05ca9-3a9e-4d66-82df-886dfa082113', '2019-10-14T00:00:00.000+0000', 1)  on conflict (ck_id) do update set ck_class = excluded.ck_class, ck_attr = excluded.ck_attr, cv_value = excluded.cv_value, ck_user = excluded.ck_user, ct_change = excluded.ct_change, cl_required = excluded.cl_required;
select pkg_patcher.p_clear_attr('C3F1A4DE593B40FD81079A422C16070D'::varchar, '["childs","height","type"]'::jsonb);
INSERT INTO s_mt.t_class(ck_id, cv_name, cv_description, cv_manual_documentation, cv_auto_documentation, cl_final, cl_dataset, ck_user, ct_change) VALUES ('39AB8EAF9DCD456197944E6B6321989D', 'Pages Tree', 'Дерево страниц в данном приложении', null, null, 1, 0, '4fd05ca9-3a9e-4d66-82df-886dfa082113', '2019-10-23T00:00:00.000+0000')  on conflict (ck_id) do update set cv_name = excluded.cv_name, cv_description = excluded.cv_description, cv_manual_documentation = excluded.cv_manual_documentation, cv_auto_documentation = excluded.cv_auto_documentation, cl_final = excluded.cl_final, cl_dataset = excluded.cl_dataset, ck_user = excluded.ck_user, ct_change = excluded.ct_change;
INSERT INTO s_mt.t_class_attr(ck_id, ck_class, ck_attr, cv_data_type_extra, cv_value, ck_user, ct_change, cl_required) VALUES ('35ACEA9475E04F15AE5EAC918380B30A', '39AB8EAF9DCD456197944E6B6321989D', 'type', null, 'PAGES_TREE', '4fd05ca9-3a9e-4d66-82df-886dfa082113', '2019-10-23T00:00:00.000+0000', 1)  on conflict (ck_id) do update set ck_class = excluded.ck_class, ck_attr = excluded.ck_attr, cv_value = excluded.cv_value, ck_user = excluded.ck_user, ct_change = excluded.ct_change, cl_required = excluded.cl_required;
INSERT INTO s_mt.t_class_attr(ck_id, ck_class, ck_attr, cv_data_type_extra, cv_value, ck_user, ct_change, cl_required) VALUES ('20F0E7D0EB25421CBB24A625361926BB', '39AB8EAF9DCD456197944E6B6321989D', 'uitype', '["1", "3"]', '3', '4fd05ca9-3a9e-4d66-82df-886dfa082113', '2020-06-17T09:13:52.621+0000', 0)  on conflict (ck_id) do update set ck_class = excluded.ck_class, ck_attr = excluded.ck_attr, cv_value = excluded.cv_value, ck_user = excluded.ck_user, ct_change = excluded.ct_change, cl_required = excluded.cl_required;
select pkg_patcher.p_clear_attr('39AB8EAF9DCD456197944E6B6321989D'::varchar, '["type","uitype"]'::jsonb);
INSERT INTO s_mt.t_class(ck_id, cv_name, cv_description, cv_manual_documentation, cv_auto_documentation, cl_final, cl_dataset, ck_user, ct_change) VALUES ('137', 'Panel', 'Контейнер для объектов', null, null, 1, 1, '-11', '2018-02-22T00:00:00.000+0000')  on conflict (ck_id) do update set cv_name = excluded.cv_name, cv_description = excluded.cv_description, cv_manual_documentation = excluded.cv_manual_documentation, cv_auto_documentation = excluded.cv_auto_documentation, cl_final = excluded.cl_final, cl_dataset = excluded.cl_dataset, ck_user = excluded.ck_user, ct_change = excluded.ct_change;
INSERT INTO s_mt.t_class_attr(ck_id, ck_class, ck_attr, cv_data_type_extra, cv_value, ck_user, ct_change, cl_required) VALUES ('C9A51A66B87145B8BE47767DF5039AAC', '137', 'align', null, null, '4fd05ca9-3a9e-4d66-82df-886dfa082113', '2019-10-28T00:00:00.000+0000', 0)  on conflict (ck_id) do update set ck_class = excluded.ck_class, ck_attr = excluded.ck_attr, cv_value = excluded.cv_value, ck_user = excluded.ck_user, ct_change = excluded.ct_change, cl_required = excluded.cl_required;
INSERT INTO s_mt.t_class_attr(ck_id, ck_class, ck_attr, cv_data_type_extra, cv_value, ck_user, ct_change, cl_required) VALUES ('872ED025FFB6245FE053809BA8C09A3E', '137', 'autoload', null, null, '20786', '2019-04-28T00:00:00.000+0000', 0)  on conflict (ck_id) do update set ck_class = excluded.ck_class, ck_attr = excluded.ck_attr, cv_value = excluded.cv_value, ck_user = excluded.ck_user, ct_change = excluded.ct_change, cl_required = excluded.cl_required;
INSERT INTO s_mt.t_class_attr(ck_id, ck_class, ck_attr, cv_data_type_extra, cv_value, ck_user, ct_change, cl_required) VALUES ('621', '137', 'childs', null, null, '10020785', '2018-07-09T00:00:00.000+0000', 0)  on conflict (ck_id) do update set ck_class = excluded.ck_class, ck_attr = excluded.ck_attr, cv_value = excluded.cv_value, ck_user = excluded.ck_user, ct_change = excluded.ct_change, cl_required = excluded.cl_required;
INSERT INTO s_mt.t_class_attr(ck_id, ck_class, ck_attr, cv_data_type_extra, cv_value, ck_user, ct_change, cl_required) VALUES ('790', '137', 'collapsed', null, null, '10020785', '2018-09-04T00:00:00.000+0000', 0)  on conflict (ck_id) do update set ck_class = excluded.ck_class, ck_attr = excluded.ck_attr, cv_value = excluded.cv_value, ck_user = excluded.ck_user, ct_change = excluded.ct_change, cl_required = excluded.cl_required;
INSERT INTO s_mt.t_class_attr(ck_id, ck_class, ck_attr, cv_data_type_extra, cv_value, ck_user, ct_change, cl_required) VALUES ('614', '137', 'collapsible', null, null, '10020785', '2018-07-09T00:00:00.000+0000', 0)  on conflict (ck_id) do update set ck_class = excluded.ck_class, ck_attr = excluded.ck_attr, cv_value = excluded.cv_value, ck_user = excluded.ck_user, ct_change = excluded.ct_change, cl_required = excluded.cl_required;
INSERT INTO s_mt.t_class_attr(ck_id, ck_class, ck_attr, cv_data_type_extra, cv_value, ck_user, ct_change, cl_required) VALUES ('609', '137', 'contentview', null, 'hbox', '10020785', '2018-07-09T00:00:00.000+0000', 0)  on conflict (ck_id) do update set ck_class = excluded.ck_class, ck_attr = excluded.ck_attr, cv_value = excluded.cv_value, ck_user = excluded.ck_user, ct_change = excluded.ct_change, cl_required = excluded.cl_required;
INSERT INTO s_mt.t_class_attr(ck_id, ck_class, ck_attr, cv_data_type_extra, cv_value, ck_user, ct_change, cl_required) VALUES ('616', '137', 'disabled', null, null, '10020785', '2018-09-02T00:00:00.000+0000', 0)  on conflict (ck_id) do update set ck_class = excluded.ck_class, ck_attr = excluded.ck_attr, cv_value = excluded.cv_value, ck_user = excluded.ck_user, ct_change = excluded.ct_change, cl_required = excluded.cl_required;
INSERT INTO s_mt.t_class_attr(ck_id, ck_class, ck_attr, cv_data_type_extra, cv_value, ck_user, ct_change, cl_required) VALUES ('1268', '137', 'disabledrules', null, null, '10020785', '2018-09-02T00:00:00.000+0000', 0)  on conflict (ck_id) do update set ck_class = excluded.ck_class, ck_attr = excluded.ck_attr, cv_value = excluded.cv_value, ck_user = excluded.ck_user, ct_change = excluded.ct_change, cl_required = excluded.cl_required;
INSERT INTO s_mt.t_class_attr(ck_id, ck_class, ck_attr, cv_data_type_extra, cv_value, ck_user, ct_change, cl_required) VALUES ('632', '137', 'editmodepanel', null, null, '10020785', '2018-07-09T00:00:00.000+0000', 0)  on conflict (ck_id) do update set ck_class = excluded.ck_class, ck_attr = excluded.ck_attr, cv_value = excluded.cv_value, ck_user = excluded.ck_user, ct_change = excluded.ct_change, cl_required = excluded.cl_required;
INSERT INTO s_mt.t_class_attr(ck_id, ck_class, ck_attr, cv_data_type_extra, cv_value, ck_user, ct_change, cl_required) VALUES ('1913', '137', 'extraplugingate', null, null, '10020785', '2018-09-02T00:00:00.000+0000', 0)  on conflict (ck_id) do update set ck_class = excluded.ck_class, ck_attr = excluded.ck_attr, cv_value = excluded.cv_value, ck_user = excluded.ck_user, ct_change = excluded.ct_change, cl_required = excluded.cl_required;
INSERT INTO s_mt.t_class_attr(ck_id, ck_class, ck_attr, cv_data_type_extra, cv_value, ck_user, ct_change, cl_required) VALUES ('634', '137', 'filters', null, null, '10020785', '2018-07-09T00:00:00.000+0000', 0)  on conflict (ck_id) do update set ck_class = excluded.ck_class, ck_attr = excluded.ck_attr, cv_value = excluded.cv_value, ck_user = excluded.ck_user, ct_change = excluded.ct_change, cl_required = excluded.cl_required;
INSERT INTO s_mt.t_class_attr(ck_id, ck_class, ck_attr, cv_data_type_extra, cv_value, ck_user, ct_change, cl_required) VALUES ('1221', '137', 'getglobaltostore', null, null, '10020785', '2018-07-09T00:00:00.000+0000', 0)  on conflict (ck_id) do update set ck_class = excluded.ck_class, ck_attr = excluded.ck_attr, cv_value = excluded.cv_value, ck_user = excluded.ck_user, ct_change = excluded.ct_change, cl_required = excluded.cl_required;
INSERT INTO s_mt.t_class_attr(ck_id, ck_class, ck_attr, cv_data_type_extra, cv_value, ck_user, ct_change, cl_required) VALUES ('A98F66CE633C40FEBE4EFF8146858B5A', '137', 'getmastervalue', null, 'ck_id', '4fd05ca9-3a9e-4d66-82df-886dfa082113', '2020-01-13T00:00:00.000+0000', 1)  on conflict (ck_id) do update set ck_class = excluded.ck_class, ck_attr = excluded.ck_attr, cv_value = excluded.cv_value, ck_user = excluded.ck_user, ct_change = excluded.ct_change, cl_required = excluded.cl_required;
INSERT INTO s_mt.t_class_attr(ck_id, ck_class, ck_attr, cv_data_type_extra, cv_value, ck_user, ct_change, cl_required) VALUES ('615', '137', 'hidden', null, null, '10020785', '2018-09-02T00:00:00.000+0000', 0)  on conflict (ck_id) do update set ck_class = excluded.ck_class, ck_attr = excluded.ck_attr, cv_value = excluded.cv_value, ck_user = excluded.ck_user, ct_change = excluded.ct_change, cl_required = excluded.cl_required;
INSERT INTO s_mt.t_class_attr(ck_id, ck_class, ck_attr, cv_data_type_extra, cv_value, ck_user, ct_change, cl_required) VALUES ('1312', '137', 'hiddenrules', null, null, '10020785', '2018-09-02T00:00:00.000+0000', 0)  on conflict (ck_id) do update set ck_class = excluded.ck_class, ck_attr = excluded.ck_attr, cv_value = excluded.cv_value, ck_user = excluded.ck_user, ct_change = excluded.ct_change, cl_required = excluded.cl_required;
INSERT INTO s_mt.t_class_attr(ck_id, ck_class, ck_attr, cv_data_type_extra, cv_value, ck_user, ct_change, cl_required) VALUES ('9079C2A7635F69DAE053809BA8C050C7', '137', 'hideactions', null, null, '20785', '2019-08-19T00:00:00.000+0000', 0)  on conflict (ck_id) do update set ck_class = excluded.ck_class, ck_attr = excluded.ck_attr, cv_value = excluded.cv_value, ck_user = excluded.ck_user, ct_change = excluded.ct_change, cl_required = excluded.cl_required;
INSERT INTO s_mt.t_class_attr(ck_id, ck_class, ck_attr, cv_data_type_extra, cv_value, ck_user, ct_change, cl_required) VALUES ('7652F1CDA9444C42A4632B5A75769AE5', '137', 'idproperty', null, 'ck_id', '4fd05ca9-3a9e-4d66-82df-886dfa082113', '2020-01-14T00:00:00.000+0000', 1)  on conflict (ck_id) do update set ck_class = excluded.ck_class, ck_attr = excluded.ck_attr, cv_value = excluded.cv_value, ck_user = excluded.ck_user, ct_change = excluded.ct_change, cl_required = excluded.cl_required;
INSERT INTO s_mt.t_class_attr(ck_id, ck_class, ck_attr, cv_data_type_extra, cv_value, ck_user, ct_change, cl_required) VALUES ('825', '137', 'noglobalmask', null, null, '10020785', '2018-07-09T00:00:00.000+0000', 0)  on conflict (ck_id) do update set ck_class = excluded.ck_class, ck_attr = excluded.ck_attr, cv_value = excluded.cv_value, ck_user = excluded.ck_user, ct_change = excluded.ct_change, cl_required = excluded.cl_required;
INSERT INTO s_mt.t_class_attr(ck_id, ck_class, ck_attr, cv_data_type_extra, cv_value, ck_user, ct_change, cl_required) VALUES ('10173', '137', 'readonlyrules', null, null, '10020786', '2018-07-23T00:00:00.000+0000', 0)  on conflict (ck_id) do update set ck_class = excluded.ck_class, ck_attr = excluded.ck_attr, cv_value = excluded.cv_value, ck_user = excluded.ck_user, ct_change = excluded.ct_change, cl_required = excluded.cl_required;
INSERT INTO s_mt.t_class_attr(ck_id, ck_class, ck_attr, cv_data_type_extra, cv_value, ck_user, ct_change, cl_required) VALUES ('1153', '137', 'reqsel', null, 'true', '10020785', '2018-09-02T00:00:00.000+0000', 0)  on conflict (ck_id) do update set ck_class = excluded.ck_class, ck_attr = excluded.ck_attr, cv_value = excluded.cv_value, ck_user = excluded.ck_user, ct_change = excluded.ct_change, cl_required = excluded.cl_required;
INSERT INTO s_mt.t_class_attr(ck_id, ck_class, ck_attr, cv_data_type_extra, cv_value, ck_user, ct_change, cl_required) VALUES ('8F0C9C8BAADA3294E053809BA8C0F300', '137', 'resizable', null, 'false', '20785', '2019-08-04T00:00:00.000+0000', 0)  on conflict (ck_id) do update set ck_class = excluded.ck_class, ck_attr = excluded.ck_attr, cv_value = excluded.cv_value, ck_user = excluded.ck_user, ct_change = excluded.ct_change, cl_required = excluded.cl_required;
INSERT INTO s_mt.t_class_attr(ck_id, ck_class, ck_attr, cv_data_type_extra, cv_value, ck_user, ct_change, cl_required) VALUES ('28288ED5CCA441A2A661159FE0066E13', '137', 'setrecordtoglobal', null, null, '4fd05ca9-3a9e-4d66-82df-886dfa082113', '2020-02-06T00:00:00.000+0000', 0)  on conflict (ck_id) do update set ck_class = excluded.ck_class, ck_attr = excluded.ck_attr, cv_value = excluded.cv_value, ck_user = excluded.ck_user, ct_change = excluded.ct_change, cl_required = excluded.cl_required;
INSERT INTO s_mt.t_class_attr(ck_id, ck_class, ck_attr, cv_data_type_extra, cv_value, ck_user, ct_change, cl_required) VALUES ('17171', '137', 'timeout', null, null, '10020785', '2018-09-02T00:00:00.000+0000', 0)  on conflict (ck_id) do update set ck_class = excluded.ck_class, ck_attr = excluded.ck_attr, cv_value = excluded.cv_value, ck_user = excluded.ck_user, ct_change = excluded.ct_change, cl_required = excluded.cl_required;
INSERT INTO s_mt.t_class_attr(ck_id, ck_class, ck_attr, cv_data_type_extra, cv_value, ck_user, ct_change, cl_required) VALUES ('619', '137', 'topbtn', null, null, '10020785', '2018-07-09T00:00:00.000+0000', 0)  on conflict (ck_id) do update set ck_class = excluded.ck_class, ck_attr = excluded.ck_attr, cv_value = excluded.cv_value, ck_user = excluded.ck_user, ct_change = excluded.ct_change, cl_required = excluded.cl_required;
INSERT INTO s_mt.t_class_attr(ck_id, ck_class, ck_attr, cv_data_type_extra, cv_value, ck_user, ct_change, cl_required) VALUES ('608', '137', 'type', null, 'PANEL', '10020785', '2018-07-09T00:00:00.000+0000', 1)  on conflict (ck_id) do update set ck_class = excluded.ck_class, ck_attr = excluded.ck_attr, cv_value = excluded.cv_value, ck_user = excluded.ck_user, ct_change = excluded.ct_change, cl_required = excluded.cl_required;
INSERT INTO s_mt.t_class_attr(ck_id, ck_class, ck_attr, cv_data_type_extra, cv_value, ck_user, ct_change, cl_required) VALUES ('C1F651BFD1BA4B3CA78AF765B050F41B', '137', 'width', null, null, '4fd05ca9-3a9e-4d66-82df-886dfa082113', '2019-10-28T00:00:00.000+0000', 0)  on conflict (ck_id) do update set ck_class = excluded.ck_class, ck_attr = excluded.ck_attr, cv_value = excluded.cv_value, ck_user = excluded.ck_user, ct_change = excluded.ct_change, cl_required = excluded.cl_required;
select pkg_patcher.p_clear_attr('137'::varchar, '["align","autoload","childs","collapsed","collapsible","contentview","disabled","disabledrules","editmodepanel","extraplugingate","filters","getglobaltostore","getmastervalue","hidden","hiddenrules","hideactions","idproperty","noglobalmask","readonlyrules","reqsel","resizable","setrecordtoglobal","timeout","topbtn","type","width"]'::jsonb);
INSERT INTO s_mt.t_class(ck_id, cv_name, cv_description, cv_manual_documentation, cv_auto_documentation, cl_final, cl_dataset, ck_user, ct_change) VALUES ('6457', 'Panel Detail', 'Панель детализации в таблице', null, null, 0, 0, '20785', '2018-12-11T00:00:00.000+0000')  on conflict (ck_id) do update set cv_name = excluded.cv_name, cv_description = excluded.cv_description, cv_manual_documentation = excluded.cv_manual_documentation, cv_auto_documentation = excluded.cv_auto_documentation, cl_final = excluded.cl_final, cl_dataset = excluded.cl_dataset, ck_user = excluded.ck_user, ct_change = excluded.ct_change;
INSERT INTO s_mt.t_class_attr(ck_id, ck_class, ck_attr, cv_data_type_extra, cv_value, ck_user, ct_change, cl_required) VALUES ('36173', '6457', 'childs', null, null, '20785', '2018-12-11T00:00:00.000+0000', 0)  on conflict (ck_id) do update set ck_class = excluded.ck_class, ck_attr = excluded.ck_attr, cv_value = excluded.cv_value, ck_user = excluded.ck_user, ct_change = excluded.ct_change, cl_required = excluded.cl_required;
INSERT INTO s_mt.t_class_attr(ck_id, ck_class, ck_attr, cv_data_type_extra, cv_value, ck_user, ct_change, cl_required) VALUES ('36177', '6457', 'contentview', null, null, '20785', '2018-12-12T00:00:00.000+0000', 0)  on conflict (ck_id) do update set ck_class = excluded.ck_class, ck_attr = excluded.ck_attr, cv_value = excluded.cv_value, ck_user = excluded.ck_user, ct_change = excluded.ct_change, cl_required = excluded.cl_required;
INSERT INTO s_mt.t_class_attr(ck_id, ck_class, ck_attr, cv_data_type_extra, cv_value, ck_user, ct_change, cl_required) VALUES ('36176', '6457', 'width', null, null, '20785', '2018-12-12T00:00:00.000+0000', 0)  on conflict (ck_id) do update set ck_class = excluded.ck_class, ck_attr = excluded.ck_attr, cv_value = excluded.cv_value, ck_user = excluded.ck_user, ct_change = excluded.ct_change, cl_required = excluded.cl_required;
select pkg_patcher.p_clear_attr('6457'::varchar, '["childs","contentview","width"]'::jsonb);
INSERT INTO s_mt.t_class(ck_id, cv_name, cv_description, cv_manual_documentation, cv_auto_documentation, cl_final, cl_dataset, ck_user, ct_change) VALUES ('337', 'Panel Dynamic', 'Контейнер для динамических объектов', null, null, 1, 1, '-11', '2018-02-22T00:00:00.000+0000')  on conflict (ck_id) do update set cv_name = excluded.cv_name, cv_description = excluded.cv_description, cv_manual_documentation = excluded.cv_manual_documentation, cv_auto_documentation = excluded.cv_auto_documentation, cl_final = excluded.cl_final, cl_dataset = excluded.cl_dataset, ck_user = excluded.ck_user, ct_change = excluded.ct_change;
INSERT INTO s_mt.t_class_attr(ck_id, ck_class, ck_attr, cv_data_type_extra, cv_value, ck_user, ct_change, cl_required) VALUES ('379C95BCF53042FDA3D87729891D492C', '337', 'align', null, 'left', '4fd05ca9-3a9e-4d66-82df-886dfa082113', '2020-05-09T13:45:23.006+0000', 0)  on conflict (ck_id) do update set ck_class = excluded.ck_class, ck_attr = excluded.ck_attr, cv_value = excluded.cv_value, ck_user = excluded.ck_user, ct_change = excluded.ct_change, cl_required = excluded.cl_required;
INSERT INTO s_mt.t_class_attr(ck_id, ck_class, ck_attr, cv_data_type_extra, cv_value, ck_user, ct_change, cl_required) VALUES ('1355', '337', 'autoload', null, null, '10020848', '2018-06-17T00:00:00.000+0000', 0)  on conflict (ck_id) do update set ck_class = excluded.ck_class, ck_attr = excluded.ck_attr, cv_value = excluded.cv_value, ck_user = excluded.ck_user, ct_change = excluded.ct_change, cl_required = excluded.cl_required;
INSERT INTO s_mt.t_class_attr(ck_id, ck_class, ck_attr, cv_data_type_extra, cv_value, ck_user, ct_change, cl_required) VALUES ('1729', '337', 'childs', null, null, '10020848', '2018-06-17T00:00:00.000+0000', 0)  on conflict (ck_id) do update set ck_class = excluded.ck_class, ck_attr = excluded.ck_attr, cv_value = excluded.cv_value, ck_user = excluded.ck_user, ct_change = excluded.ct_change, cl_required = excluded.cl_required;
INSERT INTO s_mt.t_class_attr(ck_id, ck_class, ck_attr, cv_data_type_extra, cv_value, ck_user, ct_change, cl_required) VALUES ('7769848263C64542B760059E46DF18F6', '337', 'contentview', null, 'vbox', '4fd05ca9-3a9e-4d66-82df-886dfa082113', '2020-05-09T13:45:37.122+0000', 0)  on conflict (ck_id) do update set ck_class = excluded.ck_class, ck_attr = excluded.ck_attr, cv_value = excluded.cv_value, ck_user = excluded.ck_user, ct_change = excluded.ct_change, cl_required = excluded.cl_required;
INSERT INTO s_mt.t_class_attr(ck_id, ck_class, ck_attr, cv_data_type_extra, cv_value, ck_user, ct_change, cl_required) VALUES ('60BCB1F345F1463689621E9E85292AFC', '337', 'disabled', null, 'false', '4fd05ca9-3a9e-4d66-82df-886dfa082113', '2020-05-09T13:45:59.961+0000', 0)  on conflict (ck_id) do update set ck_class = excluded.ck_class, ck_attr = excluded.ck_attr, cv_value = excluded.cv_value, ck_user = excluded.ck_user, ct_change = excluded.ct_change, cl_required = excluded.cl_required;
INSERT INTO s_mt.t_class_attr(ck_id, ck_class, ck_attr, cv_data_type_extra, cv_value, ck_user, ct_change, cl_required) VALUES ('1871', '337', 'disabledrules', null, null, '10020848', '2018-06-17T00:00:00.000+0000', 0)  on conflict (ck_id) do update set ck_class = excluded.ck_class, ck_attr = excluded.ck_attr, cv_value = excluded.cv_value, ck_user = excluded.ck_user, ct_change = excluded.ct_change, cl_required = excluded.cl_required;
INSERT INTO s_mt.t_class_attr(ck_id, ck_class, ck_attr, cv_data_type_extra, cv_value, ck_user, ct_change, cl_required) VALUES ('1919', '337', 'extraplugingate', null, null, '10020786', '2018-06-17T00:00:00.000+0000', 0)  on conflict (ck_id) do update set ck_class = excluded.ck_class, ck_attr = excluded.ck_attr, cv_value = excluded.cv_value, ck_user = excluded.ck_user, ct_change = excluded.ct_change, cl_required = excluded.cl_required;
INSERT INTO s_mt.t_class_attr(ck_id, ck_class, ck_attr, cv_data_type_extra, cv_value, ck_user, ct_change, cl_required) VALUES ('1358', '337', 'getglobaltostore', null, null, '10020848', '2018-06-17T00:00:00.000+0000', 0)  on conflict (ck_id) do update set ck_class = excluded.ck_class, ck_attr = excluded.ck_attr, cv_value = excluded.cv_value, ck_user = excluded.ck_user, ct_change = excluded.ct_change, cl_required = excluded.cl_required;
INSERT INTO s_mt.t_class_attr(ck_id, ck_class, ck_attr, cv_data_type_extra, cv_value, ck_user, ct_change, cl_required) VALUES ('B7C3110F23EB49E19649F2D1CEF0EB26', '337', 'getmastervalue', null, 'ck_id', '4fd05ca9-3a9e-4d66-82df-886dfa082113', '2020-01-13T00:00:00.000+0000', 1)  on conflict (ck_id) do update set ck_class = excluded.ck_class, ck_attr = excluded.ck_attr, cv_value = excluded.cv_value, ck_user = excluded.ck_user, ct_change = excluded.ct_change, cl_required = excluded.cl_required;
INSERT INTO s_mt.t_class_attr(ck_id, ck_class, ck_attr, cv_data_type_extra, cv_value, ck_user, ct_change, cl_required) VALUES ('978698589FFD4A879BAE3F8986B3112F', '337', 'hidden', null, 'false', '4fd05ca9-3a9e-4d66-82df-886dfa082113', '2020-05-09T13:46:19.592+0000', 0)  on conflict (ck_id) do update set ck_class = excluded.ck_class, ck_attr = excluded.ck_attr, cv_value = excluded.cv_value, ck_user = excluded.ck_user, ct_change = excluded.ct_change, cl_required = excluded.cl_required;
INSERT INTO s_mt.t_class_attr(ck_id, ck_class, ck_attr, cv_data_type_extra, cv_value, ck_user, ct_change, cl_required) VALUES ('1870', '337', 'hiddenrules', null, null, '10020848', '2018-06-17T00:00:00.000+0000', 0)  on conflict (ck_id) do update set ck_class = excluded.ck_class, ck_attr = excluded.ck_attr, cv_value = excluded.cv_value, ck_user = excluded.ck_user, ct_change = excluded.ct_change, cl_required = excluded.cl_required;
INSERT INTO s_mt.t_class_attr(ck_id, ck_class, ck_attr, cv_data_type_extra, cv_value, ck_user, ct_change, cl_required) VALUES ('7C2E8FA4B2B74C0D8A4CD02741BFF115', '337', 'idproperty', null, 'ck_id', '4fd05ca9-3a9e-4d66-82df-886dfa082113', '2020-01-14T00:00:00.000+0000', 1)  on conflict (ck_id) do update set ck_class = excluded.ck_class, ck_attr = excluded.ck_attr, cv_value = excluded.cv_value, ck_user = excluded.ck_user, ct_change = excluded.ct_change, cl_required = excluded.cl_required;
INSERT INTO s_mt.t_class_attr(ck_id, ck_class, ck_attr, cv_data_type_extra, cv_value, ck_user, ct_change, cl_required) VALUES ('10171', '337', 'readonlyrules', null, null, '10020786', '2018-07-23T00:00:00.000+0000', 0)  on conflict (ck_id) do update set ck_class = excluded.ck_class, ck_attr = excluded.ck_attr, cv_value = excluded.cv_value, ck_user = excluded.ck_user, ct_change = excluded.ct_change, cl_required = excluded.cl_required;
INSERT INTO s_mt.t_class_attr(ck_id, ck_class, ck_attr, cv_data_type_extra, cv_value, ck_user, ct_change, cl_required) VALUES ('1873', '337', 'reqsel', null, null, '10020848', '2018-06-17T00:00:00.000+0000', 0)  on conflict (ck_id) do update set ck_class = excluded.ck_class, ck_attr = excluded.ck_attr, cv_value = excluded.cv_value, ck_user = excluded.ck_user, ct_change = excluded.ct_change, cl_required = excluded.cl_required;
INSERT INTO s_mt.t_class_attr(ck_id, ck_class, ck_attr, cv_data_type_extra, cv_value, ck_user, ct_change, cl_required) VALUES ('E4B62C7DB8814B7D9899DDABD4AEF0A8', '337', 'setrecordtoglobal', null, null, '4fd05ca9-3a9e-4d66-82df-886dfa082113', '2020-02-06T00:00:00.000+0000', 0)  on conflict (ck_id) do update set ck_class = excluded.ck_class, ck_attr = excluded.ck_attr, cv_value = excluded.cv_value, ck_user = excluded.ck_user, ct_change = excluded.ct_change, cl_required = excluded.cl_required;
INSERT INTO s_mt.t_class_attr(ck_id, ck_class, ck_attr, cv_data_type_extra, cv_value, ck_user, ct_change, cl_required) VALUES ('17172', '337', 'timeout', null, null, '10020785', '2018-09-02T00:00:00.000+0000', 0)  on conflict (ck_id) do update set ck_class = excluded.ck_class, ck_attr = excluded.ck_attr, cv_value = excluded.cv_value, ck_user = excluded.ck_user, ct_change = excluded.ct_change, cl_required = excluded.cl_required;
INSERT INTO s_mt.t_class_attr(ck_id, ck_class, ck_attr, cv_data_type_extra, cv_value, ck_user, ct_change, cl_required) VALUES ('1353', '337', 'type', null, 'DYNAMICPANEL', '10020848', '2018-06-17T00:00:00.000+0000', 0)  on conflict (ck_id) do update set ck_class = excluded.ck_class, ck_attr = excluded.ck_attr, cv_value = excluded.cv_value, ck_user = excluded.ck_user, ct_change = excluded.ct_change, cl_required = excluded.cl_required;
select pkg_patcher.p_clear_attr('337'::varchar, '["align","autoload","childs","contentview","disabled","disabledrules","extraplugingate","getglobaltostore","getmastervalue","hidden","hiddenrules","idproperty","readonlyrules","reqsel","setrecordtoglobal","timeout","type"]'::jsonb);
INSERT INTO s_mt.t_class(ck_id, cv_name, cv_description, cv_manual_documentation, cv_auto_documentation, cl_final, cl_dataset, ck_user, ct_change) VALUES ('157', 'Panel File', 'Панель загрузки и отображения файлов', null, null, 1, 1, '-11', '2018-02-22T00:00:00.000+0000')  on conflict (ck_id) do update set cv_name = excluded.cv_name, cv_description = excluded.cv_description, cv_manual_documentation = excluded.cv_manual_documentation, cv_auto_documentation = excluded.cv_auto_documentation, cl_final = excluded.cl_final, cl_dataset = excluded.cl_dataset, ck_user = excluded.ck_user, ct_change = excluded.ct_change;
INSERT INTO s_mt.t_class_attr(ck_id, ck_class, ck_attr, cv_data_type_extra, cv_value, ck_user, ct_change, cl_required) VALUES ('903', '157', 'autoload', null, 'true', '20780', '2019-06-27T00:00:00.000+0000', 0)  on conflict (ck_id) do update set ck_class = excluded.ck_class, ck_attr = excluded.ck_attr, cv_value = excluded.cv_value, ck_user = excluded.ck_user, ct_change = excluded.ct_change, cl_required = excluded.cl_required;
INSERT INTO s_mt.t_class_attr(ck_id, ck_class, ck_attr, cv_data_type_extra, cv_value, ck_user, ct_change, cl_required) VALUES ('735', '157', 'childs', null, null, '10020785', '2018-07-09T00:00:00.000+0000', 0)  on conflict (ck_id) do update set ck_class = excluded.ck_class, ck_attr = excluded.ck_attr, cv_value = excluded.cv_value, ck_user = excluded.ck_user, ct_change = excluded.ct_change, cl_required = excluded.cl_required;
INSERT INTO s_mt.t_class_attr(ck_id, ck_class, ck_attr, cv_data_type_extra, cv_value, ck_user, ct_change, cl_required) VALUES ('1269', '157', 'disabledrules', null, null, '10020785', '2018-07-09T00:00:00.000+0000', 0)  on conflict (ck_id) do update set ck_class = excluded.ck_class, ck_attr = excluded.ck_attr, cv_value = excluded.cv_value, ck_user = excluded.ck_user, ct_change = excluded.ct_change, cl_required = excluded.cl_required;
INSERT INTO s_mt.t_class_attr(ck_id, ck_class, ck_attr, cv_data_type_extra, cv_value, ck_user, ct_change, cl_required) VALUES ('1921', '157', 'extraplugingate', null, null, '10020785', '2018-09-02T00:00:00.000+0000', 0)  on conflict (ck_id) do update set ck_class = excluded.ck_class, ck_attr = excluded.ck_attr, cv_value = excluded.cv_value, ck_user = excluded.ck_user, ct_change = excluded.ct_change, cl_required = excluded.cl_required;
INSERT INTO s_mt.t_class_attr(ck_id, ck_class, ck_attr, cv_data_type_extra, cv_value, ck_user, ct_change, cl_required) VALUES ('8ED0CAF4B5238D53E053809BA8C0BB01', '157', 'filemode', null, 'single', '20785', '2019-07-28T00:00:00.000+0000', 0)  on conflict (ck_id) do update set ck_class = excluded.ck_class, ck_attr = excluded.ck_attr, cv_value = excluded.cv_value, ck_user = excluded.ck_user, ct_change = excluded.ct_change, cl_required = excluded.cl_required;
INSERT INTO s_mt.t_class_attr(ck_id, ck_class, ck_attr, cv_data_type_extra, cv_value, ck_user, ct_change, cl_required) VALUES ('1229', '157', 'getglobaltostore', null, null, '10020785', '2018-07-09T00:00:00.000+0000', 0)  on conflict (ck_id) do update set ck_class = excluded.ck_class, ck_attr = excluded.ck_attr, cv_value = excluded.cv_value, ck_user = excluded.ck_user, ct_change = excluded.ct_change, cl_required = excluded.cl_required;
INSERT INTO s_mt.t_class_attr(ck_id, ck_class, ck_attr, cv_data_type_extra, cv_value, ck_user, ct_change, cl_required) VALUES ('715F93AA75414CC6A81A89BF3267334A', '157', 'getmastervalue', null, 'ck_id', '4fd05ca9-3a9e-4d66-82df-886dfa082113', '2020-01-13T00:00:00.000+0000', 1)  on conflict (ck_id) do update set ck_class = excluded.ck_class, ck_attr = excluded.ck_attr, cv_value = excluded.cv_value, ck_user = excluded.ck_user, ct_change = excluded.ct_change, cl_required = excluded.cl_required;
INSERT INTO s_mt.t_class_attr(ck_id, ck_class, ck_attr, cv_data_type_extra, cv_value, ck_user, ct_change, cl_required) VALUES ('1632', '157', 'height', null, null, '10020785', '2018-09-12T00:00:00.000+0000', 0)  on conflict (ck_id) do update set ck_class = excluded.ck_class, ck_attr = excluded.ck_attr, cv_value = excluded.cv_value, ck_user = excluded.ck_user, ct_change = excluded.ct_change, cl_required = excluded.cl_required;
INSERT INTO s_mt.t_class_attr(ck_id, ck_class, ck_attr, cv_data_type_extra, cv_value, ck_user, ct_change, cl_required) VALUES ('1313', '157', 'hiddenrules', null, null, '10020785', '2018-09-02T00:00:00.000+0000', 0)  on conflict (ck_id) do update set ck_class = excluded.ck_class, ck_attr = excluded.ck_attr, cv_value = excluded.cv_value, ck_user = excluded.ck_user, ct_change = excluded.ct_change, cl_required = excluded.cl_required;
INSERT INTO s_mt.t_class_attr(ck_id, ck_class, ck_attr, cv_data_type_extra, cv_value, ck_user, ct_change, cl_required) VALUES ('909', '157', 'idproperty', null, 'ck_id', '4fd05ca9-3a9e-4d66-82df-886dfa082113', '2020-01-14T00:00:00.000+0000', 1)  on conflict (ck_id) do update set ck_class = excluded.ck_class, ck_attr = excluded.ck_attr, cv_value = excluded.cv_value, ck_user = excluded.ck_user, ct_change = excluded.ct_change, cl_required = excluded.cl_required;
INSERT INTO s_mt.t_class_attr(ck_id, ck_class, ck_attr, cv_data_type_extra, cv_value, ck_user, ct_change, cl_required) VALUES ('31169', '157', 'maxfile', null, '5242880', '20786', '2018-11-05T00:00:00.000+0000', 0)  on conflict (ck_id) do update set ck_class = excluded.ck_class, ck_attr = excluded.ck_attr, cv_value = excluded.cv_value, ck_user = excluded.ck_user, ct_change = excluded.ct_change, cl_required = excluded.cl_required;
INSERT INTO s_mt.t_class_attr(ck_id, ck_class, ck_attr, cv_data_type_extra, cv_value, ck_user, ct_change, cl_required) VALUES ('1588', '157', 'maxheight', null, null, '10020785', '2018-09-12T00:00:00.000+0000', 0)  on conflict (ck_id) do update set ck_class = excluded.ck_class, ck_attr = excluded.ck_attr, cv_value = excluded.cv_value, ck_user = excluded.ck_user, ct_change = excluded.ct_change, cl_required = excluded.cl_required;
INSERT INTO s_mt.t_class_attr(ck_id, ck_class, ck_attr, cv_data_type_extra, cv_value, ck_user, ct_change, cl_required) VALUES ('1543', '157', 'minheight', null, null, '10020785', '2018-09-12T00:00:00.000+0000', 0)  on conflict (ck_id) do update set ck_class = excluded.ck_class, ck_attr = excluded.ck_attr, cv_value = excluded.cv_value, ck_user = excluded.ck_user, ct_change = excluded.ct_change, cl_required = excluded.cl_required;
INSERT INTO s_mt.t_class_attr(ck_id, ck_class, ck_attr, cv_data_type_extra, cv_value, ck_user, ct_change, cl_required) VALUES ('10170', '157', 'readonlyrules', null, null, '10020785', '2018-09-02T00:00:00.000+0000', 0)  on conflict (ck_id) do update set ck_class = excluded.ck_class, ck_attr = excluded.ck_attr, cv_value = excluded.cv_value, ck_user = excluded.ck_user, ct_change = excluded.ct_change, cl_required = excluded.cl_required;
INSERT INTO s_mt.t_class_attr(ck_id, ck_class, ck_attr, cv_data_type_extra, cv_value, ck_user, ct_change, cl_required) VALUES ('1154', '157', 'reqsel', null, 'true', '10020785', '2018-07-09T00:00:00.000+0000', 0)  on conflict (ck_id) do update set ck_class = excluded.ck_class, ck_attr = excluded.ck_attr, cv_value = excluded.cv_value, ck_user = excluded.ck_user, ct_change = excluded.ct_change, cl_required = excluded.cl_required;
INSERT INTO s_mt.t_class_attr(ck_id, ck_class, ck_attr, cv_data_type_extra, cv_value, ck_user, ct_change, cl_required) VALUES ('94F527E5555244C98237092F0EBF8D46', '157', 'setrecordtoglobal', null, null, '4fd05ca9-3a9e-4d66-82df-886dfa082113', '2020-02-06T00:00:00.000+0000', 0)  on conflict (ck_id) do update set ck_class = excluded.ck_class, ck_attr = excluded.ck_attr, cv_value = excluded.cv_value, ck_user = excluded.ck_user, ct_change = excluded.ct_change, cl_required = excluded.cl_required;
INSERT INTO s_mt.t_class_attr(ck_id, ck_class, ck_attr, cv_data_type_extra, cv_value, ck_user, ct_change, cl_required) VALUES ('17174', '157', 'timeout', null, null, '10020785', '2018-09-02T00:00:00.000+0000', 0)  on conflict (ck_id) do update set ck_class = excluded.ck_class, ck_attr = excluded.ck_attr, cv_value = excluded.cv_value, ck_user = excluded.ck_user, ct_change = excluded.ct_change, cl_required = excluded.cl_required;
INSERT INTO s_mt.t_class_attr(ck_id, ck_class, ck_attr, cv_data_type_extra, cv_value, ck_user, ct_change, cl_required) VALUES ('36169', '157', 'topbtn', null, null, '20785', '2018-12-11T00:00:00.000+0000', 0)  on conflict (ck_id) do update set ck_class = excluded.ck_class, ck_attr = excluded.ck_attr, cv_value = excluded.cv_value, ck_user = excluded.ck_user, ct_change = excluded.ct_change, cl_required = excluded.cl_required;
INSERT INTO s_mt.t_class_attr(ck_id, ck_class, ck_attr, cv_data_type_extra, cv_value, ck_user, ct_change, cl_required) VALUES ('736', '157', 'type', null, 'FILEPANEL', '10020785', '2018-07-09T00:00:00.000+0000', 0)  on conflict (ck_id) do update set ck_class = excluded.ck_class, ck_attr = excluded.ck_attr, cv_value = excluded.cv_value, ck_user = excluded.ck_user, ct_change = excluded.ct_change, cl_required = excluded.cl_required;
INSERT INTO s_mt.t_class_attr(ck_id, ck_class, ck_attr, cv_data_type_extra, cv_value, ck_user, ct_change, cl_required) VALUES ('737', '157', 'updatequery', null, null, '10020785', '2018-07-09T00:00:00.000+0000', 0)  on conflict (ck_id) do update set ck_class = excluded.ck_class, ck_attr = excluded.ck_attr, cv_value = excluded.cv_value, ck_user = excluded.ck_user, ct_change = excluded.ct_change, cl_required = excluded.cl_required;
select pkg_patcher.p_clear_attr('157'::varchar, '["autoload","childs","disabledrules","extraplugingate","filemode","getglobaltostore","getmastervalue","height","hiddenrules","idproperty","maxfile","maxheight","minheight","readonlyrules","reqsel","setrecordtoglobal","timeout","topbtn","type","updatequery"]'::jsonb);
INSERT INTO s_mt.t_class(ck_id, cv_name, cv_description, cv_manual_documentation, cv_auto_documentation, cl_final, cl_dataset, ck_user, ct_change) VALUES ('217', 'Panel History', 'Панель историчных данных', null, null, 1, 1, '-11', '2018-02-22T00:00:00.000+0000')  on conflict (ck_id) do update set cv_name = excluded.cv_name, cv_description = excluded.cv_description, cv_manual_documentation = excluded.cv_manual_documentation, cv_auto_documentation = excluded.cv_auto_documentation, cl_final = excluded.cl_final, cl_dataset = excluded.cl_dataset, ck_user = excluded.ck_user, ct_change = excluded.ct_change;
INSERT INTO s_mt.t_class_attr(ck_id, ck_class, ck_attr, cv_data_type_extra, cv_value, ck_user, ct_change, cl_required) VALUES ('84FB8E073BF9328DE053809BA8C0D5D2', '217', 'autoload', null, 'true', '20780', '2019-06-27T00:00:00.000+0000', 0)  on conflict (ck_id) do update set ck_class = excluded.ck_class, ck_attr = excluded.ck_attr, cv_value = excluded.cv_value, ck_user = excluded.ck_user, ct_change = excluded.ct_change, cl_required = excluded.cl_required;
INSERT INTO s_mt.t_class_attr(ck_id, ck_class, ck_attr, cv_data_type_extra, cv_value, ck_user, ct_change, cl_required) VALUES ('23169', '217', 'btnaudit', null, 'true', '4fd05ca9-3a9e-4d66-82df-886dfa082113', '2019-09-09T00:00:00.000+0000', 0)  on conflict (ck_id) do update set ck_class = excluded.ck_class, ck_attr = excluded.ck_attr, cv_value = excluded.cv_value, ck_user = excluded.ck_user, ct_change = excluded.ct_change, cl_required = excluded.cl_required;
INSERT INTO s_mt.t_class_attr(ck_id, ck_class, ck_attr, cv_data_type_extra, cv_value, ck_user, ct_change, cl_required) VALUES ('DFF4276153E24BEDB95AD0A635244A75', '217', 'btndelete', null, 'true', '4fd05ca9-3a9e-4d66-82df-886dfa082113', '2019-09-09T00:00:00.000+0000', 0)  on conflict (ck_id) do update set ck_class = excluded.ck_class, ck_attr = excluded.ck_attr, cv_value = excluded.cv_value, ck_user = excluded.ck_user, ct_change = excluded.ct_change, cl_required = excluded.cl_required;
INSERT INTO s_mt.t_class_attr(ck_id, ck_class, ck_attr, cv_data_type_extra, cv_value, ck_user, ct_change, cl_required) VALUES ('4FE5D0D2120B4D9AA1D242FCA0E6AFBA', '217', 'btnrefresh', null, 'true', '4fd05ca9-3a9e-4d66-82df-886dfa082113', '2019-09-09T00:00:00.000+0000', 0)  on conflict (ck_id) do update set ck_class = excluded.ck_class, ck_attr = excluded.ck_attr, cv_value = excluded.cv_value, ck_user = excluded.ck_user, ct_change = excluded.ct_change, cl_required = excluded.cl_required;
INSERT INTO s_mt.t_class_attr(ck_id, ck_class, ck_attr, cv_data_type_extra, cv_value, ck_user, ct_change, cl_required) VALUES ('829', '217', 'childs', null, null, '10020785', '2018-07-09T00:00:00.000+0000', 0)  on conflict (ck_id) do update set ck_class = excluded.ck_class, ck_attr = excluded.ck_attr, cv_value = excluded.cv_value, ck_user = excluded.ck_user, ct_change = excluded.ct_change, cl_required = excluded.cl_required;
INSERT INTO s_mt.t_class_attr(ck_id, ck_class, ck_attr, cv_data_type_extra, cv_value, ck_user, ct_change, cl_required) VALUES ('843', '217', 'collapsible', null, null, '10020785', '2018-07-09T00:00:00.000+0000', 0)  on conflict (ck_id) do update set ck_class = excluded.ck_class, ck_attr = excluded.ck_attr, cv_value = excluded.cv_value, ck_user = excluded.ck_user, ct_change = excluded.ct_change, cl_required = excluded.cl_required;
INSERT INTO s_mt.t_class_attr(ck_id, ck_class, ck_attr, cv_data_type_extra, cv_value, ck_user, ct_change, cl_required) VALUES ('838', '217', 'contentview', null, 'hbox', '10020785', '2018-07-09T00:00:00.000+0000', 0)  on conflict (ck_id) do update set ck_class = excluded.ck_class, ck_attr = excluded.ck_attr, cv_value = excluded.cv_value, ck_user = excluded.ck_user, ct_change = excluded.ct_change, cl_required = excluded.cl_required;
INSERT INTO s_mt.t_class_attr(ck_id, ck_class, ck_attr, cv_data_type_extra, cv_value, ck_user, ct_change, cl_required) VALUES ('845', '217', 'disabled', null, null, '10020785', '2018-07-09T00:00:00.000+0000', 0)  on conflict (ck_id) do update set ck_class = excluded.ck_class, ck_attr = excluded.ck_attr, cv_value = excluded.cv_value, ck_user = excluded.ck_user, ct_change = excluded.ct_change, cl_required = excluded.cl_required;
INSERT INTO s_mt.t_class_attr(ck_id, ck_class, ck_attr, cv_data_type_extra, cv_value, ck_user, ct_change, cl_required) VALUES ('1273', '217', 'disabledrules', null, null, '10020785', '2018-07-09T00:00:00.000+0000', 0)  on conflict (ck_id) do update set ck_class = excluded.ck_class, ck_attr = excluded.ck_attr, cv_value = excluded.cv_value, ck_user = excluded.ck_user, ct_change = excluded.ct_change, cl_required = excluded.cl_required;
INSERT INTO s_mt.t_class_attr(ck_id, ck_class, ck_attr, cv_data_type_extra, cv_value, ck_user, ct_change, cl_required) VALUES ('1914', '217', 'extraplugingate', null, null, '10020785', '2018-09-02T00:00:00.000+0000', 0)  on conflict (ck_id) do update set ck_class = excluded.ck_class, ck_attr = excluded.ck_attr, cv_value = excluded.cv_value, ck_user = excluded.ck_user, ct_change = excluded.ct_change, cl_required = excluded.cl_required;
INSERT INTO s_mt.t_class_attr(ck_id, ck_class, ck_attr, cv_data_type_extra, cv_value, ck_user, ct_change, cl_required) VALUES ('1222', '217', 'getglobaltostore', null, null, '10020785', '2018-07-09T00:00:00.000+0000', 0)  on conflict (ck_id) do update set ck_class = excluded.ck_class, ck_attr = excluded.ck_attr, cv_value = excluded.cv_value, ck_user = excluded.ck_user, ct_change = excluded.ct_change, cl_required = excluded.cl_required;
INSERT INTO s_mt.t_class_attr(ck_id, ck_class, ck_attr, cv_data_type_extra, cv_value, ck_user, ct_change, cl_required) VALUES ('731BAC9F3486456A8210331502B90264', '217', 'getmastervalue', null, 'ck_id', '4fd05ca9-3a9e-4d66-82df-886dfa082113', '2020-01-13T00:00:00.000+0000', 1)  on conflict (ck_id) do update set ck_class = excluded.ck_class, ck_attr = excluded.ck_attr, cv_value = excluded.cv_value, ck_user = excluded.ck_user, ct_change = excluded.ct_change, cl_required = excluded.cl_required;
INSERT INTO s_mt.t_class_attr(ck_id, ck_class, ck_attr, cv_data_type_extra, cv_value, ck_user, ct_change, cl_required) VALUES ('844', '217', 'hidden', null, null, '10020785', '2018-09-02T00:00:00.000+0000', 0)  on conflict (ck_id) do update set ck_class = excluded.ck_class, ck_attr = excluded.ck_attr, cv_value = excluded.cv_value, ck_user = excluded.ck_user, ct_change = excluded.ct_change, cl_required = excluded.cl_required;
INSERT INTO s_mt.t_class_attr(ck_id, ck_class, ck_attr, cv_data_type_extra, cv_value, ck_user, ct_change, cl_required) VALUES ('1317', '217', 'hiddenrules', null, null, '10020785', '2018-09-02T00:00:00.000+0000', 0)  on conflict (ck_id) do update set ck_class = excluded.ck_class, ck_attr = excluded.ck_attr, cv_value = excluded.cv_value, ck_user = excluded.ck_user, ct_change = excluded.ct_change, cl_required = excluded.cl_required;
INSERT INTO s_mt.t_class_attr(ck_id, ck_class, ck_attr, cv_data_type_extra, cv_value, ck_user, ct_change, cl_required) VALUES ('41CFF128DD00413988AF4BC3E2A03540', '217', 'idproperty', null, 'ck_id', '4fd05ca9-3a9e-4d66-82df-886dfa082113', '2020-01-14T00:00:00.000+0000', 1)  on conflict (ck_id) do update set ck_class = excluded.ck_class, ck_attr = excluded.ck_attr, cv_value = excluded.cv_value, ck_user = excluded.ck_user, ct_change = excluded.ct_change, cl_required = excluded.cl_required;
INSERT INTO s_mt.t_class_attr(ck_id, ck_class, ck_attr, cv_data_type_extra, cv_value, ck_user, ct_change, cl_required) VALUES ('851', '217', 'noglobalmask', null, null, '10020785', '2018-07-09T00:00:00.000+0000', 0)  on conflict (ck_id) do update set ck_class = excluded.ck_class, ck_attr = excluded.ck_attr, cv_value = excluded.cv_value, ck_user = excluded.ck_user, ct_change = excluded.ct_change, cl_required = excluded.cl_required;
INSERT INTO s_mt.t_class_attr(ck_id, ck_class, ck_attr, cv_data_type_extra, cv_value, ck_user, ct_change, cl_required) VALUES ('10169', '217', 'readonlyrules', null, null, '10020786', '2018-07-23T00:00:00.000+0000', 0)  on conflict (ck_id) do update set ck_class = excluded.ck_class, ck_attr = excluded.ck_attr, cv_value = excluded.cv_value, ck_user = excluded.ck_user, ct_change = excluded.ct_change, cl_required = excluded.cl_required;
INSERT INTO s_mt.t_class_attr(ck_id, ck_class, ck_attr, cv_data_type_extra, cv_value, ck_user, ct_change, cl_required) VALUES ('30169', '217', 'reloadmaster', null, null, '20785', '2018-10-30T00:00:00.000+0000', 0)  on conflict (ck_id) do update set ck_class = excluded.ck_class, ck_attr = excluded.ck_attr, cv_value = excluded.cv_value, ck_user = excluded.ck_user, ct_change = excluded.ct_change, cl_required = excluded.cl_required;
INSERT INTO s_mt.t_class_attr(ck_id, ck_class, ck_attr, cv_data_type_extra, cv_value, ck_user, ct_change, cl_required) VALUES ('1155', '217', 'reqsel', null, 'true', '10020785', '2018-07-09T00:00:00.000+0000', 0)  on conflict (ck_id) do update set ck_class = excluded.ck_class, ck_attr = excluded.ck_attr, cv_value = excluded.cv_value, ck_user = excluded.ck_user, ct_change = excluded.ct_change, cl_required = excluded.cl_required;
INSERT INTO s_mt.t_class_attr(ck_id, ck_class, ck_attr, cv_data_type_extra, cv_value, ck_user, ct_change, cl_required) VALUES ('9014B934C7CA09D5E053809BA8C0A4FF', '217', 'resizable', null, null, '20785', '2019-08-13T00:00:00.000+0000', 0)  on conflict (ck_id) do update set ck_class = excluded.ck_class, ck_attr = excluded.ck_attr, cv_value = excluded.cv_value, ck_user = excluded.ck_user, ct_change = excluded.ct_change, cl_required = excluded.cl_required;
INSERT INTO s_mt.t_class_attr(ck_id, ck_class, ck_attr, cv_data_type_extra, cv_value, ck_user, ct_change, cl_required) VALUES ('7569E12A546D437996FB9574CA234210', '217', 'setrecordtoglobal', null, null, '4fd05ca9-3a9e-4d66-82df-886dfa082113', '2020-02-06T00:00:00.000+0000', 0)  on conflict (ck_id) do update set ck_class = excluded.ck_class, ck_attr = excluded.ck_attr, cv_value = excluded.cv_value, ck_user = excluded.ck_user, ct_change = excluded.ct_change, cl_required = excluded.cl_required;
INSERT INTO s_mt.t_class_attr(ck_id, ck_class, ck_attr, cv_data_type_extra, cv_value, ck_user, ct_change, cl_required) VALUES ('1683', '217', 'stepname', null, null, '10020785', '2018-07-09T00:00:00.000+0000', 0)  on conflict (ck_id) do update set ck_class = excluded.ck_class, ck_attr = excluded.ck_attr, cv_value = excluded.cv_value, ck_user = excluded.ck_user, ct_change = excluded.ct_change, cl_required = excluded.cl_required;
INSERT INTO s_mt.t_class_attr(ck_id, ck_class, ck_attr, cv_data_type_extra, cv_value, ck_user, ct_change, cl_required) VALUES ('1684', '217', 'stepnamenext', null, null, '20848', '2018-10-16T00:00:00.000+0000', 0)  on conflict (ck_id) do update set ck_class = excluded.ck_class, ck_attr = excluded.ck_attr, cv_value = excluded.cv_value, ck_user = excluded.ck_user, ct_change = excluded.ct_change, cl_required = excluded.cl_required;
INSERT INTO s_mt.t_class_attr(ck_id, ck_class, ck_attr, cv_data_type_extra, cv_value, ck_user, ct_change, cl_required) VALUES ('17173', '217', 'timeout', null, null, '10020785', '2018-09-02T00:00:00.000+0000', 0)  on conflict (ck_id) do update set ck_class = excluded.ck_class, ck_attr = excluded.ck_attr, cv_value = excluded.cv_value, ck_user = excluded.ck_user, ct_change = excluded.ct_change, cl_required = excluded.cl_required;
INSERT INTO s_mt.t_class_attr(ck_id, ck_class, ck_attr, cv_data_type_extra, cv_value, ck_user, ct_change, cl_required) VALUES ('830', '217', 'topbtn', null, null, '10020785', '2018-07-09T00:00:00.000+0000', 0)  on conflict (ck_id) do update set ck_class = excluded.ck_class, ck_attr = excluded.ck_attr, cv_value = excluded.cv_value, ck_user = excluded.ck_user, ct_change = excluded.ct_change, cl_required = excluded.cl_required;
INSERT INTO s_mt.t_class_attr(ck_id, ck_class, ck_attr, cv_data_type_extra, cv_value, ck_user, ct_change, cl_required) VALUES ('832', '217', 'type', null, 'HISTORYPANEL', '10020785', '2018-07-09T00:00:00.000+0000', 1)  on conflict (ck_id) do update set ck_class = excluded.ck_class, ck_attr = excluded.ck_attr, cv_value = excluded.cv_value, ck_user = excluded.ck_user, ct_change = excluded.ct_change, cl_required = excluded.cl_required;
INSERT INTO s_mt.t_class_attr(ck_id, ck_class, ck_attr, cv_data_type_extra, cv_value, ck_user, ct_change, cl_required) VALUES ('33169', '217', 'updatequery', null, null, '20785', '2018-11-08T00:00:00.000+0000', 0)  on conflict (ck_id) do update set ck_class = excluded.ck_class, ck_attr = excluded.ck_attr, cv_value = excluded.cv_value, ck_user = excluded.ck_user, ct_change = excluded.ct_change, cl_required = excluded.cl_required;
select pkg_patcher.p_clear_attr('217'::varchar, '["autoload","btnaudit","btndelete","btnrefresh","childs","collapsible","contentview","disabled","disabledrules","extraplugingate","getglobaltostore","getmastervalue","hidden","hiddenrules","idproperty","noglobalmask","readonlyrules","reloadmaster","reqsel","resizable","setrecordtoglobal","stepname","stepnamenext","timeout","topbtn","type","updatequery"]'::jsonb);
INSERT INTO s_mt.t_class(ck_id, cv_name, cv_description, cv_manual_documentation, cv_auto_documentation, cl_final, cl_dataset, ck_user, ct_change) VALUES ('D966BA30FBA3469FB5FEA82127B1ED6D', 'Panel Road Map', 'Пошаговая панель', null, null, 1, 0, '4fd05ca9-3a9e-4d66-82df-886dfa082113', '2019-09-27T00:00:00.000+0000')  on conflict (ck_id) do update set cv_name = excluded.cv_name, cv_description = excluded.cv_description, cv_manual_documentation = excluded.cv_manual_documentation, cv_auto_documentation = excluded.cv_auto_documentation, cl_final = excluded.cl_final, cl_dataset = excluded.cl_dataset, ck_user = excluded.ck_user, ct_change = excluded.ct_change;
INSERT INTO s_mt.t_class_attr(ck_id, ck_class, ck_attr, cv_data_type_extra, cv_value, ck_user, ct_change, cl_required) VALUES ('C4B1424E39EA4A1C954CBDEDDF662E6A', 'D966BA30FBA3469FB5FEA82127B1ED6D', 'align', null, 'center', '4fd05ca9-3a9e-4d66-82df-886dfa082113', '2019-10-31T00:00:00.000+0000', 0)  on conflict (ck_id) do update set ck_class = excluded.ck_class, ck_attr = excluded.ck_attr, cv_value = excluded.cv_value, ck_user = excluded.ck_user, ct_change = excluded.ct_change, cl_required = excluded.cl_required;
INSERT INTO s_mt.t_class_attr(ck_id, ck_class, ck_attr, cv_data_type_extra, cv_value, ck_user, ct_change, cl_required) VALUES ('4E50E23DE3C2473A8B41011A689EEC1F', 'D966BA30FBA3469FB5FEA82127B1ED6D', 'childs', null, null, '4fd05ca9-3a9e-4d66-82df-886dfa082113', '2019-09-20T00:00:00.000+0000', 0)  on conflict (ck_id) do update set ck_class = excluded.ck_class, ck_attr = excluded.ck_attr, cv_value = excluded.cv_value, ck_user = excluded.ck_user, ct_change = excluded.ct_change, cl_required = excluded.cl_required;
INSERT INTO s_mt.t_class_attr(ck_id, ck_class, ck_attr, cv_data_type_extra, cv_value, ck_user, ct_change, cl_required) VALUES ('58B7945DF88C4511944574FB76ECD261', 'D966BA30FBA3469FB5FEA82127B1ED6D', 'tabwidth', null, null, '4fd05ca9-3a9e-4d66-82df-886dfa082113', '2019-12-18T00:00:00.000+0000', 0)  on conflict (ck_id) do update set ck_class = excluded.ck_class, ck_attr = excluded.ck_attr, cv_value = excluded.cv_value, ck_user = excluded.ck_user, ct_change = excluded.ct_change, cl_required = excluded.cl_required;
INSERT INTO s_mt.t_class_attr(ck_id, ck_class, ck_attr, cv_data_type_extra, cv_value, ck_user, ct_change, cl_required) VALUES ('D910BD59B2CE4895BE263B2FC12DA80D', 'D966BA30FBA3469FB5FEA82127B1ED6D', 'topbtn', null, null, '4fd05ca9-3a9e-4d66-82df-886dfa082113', '2019-09-27T00:00:00.000+0000', 0)  on conflict (ck_id) do update set ck_class = excluded.ck_class, ck_attr = excluded.ck_attr, cv_value = excluded.cv_value, ck_user = excluded.ck_user, ct_change = excluded.ct_change, cl_required = excluded.cl_required;
INSERT INTO s_mt.t_class_attr(ck_id, ck_class, ck_attr, cv_data_type_extra, cv_value, ck_user, ct_change, cl_required) VALUES ('36F126CB28094C1EAB2C81153BCB10E4', 'D966BA30FBA3469FB5FEA82127B1ED6D', 'type', null, 'ROADMAPPANEL', '4fd05ca9-3a9e-4d66-82df-886dfa082113', '2019-09-20T00:00:00.000+0000', 1)  on conflict (ck_id) do update set ck_class = excluded.ck_class, ck_attr = excluded.ck_attr, cv_value = excluded.cv_value, ck_user = excluded.ck_user, ct_change = excluded.ct_change, cl_required = excluded.cl_required;
select pkg_patcher.p_clear_attr('D966BA30FBA3469FB5FEA82127B1ED6D'::varchar, '["align","childs","tabwidth","topbtn","type"]'::jsonb);
INSERT INTO s_mt.t_class(ck_id, cv_name, cv_description, cv_manual_documentation, cv_auto_documentation, cl_final, cl_dataset, ck_user, ct_change) VALUES ('0DDBEE01777844F5AC8F129EB5A43118', 'Promo Page', 'Promo страница', null, null, 1, 0, '4fd05ca9-3a9e-4d66-82df-886dfa082113', '2020-06-05T14:44:06.338+0000')  on conflict (ck_id) do update set cv_name = excluded.cv_name, cv_description = excluded.cv_description, cv_manual_documentation = excluded.cv_manual_documentation, cv_auto_documentation = excluded.cv_auto_documentation, cl_final = excluded.cl_final, cl_dataset = excluded.cl_dataset, ck_user = excluded.ck_user, ct_change = excluded.ct_change;
INSERT INTO s_mt.t_class_attr(ck_id, ck_class, ck_attr, cv_data_type_extra, cv_value, ck_user, ct_change, cl_required) VALUES ('E5AFFA28EEBB41B4A90F9D2A085BD773', '0DDBEE01777844F5AC8F129EB5A43118', 'type', null, 'PROMO', '4fd05ca9-3a9e-4d66-82df-886dfa082113', '2020-06-05T14:43:32.998+0000', 0)  on conflict (ck_id) do update set ck_class = excluded.ck_class, ck_attr = excluded.ck_attr, cv_value = excluded.cv_value, ck_user = excluded.ck_user, ct_change = excluded.ct_change, cl_required = excluded.cl_required;
select pkg_patcher.p_clear_attr('0DDBEE01777844F5AC8F129EB5A43118'::varchar, '["type"]'::jsonb);
INSERT INTO s_mt.t_class(ck_id, cv_name, cv_description, cv_manual_documentation, cv_auto_documentation, cl_final, cl_dataset, ck_user, ct_change) VALUES ('7C133EA0021A44A0864B82F7BC40F183', 'Record', 'Ключ-значение для классов-списков', null, null, 0, 0, '4fd05ca9-3a9e-4d66-82df-886dfa082113', '2020-03-30T00:00:00.000+0000')  on conflict (ck_id) do update set cv_name = excluded.cv_name, cv_description = excluded.cv_description, cv_manual_documentation = excluded.cv_manual_documentation, cv_auto_documentation = excluded.cv_auto_documentation, cl_final = excluded.cl_final, cl_dataset = excluded.cl_dataset, ck_user = excluded.ck_user, ct_change = excluded.ct_change;
INSERT INTO s_mt.t_class_attr(ck_id, ck_class, ck_attr, cv_data_type_extra, cv_value, ck_user, ct_change, cl_required) VALUES ('3FC44CC156EA4076A6EE14FC7947CEA3', '7C133EA0021A44A0864B82F7BC40F183', 'displayfield', null, null, '4fd05ca9-3a9e-4d66-82df-886dfa082113', '2019-12-13T00:00:00.000+0000', 0)  on conflict (ck_id) do update set ck_class = excluded.ck_class, ck_attr = excluded.ck_attr, cv_value = excluded.cv_value, ck_user = excluded.ck_user, ct_change = excluded.ct_change, cl_required = excluded.cl_required;
INSERT INTO s_mt.t_class_attr(ck_id, ck_class, ck_attr, cv_data_type_extra, cv_value, ck_user, ct_change, cl_required) VALUES ('349A87A48518414EA91B8618078351F6', '7C133EA0021A44A0864B82F7BC40F183', 'valuefield', null, null, '4fd05ca9-3a9e-4d66-82df-886dfa082113', '2019-12-13T00:00:00.000+0000', 0)  on conflict (ck_id) do update set ck_class = excluded.ck_class, ck_attr = excluded.ck_attr, cv_value = excluded.cv_value, ck_user = excluded.ck_user, ct_change = excluded.ct_change, cl_required = excluded.cl_required;
select pkg_patcher.p_clear_attr('7C133EA0021A44A0864B82F7BC40F183'::varchar, '["displayfield","valuefield"]'::jsonb);
INSERT INTO s_mt.t_class(ck_id, cv_name, cv_description, cv_manual_documentation, cv_auto_documentation, cl_final, cl_dataset, ck_user, ct_change) VALUES ('5833D73B31E04F8ABE9D307DBCE845A9', 'Service Hidden', 'Компонент для скрытой загрузки сервисов', null, null, 1, 1, '4fd05ca9-3a9e-4d66-82df-886dfa082113', '2020-03-17T00:00:00.000+0000')  on conflict (ck_id) do update set cv_name = excluded.cv_name, cv_description = excluded.cv_description, cv_manual_documentation = excluded.cv_manual_documentation, cv_auto_documentation = excluded.cv_auto_documentation, cl_final = excluded.cl_final, cl_dataset = excluded.cl_dataset, ck_user = excluded.ck_user, ct_change = excluded.ct_change;
INSERT INTO s_mt.t_class_attr(ck_id, ck_class, ck_attr, cv_data_type_extra, cv_value, ck_user, ct_change, cl_required) VALUES ('4172E26A7C04438FB1A4FAE1E9EB5A58', '5833D73B31E04F8ABE9D307DBCE845A9', 'autoload', null, 'true', '4fd05ca9-3a9e-4d66-82df-886dfa082113', '2020-03-17T00:00:00.000+0000', 0)  on conflict (ck_id) do update set ck_class = excluded.ck_class, ck_attr = excluded.ck_attr, cv_value = excluded.cv_value, ck_user = excluded.ck_user, ct_change = excluded.ct_change, cl_required = excluded.cl_required;
INSERT INTO s_mt.t_class_attr(ck_id, ck_class, ck_attr, cv_data_type_extra, cv_value, ck_user, ct_change, cl_required) VALUES ('C51329078F364617A56C464D245C9D88', '5833D73B31E04F8ABE9D307DBCE845A9', 'defaultvalue', null, '##alwaysfirst##', '4fd05ca9-3a9e-4d66-82df-886dfa082113', '2020-04-17T13:47:42.564+0000', 0)  on conflict (ck_id) do update set ck_class = excluded.ck_class, ck_attr = excluded.ck_attr, cv_value = excluded.cv_value, ck_user = excluded.ck_user, ct_change = excluded.ct_change, cl_required = excluded.cl_required;
INSERT INTO s_mt.t_class_attr(ck_id, ck_class, ck_attr, cv_data_type_extra, cv_value, ck_user, ct_change, cl_required) VALUES ('1B6FEEA45C944E96BEB63B4F3A733BE1', '5833D73B31E04F8ABE9D307DBCE845A9', 'getglobaltostore', null, null, '4fd05ca9-3a9e-4d66-82df-886dfa082113', '2020-04-17T14:05:14.451+0000', 0)  on conflict (ck_id) do update set ck_class = excluded.ck_class, ck_attr = excluded.ck_attr, cv_value = excluded.cv_value, ck_user = excluded.ck_user, ct_change = excluded.ct_change, cl_required = excluded.cl_required;
INSERT INTO s_mt.t_class_attr(ck_id, ck_class, ck_attr, cv_data_type_extra, cv_value, ck_user, ct_change, cl_required) VALUES ('19E44B6F1A93432BA6FD76739E3D2F19', '5833D73B31E04F8ABE9D307DBCE845A9', 'getmastervalue', null, 'ck_id', '4fd05ca9-3a9e-4d66-82df-886dfa082113', '2020-04-17T14:18:53.798+0000', 0)  on conflict (ck_id) do update set ck_class = excluded.ck_class, ck_attr = excluded.ck_attr, cv_value = excluded.cv_value, ck_user = excluded.ck_user, ct_change = excluded.ct_change, cl_required = excluded.cl_required;
INSERT INTO s_mt.t_class_attr(ck_id, ck_class, ck_attr, cv_data_type_extra, cv_value, ck_user, ct_change, cl_required) VALUES ('35DCCCAADBED40548A8404644FEECD3E', '5833D73B31E04F8ABE9D307DBCE845A9', 'hidden', null, null, '4fd05ca9-3a9e-4d66-82df-886dfa082113', '2020-04-17T13:48:12.596+0000', 0)  on conflict (ck_id) do update set ck_class = excluded.ck_class, ck_attr = excluded.ck_attr, cv_value = excluded.cv_value, ck_user = excluded.ck_user, ct_change = excluded.ct_change, cl_required = excluded.cl_required;
INSERT INTO s_mt.t_class_attr(ck_id, ck_class, ck_attr, cv_data_type_extra, cv_value, ck_user, ct_change, cl_required) VALUES ('95E786EFCC844CCB82562914D8191D25', '5833D73B31E04F8ABE9D307DBCE845A9', 'hiddenrules', null, null, '4fd05ca9-3a9e-4d66-82df-886dfa082113', '2020-04-17T13:48:29.673+0000', 0)  on conflict (ck_id) do update set ck_class = excluded.ck_class, ck_attr = excluded.ck_attr, cv_value = excluded.cv_value, ck_user = excluded.ck_user, ct_change = excluded.ct_change, cl_required = excluded.cl_required;
INSERT INTO s_mt.t_class_attr(ck_id, ck_class, ck_attr, cv_data_type_extra, cv_value, ck_user, ct_change, cl_required) VALUES ('BF984A63F86C435BA0105254CED9CB10', '5833D73B31E04F8ABE9D307DBCE845A9', 'idproperty', null, 'ck_id', '4fd05ca9-3a9e-4d66-82df-886dfa082113', '2020-04-17T13:50:28.202+0000', 0)  on conflict (ck_id) do update set ck_class = excluded.ck_class, ck_attr = excluded.ck_attr, cv_value = excluded.cv_value, ck_user = excluded.ck_user, ct_change = excluded.ct_change, cl_required = excluded.cl_required;
INSERT INTO s_mt.t_class_attr(ck_id, ck_class, ck_attr, cv_data_type_extra, cv_value, ck_user, ct_change, cl_required) VALUES ('7CCA642D9FC342688F74FCD5BA05B618', '5833D73B31E04F8ABE9D307DBCE845A9', 'noglobalmask', null, 'true', '4fd05ca9-3a9e-4d66-82df-886dfa082113', '2020-03-17T00:00:00.000+0000', 0)  on conflict (ck_id) do update set ck_class = excluded.ck_class, ck_attr = excluded.ck_attr, cv_value = excluded.cv_value, ck_user = excluded.ck_user, ct_change = excluded.ct_change, cl_required = excluded.cl_required;
INSERT INTO s_mt.t_class_attr(ck_id, ck_class, ck_attr, cv_data_type_extra, cv_value, ck_user, ct_change, cl_required) VALUES ('372F665CB45B4D789D7D76A4E2571B5E', '5833D73B31E04F8ABE9D307DBCE845A9', 'reqsel', null, 'true', '4fd05ca9-3a9e-4d66-82df-886dfa082113', '2020-04-17T14:23:20.827+0000', 0)  on conflict (ck_id) do update set ck_class = excluded.ck_class, ck_attr = excluded.ck_attr, cv_value = excluded.cv_value, ck_user = excluded.ck_user, ct_change = excluded.ct_change, cl_required = excluded.cl_required;
INSERT INTO s_mt.t_class_attr(ck_id, ck_class, ck_attr, cv_data_type_extra, cv_value, ck_user, ct_change, cl_required) VALUES ('5AF22290B4B3473BBDE8A3888725FA50', '5833D73B31E04F8ABE9D307DBCE845A9', 'setglobal', null, null, '4fd05ca9-3a9e-4d66-82df-886dfa082113', '2020-03-17T00:00:00.000+0000', 0)  on conflict (ck_id) do update set ck_class = excluded.ck_class, ck_attr = excluded.ck_attr, cv_value = excluded.cv_value, ck_user = excluded.ck_user, ct_change = excluded.ct_change, cl_required = excluded.cl_required;
INSERT INTO s_mt.t_class_attr(ck_id, ck_class, ck_attr, cv_data_type_extra, cv_value, ck_user, ct_change, cl_required) VALUES ('6918753686C745F781F3942C51F9CFF8', '5833D73B31E04F8ABE9D307DBCE845A9', 'type', null, 'SERVICE_HIDDEN', '4fd05ca9-3a9e-4d66-82df-886dfa082113', '2020-03-17T00:00:00.000+0000', 0)  on conflict (ck_id) do update set ck_class = excluded.ck_class, ck_attr = excluded.ck_attr, cv_value = excluded.cv_value, ck_user = excluded.ck_user, ct_change = excluded.ct_change, cl_required = excluded.cl_required;
select pkg_patcher.p_clear_attr('5833D73B31E04F8ABE9D307DBCE845A9'::varchar, '["autoload","defaultvalue","getglobaltostore","getmastervalue","hidden","hiddenrules","idproperty","noglobalmask","reqsel","setglobal","type"]'::jsonb);
INSERT INTO s_mt.t_class(ck_id, cv_name, cv_description, cv_manual_documentation, cv_auto_documentation, cl_final, cl_dataset, ck_user, ct_change) VALUES ('35', 'Tab Panel', 'Панель со вкладками', null, null, 1, 0, '-11', '2018-02-22T00:00:00.000+0000')  on conflict (ck_id) do update set cv_name = excluded.cv_name, cv_description = excluded.cv_description, cv_manual_documentation = excluded.cv_manual_documentation, cv_auto_documentation = excluded.cv_auto_documentation, cl_final = excluded.cl_final, cl_dataset = excluded.cl_dataset, ck_user = excluded.ck_user, ct_change = excluded.ct_change;
INSERT INTO s_mt.t_class_attr(ck_id, ck_class, ck_attr, cv_data_type_extra, cv_value, ck_user, ct_change, cl_required) VALUES ('0479D6A0F38845F68783FA5027D43822', '35', 'align', null, 'center', '4fd05ca9-3a9e-4d66-82df-886dfa082113', '2019-10-24T00:00:00.000+0000', 0)  on conflict (ck_id) do update set ck_class = excluded.ck_class, ck_attr = excluded.ck_attr, cv_value = excluded.cv_value, ck_user = excluded.ck_user, ct_change = excluded.ct_change, cl_required = excluded.cl_required;
INSERT INTO s_mt.t_class_attr(ck_id, ck_class, ck_attr, cv_data_type_extra, cv_value, ck_user, ct_change, cl_required) VALUES ('172', '35', 'childs', null, null, '10020785', '2018-07-09T00:00:00.000+0000', 0)  on conflict (ck_id) do update set ck_class = excluded.ck_class, ck_attr = excluded.ck_attr, cv_value = excluded.cv_value, ck_user = excluded.ck_user, ct_change = excluded.ct_change, cl_required = excluded.cl_required;
INSERT INTO s_mt.t_class_attr(ck_id, ck_class, ck_attr, cv_data_type_extra, cv_value, ck_user, ct_change, cl_required) VALUES ('BFF5322191624AE1B076D5BCF34BC9C8', '35', 'contentview', null, 'hbox', '4fd05ca9-3a9e-4d66-82df-886dfa082113', '2019-10-24T00:00:00.000+0000', 0)  on conflict (ck_id) do update set ck_class = excluded.ck_class, ck_attr = excluded.ck_attr, cv_value = excluded.cv_value, ck_user = excluded.ck_user, ct_change = excluded.ct_change, cl_required = excluded.cl_required;
INSERT INTO s_mt.t_class_attr(ck_id, ck_class, ck_attr, cv_data_type_extra, cv_value, ck_user, ct_change, cl_required) VALUES ('171', '35', 'disabled', null, 'false', '10020785', '2018-07-09T00:00:00.000+0000', 0)  on conflict (ck_id) do update set ck_class = excluded.ck_class, ck_attr = excluded.ck_attr, cv_value = excluded.cv_value, ck_user = excluded.ck_user, ct_change = excluded.ct_change, cl_required = excluded.cl_required;
INSERT INTO s_mt.t_class_attr(ck_id, ck_class, ck_attr, cv_data_type_extra, cv_value, ck_user, ct_change, cl_required) VALUES ('1258', '35', 'disabledrules', null, null, '10020785', '2018-07-09T00:00:00.000+0000', 0)  on conflict (ck_id) do update set ck_class = excluded.ck_class, ck_attr = excluded.ck_attr, cv_value = excluded.cv_value, ck_user = excluded.ck_user, ct_change = excluded.ct_change, cl_required = excluded.cl_required;
INSERT INTO s_mt.t_class_attr(ck_id, ck_class, ck_attr, cv_data_type_extra, cv_value, ck_user, ct_change, cl_required) VALUES ('1302', '35', 'hiddenrules', null, null, '10020785', '2018-09-02T00:00:00.000+0000', 0)  on conflict (ck_id) do update set ck_class = excluded.ck_class, ck_attr = excluded.ck_attr, cv_value = excluded.cv_value, ck_user = excluded.ck_user, ct_change = excluded.ct_change, cl_required = excluded.cl_required;
INSERT INTO s_mt.t_class_attr(ck_id, ck_class, ck_attr, cv_data_type_extra, cv_value, ck_user, ct_change, cl_required) VALUES ('1156', '35', 'reqsel', null, 'true', '10020785', '2018-07-09T00:00:00.000+0000', 0)  on conflict (ck_id) do update set ck_class = excluded.ck_class, ck_attr = excluded.ck_attr, cv_value = excluded.cv_value, ck_user = excluded.ck_user, ct_change = excluded.ct_change, cl_required = excluded.cl_required;
INSERT INTO s_mt.t_class_attr(ck_id, ck_class, ck_attr, cv_data_type_extra, cv_value, ck_user, ct_change, cl_required) VALUES ('174', '35', 'type', null, 'TABPANEL', '10020785', '2018-07-09T00:00:00.000+0000', 1)  on conflict (ck_id) do update set ck_class = excluded.ck_class, ck_attr = excluded.ck_attr, cv_value = excluded.cv_value, ck_user = excluded.ck_user, ct_change = excluded.ct_change, cl_required = excluded.cl_required;
select pkg_patcher.p_clear_attr('35'::varchar, '["align","childs","contentview","disabled","disabledrules","hiddenrules","reqsel","type"]'::jsonb);
INSERT INTO s_mt.t_class(ck_id, cv_name, cv_description, cv_manual_documentation, cv_auto_documentation, cl_final, cl_dataset, ck_user, ct_change) VALUES ('5F229304828F4AADBF9B0BE6463B1248', 'Text', 'Компонент вывода статического текста', null, null, 0, 1, '4fd05ca9-3a9e-4d66-82df-886dfa082113', '2020-06-15T13:19:41.987+0000')  on conflict (ck_id) do update set cv_name = excluded.cv_name, cv_description = excluded.cv_description, cv_manual_documentation = excluded.cv_manual_documentation, cv_auto_documentation = excluded.cv_auto_documentation, cl_final = excluded.cl_final, cl_dataset = excluded.cl_dataset, ck_user = excluded.ck_user, ct_change = excluded.ct_change;
INSERT INTO s_mt.t_class_attr(ck_id, ck_class, ck_attr, cv_data_type_extra, cv_value, ck_user, ct_change, cl_required) VALUES ('5E60A55C1C004310890E3F111C5D004F', '5F229304828F4AADBF9B0BE6463B1248', 'disabled', null, 'false', '4fd05ca9-3a9e-4d66-82df-886dfa082113', '2020-06-15T20:03:09.369+0000', 0)  on conflict (ck_id) do update set ck_class = excluded.ck_class, ck_attr = excluded.ck_attr, cv_value = excluded.cv_value, ck_user = excluded.ck_user, ct_change = excluded.ct_change, cl_required = excluded.cl_required;
INSERT INTO s_mt.t_class_attr(ck_id, ck_class, ck_attr, cv_data_type_extra, cv_value, ck_user, ct_change, cl_required) VALUES ('BFD1116E39C64202802ACC3DDE20526D', '5F229304828F4AADBF9B0BE6463B1248', 'disabledrules', null, null, '4fd05ca9-3a9e-4d66-82df-886dfa082113', '2020-06-15T20:03:14.210+0000', 0)  on conflict (ck_id) do update set ck_class = excluded.ck_class, ck_attr = excluded.ck_attr, cv_value = excluded.cv_value, ck_user = excluded.ck_user, ct_change = excluded.ct_change, cl_required = excluded.cl_required;
INSERT INTO s_mt.t_class_attr(ck_id, ck_class, ck_attr, cv_data_type_extra, cv_value, ck_user, ct_change, cl_required) VALUES ('AF6627AE5CEB41E59D60AB429E9D6D30', '5F229304828F4AADBF9B0BE6463B1248', 'hidden', null, 'false', '4fd05ca9-3a9e-4d66-82df-886dfa082113', '2020-06-15T20:02:58.957+0000', 0)  on conflict (ck_id) do update set ck_class = excluded.ck_class, ck_attr = excluded.ck_attr, cv_value = excluded.cv_value, ck_user = excluded.ck_user, ct_change = excluded.ct_change, cl_required = excluded.cl_required;
INSERT INTO s_mt.t_class_attr(ck_id, ck_class, ck_attr, cv_data_type_extra, cv_value, ck_user, ct_change, cl_required) VALUES ('AC2BEF5718B64E44B25F2AAF5B50EDEF', '5F229304828F4AADBF9B0BE6463B1248', 'hiddenrules', null, null, '4fd05ca9-3a9e-4d66-82df-886dfa082113', '2020-06-15T20:03:03.033+0000', 0)  on conflict (ck_id) do update set ck_class = excluded.ck_class, ck_attr = excluded.ck_attr, cv_value = excluded.cv_value, ck_user = excluded.ck_user, ct_change = excluded.ct_change, cl_required = excluded.cl_required;
INSERT INTO s_mt.t_class_attr(ck_id, ck_class, ck_attr, cv_data_type_extra, cv_value, ck_user, ct_change, cl_required) VALUES ('77CCD76E7CD444FFAF54D6000CEF4E05', '5F229304828F4AADBF9B0BE6463B1248', 'text', null, null, '4fd05ca9-3a9e-4d66-82df-886dfa082113', '2020-06-15T13:30:40.916+0000', 0)  on conflict (ck_id) do update set ck_class = excluded.ck_class, ck_attr = excluded.ck_attr, cv_value = excluded.cv_value, ck_user = excluded.ck_user, ct_change = excluded.ct_change, cl_required = excluded.cl_required;
INSERT INTO s_mt.t_class_attr(ck_id, ck_class, ck_attr, cv_data_type_extra, cv_value, ck_user, ct_change, cl_required) VALUES ('CAF18E4EC8B54A8DBA85FD5E3C9379D1', '5F229304828F4AADBF9B0BE6463B1248', 'type', null, 'TEXT', '4fd05ca9-3a9e-4d66-82df-886dfa082113', '2020-06-15T13:30:35.363+0000', 1)  on conflict (ck_id) do update set ck_class = excluded.ck_class, ck_attr = excluded.ck_attr, cv_value = excluded.cv_value, ck_user = excluded.ck_user, ct_change = excluded.ct_change, cl_required = excluded.cl_required;
select pkg_patcher.p_clear_attr('5F229304828F4AADBF9B0BE6463B1248'::varchar, '["disabled","disabledrules","hidden","hiddenrules","text","type"]'::jsonb);
INSERT INTO s_mt.t_class(ck_id, cv_name, cv_description, cv_manual_documentation, cv_auto_documentation, cl_final, cl_dataset, ck_user, ct_change) VALUES ('2BB74480D7E2455B97AED5B3A070FE35', 'Theme Combo', 'Выбор темы', null, null, 1, 1, '4fd05ca9-3a9e-4d66-82df-886dfa082113', '2019-10-24T00:00:00.000+0000')  on conflict (ck_id) do update set cv_name = excluded.cv_name, cv_description = excluded.cv_description, cv_manual_documentation = excluded.cv_manual_documentation, cv_auto_documentation = excluded.cv_auto_documentation, cl_final = excluded.cl_final, cl_dataset = excluded.cl_dataset, ck_user = excluded.ck_user, ct_change = excluded.ct_change;
INSERT INTO s_mt.t_class_attr(ck_id, ck_class, ck_attr, cv_data_type_extra, cv_value, ck_user, ct_change, cl_required) VALUES ('B328CAB9C78F4116A9F191F3FC3640A6', '2BB74480D7E2455B97AED5B3A070FE35', 'getmastervalue', null, 'ck_id', '4fd05ca9-3a9e-4d66-82df-886dfa082113', '2020-01-13T00:00:00.000+0000', 1)  on conflict (ck_id) do update set ck_class = excluded.ck_class, ck_attr = excluded.ck_attr, cv_value = excluded.cv_value, ck_user = excluded.ck_user, ct_change = excluded.ct_change, cl_required = excluded.cl_required;
INSERT INTO s_mt.t_class_attr(ck_id, ck_class, ck_attr, cv_data_type_extra, cv_value, ck_user, ct_change, cl_required) VALUES ('F85326082F3846E8BBF2BC3917D9F9B5', '2BB74480D7E2455B97AED5B3A070FE35', 'idproperty', null, 'ck_id', '4fd05ca9-3a9e-4d66-82df-886dfa082113', '2020-01-14T00:00:00.000+0000', 1)  on conflict (ck_id) do update set ck_class = excluded.ck_class, ck_attr = excluded.ck_attr, cv_value = excluded.cv_value, ck_user = excluded.ck_user, ct_change = excluded.ct_change, cl_required = excluded.cl_required;
INSERT INTO s_mt.t_class_attr(ck_id, ck_class, ck_attr, cv_data_type_extra, cv_value, ck_user, ct_change, cl_required) VALUES ('AB424DA179D8480E8D8378BEF410ED3E', '2BB74480D7E2455B97AED5B3A070FE35', 'setrecordtoglobal', null, null, '4fd05ca9-3a9e-4d66-82df-886dfa082113', '2020-02-06T00:00:00.000+0000', 0)  on conflict (ck_id) do update set ck_class = excluded.ck_class, ck_attr = excluded.ck_attr, cv_value = excluded.cv_value, ck_user = excluded.ck_user, ct_change = excluded.ct_change, cl_required = excluded.cl_required;
INSERT INTO s_mt.t_class_attr(ck_id, ck_class, ck_attr, cv_data_type_extra, cv_value, ck_user, ct_change, cl_required) VALUES ('4CAA18EABF83432A80EC40445AC89D82', '2BB74480D7E2455B97AED5B3A070FE35', 'type', null, 'THEME_COMBO', '4fd05ca9-3a9e-4d66-82df-886dfa082113', '2019-10-24T00:00:00.000+0000', 1)  on conflict (ck_id) do update set ck_class = excluded.ck_class, ck_attr = excluded.ck_attr, cv_value = excluded.cv_value, ck_user = excluded.ck_user, ct_change = excluded.ct_change, cl_required = excluded.cl_required;
select pkg_patcher.p_clear_attr('2BB74480D7E2455B97AED5B3A070FE35'::varchar, '["getmastervalue","idproperty","setrecordtoglobal","type"]'::jsonb);
INSERT INTO s_mt.t_class(ck_id, cv_name, cv_description, cv_manual_documentation, cv_auto_documentation, cl_final, cl_dataset, ck_user, ct_change) VALUES ('BA125F895507411E8730C07D3AD26A3A', 'Tool Bar Panel', 'Контейнер меню', null, null, 1, 0, '4fd05ca9-3a9e-4d66-82df-886dfa082113', '2019-10-03T00:00:00.000+0000')  on conflict (ck_id) do update set cv_name = excluded.cv_name, cv_description = excluded.cv_description, cv_manual_documentation = excluded.cv_manual_documentation, cv_auto_documentation = excluded.cv_auto_documentation, cl_final = excluded.cl_final, cl_dataset = excluded.cl_dataset, ck_user = excluded.ck_user, ct_change = excluded.ct_change;
INSERT INTO s_mt.t_class_attr(ck_id, ck_class, ck_attr, cv_data_type_extra, cv_value, ck_user, ct_change, cl_required) VALUES ('5701E05269AD4814AA89830500C9FB41', 'BA125F895507411E8730C07D3AD26A3A', 'align', null, 'left', '4fd05ca9-3a9e-4d66-82df-886dfa082113', '2019-12-13T00:00:00.000+0000', 0)  on conflict (ck_id) do update set ck_class = excluded.ck_class, ck_attr = excluded.ck_attr, cv_value = excluded.cv_value, ck_user = excluded.ck_user, ct_change = excluded.ct_change, cl_required = excluded.cl_required;
INSERT INTO s_mt.t_class_attr(ck_id, ck_class, ck_attr, cv_data_type_extra, cv_value, ck_user, ct_change, cl_required) VALUES ('0A71556DD08146C496C07ED8E2375751', 'BA125F895507411E8730C07D3AD26A3A', 'childs', null, null, '4fd05ca9-3a9e-4d66-82df-886dfa082113', '2019-10-03T00:00:00.000+0000', 0)  on conflict (ck_id) do update set ck_class = excluded.ck_class, ck_attr = excluded.ck_attr, cv_value = excluded.cv_value, ck_user = excluded.ck_user, ct_change = excluded.ct_change, cl_required = excluded.cl_required;
INSERT INTO s_mt.t_class_attr(ck_id, ck_class, ck_attr, cv_data_type_extra, cv_value, ck_user, ct_change, cl_required) VALUES ('76C3C787FB4340B68606E3BD6DEC6E64', 'BA125F895507411E8730C07D3AD26A3A', 'contentview', null, 'hbox', '4fd05ca9-3a9e-4d66-82df-886dfa082113', '2019-10-03T00:00:00.000+0000', 0)  on conflict (ck_id) do update set ck_class = excluded.ck_class, ck_attr = excluded.ck_attr, cv_value = excluded.cv_value, ck_user = excluded.ck_user, ct_change = excluded.ct_change, cl_required = excluded.cl_required;
INSERT INTO s_mt.t_class_attr(ck_id, ck_class, ck_attr, cv_data_type_extra, cv_value, ck_user, ct_change, cl_required) VALUES ('F735AFB542F74B408F52A184AA470E3E', 'BA125F895507411E8730C07D3AD26A3A', 'height', null, null, '4fd05ca9-3a9e-4d66-82df-886dfa082113', '2019-10-03T00:00:00.000+0000', 0)  on conflict (ck_id) do update set ck_class = excluded.ck_class, ck_attr = excluded.ck_attr, cv_value = excluded.cv_value, ck_user = excluded.ck_user, ct_change = excluded.ct_change, cl_required = excluded.cl_required;
INSERT INTO s_mt.t_class_attr(ck_id, ck_class, ck_attr, cv_data_type_extra, cv_value, ck_user, ct_change, cl_required) VALUES ('E103BDD26D2E46EDAD4EE0FBD0949464', 'BA125F895507411E8730C07D3AD26A3A', 'type', null, 'TOOL_BAR', '4fd05ca9-3a9e-4d66-82df-886dfa082113', '2019-10-04T00:00:00.000+0000', 0)  on conflict (ck_id) do update set ck_class = excluded.ck_class, ck_attr = excluded.ck_attr, cv_value = excluded.cv_value, ck_user = excluded.ck_user, ct_change = excluded.ct_change, cl_required = excluded.cl_required;
INSERT INTO s_mt.t_class_attr(ck_id, ck_class, ck_attr, cv_data_type_extra, cv_value, ck_user, ct_change, cl_required) VALUES ('5DD8186E3533490F8D377FFE1BD264AB', 'BA125F895507411E8730C07D3AD26A3A', 'width', null, null, '4fd05ca9-3a9e-4d66-82df-886dfa082113', '2019-10-03T00:00:00.000+0000', 0)  on conflict (ck_id) do update set ck_class = excluded.ck_class, ck_attr = excluded.ck_attr, cv_value = excluded.cv_value, ck_user = excluded.ck_user, ct_change = excluded.ct_change, cl_required = excluded.cl_required;
select pkg_patcher.p_clear_attr('BA125F895507411E8730C07D3AD26A3A'::varchar, '["align","childs","contentview","height","type","width"]'::jsonb);
INSERT INTO s_mt.t_class(ck_id, cv_name, cv_description, cv_manual_documentation, cv_auto_documentation, cl_final, cl_dataset, ck_user, ct_change) VALUES ('32', 'Window', 'Окно', null, null, 0, 0, '20848', '2019-08-18T00:00:00.000+0000')  on conflict (ck_id) do update set cv_name = excluded.cv_name, cv_description = excluded.cv_description, cv_manual_documentation = excluded.cv_manual_documentation, cv_auto_documentation = excluded.cv_auto_documentation, cl_final = excluded.cl_final, cl_dataset = excluded.cl_dataset, ck_user = excluded.ck_user, ct_change = excluded.ct_change;
INSERT INTO s_mt.t_class_attr(ck_id, ck_class, ck_attr, cv_data_type_extra, cv_value, ck_user, ct_change, cl_required) VALUES ('132', '32', 'bottombtn', null, null, '10020785', '2018-07-09T00:00:00.000+0000', 0)  on conflict (ck_id) do update set ck_class = excluded.ck_class, ck_attr = excluded.ck_attr, cv_value = excluded.cv_value, ck_user = excluded.ck_user, ct_change = excluded.ct_change, cl_required = excluded.cl_required;
INSERT INTO s_mt.t_class_attr(ck_id, ck_class, ck_attr, cv_data_type_extra, cv_value, ck_user, ct_change, cl_required) VALUES ('18169', '32', 'checkaddmore', null, null, '10020785', '2018-08-20T00:00:00.000+0000', 0)  on conflict (ck_id) do update set ck_class = excluded.ck_class, ck_attr = excluded.ck_attr, cv_value = excluded.cv_value, ck_user = excluded.ck_user, ct_change = excluded.ct_change, cl_required = excluded.cl_required;
INSERT INTO s_mt.t_class_attr(ck_id, ck_class, ck_attr, cv_data_type_extra, cv_value, ck_user, ct_change, cl_required) VALUES ('138', '32', 'childs', null, null, '10020785', '2018-07-09T00:00:00.000+0000', 0)  on conflict (ck_id) do update set ck_class = excluded.ck_class, ck_attr = excluded.ck_attr, cv_value = excluded.cv_value, ck_user = excluded.ck_user, ct_change = excluded.ct_change, cl_required = excluded.cl_required;
INSERT INTO s_mt.t_class_attr(ck_id, ck_class, ck_attr, cv_data_type_extra, cv_value, ck_user, ct_change, cl_required) VALUES ('1029', '32', 'ckwindow', null, null, '10020785', '2018-07-09T00:00:00.000+0000', 0)  on conflict (ck_id) do update set ck_class = excluded.ck_class, ck_attr = excluded.ck_attr, cv_value = excluded.cv_value, ck_user = excluded.ck_user, ct_change = excluded.ct_change, cl_required = excluded.cl_required;
INSERT INTO s_mt.t_class_attr(ck_id, ck_class, ck_attr, cv_data_type_extra, cv_value, ck_user, ct_change, cl_required) VALUES ('1969', '32', 'collectionvalues', null, 'object', '10020785', '2018-07-09T00:00:00.000+0000', 0)  on conflict (ck_id) do update set ck_class = excluded.ck_class, ck_attr = excluded.ck_attr, cv_value = excluded.cv_value, ck_user = excluded.ck_user, ct_change = excluded.ct_change, cl_required = excluded.cl_required;
INSERT INTO s_mt.t_class_attr(ck_id, ck_class, ck_attr, cv_data_type_extra, cv_value, ck_user, ct_change, cl_required) VALUES ('66ED889D917044D095AB3BD8B7376CE6', '32', 'datatype', null, 'WINDOW', '4fd05ca9-3a9e-4d66-82df-886dfa082113', '2019-10-17T00:00:00.000+0000', 0)  on conflict (ck_id) do update set ck_class = excluded.ck_class, ck_attr = excluded.ck_attr, cv_value = excluded.cv_value, ck_user = excluded.ck_user, ct_change = excluded.ct_change, cl_required = excluded.cl_required;
INSERT INTO s_mt.t_class_attr(ck_id, ck_class, ck_attr, cv_data_type_extra, cv_value, ck_user, ct_change, cl_required) VALUES ('1620', '32', 'height', null, null, '10020785', '2018-09-12T00:00:00.000+0000', 0)  on conflict (ck_id) do update set ck_class = excluded.ck_class, ck_attr = excluded.ck_attr, cv_value = excluded.cv_value, ck_user = excluded.ck_user, ct_change = excluded.ct_change, cl_required = excluded.cl_required;
INSERT INTO s_mt.t_class_attr(ck_id, ck_class, ck_attr, cv_data_type_extra, cv_value, ck_user, ct_change, cl_required) VALUES ('1575', '32', 'maxheight', null, null, '10020785', '2018-09-12T00:00:00.000+0000', 0)  on conflict (ck_id) do update set ck_class = excluded.ck_class, ck_attr = excluded.ck_attr, cv_value = excluded.cv_value, ck_user = excluded.ck_user, ct_change = excluded.ct_change, cl_required = excluded.cl_required;
INSERT INTO s_mt.t_class_attr(ck_id, ck_class, ck_attr, cv_data_type_extra, cv_value, ck_user, ct_change, cl_required) VALUES ('1530', '32', 'minheight', null, null, '10020785', '2018-09-12T00:00:00.000+0000', 0)  on conflict (ck_id) do update set ck_class = excluded.ck_class, ck_attr = excluded.ck_attr, cv_value = excluded.cv_value, ck_user = excluded.ck_user, ct_change = excluded.ct_change, cl_required = excluded.cl_required;
INSERT INTO s_mt.t_class_attr(ck_id, ck_class, ck_attr, cv_data_type_extra, cv_value, ck_user, ct_change, cl_required) VALUES ('130', '32', 'type', null, 'WIN', '10020785', '2018-07-09T00:00:00.000+0000', 1)  on conflict (ck_id) do update set ck_class = excluded.ck_class, ck_attr = excluded.ck_attr, cv_value = excluded.cv_value, ck_user = excluded.ck_user, ct_change = excluded.ct_change, cl_required = excluded.cl_required;
INSERT INTO s_mt.t_class_attr(ck_id, ck_class, ck_attr, cv_data_type_extra, cv_value, ck_user, ct_change, cl_required) VALUES ('146', '32', 'wintype', null, 'default', '10020785', '2018-07-09T00:00:00.000+0000', 0)  on conflict (ck_id) do update set ck_class = excluded.ck_class, ck_attr = excluded.ck_attr, cv_value = excluded.cv_value, ck_user = excluded.ck_user, ct_change = excluded.ct_change, cl_required = excluded.cl_required;
select pkg_patcher.p_clear_attr('32'::varchar, '["bottombtn","checkaddmore","childs","ckwindow","collectionvalues","datatype","height","maxheight","minheight","type","wintype"]'::jsonb);
INSERT INTO s_mt.t_class(ck_id, cv_name, cv_description, cv_manual_documentation, cv_auto_documentation, cl_final, cl_dataset, ck_user, ct_change) VALUES ('DF451F5CC0A54F8791C4DFAC12DAE42E', 'Window Drawer', 'Окно для открытия слева / справа в виде drawer', null, null, 0, 0, '4fd05ca9-3a9e-4d66-82df-886dfa082113', '2019-10-24T00:00:00.000+0000')  on conflict (ck_id) do update set cv_name = excluded.cv_name, cv_description = excluded.cv_description, cv_manual_documentation = excluded.cv_manual_documentation, cv_auto_documentation = excluded.cv_auto_documentation, cl_final = excluded.cl_final, cl_dataset = excluded.cl_dataset, ck_user = excluded.ck_user, ct_change = excluded.ct_change;
INSERT INTO s_mt.t_class_attr(ck_id, ck_class, ck_attr, cv_data_type_extra, cv_value, ck_user, ct_change, cl_required) VALUES ('FF9AC3D8E746481687532056DAB095AB', 'DF451F5CC0A54F8791C4DFAC12DAE42E', 'align', null, 'left', '4fd05ca9-3a9e-4d66-82df-886dfa082113', '2019-10-17T00:00:00.000+0000', 0)  on conflict (ck_id) do update set ck_class = excluded.ck_class, ck_attr = excluded.ck_attr, cv_value = excluded.cv_value, ck_user = excluded.ck_user, ct_change = excluded.ct_change, cl_required = excluded.cl_required;
INSERT INTO s_mt.t_class_attr(ck_id, ck_class, ck_attr, cv_data_type_extra, cv_value, ck_user, ct_change, cl_required) VALUES ('E2D0A96506384965A7B2666E5D2D1970', 'DF451F5CC0A54F8791C4DFAC12DAE42E', 'childs', null, null, '4fd05ca9-3a9e-4d66-82df-886dfa082113', '2019-10-21T00:00:00.000+0000', 0)  on conflict (ck_id) do update set ck_class = excluded.ck_class, ck_attr = excluded.ck_attr, cv_value = excluded.cv_value, ck_user = excluded.ck_user, ct_change = excluded.ct_change, cl_required = excluded.cl_required;
INSERT INTO s_mt.t_class_attr(ck_id, ck_class, ck_attr, cv_data_type_extra, cv_value, ck_user, ct_change, cl_required) VALUES ('EC07783AE2E8459EBE2E6772E439D782', 'DF451F5CC0A54F8791C4DFAC12DAE42E', 'ckwindow', null, null, '4fd05ca9-3a9e-4d66-82df-886dfa082113', '2019-10-17T00:00:00.000+0000', 0)  on conflict (ck_id) do update set ck_class = excluded.ck_class, ck_attr = excluded.ck_attr, cv_value = excluded.cv_value, ck_user = excluded.ck_user, ct_change = excluded.ct_change, cl_required = excluded.cl_required;
INSERT INTO s_mt.t_class_attr(ck_id, ck_class, ck_attr, cv_data_type_extra, cv_value, ck_user, ct_change, cl_required) VALUES ('FA27F0B951484FC881332EE953424E81', 'DF451F5CC0A54F8791C4DFAC12DAE42E', 'datatype', null, 'DRAWER', '4fd05ca9-3a9e-4d66-82df-886dfa082113', '2019-10-17T00:00:00.000+0000', 0)  on conflict (ck_id) do update set ck_class = excluded.ck_class, ck_attr = excluded.ck_attr, cv_value = excluded.cv_value, ck_user = excluded.ck_user, ct_change = excluded.ct_change, cl_required = excluded.cl_required;
INSERT INTO s_mt.t_class_attr(ck_id, ck_class, ck_attr, cv_data_type_extra, cv_value, ck_user, ct_change, cl_required) VALUES ('6145FC24CDCD49EE97C24B1A7AF17C19', 'DF451F5CC0A54F8791C4DFAC12DAE42E', 'height', null, '100%', '4fd05ca9-3a9e-4d66-82df-886dfa082113', '2019-10-17T00:00:00.000+0000', 0)  on conflict (ck_id) do update set ck_class = excluded.ck_class, ck_attr = excluded.ck_attr, cv_value = excluded.cv_value, ck_user = excluded.ck_user, ct_change = excluded.ct_change, cl_required = excluded.cl_required;
INSERT INTO s_mt.t_class_attr(ck_id, ck_class, ck_attr, cv_data_type_extra, cv_value, ck_user, ct_change, cl_required) VALUES ('864DA76926E944B58A1B903B1B5B6665', 'DF451F5CC0A54F8791C4DFAC12DAE42E', 'top', null, '45', '4fd05ca9-3a9e-4d66-82df-886dfa082113', '2019-10-17T00:00:00.000+0000', 0)  on conflict (ck_id) do update set ck_class = excluded.ck_class, ck_attr = excluded.ck_attr, cv_value = excluded.cv_value, ck_user = excluded.ck_user, ct_change = excluded.ct_change, cl_required = excluded.cl_required;
INSERT INTO s_mt.t_class_attr(ck_id, ck_class, ck_attr, cv_data_type_extra, cv_value, ck_user, ct_change, cl_required) VALUES ('31077E6F519A404E8D5DECE99EF9D2C3', 'DF451F5CC0A54F8791C4DFAC12DAE42E', 'type', null, 'WIN', '4fd05ca9-3a9e-4d66-82df-886dfa082113', '2019-10-17T00:00:00.000+0000', 0)  on conflict (ck_id) do update set ck_class = excluded.ck_class, ck_attr = excluded.ck_attr, cv_value = excluded.cv_value, ck_user = excluded.ck_user, ct_change = excluded.ct_change, cl_required = excluded.cl_required;
INSERT INTO s_mt.t_class_attr(ck_id, ck_class, ck_attr, cv_data_type_extra, cv_value, ck_user, ct_change, cl_required) VALUES ('8FFBC8F0C42E4CC2A108DE0AABD1A5A3', 'DF451F5CC0A54F8791C4DFAC12DAE42E', 'width', null, '30%', '4fd05ca9-3a9e-4d66-82df-886dfa082113', '2019-10-17T00:00:00.000+0000', 0)  on conflict (ck_id) do update set ck_class = excluded.ck_class, ck_attr = excluded.ck_attr, cv_value = excluded.cv_value, ck_user = excluded.ck_user, ct_change = excluded.ct_change, cl_required = excluded.cl_required;
select pkg_patcher.p_clear_attr('DF451F5CC0A54F8791C4DFAC12DAE42E'::varchar, '["align","childs","ckwindow","datatype","height","top","type","width"]'::jsonb);
INSERT INTO s_mt.t_class_hierarchy(ck_id, ck_class_parent, ck_class_child, ck_class_attr, ck_user, ct_change) VALUES ('1', '8', '9', '8', '-11', '2018-02-22T00:00:00.000+0000')  on conflict on constraint cin_c_class_hierarchy_1 do update set ck_class_parent = excluded.ck_class_parent, ck_class_child = excluded.ck_class_child, ck_class_attr = excluded.ck_class_attr, ck_user = excluded.ck_user, ct_change = excluded.ct_change;
INSERT INTO s_mt.t_class_hierarchy(ck_id, ck_class_parent, ck_class_child, ck_class_attr, ck_user, ct_change) VALUES ('10', '18', '9', '27', '-11', '2018-02-22T00:00:00.000+0000')  on conflict on constraint cin_c_class_hierarchy_1 do update set ck_class_parent = excluded.ck_class_parent, ck_class_child = excluded.ck_class_child, ck_class_attr = excluded.ck_class_attr, ck_user = excluded.ck_user, ct_change = excluded.ct_change;
INSERT INTO s_mt.t_class_hierarchy(ck_id, ck_class_parent, ck_class_child, ck_class_attr, ck_user, ct_change) VALUES ('105', '18', '57', '27', '-11', '2018-02-22T00:00:00.000+0000')  on conflict on constraint cin_c_class_hierarchy_1 do update set ck_class_parent = excluded.ck_class_parent, ck_class_child = excluded.ck_class_child, ck_class_attr = excluded.ck_class_attr, ck_user = excluded.ck_user, ct_change = excluded.ct_change;
INSERT INTO s_mt.t_class_hierarchy(ck_id, ck_class_parent, ck_class_child, ck_class_attr, ck_user, ct_change) VALUES ('106', '8', '57', '8', '-11', '2018-02-22T00:00:00.000+0000')  on conflict on constraint cin_c_class_hierarchy_1 do update set ck_class_parent = excluded.ck_class_parent, ck_class_child = excluded.ck_class_child, ck_class_attr = excluded.ck_class_attr, ck_user = excluded.ck_user, ct_change = excluded.ct_change;
INSERT INTO s_mt.t_class_hierarchy(ck_id, ck_class_parent, ck_class_child, ck_class_attr, ck_user, ct_change) VALUES ('107', '38', '57', '306', '-11', '2018-02-22T00:00:00.000+0000')  on conflict on constraint cin_c_class_hierarchy_1 do update set ck_class_parent = excluded.ck_class_parent, ck_class_child = excluded.ck_class_child, ck_class_attr = excluded.ck_class_attr, ck_user = excluded.ck_user, ct_change = excluded.ct_change;
INSERT INTO s_mt.t_class_hierarchy(ck_id, ck_class_parent, ck_class_child, ck_class_attr, ck_user, ct_change) VALUES ('108', '58', '29', '382', '-11', '2018-02-22T00:00:00.000+0000')  on conflict on constraint cin_c_class_hierarchy_1 do update set ck_class_parent = excluded.ck_class_parent, ck_class_child = excluded.ck_class_child, ck_class_attr = excluded.ck_class_attr, ck_user = excluded.ck_user, ct_change = excluded.ct_change;
INSERT INTO s_mt.t_class_hierarchy(ck_id, ck_class_parent, ck_class_child, ck_class_attr, ck_user, ct_change) VALUES ('109', '58', '31', '382', '-11', '2018-02-22T00:00:00.000+0000')  on conflict on constraint cin_c_class_hierarchy_1 do update set ck_class_parent = excluded.ck_class_parent, ck_class_child = excluded.ck_class_child, ck_class_attr = excluded.ck_class_attr, ck_user = excluded.ck_user, ct_change = excluded.ct_change;
INSERT INTO s_mt.t_class_hierarchy(ck_id, ck_class_parent, ck_class_child, ck_class_attr, ck_user, ct_change) VALUES ('11', '8', '19', '30', '-11', '2018-02-22T00:00:00.000+0000')  on conflict on constraint cin_c_class_hierarchy_1 do update set ck_class_parent = excluded.ck_class_parent, ck_class_child = excluded.ck_class_child, ck_class_attr = excluded.ck_class_attr, ck_user = excluded.ck_user, ct_change = excluded.ct_change;
INSERT INTO s_mt.t_class_hierarchy(ck_id, ck_class_parent, ck_class_child, ck_class_attr, ck_user, ct_change) VALUES ('110', '58', '30', '382', '-11', '2018-02-22T00:00:00.000+0000')  on conflict on constraint cin_c_class_hierarchy_1 do update set ck_class_parent = excluded.ck_class_parent, ck_class_child = excluded.ck_class_child, ck_class_attr = excluded.ck_class_attr, ck_user = excluded.ck_user, ct_change = excluded.ct_change;
INSERT INTO s_mt.t_class_hierarchy(ck_id, ck_class_parent, ck_class_child, ck_class_attr, ck_user, ct_change) VALUES ('111', '58', '38', '382', '-11', '2018-02-22T00:00:00.000+0000')  on conflict on constraint cin_c_class_hierarchy_1 do update set ck_class_parent = excluded.ck_class_parent, ck_class_child = excluded.ck_class_child, ck_class_attr = excluded.ck_class_attr, ck_user = excluded.ck_user, ct_change = excluded.ct_change;
INSERT INTO s_mt.t_class_hierarchy(ck_id, ck_class_parent, ck_class_child, ck_class_attr, ck_user, ct_change) VALUES ('112', '58', '27', '382', '-11', '2018-02-22T00:00:00.000+0000')  on conflict on constraint cin_c_class_hierarchy_1 do update set ck_class_parent = excluded.ck_class_parent, ck_class_child = excluded.ck_class_child, ck_class_attr = excluded.ck_class_attr, ck_user = excluded.ck_user, ct_change = excluded.ct_change;
INSERT INTO s_mt.t_class_hierarchy(ck_id, ck_class_parent, ck_class_child, ck_class_attr, ck_user, ct_change) VALUES ('113', '58', '28', '382', '-11', '2018-02-22T00:00:00.000+0000')  on conflict on constraint cin_c_class_hierarchy_1 do update set ck_class_parent = excluded.ck_class_parent, ck_class_child = excluded.ck_class_child, ck_class_attr = excluded.ck_class_attr, ck_user = excluded.ck_user, ct_change = excluded.ct_change;
INSERT INTO s_mt.t_class_hierarchy(ck_id, ck_class_parent, ck_class_child, ck_class_attr, ck_user, ct_change) VALUES ('114', '58', '37', '382', '-11', '2018-02-22T00:00:00.000+0000')  on conflict on constraint cin_c_class_hierarchy_1 do update set ck_class_parent = excluded.ck_class_parent, ck_class_child = excluded.ck_class_child, ck_class_attr = excluded.ck_class_attr, ck_user = excluded.ck_user, ct_change = excluded.ct_change;
INSERT INTO s_mt.t_class_hierarchy(ck_id, ck_class_parent, ck_class_child, ck_class_attr, ck_user, ct_change) VALUES ('115', '58', '26', '382', '-11', '2018-02-22T00:00:00.000+0000')  on conflict on constraint cin_c_class_hierarchy_1 do update set ck_class_parent = excluded.ck_class_parent, ck_class_child = excluded.ck_class_child, ck_class_attr = excluded.ck_class_attr, ck_user = excluded.ck_user, ct_change = excluded.ct_change;
INSERT INTO s_mt.t_class_hierarchy(ck_id, ck_class_parent, ck_class_child, ck_class_attr, ck_user, ct_change) VALUES ('116', '8', '58', '391', '-11', '2018-02-22T00:00:00.000+0000')  on conflict on constraint cin_c_class_hierarchy_1 do update set ck_class_parent = excluded.ck_class_parent, ck_class_child = excluded.ck_class_child, ck_class_attr = excluded.ck_class_attr, ck_user = excluded.ck_user, ct_change = excluded.ct_change;
INSERT INTO s_mt.t_class_hierarchy(ck_id, ck_class_parent, ck_class_child, ck_class_attr, ck_user, ct_change) VALUES ('117', '18', '58', '392', '-11', '2018-02-22T00:00:00.000+0000')  on conflict on constraint cin_c_class_hierarchy_1 do update set ck_class_parent = excluded.ck_class_parent, ck_class_child = excluded.ck_class_child, ck_class_attr = excluded.ck_class_attr, ck_user = excluded.ck_user, ct_change = excluded.ct_change;
INSERT INTO s_mt.t_class_hierarchy(ck_id, ck_class_parent, ck_class_child, ck_class_attr, ck_user, ct_change) VALUES ('125', '9', '38', '39', '-11', '2018-02-22T00:00:00.000+0000')  on conflict on constraint cin_c_class_hierarchy_1 do update set ck_class_parent = excluded.ck_class_parent, ck_class_child = excluded.ck_class_child, ck_class_attr = excluded.ck_class_attr, ck_user = excluded.ck_user, ct_change = excluded.ct_change;
INSERT INTO s_mt.t_class_hierarchy(ck_id, ck_class_parent, ck_class_child, ck_class_attr, ck_user, ct_change) VALUES ('126', '9', '37', '39', '-11', '2018-02-22T00:00:00.000+0000')  on conflict on constraint cin_c_class_hierarchy_1 do update set ck_class_parent = excluded.ck_class_parent, ck_class_child = excluded.ck_class_child, ck_class_attr = excluded.ck_class_attr, ck_user = excluded.ck_user, ct_change = excluded.ct_change;
INSERT INTO s_mt.t_class_hierarchy(ck_id, ck_class_parent, ck_class_child, ck_class_attr, ck_user, ct_change) VALUES ('127', '8', '77', '8', '-11', '2018-02-22T00:00:00.000+0000')  on conflict on constraint cin_c_class_hierarchy_1 do update set ck_class_parent = excluded.ck_class_parent, ck_class_child = excluded.ck_class_child, ck_class_attr = excluded.ck_class_attr, ck_user = excluded.ck_user, ct_change = excluded.ct_change;
INSERT INTO s_mt.t_class_hierarchy(ck_id, ck_class_parent, ck_class_child, ck_class_attr, ck_user, ct_change) VALUES ('128', '18', '77', '27', '-11', '2018-02-22T00:00:00.000+0000')  on conflict on constraint cin_c_class_hierarchy_1 do update set ck_class_parent = excluded.ck_class_parent, ck_class_child = excluded.ck_class_child, ck_class_attr = excluded.ck_class_attr, ck_user = excluded.ck_user, ct_change = excluded.ct_change;
INSERT INTO s_mt.t_class_hierarchy(ck_id, ck_class_parent, ck_class_child, ck_class_attr, ck_user, ct_change) VALUES ('129', '38', '77', '306', '-11', '2018-02-22T00:00:00.000+0000')  on conflict on constraint cin_c_class_hierarchy_1 do update set ck_class_parent = excluded.ck_class_parent, ck_class_child = excluded.ck_class_child, ck_class_attr = excluded.ck_class_attr, ck_user = excluded.ck_user, ct_change = excluded.ct_change;
INSERT INTO s_mt.t_class_hierarchy(ck_id, ck_class_parent, ck_class_child, ck_class_attr, ck_user, ct_change) VALUES ('13', '18', '19', '31', '-11', '2018-02-22T00:00:00.000+0000')  on conflict on constraint cin_c_class_hierarchy_1 do update set ck_class_parent = excluded.ck_class_parent, ck_class_child = excluded.ck_class_child, ck_class_attr = excluded.ck_class_attr, ck_user = excluded.ck_user, ct_change = excluded.ct_change;
INSERT INTO s_mt.t_class_hierarchy(ck_id, ck_class_parent, ck_class_child, ck_class_attr, ck_user, ct_change) VALUES ('130', '37', '77', '270', '-11', '2018-02-22T00:00:00.000+0000')  on conflict on constraint cin_c_class_hierarchy_1 do update set ck_class_parent = excluded.ck_class_parent, ck_class_child = excluded.ck_class_child, ck_class_attr = excluded.ck_class_attr, ck_user = excluded.ck_user, ct_change = excluded.ct_change;
INSERT INTO s_mt.t_class_hierarchy(ck_id, ck_class_parent, ck_class_child, ck_class_attr, ck_user, ct_change) VALUES ('131', '37', '11', '270', '-11', '2018-02-22T00:00:00.000+0000')  on conflict on constraint cin_c_class_hierarchy_1 do update set ck_class_parent = excluded.ck_class_parent, ck_class_child = excluded.ck_class_child, ck_class_attr = excluded.ck_class_attr, ck_user = excluded.ck_user, ct_change = excluded.ct_change;
INSERT INTO s_mt.t_class_hierarchy(ck_id, ck_class_parent, ck_class_child, ck_class_attr, ck_user, ct_change) VALUES ('132', '38', '36', '306', '-11', '2018-02-22T00:00:00.000+0000')  on conflict on constraint cin_c_class_hierarchy_1 do update set ck_class_parent = excluded.ck_class_parent, ck_class_child = excluded.ck_class_child, ck_class_attr = excluded.ck_class_attr, ck_user = excluded.ck_user, ct_change = excluded.ct_change;
INSERT INTO s_mt.t_class_hierarchy(ck_id, ck_class_parent, ck_class_child, ck_class_attr, ck_user, ct_change) VALUES ('133', '37', '36', '270', '-11', '2018-02-22T00:00:00.000+0000')  on conflict on constraint cin_c_class_hierarchy_1 do update set ck_class_parent = excluded.ck_class_parent, ck_class_child = excluded.ck_class_child, ck_class_attr = excluded.ck_class_attr, ck_user = excluded.ck_user, ct_change = excluded.ct_change;
INSERT INTO s_mt.t_class_hierarchy(ck_id, ck_class_parent, ck_class_child, ck_class_attr, ck_user, ct_change) VALUES ('145', '32', '97', '138', '-11', '2018-02-22T00:00:00.000+0000')  on conflict on constraint cin_c_class_hierarchy_1 do update set ck_class_parent = excluded.ck_class_parent, ck_class_child = excluded.ck_class_child, ck_class_attr = excluded.ck_class_attr, ck_user = excluded.ck_user, ct_change = excluded.ct_change;
INSERT INTO s_mt.t_class_hierarchy(ck_id, ck_class_parent, ck_class_child, ck_class_attr, ck_user, ct_change) VALUES ('146', '58', '97', '382', '-11', '2018-02-22T00:00:00.000+0000')  on conflict on constraint cin_c_class_hierarchy_1 do update set ck_class_parent = excluded.ck_class_parent, ck_class_child = excluded.ck_class_child, ck_class_attr = excluded.ck_class_attr, ck_user = excluded.ck_user, ct_change = excluded.ct_change;
INSERT INTO s_mt.t_class_hierarchy(ck_id, ck_class_parent, ck_class_child, ck_class_attr, ck_user, ct_change) VALUES ('147', '37', '58', '519', '-11', '2018-02-22T00:00:00.000+0000')  on conflict on constraint cin_c_class_hierarchy_1 do update set ck_class_parent = excluded.ck_class_parent, ck_class_child = excluded.ck_class_child, ck_class_attr = excluded.ck_class_attr, ck_user = excluded.ck_user, ct_change = excluded.ct_change;
INSERT INTO s_mt.t_class_hierarchy(ck_id, ck_class_parent, ck_class_child, ck_class_attr, ck_user, ct_change) VALUES ('148', '38', '58', '520', '-11', '2018-02-22T00:00:00.000+0000')  on conflict on constraint cin_c_class_hierarchy_1 do update set ck_class_parent = excluded.ck_class_parent, ck_class_child = excluded.ck_class_child, ck_class_attr = excluded.ck_class_attr, ck_user = excluded.ck_user, ct_change = excluded.ct_change;
INSERT INTO s_mt.t_class_hierarchy(ck_id, ck_class_parent, ck_class_child, ck_class_attr, ck_user, ct_change) VALUES ('149', '17', '26', '524', '-11', '2018-02-22T00:00:00.000+0000')  on conflict on constraint cin_c_class_hierarchy_1 do update set ck_class_parent = excluded.ck_class_parent, ck_class_child = excluded.ck_class_child, ck_class_attr = excluded.ck_class_attr, ck_user = excluded.ck_user, ct_change = excluded.ct_change;
INSERT INTO s_mt.t_class_hierarchy(ck_id, ck_class_parent, ck_class_child, ck_class_attr, ck_user, ct_change) VALUES ('150', '17', '37', '524', '-11', '2018-02-22T00:00:00.000+0000')  on conflict on constraint cin_c_class_hierarchy_1 do update set ck_class_parent = excluded.ck_class_parent, ck_class_child = excluded.ck_class_child, ck_class_attr = excluded.ck_class_attr, ck_user = excluded.ck_user, ct_change = excluded.ct_change;
INSERT INTO s_mt.t_class_hierarchy(ck_id, ck_class_parent, ck_class_child, ck_class_attr, ck_user, ct_change) VALUES ('151', '17', '38', '524', '-11', '2018-02-22T00:00:00.000+0000')  on conflict on constraint cin_c_class_hierarchy_1 do update set ck_class_parent = excluded.ck_class_parent, ck_class_child = excluded.ck_class_child, ck_class_attr = excluded.ck_class_attr, ck_user = excluded.ck_user, ct_change = excluded.ct_change;
INSERT INTO s_mt.t_class_hierarchy(ck_id, ck_class_parent, ck_class_child, ck_class_attr, ck_user, ct_change) VALUES ('197', '137', '19', '619', '-11', '2018-02-22T00:00:00.000+0000')  on conflict on constraint cin_c_class_hierarchy_1 do update set ck_class_parent = excluded.ck_class_parent, ck_class_child = excluded.ck_class_child, ck_class_attr = excluded.ck_class_attr, ck_user = excluded.ck_user, ct_change = excluded.ct_change;
INSERT INTO s_mt.t_class_hierarchy(ck_id, ck_class_parent, ck_class_child, ck_class_attr, ck_user, ct_change) VALUES ('2', '8', '10', '8', '-11', '2018-02-22T00:00:00.000+0000')  on conflict on constraint cin_c_class_hierarchy_1 do update set ck_class_parent = excluded.ck_class_parent, ck_class_child = excluded.ck_class_child, ck_class_attr = excluded.ck_class_attr, ck_user = excluded.ck_user, ct_change = excluded.ct_change;
INSERT INTO s_mt.t_class_hierarchy(ck_id, ck_class_parent, ck_class_child, ck_class_attr, ck_user, ct_change) VALUES ('202', '137', '1', '621', '-11', '2018-02-22T00:00:00.000+0000')  on conflict on constraint cin_c_class_hierarchy_1 do update set ck_class_parent = excluded.ck_class_parent, ck_class_child = excluded.ck_class_child, ck_class_attr = excluded.ck_class_attr, ck_user = excluded.ck_user, ct_change = excluded.ct_change;
INSERT INTO s_mt.t_class_hierarchy(ck_id, ck_class_parent, ck_class_child, ck_class_attr, ck_user, ct_change) VALUES ('203', '137', '8', '621', '-11', '2018-02-22T00:00:00.000+0000')  on conflict on constraint cin_c_class_hierarchy_1 do update set ck_class_parent = excluded.ck_class_parent, ck_class_child = excluded.ck_class_child, ck_class_attr = excluded.ck_class_attr, ck_user = excluded.ck_user, ct_change = excluded.ct_change;
INSERT INTO s_mt.t_class_hierarchy(ck_id, ck_class_parent, ck_class_child, ck_class_attr, ck_user, ct_change) VALUES ('204', '137', '18', '621', '-11', '2018-02-22T00:00:00.000+0000')  on conflict on constraint cin_c_class_hierarchy_1 do update set ck_class_parent = excluded.ck_class_parent, ck_class_child = excluded.ck_class_child, ck_class_attr = excluded.ck_class_attr, ck_user = excluded.ck_user, ct_change = excluded.ct_change;
INSERT INTO s_mt.t_class_hierarchy(ck_id, ck_class_parent, ck_class_child, ck_class_attr, ck_user, ct_change) VALUES ('205', '137', '35', '621', '-11', '2018-02-22T00:00:00.000+0000')  on conflict on constraint cin_c_class_hierarchy_1 do update set ck_class_parent = excluded.ck_class_parent, ck_class_child = excluded.ck_class_child, ck_class_attr = excluded.ck_class_attr, ck_user = excluded.ck_user, ct_change = excluded.ct_change;
INSERT INTO s_mt.t_class_hierarchy(ck_id, ck_class_parent, ck_class_child, ck_class_attr, ck_user, ct_change) VALUES ('206', '137', '29', '621', '-11', '2018-02-22T00:00:00.000+0000')  on conflict on constraint cin_c_class_hierarchy_1 do update set ck_class_parent = excluded.ck_class_parent, ck_class_child = excluded.ck_class_child, ck_class_attr = excluded.ck_class_attr, ck_user = excluded.ck_user, ct_change = excluded.ct_change;
INSERT INTO s_mt.t_class_hierarchy(ck_id, ck_class_parent, ck_class_child, ck_class_attr, ck_user, ct_change) VALUES ('207', '137', '31', '621', '-11', '2018-02-22T00:00:00.000+0000')  on conflict on constraint cin_c_class_hierarchy_1 do update set ck_class_parent = excluded.ck_class_parent, ck_class_child = excluded.ck_class_child, ck_class_attr = excluded.ck_class_attr, ck_user = excluded.ck_user, ct_change = excluded.ct_change;
INSERT INTO s_mt.t_class_hierarchy(ck_id, ck_class_parent, ck_class_child, ck_class_attr, ck_user, ct_change) VALUES ('208', '137', '30', '621', '-11', '2018-02-22T00:00:00.000+0000')  on conflict on constraint cin_c_class_hierarchy_1 do update set ck_class_parent = excluded.ck_class_parent, ck_class_child = excluded.ck_class_child, ck_class_attr = excluded.ck_class_attr, ck_user = excluded.ck_user, ct_change = excluded.ct_change;
INSERT INTO s_mt.t_class_hierarchy(ck_id, ck_class_parent, ck_class_child, ck_class_attr, ck_user, ct_change) VALUES ('209', '137', '38', '621', '-11', '2018-02-22T00:00:00.000+0000')  on conflict on constraint cin_c_class_hierarchy_1 do update set ck_class_parent = excluded.ck_class_parent, ck_class_child = excluded.ck_class_child, ck_class_attr = excluded.ck_class_attr, ck_user = excluded.ck_user, ct_change = excluded.ct_change;
INSERT INTO s_mt.t_class_hierarchy(ck_id, ck_class_parent, ck_class_child, ck_class_attr, ck_user, ct_change) VALUES ('210', '137', '33', '621', '-11', '2018-02-22T00:00:00.000+0000')  on conflict on constraint cin_c_class_hierarchy_1 do update set ck_class_parent = excluded.ck_class_parent, ck_class_child = excluded.ck_class_child, ck_class_attr = excluded.ck_class_attr, ck_user = excluded.ck_user, ct_change = excluded.ct_change;
INSERT INTO s_mt.t_class_hierarchy(ck_id, ck_class_parent, ck_class_child, ck_class_attr, ck_user, ct_change) VALUES ('211', '137', '27', '621', '-11', '2018-02-22T00:00:00.000+0000')  on conflict on constraint cin_c_class_hierarchy_1 do update set ck_class_parent = excluded.ck_class_parent, ck_class_child = excluded.ck_class_child, ck_class_attr = excluded.ck_class_attr, ck_user = excluded.ck_user, ct_change = excluded.ct_change;
INSERT INTO s_mt.t_class_hierarchy(ck_id, ck_class_parent, ck_class_child, ck_class_attr, ck_user, ct_change) VALUES ('212', '137', '28', '621', '-11', '2018-02-22T00:00:00.000+0000')  on conflict on constraint cin_c_class_hierarchy_1 do update set ck_class_parent = excluded.ck_class_parent, ck_class_child = excluded.ck_class_child, ck_class_attr = excluded.ck_class_attr, ck_user = excluded.ck_user, ct_change = excluded.ct_change;
INSERT INTO s_mt.t_class_hierarchy(ck_id, ck_class_parent, ck_class_child, ck_class_attr, ck_user, ct_change) VALUES ('213', '137', '97', '621', '-11', '2018-02-22T00:00:00.000+0000')  on conflict on constraint cin_c_class_hierarchy_1 do update set ck_class_parent = excluded.ck_class_parent, ck_class_child = excluded.ck_class_child, ck_class_attr = excluded.ck_class_attr, ck_user = excluded.ck_user, ct_change = excluded.ct_change;
INSERT INTO s_mt.t_class_hierarchy(ck_id, ck_class_parent, ck_class_child, ck_class_attr, ck_user, ct_change) VALUES ('214', '137', '26', '621', '-11', '2018-02-22T00:00:00.000+0000')  on conflict on constraint cin_c_class_hierarchy_1 do update set ck_class_parent = excluded.ck_class_parent, ck_class_child = excluded.ck_class_child, ck_class_attr = excluded.ck_class_attr, ck_user = excluded.ck_user, ct_change = excluded.ct_change;
INSERT INTO s_mt.t_class_hierarchy(ck_id, ck_class_parent, ck_class_child, ck_class_attr, ck_user, ct_change) VALUES ('215', '137', '37', '621', '-11', '2018-02-22T00:00:00.000+0000')  on conflict on constraint cin_c_class_hierarchy_1 do update set ck_class_parent = excluded.ck_class_parent, ck_class_child = excluded.ck_class_child, ck_class_attr = excluded.ck_class_attr, ck_user = excluded.ck_user, ct_change = excluded.ct_change;
INSERT INTO s_mt.t_class_hierarchy(ck_id, ck_class_parent, ck_class_child, ck_class_attr, ck_user, ct_change) VALUES ('216', '137', '137', '621', '-11', '2018-02-22T00:00:00.000+0000')  on conflict on constraint cin_c_class_hierarchy_1 do update set ck_class_parent = excluded.ck_class_parent, ck_class_child = excluded.ck_class_child, ck_class_attr = excluded.ck_class_attr, ck_user = excluded.ck_user, ct_change = excluded.ct_change;
INSERT INTO s_mt.t_class_hierarchy(ck_id, ck_class_parent, ck_class_child, ck_class_attr, ck_user, ct_change) VALUES ('217', '1', '1', '623', '-11', '2018-02-22T00:00:00.000+0000')  on conflict on constraint cin_c_class_hierarchy_1 do update set ck_class_parent = excluded.ck_class_parent, ck_class_child = excluded.ck_class_child, ck_class_attr = excluded.ck_class_attr, ck_user = excluded.ck_user, ct_change = excluded.ct_change;
INSERT INTO s_mt.t_class_hierarchy(ck_id, ck_class_parent, ck_class_child, ck_class_attr, ck_user, ct_change) VALUES ('218', '1', '137', '623', '-11', '2018-02-22T00:00:00.000+0000')  on conflict on constraint cin_c_class_hierarchy_1 do update set ck_class_parent = excluded.ck_class_parent, ck_class_child = excluded.ck_class_child, ck_class_attr = excluded.ck_class_attr, ck_user = excluded.ck_user, ct_change = excluded.ct_change;
INSERT INTO s_mt.t_class_hierarchy(ck_id, ck_class_parent, ck_class_child, ck_class_attr, ck_user, ct_change) VALUES ('219', '1', '35', '623', '-11', '2018-02-22T00:00:00.000+0000')  on conflict on constraint cin_c_class_hierarchy_1 do update set ck_class_parent = excluded.ck_class_parent, ck_class_child = excluded.ck_class_child, ck_class_attr = excluded.ck_class_attr, ck_user = excluded.ck_user, ct_change = excluded.ct_change;
INSERT INTO s_mt.t_class_hierarchy(ck_id, ck_class_parent, ck_class_child, ck_class_attr, ck_user, ct_change) VALUES ('220', '1', '8', '623', '-11', '2018-02-22T00:00:00.000+0000')  on conflict on constraint cin_c_class_hierarchy_1 do update set ck_class_parent = excluded.ck_class_parent, ck_class_child = excluded.ck_class_child, ck_class_attr = excluded.ck_class_attr, ck_user = excluded.ck_user, ct_change = excluded.ct_change;
INSERT INTO s_mt.t_class_hierarchy(ck_id, ck_class_parent, ck_class_child, ck_class_attr, ck_user, ct_change) VALUES ('221', '1', '18', '623', '-11', '2018-02-22T00:00:00.000+0000')  on conflict on constraint cin_c_class_hierarchy_1 do update set ck_class_parent = excluded.ck_class_parent, ck_class_child = excluded.ck_class_child, ck_class_attr = excluded.ck_class_attr, ck_user = excluded.ck_user, ct_change = excluded.ct_change;
INSERT INTO s_mt.t_class_hierarchy(ck_id, ck_class_parent, ck_class_child, ck_class_attr, ck_user, ct_change) VALUES ('222', '1', '29', '623', '-11', '2018-02-22T00:00:00.000+0000')  on conflict on constraint cin_c_class_hierarchy_1 do update set ck_class_parent = excluded.ck_class_parent, ck_class_child = excluded.ck_class_child, ck_class_attr = excluded.ck_class_attr, ck_user = excluded.ck_user, ct_change = excluded.ct_change;
INSERT INTO s_mt.t_class_hierarchy(ck_id, ck_class_parent, ck_class_child, ck_class_attr, ck_user, ct_change) VALUES ('223', '1', '31', '623', '-11', '2018-02-22T00:00:00.000+0000')  on conflict on constraint cin_c_class_hierarchy_1 do update set ck_class_parent = excluded.ck_class_parent, ck_class_child = excluded.ck_class_child, ck_class_attr = excluded.ck_class_attr, ck_user = excluded.ck_user, ct_change = excluded.ct_change;
INSERT INTO s_mt.t_class_hierarchy(ck_id, ck_class_parent, ck_class_child, ck_class_attr, ck_user, ct_change) VALUES ('224', '1', '30', '623', '-11', '2018-02-22T00:00:00.000+0000')  on conflict on constraint cin_c_class_hierarchy_1 do update set ck_class_parent = excluded.ck_class_parent, ck_class_child = excluded.ck_class_child, ck_class_attr = excluded.ck_class_attr, ck_user = excluded.ck_user, ct_change = excluded.ct_change;
INSERT INTO s_mt.t_class_hierarchy(ck_id, ck_class_parent, ck_class_child, ck_class_attr, ck_user, ct_change) VALUES ('225', '1', '38', '623', '-11', '2018-02-22T00:00:00.000+0000')  on conflict on constraint cin_c_class_hierarchy_1 do update set ck_class_parent = excluded.ck_class_parent, ck_class_child = excluded.ck_class_child, ck_class_attr = excluded.ck_class_attr, ck_user = excluded.ck_user, ct_change = excluded.ct_change;
INSERT INTO s_mt.t_class_hierarchy(ck_id, ck_class_parent, ck_class_child, ck_class_attr, ck_user, ct_change) VALUES ('226', '1', '33', '623', '-11', '2018-02-22T00:00:00.000+0000')  on conflict on constraint cin_c_class_hierarchy_1 do update set ck_class_parent = excluded.ck_class_parent, ck_class_child = excluded.ck_class_child, ck_class_attr = excluded.ck_class_attr, ck_user = excluded.ck_user, ct_change = excluded.ct_change;
INSERT INTO s_mt.t_class_hierarchy(ck_id, ck_class_parent, ck_class_child, ck_class_attr, ck_user, ct_change) VALUES ('227', '1', '27', '623', '-11', '2018-02-22T00:00:00.000+0000')  on conflict on constraint cin_c_class_hierarchy_1 do update set ck_class_parent = excluded.ck_class_parent, ck_class_child = excluded.ck_class_child, ck_class_attr = excluded.ck_class_attr, ck_user = excluded.ck_user, ct_change = excluded.ct_change;
INSERT INTO s_mt.t_class_hierarchy(ck_id, ck_class_parent, ck_class_child, ck_class_attr, ck_user, ct_change) VALUES ('228', '1', '28', '623', '-11', '2018-02-22T00:00:00.000+0000')  on conflict on constraint cin_c_class_hierarchy_1 do update set ck_class_parent = excluded.ck_class_parent, ck_class_child = excluded.ck_class_child, ck_class_attr = excluded.ck_class_attr, ck_user = excluded.ck_user, ct_change = excluded.ct_change;
INSERT INTO s_mt.t_class_hierarchy(ck_id, ck_class_parent, ck_class_child, ck_class_attr, ck_user, ct_change) VALUES ('229', '1', '97', '623', '-11', '2018-02-22T00:00:00.000+0000')  on conflict on constraint cin_c_class_hierarchy_1 do update set ck_class_parent = excluded.ck_class_parent, ck_class_child = excluded.ck_class_child, ck_class_attr = excluded.ck_class_attr, ck_user = excluded.ck_user, ct_change = excluded.ct_change;
INSERT INTO s_mt.t_class_hierarchy(ck_id, ck_class_parent, ck_class_child, ck_class_attr, ck_user, ct_change) VALUES ('230', '1', '26', '623', '-11', '2018-02-22T00:00:00.000+0000')  on conflict on constraint cin_c_class_hierarchy_1 do update set ck_class_parent = excluded.ck_class_parent, ck_class_child = excluded.ck_class_child, ck_class_attr = excluded.ck_class_attr, ck_user = excluded.ck_user, ct_change = excluded.ct_change;
INSERT INTO s_mt.t_class_hierarchy(ck_id, ck_class_parent, ck_class_child, ck_class_attr, ck_user, ct_change) VALUES ('231', '1', '37', '623', '-11', '2018-02-22T00:00:00.000+0000')  on conflict on constraint cin_c_class_hierarchy_1 do update set ck_class_parent = excluded.ck_class_parent, ck_class_child = excluded.ck_class_child, ck_class_attr = excluded.ck_class_attr, ck_user = excluded.ck_user, ct_change = excluded.ct_change;
INSERT INTO s_mt.t_class_hierarchy(ck_id, ck_class_parent, ck_class_child, ck_class_attr, ck_user, ct_change) VALUES ('232', '35', '137', '172', '-11', '2018-02-22T00:00:00.000+0000')  on conflict on constraint cin_c_class_hierarchy_1 do update set ck_class_parent = excluded.ck_class_parent, ck_class_child = excluded.ck_class_child, ck_class_attr = excluded.ck_class_attr, ck_user = excluded.ck_user, ct_change = excluded.ct_change;
INSERT INTO s_mt.t_class_hierarchy(ck_id, ck_class_parent, ck_class_child, ck_class_attr, ck_user, ct_change) VALUES ('233', '137', '58', '634', '-11', '2018-02-22T00:00:00.000+0000')  on conflict on constraint cin_c_class_hierarchy_1 do update set ck_class_parent = excluded.ck_class_parent, ck_class_child = excluded.ck_class_child, ck_class_attr = excluded.ck_class_attr, ck_user = excluded.ck_user, ct_change = excluded.ct_change;
INSERT INTO s_mt.t_class_hierarchy(ck_id, ck_class_parent, ck_class_child, ck_class_attr, ck_user, ct_change) VALUES ('234', '17', '31', '524', '-11', '2018-02-22T00:00:00.000+0000')  on conflict on constraint cin_c_class_hierarchy_1 do update set ck_class_parent = excluded.ck_class_parent, ck_class_child = excluded.ck_class_child, ck_class_attr = excluded.ck_class_attr, ck_user = excluded.ck_user, ct_change = excluded.ct_change;
INSERT INTO s_mt.t_class_hierarchy(ck_id, ck_class_parent, ck_class_child, ck_class_attr, ck_user, ct_change) VALUES ('245', '157', '29', '735', '-11', '2018-02-22T00:00:00.000+0000')  on conflict on constraint cin_c_class_hierarchy_1 do update set ck_class_parent = excluded.ck_class_parent, ck_class_child = excluded.ck_class_child, ck_class_attr = excluded.ck_class_attr, ck_user = excluded.ck_user, ct_change = excluded.ct_change;
INSERT INTO s_mt.t_class_hierarchy(ck_id, ck_class_parent, ck_class_child, ck_class_attr, ck_user, ct_change) VALUES ('246', '157', '31', '735', '-11', '2018-02-22T00:00:00.000+0000')  on conflict on constraint cin_c_class_hierarchy_1 do update set ck_class_parent = excluded.ck_class_parent, ck_class_child = excluded.ck_class_child, ck_class_attr = excluded.ck_class_attr, ck_user = excluded.ck_user, ct_change = excluded.ct_change;
INSERT INTO s_mt.t_class_hierarchy(ck_id, ck_class_parent, ck_class_child, ck_class_attr, ck_user, ct_change) VALUES ('247', '157', '30', '735', '-11', '2018-02-22T00:00:00.000+0000')  on conflict on constraint cin_c_class_hierarchy_1 do update set ck_class_parent = excluded.ck_class_parent, ck_class_child = excluded.ck_class_child, ck_class_attr = excluded.ck_class_attr, ck_user = excluded.ck_user, ct_change = excluded.ct_change;
INSERT INTO s_mt.t_class_hierarchy(ck_id, ck_class_parent, ck_class_child, ck_class_attr, ck_user, ct_change) VALUES ('248', '157', '38', '735', '-11', '2018-02-22T00:00:00.000+0000')  on conflict on constraint cin_c_class_hierarchy_1 do update set ck_class_parent = excluded.ck_class_parent, ck_class_child = excluded.ck_class_child, ck_class_attr = excluded.ck_class_attr, ck_user = excluded.ck_user, ct_change = excluded.ct_change;
INSERT INTO s_mt.t_class_hierarchy(ck_id, ck_class_parent, ck_class_child, ck_class_attr, ck_user, ct_change) VALUES ('249', '157', '27', '735', '-11', '2018-02-22T00:00:00.000+0000')  on conflict on constraint cin_c_class_hierarchy_1 do update set ck_class_parent = excluded.ck_class_parent, ck_class_child = excluded.ck_class_child, ck_class_attr = excluded.ck_class_attr, ck_user = excluded.ck_user, ct_change = excluded.ct_change;
INSERT INTO s_mt.t_class_hierarchy(ck_id, ck_class_parent, ck_class_child, ck_class_attr, ck_user, ct_change) VALUES ('252', '157', '37', '735', '-11', '2018-02-22T00:00:00.000+0000')  on conflict on constraint cin_c_class_hierarchy_1 do update set ck_class_parent = excluded.ck_class_parent, ck_class_child = excluded.ck_class_child, ck_class_attr = excluded.ck_class_attr, ck_user = excluded.ck_user, ct_change = excluded.ct_change;
INSERT INTO s_mt.t_class_hierarchy(ck_id, ck_class_parent, ck_class_child, ck_class_attr, ck_user, ct_change) VALUES ('253', '157', '28', '735', '-11', '2018-02-22T00:00:00.000+0000')  on conflict on constraint cin_c_class_hierarchy_1 do update set ck_class_parent = excluded.ck_class_parent, ck_class_child = excluded.ck_class_child, ck_class_attr = excluded.ck_class_attr, ck_user = excluded.ck_user, ct_change = excluded.ct_change;
INSERT INTO s_mt.t_class_hierarchy(ck_id, ck_class_parent, ck_class_child, ck_class_attr, ck_user, ct_change) VALUES ('254', '157', '97', '735', '-11', '2018-02-22T00:00:00.000+0000')  on conflict on constraint cin_c_class_hierarchy_1 do update set ck_class_parent = excluded.ck_class_parent, ck_class_child = excluded.ck_class_child, ck_class_attr = excluded.ck_class_attr, ck_user = excluded.ck_user, ct_change = excluded.ct_change;
INSERT INTO s_mt.t_class_hierarchy(ck_id, ck_class_parent, ck_class_child, ck_class_attr, ck_user, ct_change) VALUES ('255', '157', '26', '735', '-11', '2018-02-22T00:00:00.000+0000')  on conflict on constraint cin_c_class_hierarchy_1 do update set ck_class_parent = excluded.ck_class_parent, ck_class_child = excluded.ck_class_child, ck_class_attr = excluded.ck_class_attr, ck_user = excluded.ck_user, ct_change = excluded.ct_change;
INSERT INTO s_mt.t_class_hierarchy(ck_id, ck_class_parent, ck_class_child, ck_class_attr, ck_user, ct_change) VALUES ('256', '137', '157', '621', '-11', '2018-02-22T00:00:00.000+0000')  on conflict on constraint cin_c_class_hierarchy_1 do update set ck_class_parent = excluded.ck_class_parent, ck_class_child = excluded.ck_class_child, ck_class_attr = excluded.ck_class_attr, ck_user = excluded.ck_user, ct_change = excluded.ct_change;
INSERT INTO s_mt.t_class_hierarchy(ck_id, ck_class_parent, ck_class_child, ck_class_attr, ck_user, ct_change) VALUES ('258', '1', '157', '623', '-11', '2018-02-22T00:00:00.000+0000')  on conflict on constraint cin_c_class_hierarchy_1 do update set ck_class_parent = excluded.ck_class_parent, ck_class_child = excluded.ck_class_child, ck_class_attr = excluded.ck_class_attr, ck_user = excluded.ck_user, ct_change = excluded.ct_change;
INSERT INTO s_mt.t_class_hierarchy(ck_id, ck_class_parent, ck_class_child, ck_class_attr, ck_user, ct_change) VALUES ('259', '35', '157', '172', '-11', '2018-02-22T00:00:00.000+0000')  on conflict on constraint cin_c_class_hierarchy_1 do update set ck_class_parent = excluded.ck_class_parent, ck_class_child = excluded.ck_class_child, ck_class_attr = excluded.ck_class_attr, ck_user = excluded.ck_user, ct_change = excluded.ct_change;
INSERT INTO s_mt.t_class_hierarchy(ck_id, ck_class_parent, ck_class_child, ck_class_attr, ck_user, ct_change) VALUES ('269', '32', '1', '138', '-11', '2018-02-22T00:00:00.000+0000')  on conflict on constraint cin_c_class_hierarchy_1 do update set ck_class_parent = excluded.ck_class_parent, ck_class_child = excluded.ck_class_child, ck_class_attr = excluded.ck_class_attr, ck_user = excluded.ck_user, ct_change = excluded.ct_change;
INSERT INTO s_mt.t_class_hierarchy(ck_id, ck_class_parent, ck_class_child, ck_class_attr, ck_user, ct_change) VALUES ('270', '32', '137', '138', '-11', '2018-02-22T00:00:00.000+0000')  on conflict on constraint cin_c_class_hierarchy_1 do update set ck_class_parent = excluded.ck_class_parent, ck_class_child = excluded.ck_class_child, ck_class_attr = excluded.ck_class_attr, ck_user = excluded.ck_user, ct_change = excluded.ct_change;
INSERT INTO s_mt.t_class_hierarchy(ck_id, ck_class_parent, ck_class_child, ck_class_attr, ck_user, ct_change) VALUES ('285', '137', '197', '621', '-11', '2018-02-22T00:00:00.000+0000')  on conflict on constraint cin_c_class_hierarchy_1 do update set ck_class_parent = excluded.ck_class_parent, ck_class_child = excluded.ck_class_child, ck_class_attr = excluded.ck_class_attr, ck_user = excluded.ck_user, ct_change = excluded.ct_change;
INSERT INTO s_mt.t_class_hierarchy(ck_id, ck_class_parent, ck_class_child, ck_class_attr, ck_user, ct_change) VALUES ('286', '58', '197', '382', '-11', '2018-02-22T00:00:00.000+0000')  on conflict on constraint cin_c_class_hierarchy_1 do update set ck_class_parent = excluded.ck_class_parent, ck_class_child = excluded.ck_class_child, ck_class_attr = excluded.ck_class_attr, ck_user = excluded.ck_user, ct_change = excluded.ct_change;
INSERT INTO s_mt.t_class_hierarchy(ck_id, ck_class_parent, ck_class_child, ck_class_attr, ck_user, ct_change) VALUES ('287', '1', '197', '623', '-11', '2018-02-22T00:00:00.000+0000')  on conflict on constraint cin_c_class_hierarchy_1 do update set ck_class_parent = excluded.ck_class_parent, ck_class_child = excluded.ck_class_child, ck_class_attr = excluded.ck_class_attr, ck_user = excluded.ck_user, ct_change = excluded.ct_change;
INSERT INTO s_mt.t_class_hierarchy(ck_id, ck_class_parent, ck_class_child, ck_class_attr, ck_user, ct_change) VALUES ('288', '32', '197', '138', '-11', '2018-02-22T00:00:00.000+0000')  on conflict on constraint cin_c_class_hierarchy_1 do update set ck_class_parent = excluded.ck_class_parent, ck_class_child = excluded.ck_class_child, ck_class_attr = excluded.ck_class_attr, ck_user = excluded.ck_user, ct_change = excluded.ct_change;
INSERT INTO s_mt.t_class_hierarchy(ck_id, ck_class_parent, ck_class_child, ck_class_attr, ck_user, ct_change) VALUES ('289', '9', '197', '39', '-11', '2018-02-22T00:00:00.000+0000')  on conflict on constraint cin_c_class_hierarchy_1 do update set ck_class_parent = excluded.ck_class_parent, ck_class_child = excluded.ck_class_child, ck_class_attr = excluded.ck_class_attr, ck_user = excluded.ck_user, ct_change = excluded.ct_change;
INSERT INTO s_mt.t_class_hierarchy(ck_id, ck_class_parent, ck_class_child, ck_class_attr, ck_user, ct_change) VALUES ('3', '8', '11', '8', '-11', '2018-02-22T00:00:00.000+0000')  on conflict on constraint cin_c_class_hierarchy_1 do update set ck_class_parent = excluded.ck_class_parent, ck_class_child = excluded.ck_class_child, ck_class_attr = excluded.ck_class_attr, ck_user = excluded.ck_user, ct_change = excluded.ct_change;
INSERT INTO s_mt.t_class_hierarchy(ck_id, ck_class_parent, ck_class_child, ck_class_attr, ck_user, ct_change) VALUES ('305', '217', '1', '829', '-11', '2018-02-22T00:00:00.000+0000')  on conflict on constraint cin_c_class_hierarchy_1 do update set ck_class_parent = excluded.ck_class_parent, ck_class_child = excluded.ck_class_child, ck_class_attr = excluded.ck_class_attr, ck_user = excluded.ck_user, ct_change = excluded.ct_change;
INSERT INTO s_mt.t_class_hierarchy(ck_id, ck_class_parent, ck_class_child, ck_class_attr, ck_user, ct_change) VALUES ('306', '217', '137', '829', '-11', '2018-02-22T00:00:00.000+0000')  on conflict on constraint cin_c_class_hierarchy_1 do update set ck_class_parent = excluded.ck_class_parent, ck_class_child = excluded.ck_class_child, ck_class_attr = excluded.ck_class_attr, ck_user = excluded.ck_user, ct_change = excluded.ct_change;
INSERT INTO s_mt.t_class_hierarchy(ck_id, ck_class_parent, ck_class_child, ck_class_attr, ck_user, ct_change) VALUES ('308', '35', '217', '172', '-11', '2018-02-22T00:00:00.000+0000')  on conflict on constraint cin_c_class_hierarchy_1 do update set ck_class_parent = excluded.ck_class_parent, ck_class_child = excluded.ck_class_child, ck_class_attr = excluded.ck_class_attr, ck_user = excluded.ck_user, ct_change = excluded.ct_change;
INSERT INTO s_mt.t_class_hierarchy(ck_id, ck_class_parent, ck_class_child, ck_class_attr, ck_user, ct_change) VALUES ('345', '35', '35', '172', '-11', '2018-02-22T00:00:00.000+0000')  on conflict on constraint cin_c_class_hierarchy_1 do update set ck_class_parent = excluded.ck_class_parent, ck_class_child = excluded.ck_class_child, ck_class_attr = excluded.ck_class_attr, ck_user = excluded.ck_user, ct_change = excluded.ct_change;
INSERT INTO s_mt.t_class_hierarchy(ck_id, ck_class_parent, ck_class_child, ck_class_attr, ck_user, ct_change) VALUES ('35', '18', '32', '55', '-11', '2018-02-22T00:00:00.000+0000')  on conflict on constraint cin_c_class_hierarchy_1 do update set ck_class_parent = excluded.ck_class_parent, ck_class_child = excluded.ck_class_child, ck_class_attr = excluded.ck_class_attr, ck_user = excluded.ck_user, ct_change = excluded.ct_change;
INSERT INTO s_mt.t_class_hierarchy(ck_id, ck_class_parent, ck_class_child, ck_class_attr, ck_user, ct_change) VALUES ('36', '32', '26', '138', '-11', '2018-02-22T00:00:00.000+0000')  on conflict on constraint cin_c_class_hierarchy_1 do update set ck_class_parent = excluded.ck_class_parent, ck_class_child = excluded.ck_class_child, ck_class_attr = excluded.ck_class_attr, ck_user = excluded.ck_user, ct_change = excluded.ct_change;
INSERT INTO s_mt.t_class_hierarchy(ck_id, ck_class_parent, ck_class_child, ck_class_attr, ck_user, ct_change) VALUES ('37', '32', '27', '138', '-11', '2018-02-22T00:00:00.000+0000')  on conflict on constraint cin_c_class_hierarchy_1 do update set ck_class_parent = excluded.ck_class_parent, ck_class_child = excluded.ck_class_child, ck_class_attr = excluded.ck_class_attr, ck_user = excluded.ck_user, ct_change = excluded.ct_change;
INSERT INTO s_mt.t_class_hierarchy(ck_id, ck_class_parent, ck_class_child, ck_class_attr, ck_user, ct_change) VALUES ('38', '32', '28', '138', '-11', '2018-02-22T00:00:00.000+0000')  on conflict on constraint cin_c_class_hierarchy_1 do update set ck_class_parent = excluded.ck_class_parent, ck_class_child = excluded.ck_class_child, ck_class_attr = excluded.ck_class_attr, ck_user = excluded.ck_user, ct_change = excluded.ct_change;
INSERT INTO s_mt.t_class_hierarchy(ck_id, ck_class_parent, ck_class_child, ck_class_attr, ck_user, ct_change) VALUES ('39', '32', '29', '138', '-11', '2018-02-22T00:00:00.000+0000')  on conflict on constraint cin_c_class_hierarchy_1 do update set ck_class_parent = excluded.ck_class_parent, ck_class_child = excluded.ck_class_child, ck_class_attr = excluded.ck_class_attr, ck_user = excluded.ck_user, ct_change = excluded.ct_change;
INSERT INTO s_mt.t_class_hierarchy(ck_id, ck_class_parent, ck_class_child, ck_class_attr, ck_user, ct_change) VALUES ('40', '32', '30', '138', '-11', '2018-02-22T00:00:00.000+0000')  on conflict on constraint cin_c_class_hierarchy_1 do update set ck_class_parent = excluded.ck_class_parent, ck_class_child = excluded.ck_class_child, ck_class_attr = excluded.ck_class_attr, ck_user = excluded.ck_user, ct_change = excluded.ct_change;
INSERT INTO s_mt.t_class_hierarchy(ck_id, ck_class_parent, ck_class_child, ck_class_attr, ck_user, ct_change) VALUES ('41', '32', '31', '138', '-11', '2018-02-22T00:00:00.000+0000')  on conflict on constraint cin_c_class_hierarchy_1 do update set ck_class_parent = excluded.ck_class_parent, ck_class_child = excluded.ck_class_child, ck_class_attr = excluded.ck_class_attr, ck_user = excluded.ck_user, ct_change = excluded.ct_change;
INSERT INTO s_mt.t_class_hierarchy(ck_id, ck_class_parent, ck_class_child, ck_class_attr, ck_user, ct_change) VALUES ('42', '9', '26', '39', '-11', '2018-02-22T00:00:00.000+0000')  on conflict on constraint cin_c_class_hierarchy_1 do update set ck_class_parent = excluded.ck_class_parent, ck_class_child = excluded.ck_class_child, ck_class_attr = excluded.ck_class_attr, ck_user = excluded.ck_user, ct_change = excluded.ct_change;
INSERT INTO s_mt.t_class_hierarchy(ck_id, ck_class_parent, ck_class_child, ck_class_attr, ck_user, ct_change) VALUES ('43', '9', '27', '39', '-11', '2018-02-22T00:00:00.000+0000')  on conflict on constraint cin_c_class_hierarchy_1 do update set ck_class_parent = excluded.ck_class_parent, ck_class_child = excluded.ck_class_child, ck_class_attr = excluded.ck_class_attr, ck_user = excluded.ck_user, ct_change = excluded.ct_change;
INSERT INTO s_mt.t_class_hierarchy(ck_id, ck_class_parent, ck_class_child, ck_class_attr, ck_user, ct_change) VALUES ('44', '9', '28', '39', '-11', '2018-02-22T00:00:00.000+0000')  on conflict on constraint cin_c_class_hierarchy_1 do update set ck_class_parent = excluded.ck_class_parent, ck_class_child = excluded.ck_class_child, ck_class_attr = excluded.ck_class_attr, ck_user = excluded.ck_user, ct_change = excluded.ct_change;
INSERT INTO s_mt.t_class_hierarchy(ck_id, ck_class_parent, ck_class_child, ck_class_attr, ck_user, ct_change) VALUES ('446', '8', '257', '974', '-11', '2018-02-22T00:00:00.000+0000')  on conflict on constraint cin_c_class_hierarchy_1 do update set ck_class_parent = excluded.ck_class_parent, ck_class_child = excluded.ck_class_child, ck_class_attr = excluded.ck_class_attr, ck_user = excluded.ck_user, ct_change = excluded.ct_change;
INSERT INTO s_mt.t_class_hierarchy(ck_id, ck_class_parent, ck_class_child, ck_class_attr, ck_user, ct_change) VALUES ('447', '18', '257', '977', '-11', '2018-02-22T00:00:00.000+0000')  on conflict on constraint cin_c_class_hierarchy_1 do update set ck_class_parent = excluded.ck_class_parent, ck_class_child = excluded.ck_class_child, ck_class_attr = excluded.ck_class_attr, ck_user = excluded.ck_user, ct_change = excluded.ct_change;
INSERT INTO s_mt.t_class_hierarchy(ck_id, ck_class_parent, ck_class_child, ck_class_attr, ck_user, ct_change) VALUES ('45', '9', '29', '39', '-11', '2018-02-22T00:00:00.000+0000')  on conflict on constraint cin_c_class_hierarchy_1 do update set ck_class_parent = excluded.ck_class_parent, ck_class_child = excluded.ck_class_child, ck_class_attr = excluded.ck_class_attr, ck_user = excluded.ck_user, ct_change = excluded.ct_change;
INSERT INTO s_mt.t_class_hierarchy(ck_id, ck_class_parent, ck_class_child, ck_class_attr, ck_user, ct_change) VALUES ('46', '9', '30', '39', '-11', '2018-02-22T00:00:00.000+0000')  on conflict on constraint cin_c_class_hierarchy_1 do update set ck_class_parent = excluded.ck_class_parent, ck_class_child = excluded.ck_class_child, ck_class_attr = excluded.ck_class_attr, ck_user = excluded.ck_user, ct_change = excluded.ct_change;
INSERT INTO s_mt.t_class_hierarchy(ck_id, ck_class_parent, ck_class_child, ck_class_attr, ck_user, ct_change) VALUES ('47', '9', '31', '39', '-11', '2018-02-22T00:00:00.000+0000')  on conflict on constraint cin_c_class_hierarchy_1 do update set ck_class_parent = excluded.ck_class_parent, ck_class_child = excluded.ck_class_child, ck_class_attr = excluded.ck_class_attr, ck_user = excluded.ck_user, ct_change = excluded.ct_change;
INSERT INTO s_mt.t_class_hierarchy(ck_id, ck_class_parent, ck_class_child, ck_class_attr, ck_user, ct_change) VALUES ('48', '10', '26', '40', '-11', '2018-02-22T00:00:00.000+0000')  on conflict on constraint cin_c_class_hierarchy_1 do update set ck_class_parent = excluded.ck_class_parent, ck_class_child = excluded.ck_class_child, ck_class_attr = excluded.ck_class_attr, ck_user = excluded.ck_user, ct_change = excluded.ct_change;
INSERT INTO s_mt.t_class_hierarchy(ck_id, ck_class_parent, ck_class_child, ck_class_attr, ck_user, ct_change) VALUES ('49', '10', '27', '40', '-11', '2018-02-22T00:00:00.000+0000')  on conflict on constraint cin_c_class_hierarchy_1 do update set ck_class_parent = excluded.ck_class_parent, ck_class_child = excluded.ck_class_child, ck_class_attr = excluded.ck_class_attr, ck_user = excluded.ck_user, ct_change = excluded.ct_change;
INSERT INTO s_mt.t_class_hierarchy(ck_id, ck_class_parent, ck_class_child, ck_class_attr, ck_user, ct_change) VALUES ('50', '10', '28', '40', '-11', '2018-02-22T00:00:00.000+0000')  on conflict on constraint cin_c_class_hierarchy_1 do update set ck_class_parent = excluded.ck_class_parent, ck_class_child = excluded.ck_class_child, ck_class_attr = excluded.ck_class_attr, ck_user = excluded.ck_user, ct_change = excluded.ct_change;
INSERT INTO s_mt.t_class_hierarchy(ck_id, ck_class_parent, ck_class_child, ck_class_attr, ck_user, ct_change) VALUES ('51', '10', '29', '40', '-11', '2018-02-22T00:00:00.000+0000')  on conflict on constraint cin_c_class_hierarchy_1 do update set ck_class_parent = excluded.ck_class_parent, ck_class_child = excluded.ck_class_child, ck_class_attr = excluded.ck_class_attr, ck_user = excluded.ck_user, ct_change = excluded.ct_change;
INSERT INTO s_mt.t_class_hierarchy(ck_id, ck_class_parent, ck_class_child, ck_class_attr, ck_user, ct_change) VALUES ('52', '10', '30', '40', '-11', '2018-02-22T00:00:00.000+0000')  on conflict on constraint cin_c_class_hierarchy_1 do update set ck_class_parent = excluded.ck_class_parent, ck_class_child = excluded.ck_class_child, ck_class_attr = excluded.ck_class_attr, ck_user = excluded.ck_user, ct_change = excluded.ct_change;
INSERT INTO s_mt.t_class_hierarchy(ck_id, ck_class_parent, ck_class_child, ck_class_attr, ck_user, ct_change) VALUES ('53', '10', '31', '40', '-11', '2018-02-22T00:00:00.000+0000')  on conflict on constraint cin_c_class_hierarchy_1 do update set ck_class_parent = excluded.ck_class_parent, ck_class_child = excluded.ck_class_child, ck_class_attr = excluded.ck_class_attr, ck_user = excluded.ck_user, ct_change = excluded.ct_change;
INSERT INTO s_mt.t_class_hierarchy(ck_id, ck_class_parent, ck_class_child, ck_class_attr, ck_user, ct_change) VALUES ('54', '11', '31', '43', '-11', '2018-02-22T00:00:00.000+0000')  on conflict on constraint cin_c_class_hierarchy_1 do update set ck_class_parent = excluded.ck_class_parent, ck_class_child = excluded.ck_class_child, ck_class_attr = excluded.ck_class_attr, ck_user = excluded.ck_user, ct_change = excluded.ct_change;
INSERT INTO s_mt.t_class_hierarchy(ck_id, ck_class_parent, ck_class_child, ck_class_attr, ck_user, ct_change) VALUES ('55', '11', '30', '43', '-11', '2018-02-22T00:00:00.000+0000')  on conflict on constraint cin_c_class_hierarchy_1 do update set ck_class_parent = excluded.ck_class_parent, ck_class_child = excluded.ck_class_child, ck_class_attr = excluded.ck_class_attr, ck_user = excluded.ck_user, ct_change = excluded.ct_change;
INSERT INTO s_mt.t_class_hierarchy(ck_id, ck_class_parent, ck_class_child, ck_class_attr, ck_user, ct_change) VALUES ('56', '11', '29', '43', '-11', '2018-02-22T00:00:00.000+0000')  on conflict on constraint cin_c_class_hierarchy_1 do update set ck_class_parent = excluded.ck_class_parent, ck_class_child = excluded.ck_class_child, ck_class_attr = excluded.ck_class_attr, ck_user = excluded.ck_user, ct_change = excluded.ct_change;
INSERT INTO s_mt.t_class_hierarchy(ck_id, ck_class_parent, ck_class_child, ck_class_attr, ck_user, ct_change) VALUES ('565', '317', '8', '1149', '-11', '2018-02-22T00:00:00.000+0000')  on conflict on constraint cin_c_class_hierarchy_1 do update set ck_class_parent = excluded.ck_class_parent, ck_class_child = excluded.ck_class_child, ck_class_attr = excluded.ck_class_attr, ck_user = excluded.ck_user, ct_change = excluded.ct_change;
INSERT INTO s_mt.t_class_hierarchy(ck_id, ck_class_parent, ck_class_child, ck_class_attr, ck_user, ct_change) VALUES ('566', '137', '317', '621', '-11', '2018-02-22T00:00:00.000+0000')  on conflict on constraint cin_c_class_hierarchy_1 do update set ck_class_parent = excluded.ck_class_parent, ck_class_child = excluded.ck_class_child, ck_class_attr = excluded.ck_class_attr, ck_user = excluded.ck_user, ct_change = excluded.ct_change;
INSERT INTO s_mt.t_class_hierarchy(ck_id, ck_class_parent, ck_class_child, ck_class_attr, ck_user, ct_change) VALUES ('585', '58', '33', '382', '-11', '2018-02-22T00:00:00.000+0000')  on conflict on constraint cin_c_class_hierarchy_1 do update set ck_class_parent = excluded.ck_class_parent, ck_class_child = excluded.ck_class_child, ck_class_attr = excluded.ck_class_attr, ck_user = excluded.ck_user, ct_change = excluded.ct_change;
INSERT INTO s_mt.t_class_hierarchy(ck_id, ck_class_parent, ck_class_child, ck_class_attr, ck_user, ct_change) VALUES ('6', '18', '15', '27', '-11', '2018-02-22T00:00:00.000+0000')  on conflict on constraint cin_c_class_hierarchy_1 do update set ck_class_parent = excluded.ck_class_parent, ck_class_child = excluded.ck_class_child, ck_class_attr = excluded.ck_class_attr, ck_user = excluded.ck_user, ct_change = excluded.ct_change;
INSERT INTO s_mt.t_class_hierarchy(ck_id, ck_class_parent, ck_class_child, ck_class_attr, ck_user, ct_change) VALUES ('60', '32', '33', '138', '-11', '2018-02-22T00:00:00.000+0000')  on conflict on constraint cin_c_class_hierarchy_1 do update set ck_class_parent = excluded.ck_class_parent, ck_class_child = excluded.ck_class_child, ck_class_attr = excluded.ck_class_attr, ck_user = excluded.ck_user, ct_change = excluded.ct_change;
INSERT INTO s_mt.t_class_hierarchy(ck_id, ck_class_parent, ck_class_child, ck_class_attr, ck_user, ct_change) VALUES ('607', '77', '77', '450', '-11', '2018-02-22T00:00:00.000+0000')  on conflict on constraint cin_c_class_hierarchy_1 do update set ck_class_parent = excluded.ck_class_parent, ck_class_child = excluded.ck_class_child, ck_class_attr = excluded.ck_class_attr, ck_user = excluded.ck_user, ct_change = excluded.ct_change;
INSERT INTO s_mt.t_class_hierarchy(ck_id, ck_class_parent, ck_class_child, ck_class_attr, ck_user, ct_change) VALUES ('608', '77', '26', '450', '-11', '2018-02-22T00:00:00.000+0000')  on conflict on constraint cin_c_class_hierarchy_1 do update set ck_class_parent = excluded.ck_class_parent, ck_class_child = excluded.ck_class_child, ck_class_attr = excluded.ck_class_attr, ck_user = excluded.ck_user, ct_change = excluded.ct_change;
INSERT INTO s_mt.t_class_hierarchy(ck_id, ck_class_parent, ck_class_child, ck_class_attr, ck_user, ct_change) VALUES ('62', '35', '8', '172', '-11', '2018-02-22T00:00:00.000+0000')  on conflict on constraint cin_c_class_hierarchy_1 do update set ck_class_parent = excluded.ck_class_parent, ck_class_child = excluded.ck_class_child, ck_class_attr = excluded.ck_class_attr, ck_user = excluded.ck_user, ct_change = excluded.ct_change;
INSERT INTO s_mt.t_class_hierarchy(ck_id, ck_class_parent, ck_class_child, ck_class_attr, ck_user, ct_change) VALUES ('625', '77', '33', '450', '-11', '2018-02-22T00:00:00.000+0000')  on conflict on constraint cin_c_class_hierarchy_1 do update set ck_class_parent = excluded.ck_class_parent, ck_class_child = excluded.ck_class_child, ck_class_attr = excluded.ck_class_attr, ck_user = excluded.ck_user, ct_change = excluded.ct_change;
INSERT INTO s_mt.t_class_hierarchy(ck_id, ck_class_parent, ck_class_child, ck_class_attr, ck_user, ct_change) VALUES ('626', '10', '33', '40', '-11', '2018-02-22T00:00:00.000+0000')  on conflict on constraint cin_c_class_hierarchy_1 do update set ck_class_parent = excluded.ck_class_parent, ck_class_child = excluded.ck_class_child, ck_class_attr = excluded.ck_class_attr, ck_user = excluded.ck_user, ct_change = excluded.ct_change;
INSERT INTO s_mt.t_class_hierarchy(ck_id, ck_class_parent, ck_class_child, ck_class_attr, ck_user, ct_change) VALUES ('627', '9', '33', '39', '-11', '2018-02-22T00:00:00.000+0000')  on conflict on constraint cin_c_class_hierarchy_1 do update set ck_class_parent = excluded.ck_class_parent, ck_class_child = excluded.ck_class_child, ck_class_attr = excluded.ck_class_attr, ck_user = excluded.ck_user, ct_change = excluded.ct_change;
INSERT INTO s_mt.t_class_hierarchy(ck_id, ck_class_parent, ck_class_child, ck_class_attr, ck_user, ct_change) VALUES ('628', '17', '33', '524', '-11', '2018-02-22T00:00:00.000+0000')  on conflict on constraint cin_c_class_hierarchy_1 do update set ck_class_parent = excluded.ck_class_parent, ck_class_child = excluded.ck_class_child, ck_class_attr = excluded.ck_class_attr, ck_user = excluded.ck_user, ct_change = excluded.ct_change;
INSERT INTO s_mt.t_class_hierarchy(ck_id, ck_class_parent, ck_class_child, ck_class_attr, ck_user, ct_change) VALUES ('629', '11', '33', '43', '-11', '2018-02-22T00:00:00.000+0000')  on conflict on constraint cin_c_class_hierarchy_1 do update set ck_class_parent = excluded.ck_class_parent, ck_class_child = excluded.ck_class_child, ck_class_attr = excluded.ck_class_attr, ck_user = excluded.ck_user, ct_change = excluded.ct_change;
INSERT INTO s_mt.t_class_hierarchy(ck_id, ck_class_parent, ck_class_child, ck_class_attr, ck_user, ct_change) VALUES ('63', '35', '18', '172', '-11', '2018-02-22T00:00:00.000+0000')  on conflict on constraint cin_c_class_hierarchy_1 do update set ck_class_parent = excluded.ck_class_parent, ck_class_child = excluded.ck_class_child, ck_class_attr = excluded.ck_class_attr, ck_user = excluded.ck_user, ct_change = excluded.ct_change;
INSERT INTO s_mt.t_class_hierarchy(ck_id, ck_class_parent, ck_class_child, ck_class_attr, ck_user, ct_change) VALUES ('64', '8', '15', '8', '-11', '2018-02-22T00:00:00.000+0000')  on conflict on constraint cin_c_class_hierarchy_1 do update set ck_class_parent = excluded.ck_class_parent, ck_class_child = excluded.ck_class_child, ck_class_attr = excluded.ck_class_attr, ck_user = excluded.ck_user, ct_change = excluded.ct_change;
INSERT INTO s_mt.t_class_hierarchy(ck_id, ck_class_parent, ck_class_child, ck_class_attr, ck_user, ct_change) VALUES ('645', '137', '357', '621', '-11', '2018-02-22T00:00:00.000+0000')  on conflict on constraint cin_c_class_hierarchy_1 do update set ck_class_parent = excluded.ck_class_parent, ck_class_child = excluded.ck_class_child, ck_class_attr = excluded.ck_class_attr, ck_user = excluded.ck_user, ct_change = excluded.ct_change;
INSERT INTO s_mt.t_class_hierarchy(ck_id, ck_class_parent, ck_class_child, ck_class_attr, ck_user, ct_change) VALUES ('646', '157', '357', '735', '-11', '2018-02-22T00:00:00.000+0000')  on conflict on constraint cin_c_class_hierarchy_1 do update set ck_class_parent = excluded.ck_class_parent, ck_class_child = excluded.ck_class_child, ck_class_attr = excluded.ck_class_attr, ck_user = excluded.ck_user, ct_change = excluded.ct_change;
INSERT INTO s_mt.t_class_hierarchy(ck_id, ck_class_parent, ck_class_child, ck_class_attr, ck_user, ct_change) VALUES ('647', '1', '357', '623', '-11', '2018-02-22T00:00:00.000+0000')  on conflict on constraint cin_c_class_hierarchy_1 do update set ck_class_parent = excluded.ck_class_parent, ck_class_child = excluded.ck_class_child, ck_class_attr = excluded.ck_class_attr, ck_user = excluded.ck_user, ct_change = excluded.ct_change;
INSERT INTO s_mt.t_class_hierarchy(ck_id, ck_class_parent, ck_class_child, ck_class_attr, ck_user, ct_change) VALUES ('648', '9', '357', '39', '-11', '2018-02-22T00:00:00.000+0000')  on conflict on constraint cin_c_class_hierarchy_1 do update set ck_class_parent = excluded.ck_class_parent, ck_class_child = excluded.ck_class_child, ck_class_attr = excluded.ck_class_attr, ck_user = excluded.ck_user, ct_change = excluded.ct_change;
INSERT INTO s_mt.t_class_hierarchy(ck_id, ck_class_parent, ck_class_child, ck_class_attr, ck_user, ct_change) VALUES ('649', '58', '357', '382', '-11', '2018-02-22T00:00:00.000+0000')  on conflict on constraint cin_c_class_hierarchy_1 do update set ck_class_parent = excluded.ck_class_parent, ck_class_child = excluded.ck_class_child, ck_class_attr = excluded.ck_class_attr, ck_user = excluded.ck_user, ct_change = excluded.ct_change;
INSERT INTO s_mt.t_class_hierarchy(ck_id, ck_class_parent, ck_class_child, ck_class_attr, ck_user, ct_change) VALUES ('66', '8', '32', '54', '-11', '2018-02-22T00:00:00.000+0000')  on conflict on constraint cin_c_class_hierarchy_1 do update set ck_class_parent = excluded.ck_class_parent, ck_class_child = excluded.ck_class_child, ck_class_attr = excluded.ck_class_attr, ck_user = excluded.ck_user, ct_change = excluded.ct_change;
INSERT INTO s_mt.t_class_hierarchy(ck_id, ck_class_parent, ck_class_child, ck_class_attr, ck_user, ct_change) VALUES ('665', '38', '9', '306', '-11', '2018-02-22T00:00:00.000+0000')  on conflict on constraint cin_c_class_hierarchy_1 do update set ck_class_parent = excluded.ck_class_parent, ck_class_child = excluded.ck_class_child, ck_class_attr = excluded.ck_class_attr, ck_user = excluded.ck_user, ct_change = excluded.ct_change;
INSERT INTO s_mt.t_class_hierarchy(ck_id, ck_class_parent, ck_class_child, ck_class_attr, ck_user, ct_change) VALUES ('7', '18', '16', '27', '-11', '2018-02-22T00:00:00.000+0000')  on conflict on constraint cin_c_class_hierarchy_1 do update set ck_class_parent = excluded.ck_class_parent, ck_class_child = excluded.ck_class_child, ck_class_attr = excluded.ck_class_attr, ck_user = excluded.ck_user, ct_change = excluded.ct_change;
INSERT INTO s_mt.t_class_hierarchy(ck_id, ck_class_parent, ck_class_child, ck_class_attr, ck_user, ct_change) VALUES ('705', '1', '337', '623', '-11', '2018-02-22T00:00:00.000+0000')  on conflict on constraint cin_c_class_hierarchy_1 do update set ck_class_parent = excluded.ck_class_parent, ck_class_child = excluded.ck_class_child, ck_class_attr = excluded.ck_class_attr, ck_user = excluded.ck_user, ct_change = excluded.ct_change;
INSERT INTO s_mt.t_class_hierarchy(ck_id, ck_class_parent, ck_class_child, ck_class_attr, ck_user, ct_change) VALUES ('706', '137', '337', '621', '-11', '2018-02-22T00:00:00.000+0000')  on conflict on constraint cin_c_class_hierarchy_1 do update set ck_class_parent = excluded.ck_class_parent, ck_class_child = excluded.ck_class_child, ck_class_attr = excluded.ck_class_attr, ck_user = excluded.ck_user, ct_change = excluded.ct_change;
INSERT INTO s_mt.t_class_hierarchy(ck_id, ck_class_parent, ck_class_child, ck_class_attr, ck_user, ct_change) VALUES ('707', '32', '337', '138', '-11', '2018-02-22T00:00:00.000+0000')  on conflict on constraint cin_c_class_hierarchy_1 do update set ck_class_parent = excluded.ck_class_parent, ck_class_child = excluded.ck_class_child, ck_class_attr = excluded.ck_class_attr, ck_user = excluded.ck_user, ct_change = excluded.ct_change;
INSERT INTO s_mt.t_class_hierarchy(ck_id, ck_class_parent, ck_class_child, ck_class_attr, ck_user, ct_change) VALUES ('745', '137', '217', '621', '-11', '2018-02-22T00:00:00.000+0000')  on conflict on constraint cin_c_class_hierarchy_1 do update set ck_class_parent = excluded.ck_class_parent, ck_class_child = excluded.ck_class_child, ck_class_attr = excluded.ck_class_attr, ck_user = excluded.ck_user, ct_change = excluded.ct_change;
INSERT INTO s_mt.t_class_hierarchy(ck_id, ck_class_parent, ck_class_child, ck_class_attr, ck_user, ct_change) VALUES ('8', '8', '16', '8', '-11', '2018-02-22T00:00:00.000+0000')  on conflict on constraint cin_c_class_hierarchy_1 do update set ck_class_parent = excluded.ck_class_parent, ck_class_child = excluded.ck_class_child, ck_class_attr = excluded.ck_class_attr, ck_user = excluded.ck_user, ct_change = excluded.ct_change;
INSERT INTO s_mt.t_class_hierarchy(ck_id, ck_class_parent, ck_class_child, ck_class_attr, ck_user, ct_change) VALUES ('805', '10', '17', '40', '-11', '2018-02-22T00:00:00.000+0000')  on conflict on constraint cin_c_class_hierarchy_1 do update set ck_class_parent = excluded.ck_class_parent, ck_class_child = excluded.ck_class_child, ck_class_attr = excluded.ck_class_attr, ck_user = excluded.ck_user, ct_change = excluded.ct_change;
INSERT INTO s_mt.t_class_hierarchy(ck_id, ck_class_parent, ck_class_child, ck_class_attr, ck_user, ct_change) VALUES ('806', '10', '38', '40', '-11', '2018-02-22T00:00:00.000+0000')  on conflict on constraint cin_c_class_hierarchy_1 do update set ck_class_parent = excluded.ck_class_parent, ck_class_child = excluded.ck_class_child, ck_class_attr = excluded.ck_class_attr, ck_user = excluded.ck_user, ct_change = excluded.ct_change;
INSERT INTO s_mt.t_class_hierarchy(ck_id, ck_class_parent, ck_class_child, ck_class_attr, ck_user, ct_change) VALUES ('807', '77', '10', '450', '-11', '2018-02-22T00:00:00.000+0000')  on conflict on constraint cin_c_class_hierarchy_1 do update set ck_class_parent = excluded.ck_class_parent, ck_class_child = excluded.ck_class_child, ck_class_attr = excluded.ck_class_attr, ck_user = excluded.ck_user, ct_change = excluded.ct_change;
INSERT INTO s_mt.t_class_hierarchy(ck_id, ck_class_parent, ck_class_child, ck_class_attr, ck_user, ct_change) VALUES ('808', '77', '38', '450', '-11', '2018-02-22T00:00:00.000+0000')  on conflict on constraint cin_c_class_hierarchy_1 do update set ck_class_parent = excluded.ck_class_parent, ck_class_child = excluded.ck_class_child, ck_class_attr = excluded.ck_class_attr, ck_user = excluded.ck_user, ct_change = excluded.ct_change;
INSERT INTO s_mt.t_class_hierarchy(ck_id, ck_class_parent, ck_class_child, ck_class_attr, ck_user, ct_change) VALUES ('809', '77', '31', '450', '-11', '2018-02-22T00:00:00.000+0000')  on conflict on constraint cin_c_class_hierarchy_1 do update set ck_class_parent = excluded.ck_class_parent, ck_class_child = excluded.ck_class_child, ck_class_attr = excluded.ck_class_attr, ck_user = excluded.ck_user, ct_change = excluded.ct_change;
INSERT INTO s_mt.t_class_hierarchy(ck_id, ck_class_parent, ck_class_child, ck_class_attr, ck_user, ct_change) VALUES ('85', '8', '36', '8', '-11', '2018-02-22T00:00:00.000+0000')  on conflict on constraint cin_c_class_hierarchy_1 do update set ck_class_parent = excluded.ck_class_parent, ck_class_child = excluded.ck_class_child, ck_class_attr = excluded.ck_class_attr, ck_user = excluded.ck_user, ct_change = excluded.ct_change;
INSERT INTO s_mt.t_class_hierarchy(ck_id, ck_class_parent, ck_class_child, ck_class_attr, ck_user, ct_change) VALUES ('86', '18', '36', '27', '-11', '2018-02-22T00:00:00.000+0000')  on conflict on constraint cin_c_class_hierarchy_1 do update set ck_class_parent = excluded.ck_class_parent, ck_class_child = excluded.ck_class_child, ck_class_attr = excluded.ck_class_attr, ck_user = excluded.ck_user, ct_change = excluded.ct_change;
INSERT INTO s_mt.t_class_hierarchy(ck_id, ck_class_parent, ck_class_child, ck_class_attr, ck_user, ct_change) VALUES ('87', '36', '29', '254', '-11', '2018-02-22T00:00:00.000+0000')  on conflict on constraint cin_c_class_hierarchy_1 do update set ck_class_parent = excluded.ck_class_parent, ck_class_child = excluded.ck_class_child, ck_class_attr = excluded.ck_class_attr, ck_user = excluded.ck_user, ct_change = excluded.ct_change;
INSERT INTO s_mt.t_class_hierarchy(ck_id, ck_class_parent, ck_class_child, ck_class_attr, ck_user, ct_change) VALUES ('89', '38', '10', '306', '-11', '2018-02-22T00:00:00.000+0000')  on conflict on constraint cin_c_class_hierarchy_1 do update set ck_class_parent = excluded.ck_class_parent, ck_class_child = excluded.ck_class_child, ck_class_attr = excluded.ck_class_attr, ck_user = excluded.ck_user, ct_change = excluded.ct_change;
INSERT INTO s_mt.t_class_hierarchy(ck_id, ck_class_parent, ck_class_child, ck_class_attr, ck_user, ct_change) VALUES ('9', '18', '17', '27', '-11', '2018-02-22T00:00:00.000+0000')  on conflict on constraint cin_c_class_hierarchy_1 do update set ck_class_parent = excluded.ck_class_parent, ck_class_child = excluded.ck_class_child, ck_class_attr = excluded.ck_class_attr, ck_user = excluded.ck_user, ct_change = excluded.ct_change;
INSERT INTO s_mt.t_class_hierarchy(ck_id, ck_class_parent, ck_class_child, ck_class_attr, ck_user, ct_change) VALUES ('90', '38', '11', '306', '-11', '2018-02-22T00:00:00.000+0000')  on conflict on constraint cin_c_class_hierarchy_1 do update set ck_class_parent = excluded.ck_class_parent, ck_class_child = excluded.ck_class_child, ck_class_attr = excluded.ck_class_attr, ck_user = excluded.ck_user, ct_change = excluded.ct_change;
INSERT INTO s_mt.t_class_hierarchy(ck_id, ck_class_parent, ck_class_child, ck_class_attr, ck_user, ct_change) VALUES ('91', '37', '17', '270', '-11', '2018-02-22T00:00:00.000+0000')  on conflict on constraint cin_c_class_hierarchy_1 do update set ck_class_parent = excluded.ck_class_parent, ck_class_child = excluded.ck_class_child, ck_class_attr = excluded.ck_class_attr, ck_user = excluded.ck_user, ct_change = excluded.ct_change;
INSERT INTO s_mt.t_class_hierarchy(ck_id, ck_class_parent, ck_class_child, ck_class_attr, ck_user, ct_change) VALUES ('92', '37', '9', '270', '-11', '2018-02-22T00:00:00.000+0000')  on conflict on constraint cin_c_class_hierarchy_1 do update set ck_class_parent = excluded.ck_class_parent, ck_class_child = excluded.ck_class_child, ck_class_attr = excluded.ck_class_attr, ck_user = excluded.ck_user, ct_change = excluded.ct_change;
INSERT INTO s_mt.t_class_hierarchy(ck_id, ck_class_parent, ck_class_child, ck_class_attr, ck_user, ct_change) VALUES ('93', '37', '10', '270', '-11', '2018-02-22T00:00:00.000+0000')  on conflict on constraint cin_c_class_hierarchy_1 do update set ck_class_parent = excluded.ck_class_parent, ck_class_child = excluded.ck_class_child, ck_class_attr = excluded.ck_class_attr, ck_user = excluded.ck_user, ct_change = excluded.ct_change;
INSERT INTO s_mt.t_class_hierarchy(ck_id, ck_class_parent, ck_class_child, ck_class_attr, ck_user, ct_change) VALUES ('94', '32', '18', '138', '-11', '2018-02-22T00:00:00.000+0000')  on conflict on constraint cin_c_class_hierarchy_1 do update set ck_class_parent = excluded.ck_class_parent, ck_class_child = excluded.ck_class_child, ck_class_attr = excluded.ck_class_attr, ck_user = excluded.ck_user, ct_change = excluded.ct_change;
INSERT INTO s_mt.t_class_hierarchy(ck_id, ck_class_parent, ck_class_child, ck_class_attr, ck_user, ct_change) VALUES ('95', '32', '37', '138', '-11', '2018-02-22T00:00:00.000+0000')  on conflict on constraint cin_c_class_hierarchy_1 do update set ck_class_parent = excluded.ck_class_parent, ck_class_child = excluded.ck_class_child, ck_class_attr = excluded.ck_class_attr, ck_user = excluded.ck_user, ct_change = excluded.ct_change;
INSERT INTO s_mt.t_class_hierarchy(ck_id, ck_class_parent, ck_class_child, ck_class_attr, ck_user, ct_change) VALUES ('97', '32', '38', '138', '-11', '2018-02-22T00:00:00.000+0000')  on conflict on constraint cin_c_class_hierarchy_1 do update set ck_class_parent = excluded.ck_class_parent, ck_class_child = excluded.ck_class_child, ck_class_attr = excluded.ck_class_attr, ck_user = excluded.ck_user, ct_change = excluded.ct_change;
INSERT INTO s_mt.t_class_hierarchy(ck_id, ck_class_parent, ck_class_child, ck_class_attr, ck_user, ct_change) VALUES ('846', '9', '317', '39', '10020785', '2018-02-28T00:00:00.000+0000')  on conflict on constraint cin_c_class_hierarchy_1 do update set ck_class_parent = excluded.ck_class_parent, ck_class_child = excluded.ck_class_child, ck_class_attr = excluded.ck_class_attr, ck_user = excluded.ck_user, ct_change = excluded.ct_change;
INSERT INTO s_mt.t_class_hierarchy(ck_id, ck_class_parent, ck_class_child, ck_class_attr, ck_user, ct_change) VALUES ('865', '32', '8', '138', '10020785', '2018-03-04T00:00:00.000+0000')  on conflict on constraint cin_c_class_hierarchy_1 do update set ck_class_parent = excluded.ck_class_parent, ck_class_child = excluded.ck_class_child, ck_class_attr = excluded.ck_class_attr, ck_user = excluded.ck_user, ct_change = excluded.ct_change;
INSERT INTO s_mt.t_class_hierarchy(ck_id, ck_class_parent, ck_class_child, ck_class_attr, ck_user, ct_change) VALUES ('885', '32', '317', '138', '10020785', '2018-03-05T00:00:00.000+0000')  on conflict on constraint cin_c_class_hierarchy_1 do update set ck_class_parent = excluded.ck_class_parent, ck_class_child = excluded.ck_class_child, ck_class_attr = excluded.ck_class_attr, ck_user = excluded.ck_user, ct_change = excluded.ct_change;
INSERT INTO s_mt.t_class_hierarchy(ck_id, ck_class_parent, ck_class_child, ck_class_attr, ck_user, ct_change) VALUES ('886', '417', '29', '1850', '10020786', '2018-03-05T00:00:00.000+0000')  on conflict on constraint cin_c_class_hierarchy_1 do update set ck_class_parent = excluded.ck_class_parent, ck_class_child = excluded.ck_class_child, ck_class_attr = excluded.ck_class_attr, ck_user = excluded.ck_user, ct_change = excluded.ct_change;
INSERT INTO s_mt.t_class_hierarchy(ck_id, ck_class_parent, ck_class_child, ck_class_attr, ck_user, ct_change) VALUES ('887', '417', '31', '1850', '10020786', '2018-03-05T00:00:00.000+0000')  on conflict on constraint cin_c_class_hierarchy_1 do update set ck_class_parent = excluded.ck_class_parent, ck_class_child = excluded.ck_class_child, ck_class_attr = excluded.ck_class_attr, ck_user = excluded.ck_user, ct_change = excluded.ct_change;
INSERT INTO s_mt.t_class_hierarchy(ck_id, ck_class_parent, ck_class_child, ck_class_attr, ck_user, ct_change) VALUES ('888', '417', '197', '1850', '10020786', '2018-03-05T00:00:00.000+0000')  on conflict on constraint cin_c_class_hierarchy_1 do update set ck_class_parent = excluded.ck_class_parent, ck_class_child = excluded.ck_class_child, ck_class_attr = excluded.ck_class_attr, ck_user = excluded.ck_user, ct_change = excluded.ct_change;
INSERT INTO s_mt.t_class_hierarchy(ck_id, ck_class_parent, ck_class_child, ck_class_attr, ck_user, ct_change) VALUES ('889', '417', '357', '1850', '10020786', '2018-03-05T00:00:00.000+0000')  on conflict on constraint cin_c_class_hierarchy_1 do update set ck_class_parent = excluded.ck_class_parent, ck_class_child = excluded.ck_class_child, ck_class_attr = excluded.ck_class_attr, ck_user = excluded.ck_user, ct_change = excluded.ct_change;
INSERT INTO s_mt.t_class_hierarchy(ck_id, ck_class_parent, ck_class_child, ck_class_attr, ck_user, ct_change) VALUES ('890', '417', '30', '1850', '10020786', '2018-03-05T00:00:00.000+0000')  on conflict on constraint cin_c_class_hierarchy_1 do update set ck_class_parent = excluded.ck_class_parent, ck_class_child = excluded.ck_class_child, ck_class_attr = excluded.ck_class_attr, ck_user = excluded.ck_user, ct_change = excluded.ct_change;
INSERT INTO s_mt.t_class_hierarchy(ck_id, ck_class_parent, ck_class_child, ck_class_attr, ck_user, ct_change) VALUES ('892', '417', '38', '1850', '10020786', '2018-03-05T00:00:00.000+0000')  on conflict on constraint cin_c_class_hierarchy_1 do update set ck_class_parent = excluded.ck_class_parent, ck_class_child = excluded.ck_class_child, ck_class_attr = excluded.ck_class_attr, ck_user = excluded.ck_user, ct_change = excluded.ct_change;
INSERT INTO s_mt.t_class_hierarchy(ck_id, ck_class_parent, ck_class_child, ck_class_attr, ck_user, ct_change) VALUES ('893', '417', '33', '1850', '10020786', '2018-03-05T00:00:00.000+0000')  on conflict on constraint cin_c_class_hierarchy_1 do update set ck_class_parent = excluded.ck_class_parent, ck_class_child = excluded.ck_class_child, ck_class_attr = excluded.ck_class_attr, ck_user = excluded.ck_user, ct_change = excluded.ct_change;
INSERT INTO s_mt.t_class_hierarchy(ck_id, ck_class_parent, ck_class_child, ck_class_attr, ck_user, ct_change) VALUES ('894', '417', '27', '1850', '10020786', '2018-03-05T00:00:00.000+0000')  on conflict on constraint cin_c_class_hierarchy_1 do update set ck_class_parent = excluded.ck_class_parent, ck_class_child = excluded.ck_class_child, ck_class_attr = excluded.ck_class_attr, ck_user = excluded.ck_user, ct_change = excluded.ct_change;
INSERT INTO s_mt.t_class_hierarchy(ck_id, ck_class_parent, ck_class_child, ck_class_attr, ck_user, ct_change) VALUES ('896', '417', '28', '1850', '10020786', '2018-03-05T00:00:00.000+0000')  on conflict on constraint cin_c_class_hierarchy_1 do update set ck_class_parent = excluded.ck_class_parent, ck_class_child = excluded.ck_class_child, ck_class_attr = excluded.ck_class_attr, ck_user = excluded.ck_user, ct_change = excluded.ct_change;
INSERT INTO s_mt.t_class_hierarchy(ck_id, ck_class_parent, ck_class_child, ck_class_attr, ck_user, ct_change) VALUES ('897', '417', '417', '1850', '10020786', '2018-03-05T00:00:00.000+0000')  on conflict on constraint cin_c_class_hierarchy_1 do update set ck_class_parent = excluded.ck_class_parent, ck_class_child = excluded.ck_class_child, ck_class_attr = excluded.ck_class_attr, ck_user = excluded.ck_user, ct_change = excluded.ct_change;
INSERT INTO s_mt.t_class_hierarchy(ck_id, ck_class_parent, ck_class_child, ck_class_attr, ck_user, ct_change) VALUES ('898', '417', '26', '1850', '10020786', '2018-03-05T00:00:00.000+0000')  on conflict on constraint cin_c_class_hierarchy_1 do update set ck_class_parent = excluded.ck_class_parent, ck_class_child = excluded.ck_class_child, ck_class_attr = excluded.ck_class_attr, ck_user = excluded.ck_user, ct_change = excluded.ct_change;
INSERT INTO s_mt.t_class_hierarchy(ck_id, ck_class_parent, ck_class_child, ck_class_attr, ck_user, ct_change) VALUES ('899', '417', '37', '1850', '10020786', '2018-03-05T00:00:00.000+0000')  on conflict on constraint cin_c_class_hierarchy_1 do update set ck_class_parent = excluded.ck_class_parent, ck_class_child = excluded.ck_class_child, ck_class_attr = excluded.ck_class_attr, ck_user = excluded.ck_user, ct_change = excluded.ct_change;
INSERT INTO s_mt.t_class_hierarchy(ck_id, ck_class_parent, ck_class_child, ck_class_attr, ck_user, ct_change) VALUES ('907', '8', '437', '8', '-11', '2018-04-04T00:00:00.000+0000')  on conflict on constraint cin_c_class_hierarchy_1 do update set ck_class_parent = excluded.ck_class_parent, ck_class_child = excluded.ck_class_child, ck_class_attr = excluded.ck_class_attr, ck_user = excluded.ck_user, ct_change = excluded.ct_change;
INSERT INTO s_mt.t_class_hierarchy(ck_id, ck_class_parent, ck_class_child, ck_class_attr, ck_user, ct_change) VALUES ('909', '18', '437', '27', '-11', '2018-04-04T00:00:00.000+0000')  on conflict on constraint cin_c_class_hierarchy_1 do update set ck_class_parent = excluded.ck_class_parent, ck_class_child = excluded.ck_class_child, ck_class_attr = excluded.ck_class_attr, ck_user = excluded.ck_user, ct_change = excluded.ct_change;
INSERT INTO s_mt.t_class_hierarchy(ck_id, ck_class_parent, ck_class_child, ck_class_attr, ck_user, ct_change) VALUES ('912', '337', '438', '1729', '-11', '2018-04-05T00:00:00.000+0000')  on conflict on constraint cin_c_class_hierarchy_1 do update set ck_class_parent = excluded.ck_class_parent, ck_class_child = excluded.ck_class_child, ck_class_attr = excluded.ck_class_attr, ck_user = excluded.ck_user, ct_change = excluded.ct_change;
INSERT INTO s_mt.t_class_hierarchy(ck_id, ck_class_parent, ck_class_child, ck_class_attr, ck_user, ct_change) VALUES ('925', '18', '11', '27', '10020786', '2018-04-19T00:00:00.000+0000')  on conflict on constraint cin_c_class_hierarchy_1 do update set ck_class_parent = excluded.ck_class_parent, ck_class_child = excluded.ck_class_child, ck_class_attr = excluded.ck_class_attr, ck_user = excluded.ck_user, ct_change = excluded.ct_change;
INSERT INTO s_mt.t_class_hierarchy(ck_id, ck_class_parent, ck_class_child, ck_class_attr, ck_user, ct_change) VALUES ('31', '32', '19', '132', '10020788', '2018-04-21T00:00:00.000+0000')  on conflict on constraint cin_c_class_hierarchy_1 do update set ck_class_parent = excluded.ck_class_parent, ck_class_child = excluded.ck_class_child, ck_class_attr = excluded.ck_class_attr, ck_user = excluded.ck_user, ct_change = excluded.ct_change;
INSERT INTO s_mt.t_class_hierarchy(ck_id, ck_class_parent, ck_class_child, ck_class_attr, ck_user, ct_change) VALUES ('946', '217', '19', '830', '10020785', '2018-04-22T00:00:00.000+0000')  on conflict on constraint cin_c_class_hierarchy_1 do update set ck_class_parent = excluded.ck_class_parent, ck_class_child = excluded.ck_class_child, ck_class_attr = excluded.ck_class_attr, ck_user = excluded.ck_user, ct_change = excluded.ct_change;
INSERT INTO s_mt.t_class_hierarchy(ck_id, ck_class_parent, ck_class_child, ck_class_attr, ck_user, ct_change) VALUES ('988', '38', '437', '306', '10020848', '2018-07-10T00:00:00.000+0000')  on conflict on constraint cin_c_class_hierarchy_1 do update set ck_class_parent = excluded.ck_class_parent, ck_class_child = excluded.ck_class_child, ck_class_attr = excluded.ck_class_attr, ck_user = excluded.ck_user, ct_change = excluded.ct_change;
INSERT INTO s_mt.t_class_hierarchy(ck_id, ck_class_parent, ck_class_child, ck_class_attr, ck_user, ct_change) VALUES ('1985', '1457', '19', '5176', '10020785', '2018-07-12T00:00:00.000+0000')  on conflict on constraint cin_c_class_hierarchy_1 do update set ck_class_parent = excluded.ck_class_parent, ck_class_child = excluded.ck_class_child, ck_class_attr = excluded.ck_class_attr, ck_user = excluded.ck_user, ct_change = excluded.ct_change;
INSERT INTO s_mt.t_class_hierarchy(ck_id, ck_class_parent, ck_class_child, ck_class_attr, ck_user, ct_change) VALUES ('1986', '8', '1457', '30', '10020785', '2018-07-12T00:00:00.000+0000')  on conflict on constraint cin_c_class_hierarchy_1 do update set ck_class_parent = excluded.ck_class_parent, ck_class_child = excluded.ck_class_child, ck_class_attr = excluded.ck_class_attr, ck_user = excluded.ck_user, ct_change = excluded.ct_change;
INSERT INTO s_mt.t_class_hierarchy(ck_id, ck_class_parent, ck_class_child, ck_class_attr, ck_user, ct_change) VALUES ('2985', '18', '1457', '31', '10020785', '2018-07-15T00:00:00.000+0000')  on conflict on constraint cin_c_class_hierarchy_1 do update set ck_class_parent = excluded.ck_class_parent, ck_class_child = excluded.ck_class_child, ck_class_attr = excluded.ck_class_attr, ck_user = excluded.ck_user, ct_change = excluded.ct_change;
INSERT INTO s_mt.t_class_hierarchy(ck_id, ck_class_parent, ck_class_child, ck_class_attr, ck_user, ct_change) VALUES ('2986', '137', '1457', '619', '10020785', '2018-07-15T00:00:00.000+0000')  on conflict on constraint cin_c_class_hierarchy_1 do update set ck_class_parent = excluded.ck_class_parent, ck_class_child = excluded.ck_class_child, ck_class_attr = excluded.ck_class_attr, ck_user = excluded.ck_user, ct_change = excluded.ct_change;
INSERT INTO s_mt.t_class_hierarchy(ck_id, ck_class_parent, ck_class_child, ck_class_attr, ck_user, ct_change) VALUES ('2987', '217', '1457', '830', '10020785', '2018-07-15T00:00:00.000+0000')  on conflict on constraint cin_c_class_hierarchy_1 do update set ck_class_parent = excluded.ck_class_parent, ck_class_child = excluded.ck_class_child, ck_class_attr = excluded.ck_class_attr, ck_user = excluded.ck_user, ct_change = excluded.ct_change;
INSERT INTO s_mt.t_class_hierarchy(ck_id, ck_class_parent, ck_class_child, ck_class_attr, ck_user, ct_change) VALUES ('2988', '32', '1457', '132', '10020785', '2018-07-15T00:00:00.000+0000')  on conflict on constraint cin_c_class_hierarchy_1 do update set ck_class_parent = excluded.ck_class_parent, ck_class_child = excluded.ck_class_child, ck_class_attr = excluded.ck_class_attr, ck_user = excluded.ck_user, ct_change = excluded.ct_change;
INSERT INTO s_mt.t_class_hierarchy(ck_id, ck_class_parent, ck_class_child, ck_class_attr, ck_user, ct_change) VALUES ('3985', '58', '1457', '13169', '10020785', '2018-07-30T00:00:00.000+0000')  on conflict on constraint cin_c_class_hierarchy_1 do update set ck_class_parent = excluded.ck_class_parent, ck_class_child = excluded.ck_class_child, ck_class_attr = excluded.ck_class_attr, ck_user = excluded.ck_user, ct_change = excluded.ct_change;
INSERT INTO s_mt.t_class_hierarchy(ck_id, ck_class_parent, ck_class_child, ck_class_attr, ck_user, ct_change) VALUES ('4985', '8', '3457', '8', '10020785', '2018-08-28T00:00:00.000+0000')  on conflict on constraint cin_c_class_hierarchy_1 do update set ck_class_parent = excluded.ck_class_parent, ck_class_child = excluded.ck_class_child, ck_class_attr = excluded.ck_class_attr, ck_user = excluded.ck_user, ct_change = excluded.ct_change;
INSERT INTO s_mt.t_class_hierarchy(ck_id, ck_class_parent, ck_class_child, ck_class_attr, ck_user, ct_change) VALUES ('5985', '1', '4457', '623', '10020785', '2018-10-07T00:00:00.000+0000')  on conflict on constraint cin_c_class_hierarchy_1 do update set ck_class_parent = excluded.ck_class_parent, ck_class_child = excluded.ck_class_child, ck_class_attr = excluded.ck_class_attr, ck_user = excluded.ck_user, ct_change = excluded.ct_change;
INSERT INTO s_mt.t_class_hierarchy(ck_id, ck_class_parent, ck_class_child, ck_class_attr, ck_user, ct_change) VALUES ('5986', '417', '4457', '1850', '10020785', '2018-10-07T00:00:00.000+0000')  on conflict on constraint cin_c_class_hierarchy_1 do update set ck_class_parent = excluded.ck_class_parent, ck_class_child = excluded.ck_class_child, ck_class_attr = excluded.ck_class_attr, ck_user = excluded.ck_user, ct_change = excluded.ct_change;
INSERT INTO s_mt.t_class_hierarchy(ck_id, ck_class_parent, ck_class_child, ck_class_attr, ck_user, ct_change) VALUES ('5987', '58', '4457', '382', '10020785', '2018-10-07T00:00:00.000+0000')  on conflict on constraint cin_c_class_hierarchy_1 do update set ck_class_parent = excluded.ck_class_parent, ck_class_child = excluded.ck_class_child, ck_class_attr = excluded.ck_class_attr, ck_user = excluded.ck_user, ct_change = excluded.ct_change;
INSERT INTO s_mt.t_class_hierarchy(ck_id, ck_class_parent, ck_class_child, ck_class_attr, ck_user, ct_change) VALUES ('5988', '137', '4457', '621', '10020785', '2018-10-07T00:00:00.000+0000')  on conflict on constraint cin_c_class_hierarchy_1 do update set ck_class_parent = excluded.ck_class_parent, ck_class_child = excluded.ck_class_child, ck_class_attr = excluded.ck_class_attr, ck_user = excluded.ck_user, ct_change = excluded.ct_change;
INSERT INTO s_mt.t_class_hierarchy(ck_id, ck_class_parent, ck_class_child, ck_class_attr, ck_user, ct_change) VALUES ('5989', '32', '4457', '138', '10020785', '2018-10-07T00:00:00.000+0000')  on conflict on constraint cin_c_class_hierarchy_1 do update set ck_class_parent = excluded.ck_class_parent, ck_class_child = excluded.ck_class_child, ck_class_attr = excluded.ck_class_attr, ck_user = excluded.ck_user, ct_change = excluded.ct_change;
INSERT INTO s_mt.t_class_hierarchy(ck_id, ck_class_parent, ck_class_child, ck_class_attr, ck_user, ct_change) VALUES ('6985', '157', '19', '36169', '20785', '2018-12-11T00:00:00.000+0000')  on conflict on constraint cin_c_class_hierarchy_1 do update set ck_class_parent = excluded.ck_class_parent, ck_class_child = excluded.ck_class_child, ck_class_attr = excluded.ck_class_attr, ck_user = excluded.ck_user, ct_change = excluded.ct_change;
INSERT INTO s_mt.t_class_hierarchy(ck_id, ck_class_parent, ck_class_child, ck_class_attr, ck_user, ct_change) VALUES ('6986', '6457', '26', '36173', '20785', '2018-12-11T00:00:00.000+0000')  on conflict on constraint cin_c_class_hierarchy_1 do update set ck_class_parent = excluded.ck_class_parent, ck_class_child = excluded.ck_class_child, ck_class_attr = excluded.ck_class_attr, ck_user = excluded.ck_user, ct_change = excluded.ct_change;
INSERT INTO s_mt.t_class_hierarchy(ck_id, ck_class_parent, ck_class_child, ck_class_attr, ck_user, ct_change) VALUES ('6987', '6457', '27', '36173', '20785', '2018-12-11T00:00:00.000+0000')  on conflict on constraint cin_c_class_hierarchy_1 do update set ck_class_parent = excluded.ck_class_parent, ck_class_child = excluded.ck_class_child, ck_class_attr = excluded.ck_class_attr, ck_user = excluded.ck_user, ct_change = excluded.ct_change;
INSERT INTO s_mt.t_class_hierarchy(ck_id, ck_class_parent, ck_class_child, ck_class_attr, ck_user, ct_change) VALUES ('6988', '6457', '28', '36173', '20785', '2018-12-11T00:00:00.000+0000')  on conflict on constraint cin_c_class_hierarchy_1 do update set ck_class_parent = excluded.ck_class_parent, ck_class_child = excluded.ck_class_child, ck_class_attr = excluded.ck_class_attr, ck_user = excluded.ck_user, ct_change = excluded.ct_change;
INSERT INTO s_mt.t_class_hierarchy(ck_id, ck_class_parent, ck_class_child, ck_class_attr, ck_user, ct_change) VALUES ('6989', '6457', '29', '36173', '20785', '2018-12-11T00:00:00.000+0000')  on conflict on constraint cin_c_class_hierarchy_1 do update set ck_class_parent = excluded.ck_class_parent, ck_class_child = excluded.ck_class_child, ck_class_attr = excluded.ck_class_attr, ck_user = excluded.ck_user, ct_change = excluded.ct_change;
INSERT INTO s_mt.t_class_hierarchy(ck_id, ck_class_parent, ck_class_child, ck_class_attr, ck_user, ct_change) VALUES ('6990', '6457', '30', '36173', '20785', '2018-12-11T00:00:00.000+0000')  on conflict on constraint cin_c_class_hierarchy_1 do update set ck_class_parent = excluded.ck_class_parent, ck_class_child = excluded.ck_class_child, ck_class_attr = excluded.ck_class_attr, ck_user = excluded.ck_user, ct_change = excluded.ct_change;
INSERT INTO s_mt.t_class_hierarchy(ck_id, ck_class_parent, ck_class_child, ck_class_attr, ck_user, ct_change) VALUES ('6991', '6457', '31', '36173', '20785', '2018-12-11T00:00:00.000+0000')  on conflict on constraint cin_c_class_hierarchy_1 do update set ck_class_parent = excluded.ck_class_parent, ck_class_child = excluded.ck_class_child, ck_class_attr = excluded.ck_class_attr, ck_user = excluded.ck_user, ct_change = excluded.ct_change;
INSERT INTO s_mt.t_class_hierarchy(ck_id, ck_class_parent, ck_class_child, ck_class_attr, ck_user, ct_change) VALUES ('6992', '6457', '97', '36173', '20785', '2018-12-11T00:00:00.000+0000')  on conflict on constraint cin_c_class_hierarchy_1 do update set ck_class_parent = excluded.ck_class_parent, ck_class_child = excluded.ck_class_child, ck_class_attr = excluded.ck_class_attr, ck_user = excluded.ck_user, ct_change = excluded.ct_change;
INSERT INTO s_mt.t_class_hierarchy(ck_id, ck_class_parent, ck_class_child, ck_class_attr, ck_user, ct_change) VALUES ('6994', '8', '6457', '36174', '20785', '2018-12-11T00:00:00.000+0000')  on conflict on constraint cin_c_class_hierarchy_1 do update set ck_class_parent = excluded.ck_class_parent, ck_class_child = excluded.ck_class_child, ck_class_attr = excluded.ck_class_attr, ck_user = excluded.ck_user, ct_change = excluded.ct_change;
INSERT INTO s_mt.t_class_hierarchy(ck_id, ck_class_parent, ck_class_child, ck_class_attr, ck_user, ct_change) VALUES ('6995', '6457', '137', '36173', '20785', '2018-12-12T00:00:00.000+0000')  on conflict on constraint cin_c_class_hierarchy_1 do update set ck_class_parent = excluded.ck_class_parent, ck_class_child = excluded.ck_class_child, ck_class_attr = excluded.ck_class_attr, ck_user = excluded.ck_user, ct_change = excluded.ct_change;
INSERT INTO s_mt.t_class_hierarchy(ck_id, ck_class_parent, ck_class_child, ck_class_attr, ck_user, ct_change) VALUES ('7985', '7457', '4457', '37172', '20785', '2018-12-19T00:00:00.000+0000')  on conflict on constraint cin_c_class_hierarchy_1 do update set ck_class_parent = excluded.ck_class_parent, ck_class_child = excluded.ck_class_child, ck_class_attr = excluded.ck_class_attr, ck_user = excluded.ck_user, ct_change = excluded.ct_change;
INSERT INTO s_mt.t_class_hierarchy(ck_id, ck_class_parent, ck_class_child, ck_class_attr, ck_user, ct_change) VALUES ('7986', '7457', '26', '37172', '20785', '2018-12-19T00:00:00.000+0000')  on conflict on constraint cin_c_class_hierarchy_1 do update set ck_class_parent = excluded.ck_class_parent, ck_class_child = excluded.ck_class_child, ck_class_attr = excluded.ck_class_attr, ck_user = excluded.ck_user, ct_change = excluded.ct_change;
INSERT INTO s_mt.t_class_hierarchy(ck_id, ck_class_parent, ck_class_child, ck_class_attr, ck_user, ct_change) VALUES ('7987', '7457', '27', '37172', '20785', '2018-12-19T00:00:00.000+0000')  on conflict on constraint cin_c_class_hierarchy_1 do update set ck_class_parent = excluded.ck_class_parent, ck_class_child = excluded.ck_class_child, ck_class_attr = excluded.ck_class_attr, ck_user = excluded.ck_user, ct_change = excluded.ct_change;
INSERT INTO s_mt.t_class_hierarchy(ck_id, ck_class_parent, ck_class_child, ck_class_attr, ck_user, ct_change) VALUES ('7988', '7457', '28', '37172', '20785', '2018-12-19T00:00:00.000+0000')  on conflict on constraint cin_c_class_hierarchy_1 do update set ck_class_parent = excluded.ck_class_parent, ck_class_child = excluded.ck_class_child, ck_class_attr = excluded.ck_class_attr, ck_user = excluded.ck_user, ct_change = excluded.ct_change;
INSERT INTO s_mt.t_class_hierarchy(ck_id, ck_class_parent, ck_class_child, ck_class_attr, ck_user, ct_change) VALUES ('7989', '7457', '29', '37172', '20785', '2018-12-19T00:00:00.000+0000')  on conflict on constraint cin_c_class_hierarchy_1 do update set ck_class_parent = excluded.ck_class_parent, ck_class_child = excluded.ck_class_child, ck_class_attr = excluded.ck_class_attr, ck_user = excluded.ck_user, ct_change = excluded.ct_change;
INSERT INTO s_mt.t_class_hierarchy(ck_id, ck_class_parent, ck_class_child, ck_class_attr, ck_user, ct_change) VALUES ('7990', '7457', '30', '37172', '20785', '2018-12-19T00:00:00.000+0000')  on conflict on constraint cin_c_class_hierarchy_1 do update set ck_class_parent = excluded.ck_class_parent, ck_class_child = excluded.ck_class_child, ck_class_attr = excluded.ck_class_attr, ck_user = excluded.ck_user, ct_change = excluded.ct_change;
INSERT INTO s_mt.t_class_hierarchy(ck_id, ck_class_parent, ck_class_child, ck_class_attr, ck_user, ct_change) VALUES ('7992', '7457', '31', '37172', '20785', '2018-12-19T00:00:00.000+0000')  on conflict on constraint cin_c_class_hierarchy_1 do update set ck_class_parent = excluded.ck_class_parent, ck_class_child = excluded.ck_class_child, ck_class_attr = excluded.ck_class_attr, ck_user = excluded.ck_user, ct_change = excluded.ct_change;
INSERT INTO s_mt.t_class_hierarchy(ck_id, ck_class_parent, ck_class_child, ck_class_attr, ck_user, ct_change) VALUES ('7993', '7457', '37', '37172', '20785', '2018-12-19T00:00:00.000+0000')  on conflict on constraint cin_c_class_hierarchy_1 do update set ck_class_parent = excluded.ck_class_parent, ck_class_child = excluded.ck_class_child, ck_class_attr = excluded.ck_class_attr, ck_user = excluded.ck_user, ct_change = excluded.ct_change;
INSERT INTO s_mt.t_class_hierarchy(ck_id, ck_class_parent, ck_class_child, ck_class_attr, ck_user, ct_change) VALUES ('7994', '7457', '38', '37172', '20785', '2018-12-19T00:00:00.000+0000')  on conflict on constraint cin_c_class_hierarchy_1 do update set ck_class_parent = excluded.ck_class_parent, ck_class_child = excluded.ck_class_child, ck_class_attr = excluded.ck_class_attr, ck_user = excluded.ck_user, ct_change = excluded.ct_change;
INSERT INTO s_mt.t_class_hierarchy(ck_id, ck_class_parent, ck_class_child, ck_class_attr, ck_user, ct_change) VALUES ('7995', '7457', '97', '37172', '20785', '2018-12-19T00:00:00.000+0000')  on conflict on constraint cin_c_class_hierarchy_1 do update set ck_class_parent = excluded.ck_class_parent, ck_class_child = excluded.ck_class_child, ck_class_attr = excluded.ck_class_attr, ck_user = excluded.ck_user, ct_change = excluded.ct_change;
INSERT INTO s_mt.t_class_hierarchy(ck_id, ck_class_parent, ck_class_child, ck_class_attr, ck_user, ct_change) VALUES ('7996', '58', '7457', '382', '20785', '2018-12-19T00:00:00.000+0000')  on conflict on constraint cin_c_class_hierarchy_1 do update set ck_class_parent = excluded.ck_class_parent, ck_class_child = excluded.ck_class_child, ck_class_attr = excluded.ck_class_attr, ck_user = excluded.ck_user, ct_change = excluded.ct_change;
INSERT INTO s_mt.t_class_hierarchy(ck_id, ck_class_parent, ck_class_child, ck_class_attr, ck_user, ct_change) VALUES ('8985', '137', '8457', '621', '20786', '2018-12-24T00:00:00.000+0000')  on conflict on constraint cin_c_class_hierarchy_1 do update set ck_class_parent = excluded.ck_class_parent, ck_class_child = excluded.ck_class_child, ck_class_attr = excluded.ck_class_attr, ck_user = excluded.ck_user, ct_change = excluded.ct_change;
INSERT INTO s_mt.t_class_hierarchy(ck_id, ck_class_parent, ck_class_child, ck_class_attr, ck_user, ct_change) VALUES ('8986', '1', '8457', '623', '20786', '2018-12-24T00:00:00.000+0000')  on conflict on constraint cin_c_class_hierarchy_1 do update set ck_class_parent = excluded.ck_class_parent, ck_class_child = excluded.ck_class_child, ck_class_attr = excluded.ck_class_attr, ck_user = excluded.ck_user, ct_change = excluded.ct_change;
INSERT INTO s_mt.t_class_hierarchy(ck_id, ck_class_parent, ck_class_child, ck_class_attr, ck_user, ct_change) VALUES ('8987', '9', '8457', '39', '20786', '2018-12-24T00:00:00.000+0000')  on conflict on constraint cin_c_class_hierarchy_1 do update set ck_class_parent = excluded.ck_class_parent, ck_class_child = excluded.ck_class_child, ck_class_attr = excluded.ck_class_attr, ck_user = excluded.ck_user, ct_change = excluded.ct_change;
INSERT INTO s_mt.t_class_hierarchy(ck_id, ck_class_parent, ck_class_child, ck_class_attr, ck_user, ct_change) VALUES ('8988', '58', '8457', '382', '20786', '2018-12-24T00:00:00.000+0000')  on conflict on constraint cin_c_class_hierarchy_1 do update set ck_class_parent = excluded.ck_class_parent, ck_class_child = excluded.ck_class_child, ck_class_attr = excluded.ck_class_attr, ck_user = excluded.ck_user, ct_change = excluded.ct_change;
INSERT INTO s_mt.t_class_hierarchy(ck_id, ck_class_parent, ck_class_child, ck_class_attr, ck_user, ct_change) VALUES ('8989', '157', '8457', '735', '20786', '2018-12-24T00:00:00.000+0000')  on conflict on constraint cin_c_class_hierarchy_1 do update set ck_class_parent = excluded.ck_class_parent, ck_class_child = excluded.ck_class_child, ck_class_attr = excluded.ck_class_attr, ck_user = excluded.ck_user, ct_change = excluded.ct_change;
INSERT INTO s_mt.t_class_hierarchy(ck_id, ck_class_parent, ck_class_child, ck_class_attr, ck_user, ct_change) VALUES ('9985', '18', '10', '27', '20788', '2019-01-16T00:00:00.000+0000')  on conflict on constraint cin_c_class_hierarchy_1 do update set ck_class_parent = excluded.ck_class_parent, ck_class_child = excluded.ck_class_child, ck_class_attr = excluded.ck_class_attr, ck_user = excluded.ck_user, ct_change = excluded.ct_change;
INSERT INTO s_mt.t_class_hierarchy(ck_id, ck_class_parent, ck_class_child, ck_class_attr, ck_user, ct_change) VALUES ('10985', '38', '6457', '40169', '20785', '2019-01-21T00:00:00.000+0000')  on conflict on constraint cin_c_class_hierarchy_1 do update set ck_class_parent = excluded.ck_class_parent, ck_class_child = excluded.ck_class_child, ck_class_attr = excluded.ck_class_attr, ck_user = excluded.ck_user, ct_change = excluded.ct_change;
INSERT INTO s_mt.t_class_hierarchy(ck_id, ck_class_parent, ck_class_child, ck_class_attr, ck_user, ct_change) VALUES ('11985', '1', '10457', '623', '30021381', '2019-01-24T00:00:00.000+0000')  on conflict on constraint cin_c_class_hierarchy_1 do update set ck_class_parent = excluded.ck_class_parent, ck_class_child = excluded.ck_class_child, ck_class_attr = excluded.ck_class_attr, ck_user = excluded.ck_user, ct_change = excluded.ct_change;
INSERT INTO s_mt.t_class_hierarchy(ck_id, ck_class_parent, ck_class_child, ck_class_attr, ck_user, ct_change) VALUES ('11986', '7457', '10457', '37172', '30021381', '2019-01-24T00:00:00.000+0000')  on conflict on constraint cin_c_class_hierarchy_1 do update set ck_class_parent = excluded.ck_class_parent, ck_class_child = excluded.ck_class_child, ck_class_attr = excluded.ck_class_attr, ck_user = excluded.ck_user, ct_change = excluded.ct_change;
INSERT INTO s_mt.t_class_hierarchy(ck_id, ck_class_parent, ck_class_child, ck_class_attr, ck_user, ct_change) VALUES ('11987', '417', '10457', '1850', '30021381', '2019-01-24T00:00:00.000+0000')  on conflict on constraint cin_c_class_hierarchy_1 do update set ck_class_parent = excluded.ck_class_parent, ck_class_child = excluded.ck_class_child, ck_class_attr = excluded.ck_class_attr, ck_user = excluded.ck_user, ct_change = excluded.ct_change;
INSERT INTO s_mt.t_class_hierarchy(ck_id, ck_class_parent, ck_class_child, ck_class_attr, ck_user, ct_change) VALUES ('11988', '58', '58', '382', '30021381', '2019-01-24T00:00:00.000+0000')  on conflict on constraint cin_c_class_hierarchy_1 do update set ck_class_parent = excluded.ck_class_parent, ck_class_child = excluded.ck_class_child, ck_class_attr = excluded.ck_class_attr, ck_user = excluded.ck_user, ct_change = excluded.ct_change;
INSERT INTO s_mt.t_class_hierarchy(ck_id, ck_class_parent, ck_class_child, ck_class_attr, ck_user, ct_change) VALUES ('11989', '137', '10457', '621', '30021381', '2019-01-24T00:00:00.000+0000')  on conflict on constraint cin_c_class_hierarchy_1 do update set ck_class_parent = excluded.ck_class_parent, ck_class_child = excluded.ck_class_child, ck_class_attr = excluded.ck_class_attr, ck_user = excluded.ck_user, ct_change = excluded.ct_change;
INSERT INTO s_mt.t_class_hierarchy(ck_id, ck_class_parent, ck_class_child, ck_class_attr, ck_user, ct_change) VALUES ('11990', '58', '10457', '382', '30021381', '2019-01-24T00:00:00.000+0000')  on conflict on constraint cin_c_class_hierarchy_1 do update set ck_class_parent = excluded.ck_class_parent, ck_class_child = excluded.ck_class_child, ck_class_attr = excluded.ck_class_attr, ck_user = excluded.ck_user, ct_change = excluded.ct_change;
INSERT INTO s_mt.t_class_hierarchy(ck_id, ck_class_parent, ck_class_child, ck_class_attr, ck_user, ct_change) VALUES ('11991', '6457', '10457', '36173', '30021381', '2019-01-24T00:00:00.000+0000')  on conflict on constraint cin_c_class_hierarchy_1 do update set ck_class_parent = excluded.ck_class_parent, ck_class_child = excluded.ck_class_child, ck_class_attr = excluded.ck_class_attr, ck_user = excluded.ck_user, ct_change = excluded.ct_change;
INSERT INTO s_mt.t_class_hierarchy(ck_id, ck_class_parent, ck_class_child, ck_class_attr, ck_user, ct_change) VALUES ('11992', '157', '10457', '735', '30021381', '2019-01-24T00:00:00.000+0000')  on conflict on constraint cin_c_class_hierarchy_1 do update set ck_class_parent = excluded.ck_class_parent, ck_class_child = excluded.ck_class_child, ck_class_attr = excluded.ck_class_attr, ck_user = excluded.ck_user, ct_change = excluded.ct_change;
INSERT INTO s_mt.t_class_hierarchy(ck_id, ck_class_parent, ck_class_child, ck_class_attr, ck_user, ct_change) VALUES ('11993', '32', '10457', '138', '30021381', '2019-01-24T00:00:00.000+0000')  on conflict on constraint cin_c_class_hierarchy_1 do update set ck_class_parent = excluded.ck_class_parent, ck_class_child = excluded.ck_class_child, ck_class_attr = excluded.ck_class_attr, ck_user = excluded.ck_user, ct_change = excluded.ct_change;
INSERT INTO s_mt.t_class_hierarchy(ck_id, ck_class_parent, ck_class_child, ck_class_attr, ck_user, ct_change) VALUES ('11994', '77', '10457', '450', '30021381', '2019-01-24T00:00:00.000+0000')  on conflict on constraint cin_c_class_hierarchy_1 do update set ck_class_parent = excluded.ck_class_parent, ck_class_child = excluded.ck_class_child, ck_class_attr = excluded.ck_class_attr, ck_user = excluded.ck_user, ct_change = excluded.ct_change;
INSERT INTO s_mt.t_class_hierarchy(ck_id, ck_class_parent, ck_class_child, ck_class_attr, ck_user, ct_change) VALUES ('11995', '10', '10457', '40', '30021381', '2019-01-24T00:00:00.000+0000')  on conflict on constraint cin_c_class_hierarchy_1 do update set ck_class_parent = excluded.ck_class_parent, ck_class_child = excluded.ck_class_child, ck_class_attr = excluded.ck_class_attr, ck_user = excluded.ck_user, ct_change = excluded.ct_change;
INSERT INTO s_mt.t_class_hierarchy(ck_id, ck_class_parent, ck_class_child, ck_class_attr, ck_user, ct_change) VALUES ('11996', '9', '10457', '39', '30021381', '2019-01-24T00:00:00.000+0000')  on conflict on constraint cin_c_class_hierarchy_1 do update set ck_class_parent = excluded.ck_class_parent, ck_class_child = excluded.ck_class_child, ck_class_attr = excluded.ck_class_attr, ck_user = excluded.ck_user, ct_change = excluded.ct_change;
INSERT INTO s_mt.t_class_hierarchy(ck_id, ck_class_parent, ck_class_child, ck_class_attr, ck_user, ct_change) VALUES ('11997', '17', '10457', '524', '30021381', '2019-01-24T00:00:00.000+0000')  on conflict on constraint cin_c_class_hierarchy_1 do update set ck_class_parent = excluded.ck_class_parent, ck_class_child = excluded.ck_class_child, ck_class_attr = excluded.ck_class_attr, ck_user = excluded.ck_user, ct_change = excluded.ct_change;
INSERT INTO s_mt.t_class_hierarchy(ck_id, ck_class_parent, ck_class_child, ck_class_attr, ck_user, ct_change) VALUES ('12985', '6457', '4457', '36173', '10028610', '2019-02-05T00:00:00.000+0000')  on conflict on constraint cin_c_class_hierarchy_1 do update set ck_class_parent = excluded.ck_class_parent, ck_class_child = excluded.ck_class_child, ck_class_attr = excluded.ck_class_attr, ck_user = excluded.ck_user, ct_change = excluded.ct_change;
INSERT INTO s_mt.t_class_hierarchy(ck_id, ck_class_parent, ck_class_child, ck_class_attr, ck_user, ct_change) VALUES ('13985', '157', '33', '735', '10028610', '2019-02-06T00:00:00.000+0000')  on conflict on constraint cin_c_class_hierarchy_1 do update set ck_class_parent = excluded.ck_class_parent, ck_class_child = excluded.ck_class_child, ck_class_attr = excluded.ck_class_attr, ck_user = excluded.ck_user, ct_change = excluded.ct_change;
INSERT INTO s_mt.t_class_hierarchy(ck_id, ck_class_parent, ck_class_child, ck_class_attr, ck_user, ct_change) VALUES ('14985', '32', '7457', '138', '10028610', '2019-02-10T00:00:00.000+0000')  on conflict on constraint cin_c_class_hierarchy_1 do update set ck_class_parent = excluded.ck_class_parent, ck_class_child = excluded.ck_class_child, ck_class_attr = excluded.ck_class_attr, ck_user = excluded.ck_user, ct_change = excluded.ct_change;
INSERT INTO s_mt.t_class_hierarchy(ck_id, ck_class_parent, ck_class_child, ck_class_attr, ck_user, ct_change) VALUES ('16985', '32', '357', '138', '10028610', '2019-02-13T00:00:00.000+0000')  on conflict on constraint cin_c_class_hierarchy_1 do update set ck_class_parent = excluded.ck_class_parent, ck_class_child = excluded.ck_class_child, ck_class_attr = excluded.ck_class_attr, ck_user = excluded.ck_user, ct_change = excluded.ct_change;
INSERT INTO s_mt.t_class_hierarchy(ck_id, ck_class_parent, ck_class_child, ck_class_attr, ck_user, ct_change) VALUES ('19985', '97', '30', '50169', '10028610', '2019-03-10T00:00:00.000+0000')  on conflict on constraint cin_c_class_hierarchy_1 do update set ck_class_parent = excluded.ck_class_parent, ck_class_child = excluded.ck_class_child, ck_class_attr = excluded.ck_class_attr, ck_user = excluded.ck_user, ct_change = excluded.ct_change;
INSERT INTO s_mt.t_class_hierarchy(ck_id, ck_class_parent, ck_class_child, ck_class_attr, ck_user, ct_change) VALUES ('846060F16DF560F2E053809BA8C0CA26', '32', '84599990888B6BCCE053809BA8C00CC8', '138', '20785', '2019-03-17T00:00:00.000+0000')  on conflict on constraint cin_c_class_hierarchy_1 do update set ck_class_parent = excluded.ck_class_parent, ck_class_child = excluded.ck_class_child, ck_class_attr = excluded.ck_class_attr, ck_user = excluded.ck_user, ct_change = excluded.ct_change;
INSERT INTO s_mt.t_class_hierarchy(ck_id, ck_class_parent, ck_class_child, ck_class_attr, ck_user, ct_change) VALUES ('857A42F381668F75E053809BA8C0916B', '357', '31', '857A4193E2E18F83E053809BA8C07E37', '20786', '2019-03-31T00:00:00.000+0000')  on conflict on constraint cin_c_class_hierarchy_1 do update set ck_class_parent = excluded.ck_class_parent, ck_class_child = excluded.ck_class_child, ck_class_attr = excluded.ck_class_attr, ck_user = excluded.ck_user, ct_change = excluded.ct_change;
INSERT INTO s_mt.t_class_hierarchy(ck_id, ck_class_parent, ck_class_child, ck_class_attr, ck_user, ct_change) VALUES ('871CB755C58C248AE053809BA8C0F31E', '137', '871CB755C589248AE053809BA8C0F31E', '621', '20785', '2019-05-15T00:00:00.000+0000')  on conflict on constraint cin_c_class_hierarchy_1 do update set ck_class_parent = excluded.ck_class_parent, ck_class_child = excluded.ck_class_child, ck_class_attr = excluded.ck_class_attr, ck_user = excluded.ck_user, ct_change = excluded.ct_change;
INSERT INTO s_mt.t_class_hierarchy(ck_id, ck_class_parent, ck_class_child, ck_class_attr, ck_user, ct_change) VALUES ('87BF581B392D242FE053809BA8C0461B', '871CB755C589248AE053809BA8C0F31E', '31', '876936326A5213F3E053809BA8C0487C', '20785', '2019-05-15T00:00:00.000+0000')  on conflict on constraint cin_c_class_hierarchy_1 do update set ck_class_parent = excluded.ck_class_parent, ck_class_child = excluded.ck_class_child, ck_class_attr = excluded.ck_class_attr, ck_user = excluded.ck_user, ct_change = excluded.ct_change;
INSERT INTO s_mt.t_class_hierarchy(ck_id, ck_class_parent, ck_class_child, ck_class_attr, ck_user, ct_change) VALUES ('87BF581B3930242FE053809BA8C0461B', '871CB755C589248AE053809BA8C0F31E', '26', '876936326A5213F3E053809BA8C0487C', '20785', '2019-05-15T00:00:00.000+0000')  on conflict on constraint cin_c_class_hierarchy_1 do update set ck_class_parent = excluded.ck_class_parent, ck_class_child = excluded.ck_class_child, ck_class_attr = excluded.ck_class_attr, ck_user = excluded.ck_user, ct_change = excluded.ct_change;
INSERT INTO s_mt.t_class_hierarchy(ck_id, ck_class_parent, ck_class_child, ck_class_attr, ck_user, ct_change) VALUES ('871A04B659F22480E053809BA8C06ED2', '871CB755C589248AE053809BA8C0F31E', '357', '876936326A5213F3E053809BA8C0487C', '20785', '2019-05-16T00:00:00.000+0000')  on conflict on constraint cin_c_class_hierarchy_1 do update set ck_class_parent = excluded.ck_class_parent, ck_class_child = excluded.ck_class_child, ck_class_attr = excluded.ck_class_attr, ck_user = excluded.ck_user, ct_change = excluded.ct_change;
INSERT INTO s_mt.t_class_hierarchy(ck_id, ck_class_parent, ck_class_child, ck_class_attr, ck_user, ct_change) VALUES ('87A9EF4DBB295226E053809BA8C0E1C2', '871CB755C589248AE053809BA8C0F31E', '84599990888B6BCCE053809BA8C00CC8', '876936326A5213F3E053809BA8C0487C', '20785', '2019-05-16T00:00:00.000+0000')  on conflict on constraint cin_c_class_hierarchy_1 do update set ck_class_parent = excluded.ck_class_parent, ck_class_child = excluded.ck_class_child, ck_class_attr = excluded.ck_class_attr, ck_user = excluded.ck_user, ct_change = excluded.ct_change;
INSERT INTO s_mt.t_class_hierarchy(ck_id, ck_class_parent, ck_class_child, ck_class_attr, ck_user, ct_change) VALUES ('87A9EF4DBB2A5226E053809BA8C0E1C2', '871CB755C589248AE053809BA8C0F31E', '197', '876936326A5213F3E053809BA8C0487C', '20785', '2019-05-16T00:00:00.000+0000')  on conflict on constraint cin_c_class_hierarchy_1 do update set ck_class_parent = excluded.ck_class_parent, ck_class_child = excluded.ck_class_child, ck_class_attr = excluded.ck_class_attr, ck_user = excluded.ck_user, ct_change = excluded.ct_change;
INSERT INTO s_mt.t_class_hierarchy(ck_id, ck_class_parent, ck_class_child, ck_class_attr, ck_user, ct_change) VALUES ('87A9EF4DBB2B5226E053809BA8C0E1C2', '871CB755C589248AE053809BA8C0F31E', '30', '876936326A5213F3E053809BA8C0487C', '20785', '2019-05-16T00:00:00.000+0000')  on conflict on constraint cin_c_class_hierarchy_1 do update set ck_class_parent = excluded.ck_class_parent, ck_class_child = excluded.ck_class_child, ck_class_attr = excluded.ck_class_attr, ck_user = excluded.ck_user, ct_change = excluded.ct_change;
INSERT INTO s_mt.t_class_hierarchy(ck_id, ck_class_parent, ck_class_child, ck_class_attr, ck_user, ct_change) VALUES ('87A9EF4DBB2C5226E053809BA8C0E1C2', '871CB755C589248AE053809BA8C0F31E', '33', '876936326A5213F3E053809BA8C0487C', '20785', '2019-05-16T00:00:00.000+0000')  on conflict on constraint cin_c_class_hierarchy_1 do update set ck_class_parent = excluded.ck_class_parent, ck_class_child = excluded.ck_class_child, ck_class_attr = excluded.ck_class_attr, ck_user = excluded.ck_user, ct_change = excluded.ct_change;
INSERT INTO s_mt.t_class_hierarchy(ck_id, ck_class_parent, ck_class_child, ck_class_attr, ck_user, ct_change) VALUES ('87A9EF4DBB2D5226E053809BA8C0E1C2', '871CB755C589248AE053809BA8C0F31E', '27', '876936326A5213F3E053809BA8C0487C', '20785', '2019-05-16T00:00:00.000+0000')  on conflict on constraint cin_c_class_hierarchy_1 do update set ck_class_parent = excluded.ck_class_parent, ck_class_child = excluded.ck_class_child, ck_class_attr = excluded.ck_class_attr, ck_user = excluded.ck_user, ct_change = excluded.ct_change;
INSERT INTO s_mt.t_class_hierarchy(ck_id, ck_class_parent, ck_class_child, ck_class_attr, ck_user, ct_change) VALUES ('87A9EF4DBB2E5226E053809BA8C0E1C2', '871CB755C589248AE053809BA8C0F31E', '28', '876936326A5213F3E053809BA8C0487C', '20785', '2019-05-16T00:00:00.000+0000')  on conflict on constraint cin_c_class_hierarchy_1 do update set ck_class_parent = excluded.ck_class_parent, ck_class_child = excluded.ck_class_child, ck_class_attr = excluded.ck_class_attr, ck_user = excluded.ck_user, ct_change = excluded.ct_change;
INSERT INTO s_mt.t_class_hierarchy(ck_id, ck_class_parent, ck_class_child, ck_class_attr, ck_user, ct_change) VALUES ('87A9EF4DBB2F5226E053809BA8C0E1C2', '871CB755C589248AE053809BA8C0F31E', '417', '876936326A5213F3E053809BA8C0487C', '20785', '2019-05-16T00:00:00.000+0000')  on conflict on constraint cin_c_class_hierarchy_1 do update set ck_class_parent = excluded.ck_class_parent, ck_class_child = excluded.ck_class_child, ck_class_attr = excluded.ck_class_attr, ck_user = excluded.ck_user, ct_change = excluded.ct_change;
INSERT INTO s_mt.t_class_hierarchy(ck_id, ck_class_parent, ck_class_child, ck_class_attr, ck_user, ct_change) VALUES ('87A9EF4DBB305226E053809BA8C0E1C2', '871CB755C589248AE053809BA8C0F31E', '37', '876936326A5213F3E053809BA8C0487C', '20785', '2019-05-16T00:00:00.000+0000')  on conflict on constraint cin_c_class_hierarchy_1 do update set ck_class_parent = excluded.ck_class_parent, ck_class_child = excluded.ck_class_child, ck_class_attr = excluded.ck_class_attr, ck_user = excluded.ck_user, ct_change = excluded.ct_change;
INSERT INTO s_mt.t_class_hierarchy(ck_id, ck_class_parent, ck_class_child, ck_class_attr, ck_user, ct_change) VALUES ('87BF545279B013EDE053809BA8C0A884', '871CB755C589248AE053809BA8C0F31E', '29', '876936326A5213F3E053809BA8C0487C', '20785', '2019-05-16T00:00:00.000+0000')  on conflict on constraint cin_c_class_hierarchy_1 do update set ck_class_parent = excluded.ck_class_parent, ck_class_child = excluded.ck_class_child, ck_class_attr = excluded.ck_class_attr, ck_user = excluded.ck_user, ct_change = excluded.ct_change;
INSERT INTO s_mt.t_class_hierarchy(ck_id, ck_class_parent, ck_class_child, ck_class_attr, ck_user, ct_change) VALUES ('87BF545279B113EDE053809BA8C0A884', '871CB755C589248AE053809BA8C0F31E', '38', '876936326A5213F3E053809BA8C0487C', '20785', '2019-05-16T00:00:00.000+0000')  on conflict on constraint cin_c_class_hierarchy_1 do update set ck_class_parent = excluded.ck_class_parent, ck_class_child = excluded.ck_class_child, ck_class_attr = excluded.ck_class_attr, ck_user = excluded.ck_user, ct_change = excluded.ct_change;
INSERT INTO s_mt.t_class_hierarchy(ck_id, ck_class_parent, ck_class_child, ck_class_attr, ck_user, ct_change) VALUES ('87BF545279B213EDE053809BA8C0A884', '871CB755C589248AE053809BA8C0F31E', '7457', '876936326A5213F3E053809BA8C0487C', '20785', '2019-05-16T00:00:00.000+0000')  on conflict on constraint cin_c_class_hierarchy_1 do update set ck_class_parent = excluded.ck_class_parent, ck_class_child = excluded.ck_class_child, ck_class_attr = excluded.ck_class_attr, ck_user = excluded.ck_user, ct_change = excluded.ct_change;
INSERT INTO s_mt.t_class_hierarchy(ck_id, ck_class_parent, ck_class_child, ck_class_attr, ck_user, ct_change) VALUES ('87BF545279B313EDE053809BA8C0A884', '871CB755C589248AE053809BA8C0F31E', '317', '876936326A5213F3E053809BA8C0487C', '20785', '2019-05-16T00:00:00.000+0000')  on conflict on constraint cin_c_class_hierarchy_1 do update set ck_class_parent = excluded.ck_class_parent, ck_class_child = excluded.ck_class_child, ck_class_attr = excluded.ck_class_attr, ck_user = excluded.ck_user, ct_change = excluded.ct_change;
INSERT INTO s_mt.t_class_hierarchy(ck_id, ck_class_parent, ck_class_child, ck_class_attr, ck_user, ct_change) VALUES ('87BF545279B413EDE053809BA8C0A884', '871CB755C589248AE053809BA8C0F31E', '97', '876936326A5213F3E053809BA8C0487C', '20785', '2019-05-16T00:00:00.000+0000')  on conflict on constraint cin_c_class_hierarchy_1 do update set ck_class_parent = excluded.ck_class_parent, ck_class_child = excluded.ck_class_child, ck_class_attr = excluded.ck_class_attr, ck_user = excluded.ck_user, ct_change = excluded.ct_change;
INSERT INTO s_mt.t_class_hierarchy(ck_id, ck_class_parent, ck_class_child, ck_class_attr, ck_user, ct_change) VALUES ('87BF545279B513EDE053809BA8C0A884', '871CB755C589248AE053809BA8C0F31E', '10457', '876936326A5213F3E053809BA8C0487C', '20785', '2019-05-16T00:00:00.000+0000')  on conflict on constraint cin_c_class_hierarchy_1 do update set ck_class_parent = excluded.ck_class_parent, ck_class_child = excluded.ck_class_child, ck_class_attr = excluded.ck_class_attr, ck_user = excluded.ck_user, ct_change = excluded.ct_change;
INSERT INTO s_mt.t_class_hierarchy(ck_id, ck_class_parent, ck_class_child, ck_class_attr, ck_user, ct_change) VALUES ('8D2BA0EF3702627EE053809BA8C0076B', '1', '8D547C621A02626CE053809BA8C0882B', '623', '20785', '2019-07-13T00:00:00.000+0000')  on conflict on constraint cin_c_class_hierarchy_1 do update set ck_class_parent = excluded.ck_class_parent, ck_class_child = excluded.ck_class_child, ck_class_attr = excluded.ck_class_attr, ck_user = excluded.ck_user, ct_change = excluded.ct_change;
INSERT INTO s_mt.t_class_hierarchy(ck_id, ck_class_parent, ck_class_child, ck_class_attr, ck_user, ct_change) VALUES ('8D2BA0EF3703627EE053809BA8C0076B', '417', '8D547C621A02626CE053809BA8C0882B', '1850', '20785', '2019-07-13T00:00:00.000+0000')  on conflict on constraint cin_c_class_hierarchy_1 do update set ck_class_parent = excluded.ck_class_parent, ck_class_child = excluded.ck_class_child, ck_class_attr = excluded.ck_class_attr, ck_user = excluded.ck_user, ct_change = excluded.ct_change;
INSERT INTO s_mt.t_class_hierarchy(ck_id, ck_class_parent, ck_class_child, ck_class_attr, ck_user, ct_change) VALUES ('8D2BA0EF3704627EE053809BA8C0076B', '32', '8D547C621A02626CE053809BA8C0882B', '138', '20785', '2019-07-13T00:00:00.000+0000')  on conflict on constraint cin_c_class_hierarchy_1 do update set ck_class_parent = excluded.ck_class_parent, ck_class_child = excluded.ck_class_child, ck_class_attr = excluded.ck_class_attr, ck_user = excluded.ck_user, ct_change = excluded.ct_change;
INSERT INTO s_mt.t_class_hierarchy(ck_id, ck_class_parent, ck_class_child, ck_class_attr, ck_user, ct_change) VALUES ('8D3A50B6DE966276E053809BA8C0911C', '7457', '8D547C621A02626CE053809BA8C0882B', '37172', '20785', '2019-07-13T00:00:00.000+0000')  on conflict on constraint cin_c_class_hierarchy_1 do update set ck_class_parent = excluded.ck_class_parent, ck_class_child = excluded.ck_class_child, ck_class_attr = excluded.ck_class_attr, ck_user = excluded.ck_user, ct_change = excluded.ct_change;
INSERT INTO s_mt.t_class_hierarchy(ck_id, ck_class_parent, ck_class_child, ck_class_attr, ck_user, ct_change) VALUES ('8D3A50B6DE976276E053809BA8C0911C', '137', '8D547C621A02626CE053809BA8C0882B', '621', '20785', '2019-07-13T00:00:00.000+0000')  on conflict on constraint cin_c_class_hierarchy_1 do update set ck_class_parent = excluded.ck_class_parent, ck_class_child = excluded.ck_class_child, ck_class_attr = excluded.ck_class_attr, ck_user = excluded.ck_user, ct_change = excluded.ct_change;
INSERT INTO s_mt.t_class_hierarchy(ck_id, ck_class_parent, ck_class_child, ck_class_attr, ck_user, ct_change) VALUES ('8D4FD9E32887628AE053809BA8C080EB', '871CB755C589248AE053809BA8C0F31E', '8D547C621A02626CE053809BA8C0882B', '876936326A5213F3E053809BA8C0487C', '20785', '2019-07-13T00:00:00.000+0000')  on conflict on constraint cin_c_class_hierarchy_1 do update set ck_class_parent = excluded.ck_class_parent, ck_class_child = excluded.ck_class_child, ck_class_attr = excluded.ck_class_attr, ck_user = excluded.ck_user, ct_change = excluded.ct_change;
INSERT INTO s_mt.t_class_hierarchy(ck_id, ck_class_parent, ck_class_child, ck_class_attr, ck_user, ct_change) VALUES ('8D4FD9E32888628AE053809BA8C080EB', '157', '8D547C621A02626CE053809BA8C0882B', '735', '20785', '2019-07-13T00:00:00.000+0000')  on conflict on constraint cin_c_class_hierarchy_1 do update set ck_class_parent = excluded.ck_class_parent, ck_class_child = excluded.ck_class_child, ck_class_attr = excluded.ck_class_attr, ck_user = excluded.ck_user, ct_change = excluded.ct_change;
INSERT INTO s_mt.t_class_hierarchy(ck_id, ck_class_parent, ck_class_child, ck_class_attr, ck_user, ct_change) VALUES ('8D4FD9E32889628AE053809BA8C080EB', '58', '8D547C621A02626CE053809BA8C0882B', '382', '20785', '2019-07-13T00:00:00.000+0000')  on conflict on constraint cin_c_class_hierarchy_1 do update set ck_class_parent = excluded.ck_class_parent, ck_class_child = excluded.ck_class_child, ck_class_attr = excluded.ck_class_attr, ck_user = excluded.ck_user, ct_change = excluded.ct_change;
INSERT INTO s_mt.t_class_hierarchy(ck_id, ck_class_parent, ck_class_child, ck_class_attr, ck_user, ct_change) VALUES ('8D547C621A0A626CE053809BA8C0882B', '6457', '8D547C621A02626CE053809BA8C0882B', '36173', '20785', '2019-07-13T00:00:00.000+0000')  on conflict on constraint cin_c_class_hierarchy_1 do update set ck_class_parent = excluded.ck_class_parent, ck_class_child = excluded.ck_class_child, ck_class_attr = excluded.ck_class_attr, ck_user = excluded.ck_user, ct_change = excluded.ct_change;
INSERT INTO s_mt.t_class_hierarchy(ck_id, ck_class_parent, ck_class_child, ck_class_attr, ck_user, ct_change) VALUES ('8E595EA2AB618D8FE053809BA8C044A5', '137', '8E6AC2B44FCB8D3BE053809BA8C0E74D', '621', '20785', '2019-07-23T00:00:00.000+0000')  on conflict on constraint cin_c_class_hierarchy_1 do update set ck_class_parent = excluded.ck_class_parent, ck_class_child = excluded.ck_class_child, ck_class_attr = excluded.ck_class_attr, ck_user = excluded.ck_user, ct_change = excluded.ct_change;
INSERT INTO s_mt.t_class_hierarchy(ck_id, ck_class_parent, ck_class_child, ck_class_attr, ck_user, ct_change) VALUES ('8E7C598A0D9F6572E053809BA8C0F580', '58', '337', '382', '20786', '2019-07-24T00:00:00.000+0000')  on conflict on constraint cin_c_class_hierarchy_1 do update set ck_class_parent = excluded.ck_class_parent, ck_class_child = excluded.ck_class_child, ck_class_attr = excluded.ck_class_attr, ck_user = excluded.ck_user, ct_change = excluded.ct_change;
INSERT INTO s_mt.t_class_hierarchy(ck_id, ck_class_parent, ck_class_child, ck_class_attr, ck_user, ct_change) VALUES ('8E809B5872E626FBE053809BA8C0A2F5', '32', '8E6AC2B44FCB8D3BE053809BA8C0E74D', '138', '20785', '2019-07-24T00:00:00.000+0000')  on conflict on constraint cin_c_class_hierarchy_1 do update set ck_class_parent = excluded.ck_class_parent, ck_class_child = excluded.ck_class_child, ck_class_attr = excluded.ck_class_attr, ck_user = excluded.ck_user, ct_change = excluded.ct_change;
INSERT INTO s_mt.t_class_hierarchy(ck_id, ck_class_parent, ck_class_child, ck_class_attr, ck_user, ct_change) VALUES ('8F0CC686198C325DE053809BA8C053B6', '137', '7457', '621', '20780', '2019-08-06T00:00:00.000+0000')  on conflict on constraint cin_c_class_hierarchy_1 do update set ck_class_parent = excluded.ck_class_parent, ck_class_child = excluded.ck_class_child, ck_class_attr = excluded.ck_class_attr, ck_user = excluded.ck_user, ct_change = excluded.ct_change;
INSERT INTO s_mt.t_class_hierarchy(ck_id, ck_class_parent, ck_class_child, ck_class_attr, ck_user, ct_change) VALUES ('8FFC6C4564B94157E053809BA8C00266', '35', '8FFC6C4564B84157E053809BA8C00266', '172', '20785', '2019-08-13T00:00:00.000+0000')  on conflict on constraint cin_c_class_hierarchy_1 do update set ck_class_parent = excluded.ck_class_parent, ck_class_child = excluded.ck_class_child, ck_class_attr = excluded.ck_class_attr, ck_user = excluded.ck_user, ct_change = excluded.ct_change;
INSERT INTO s_mt.t_class_hierarchy(ck_id, ck_class_parent, ck_class_child, ck_class_attr, ck_user, ct_change) VALUES ('8FFF734D4DB9414BE053809BA8C08F58', '137', '8FFC6C4564B84157E053809BA8C00266', '621', '20785', '2019-08-13T00:00:00.000+0000')  on conflict on constraint cin_c_class_hierarchy_1 do update set ck_class_parent = excluded.ck_class_parent, ck_class_child = excluded.ck_class_child, ck_class_attr = excluded.ck_class_attr, ck_user = excluded.ck_user, ct_change = excluded.ct_change;
INSERT INTO s_mt.t_class_hierarchy(ck_id, ck_class_parent, ck_class_child, ck_class_attr, ck_user, ct_change) VALUES ('B4F4D16D482E427398570E7DFE91D97D', '32', '8457', '138', '1', '2019-08-28T00:00:00.000+0000')  on conflict on constraint cin_c_class_hierarchy_1 do update set ck_class_parent = excluded.ck_class_parent, ck_class_child = excluded.ck_class_child, ck_class_attr = excluded.ck_class_attr, ck_user = excluded.ck_user, ct_change = excluded.ct_change;
INSERT INTO s_mt.t_class_hierarchy(ck_id, ck_class_parent, ck_class_child, ck_class_attr, ck_user, ct_change) VALUES ('47D6A2EA6DBD412EA95163F1B3F2A093', '4BA159E82B434939AAD293411854ED95', '26', '53F747643BEE49B795CA755F3532E598', '4fd05ca9-3a9e-4d66-82df-886dfa082113', '2019-09-20T00:00:00.000+0000')  on conflict on constraint cin_c_class_hierarchy_1 do update set ck_class_parent = excluded.ck_class_parent, ck_class_child = excluded.ck_class_child, ck_class_attr = excluded.ck_class_attr, ck_user = excluded.ck_user, ct_change = excluded.ct_change;
INSERT INTO s_mt.t_class_hierarchy(ck_id, ck_class_parent, ck_class_child, ck_class_attr, ck_user, ct_change) VALUES ('631D579AFA48484C8EF21919FB22ECF3', '4BA159E82B434939AAD293411854ED95', '84599990888B6BCCE053809BA8C00CC8', '53F747643BEE49B795CA755F3532E598', '4fd05ca9-3a9e-4d66-82df-886dfa082113', '2019-09-20T00:00:00.000+0000')  on conflict on constraint cin_c_class_hierarchy_1 do update set ck_class_parent = excluded.ck_class_parent, ck_class_child = excluded.ck_class_child, ck_class_attr = excluded.ck_class_attr, ck_user = excluded.ck_user, ct_change = excluded.ct_change;
INSERT INTO s_mt.t_class_hierarchy(ck_id, ck_class_parent, ck_class_child, ck_class_attr, ck_user, ct_change) VALUES ('6F9F548ADA3343C0B47E2256DF02CC86', '4BA159E82B434939AAD293411854ED95', '97', '53F747643BEE49B795CA755F3532E598', '4fd05ca9-3a9e-4d66-82df-886dfa082113', '2019-09-20T00:00:00.000+0000')  on conflict on constraint cin_c_class_hierarchy_1 do update set ck_class_parent = excluded.ck_class_parent, ck_class_child = excluded.ck_class_child, ck_class_attr = excluded.ck_class_attr, ck_user = excluded.ck_user, ct_change = excluded.ct_change;
INSERT INTO s_mt.t_class_hierarchy(ck_id, ck_class_parent, ck_class_child, ck_class_attr, ck_user, ct_change) VALUES ('8B5EF501B37C4C6385C111C945CE9506', '4BA159E82B434939AAD293411854ED95', '38', '53F747643BEE49B795CA755F3532E598', '4fd05ca9-3a9e-4d66-82df-886dfa082113', '2019-09-20T00:00:00.000+0000')  on conflict on constraint cin_c_class_hierarchy_1 do update set ck_class_parent = excluded.ck_class_parent, ck_class_child = excluded.ck_class_child, ck_class_attr = excluded.ck_class_attr, ck_user = excluded.ck_user, ct_change = excluded.ct_change;
INSERT INTO s_mt.t_class_hierarchy(ck_id, ck_class_parent, ck_class_child, ck_class_attr, ck_user, ct_change) VALUES ('972885F33B9E4414A66FF47185D60147', '4BA159E82B434939AAD293411854ED95', '31', '53F747643BEE49B795CA755F3532E598', '4fd05ca9-3a9e-4d66-82df-886dfa082113', '2019-09-20T00:00:00.000+0000')  on conflict on constraint cin_c_class_hierarchy_1 do update set ck_class_parent = excluded.ck_class_parent, ck_class_child = excluded.ck_class_child, ck_class_attr = excluded.ck_class_attr, ck_user = excluded.ck_user, ct_change = excluded.ct_change;
INSERT INTO s_mt.t_class_hierarchy(ck_id, ck_class_parent, ck_class_child, ck_class_attr, ck_user, ct_change) VALUES ('A6F31BFB6B1C499D8AA46F53986F5C85', '4BA159E82B434939AAD293411854ED95', '29', '53F747643BEE49B795CA755F3532E598', '4fd05ca9-3a9e-4d66-82df-886dfa082113', '2019-09-20T00:00:00.000+0000')  on conflict on constraint cin_c_class_hierarchy_1 do update set ck_class_parent = excluded.ck_class_parent, ck_class_child = excluded.ck_class_child, ck_class_attr = excluded.ck_class_attr, ck_user = excluded.ck_user, ct_change = excluded.ct_change;
INSERT INTO s_mt.t_class_hierarchy(ck_id, ck_class_parent, ck_class_child, ck_class_attr, ck_user, ct_change) VALUES ('A9D1A80CA3114F65B7058A82E5410221', '58', '4BA159E82B434939AAD293411854ED95', '382', '4fd05ca9-3a9e-4d66-82df-886dfa082113', '2019-09-20T00:00:00.000+0000')  on conflict on constraint cin_c_class_hierarchy_1 do update set ck_class_parent = excluded.ck_class_parent, ck_class_child = excluded.ck_class_child, ck_class_attr = excluded.ck_class_attr, ck_user = excluded.ck_user, ct_change = excluded.ct_change;
INSERT INTO s_mt.t_class_hierarchy(ck_id, ck_class_parent, ck_class_child, ck_class_attr, ck_user, ct_change) VALUES ('B0438E49767B4D1FAFF43DC1344C924A', '4BA159E82B434939AAD293411854ED95', '27', '53F747643BEE49B795CA755F3532E598', '4fd05ca9-3a9e-4d66-82df-886dfa082113', '2019-09-20T00:00:00.000+0000')  on conflict on constraint cin_c_class_hierarchy_1 do update set ck_class_parent = excluded.ck_class_parent, ck_class_child = excluded.ck_class_child, ck_class_attr = excluded.ck_class_attr, ck_user = excluded.ck_user, ct_change = excluded.ct_change;
INSERT INTO s_mt.t_class_hierarchy(ck_id, ck_class_parent, ck_class_child, ck_class_attr, ck_user, ct_change) VALUES ('B5EA629A334B4435877A1E9ADD675CEF', '4BA159E82B434939AAD293411854ED95', '30', '53F747643BEE49B795CA755F3532E598', '4fd05ca9-3a9e-4d66-82df-886dfa082113', '2019-09-20T00:00:00.000+0000')  on conflict on constraint cin_c_class_hierarchy_1 do update set ck_class_parent = excluded.ck_class_parent, ck_class_child = excluded.ck_class_child, ck_class_attr = excluded.ck_class_attr, ck_user = excluded.ck_user, ct_change = excluded.ct_change;
INSERT INTO s_mt.t_class_hierarchy(ck_id, ck_class_parent, ck_class_child, ck_class_attr, ck_user, ct_change) VALUES ('B8CBEABDDF03452798A20FD6C706BDBA', 'D966BA30FBA3469FB5FEA82127B1ED6D', '137', '4E50E23DE3C2473A8B41011A689EEC1F', '4fd05ca9-3a9e-4d66-82df-886dfa082113', '2019-09-20T00:00:00.000+0000')  on conflict on constraint cin_c_class_hierarchy_1 do update set ck_class_parent = excluded.ck_class_parent, ck_class_child = excluded.ck_class_child, ck_class_attr = excluded.ck_class_attr, ck_user = excluded.ck_user, ct_change = excluded.ct_change;
INSERT INTO s_mt.t_class_hierarchy(ck_id, ck_class_parent, ck_class_child, ck_class_attr, ck_user, ct_change) VALUES ('BC578965E4164A83853EE19F4613392E', '4BA159E82B434939AAD293411854ED95', '197', '53F747643BEE49B795CA755F3532E598', '4fd05ca9-3a9e-4d66-82df-886dfa082113', '2019-09-20T00:00:00.000+0000')  on conflict on constraint cin_c_class_hierarchy_1 do update set ck_class_parent = excluded.ck_class_parent, ck_class_child = excluded.ck_class_child, ck_class_attr = excluded.ck_class_attr, ck_user = excluded.ck_user, ct_change = excluded.ct_change;
INSERT INTO s_mt.t_class_hierarchy(ck_id, ck_class_parent, ck_class_child, ck_class_attr, ck_user, ct_change) VALUES ('E599461243B443D79DAE9BE6BD901FBD', '4BA159E82B434939AAD293411854ED95', '357', '53F747643BEE49B795CA755F3532E598', '4fd05ca9-3a9e-4d66-82df-886dfa082113', '2019-09-20T00:00:00.000+0000')  on conflict on constraint cin_c_class_hierarchy_1 do update set ck_class_parent = excluded.ck_class_parent, ck_class_child = excluded.ck_class_child, ck_class_attr = excluded.ck_class_attr, ck_user = excluded.ck_user, ct_change = excluded.ct_change;
INSERT INTO s_mt.t_class_hierarchy(ck_id, ck_class_parent, ck_class_child, ck_class_attr, ck_user, ct_change) VALUES ('E97A0AF726A14D588992CA31DCFFC1C6', '4BA159E82B434939AAD293411854ED95', '28', '53F747643BEE49B795CA755F3532E598', '4fd05ca9-3a9e-4d66-82df-886dfa082113', '2019-09-20T00:00:00.000+0000')  on conflict on constraint cin_c_class_hierarchy_1 do update set ck_class_parent = excluded.ck_class_parent, ck_class_child = excluded.ck_class_child, ck_class_attr = excluded.ck_class_attr, ck_user = excluded.ck_user, ct_change = excluded.ct_change;
INSERT INTO s_mt.t_class_hierarchy(ck_id, ck_class_parent, ck_class_child, ck_class_attr, ck_user, ct_change) VALUES ('FCF34A313A5B43EBBCE75DB389AE9835', '4BA159E82B434939AAD293411854ED95', '37', '53F747643BEE49B795CA755F3532E598', '4fd05ca9-3a9e-4d66-82df-886dfa082113', '2019-09-20T00:00:00.000+0000')  on conflict on constraint cin_c_class_hierarchy_1 do update set ck_class_parent = excluded.ck_class_parent, ck_class_child = excluded.ck_class_child, ck_class_attr = excluded.ck_class_attr, ck_user = excluded.ck_user, ct_change = excluded.ct_change;
INSERT INTO s_mt.t_class_hierarchy(ck_id, ck_class_parent, ck_class_child, ck_class_attr, ck_user, ct_change) VALUES ('4953B98C1D8941A4AA9DD567026FEE36', 'D966BA30FBA3469FB5FEA82127B1ED6D', '19', 'D910BD59B2CE4895BE263B2FC12DA80D', '4fd05ca9-3a9e-4d66-82df-886dfa082113', '2019-09-27T00:00:00.000+0000')  on conflict on constraint cin_c_class_hierarchy_1 do update set ck_class_parent = excluded.ck_class_parent, ck_class_child = excluded.ck_class_child, ck_class_attr = excluded.ck_class_attr, ck_user = excluded.ck_user, ct_change = excluded.ct_change;
INSERT INTO s_mt.t_class_hierarchy(ck_id, ck_class_parent, ck_class_child, ck_class_attr, ck_user, ct_change) VALUES ('8E5C6E77F6FC4B3E9EEE1DE5A3AD4CF1', '1', 'D966BA30FBA3469FB5FEA82127B1ED6D', '623', '4fd05ca9-3a9e-4d66-82df-886dfa082113', '2019-09-27T00:00:00.000+0000')  on conflict on constraint cin_c_class_hierarchy_1 do update set ck_class_parent = excluded.ck_class_parent, ck_class_child = excluded.ck_class_child, ck_class_attr = excluded.ck_class_attr, ck_user = excluded.ck_user, ct_change = excluded.ct_change;
INSERT INTO s_mt.t_class_hierarchy(ck_id, ck_class_parent, ck_class_child, ck_class_attr, ck_user, ct_change) VALUES ('ADFF5975DA774D6188218990543EB997', '137', 'D966BA30FBA3469FB5FEA82127B1ED6D', '621', '4fd05ca9-3a9e-4d66-82df-886dfa082113', '2019-09-27T00:00:00.000+0000')  on conflict on constraint cin_c_class_hierarchy_1 do update set ck_class_parent = excluded.ck_class_parent, ck_class_child = excluded.ck_class_child, ck_class_attr = excluded.ck_class_attr, ck_user = excluded.ck_user, ct_change = excluded.ct_change;
INSERT INTO s_mt.t_class_hierarchy(ck_id, ck_class_parent, ck_class_child, ck_class_attr, ck_user, ct_change) VALUES ('C4BB8546759A47AAA4102F5EFB72B7DB', '32', '32', '138', '4fd05ca9-3a9e-4d66-82df-886dfa082113', '2019-09-27T00:00:00.000+0000')  on conflict on constraint cin_c_class_hierarchy_1 do update set ck_class_parent = excluded.ck_class_parent, ck_class_child = excluded.ck_class_child, ck_class_attr = excluded.ck_class_attr, ck_user = excluded.ck_user, ct_change = excluded.ct_change;
INSERT INTO s_mt.t_class_hierarchy(ck_id, ck_class_parent, ck_class_child, ck_class_attr, ck_user, ct_change) VALUES ('E754E5180C5D4BCEAF3EA89125E6ADD1', '35', 'D966BA30FBA3469FB5FEA82127B1ED6D', '172', '4fd05ca9-3a9e-4d66-82df-886dfa082113', '2019-09-27T00:00:00.000+0000')  on conflict on constraint cin_c_class_hierarchy_1 do update set ck_class_parent = excluded.ck_class_parent, ck_class_child = excluded.ck_class_child, ck_class_attr = excluded.ck_class_attr, ck_user = excluded.ck_user, ct_change = excluded.ct_change;
INSERT INTO s_mt.t_class_hierarchy(ck_id, ck_class_parent, ck_class_child, ck_class_attr, ck_user, ct_change) VALUES ('19F9F82644044A77B605A78625930B7B', '32', 'D966BA30FBA3469FB5FEA82127B1ED6D', '138', '4fd05ca9-3a9e-4d66-82df-886dfa082113', '2019-09-30T00:00:00.000+0000')  on conflict on constraint cin_c_class_hierarchy_1 do update set ck_class_parent = excluded.ck_class_parent, ck_class_child = excluded.ck_class_child, ck_class_attr = excluded.ck_class_attr, ck_user = excluded.ck_user, ct_change = excluded.ct_change;
INSERT INTO s_mt.t_class_hierarchy(ck_id, ck_class_parent, ck_class_child, ck_class_attr, ck_user, ct_change) VALUES ('1E6AF1F3CAA54A2F972A8E8AA68F013D', 'BA125F895507411E8730C07D3AD26A3A', '16CD1F9A0789445AA23AC20DA565BFCC', '0A71556DD08146C496C07ED8E2375751', '4fd05ca9-3a9e-4d66-82df-886dfa082113', '2019-10-03T00:00:00.000+0000')  on conflict on constraint cin_c_class_hierarchy_1 do update set ck_class_parent = excluded.ck_class_parent, ck_class_child = excluded.ck_class_child, ck_class_attr = excluded.ck_class_attr, ck_user = excluded.ck_user, ct_change = excluded.ct_change;
INSERT INTO s_mt.t_class_hierarchy(ck_id, ck_class_parent, ck_class_child, ck_class_attr, ck_user, ct_change) VALUES ('25DCFA2674A74F2ABF817A6F453CB315', 'DB557A6113634FD2BC40D2A58EE1EB3F', '19', '061FCBDA3AEB49F397D36170131F36C6', '4fd05ca9-3a9e-4d66-82df-886dfa082113', '2019-10-03T00:00:00.000+0000')  on conflict on constraint cin_c_class_hierarchy_1 do update set ck_class_parent = excluded.ck_class_parent, ck_class_child = excluded.ck_class_child, ck_class_attr = excluded.ck_class_attr, ck_user = excluded.ck_user, ct_change = excluded.ct_change;
INSERT INTO s_mt.t_class_hierarchy(ck_id, ck_class_parent, ck_class_child, ck_class_attr, ck_user, ct_change) VALUES ('45BF9FC5FBF44372B0D32F16B9B94207', 'BA125F895507411E8730C07D3AD26A3A', '1457', '0A71556DD08146C496C07ED8E2375751', '4fd05ca9-3a9e-4d66-82df-886dfa082113', '2019-10-03T00:00:00.000+0000')  on conflict on constraint cin_c_class_hierarchy_1 do update set ck_class_parent = excluded.ck_class_parent, ck_class_child = excluded.ck_class_child, ck_class_attr = excluded.ck_class_attr, ck_user = excluded.ck_user, ct_change = excluded.ct_change;
INSERT INTO s_mt.t_class_hierarchy(ck_id, ck_class_parent, ck_class_child, ck_class_attr, ck_user, ct_change) VALUES ('6BFCEB3FE9134A488062E8BFFC4246A4', 'DB557A6113634FD2BC40D2A58EE1EB3F', '1457', '061FCBDA3AEB49F397D36170131F36C6', '4fd05ca9-3a9e-4d66-82df-886dfa082113', '2019-10-03T00:00:00.000+0000')  on conflict on constraint cin_c_class_hierarchy_1 do update set ck_class_parent = excluded.ck_class_parent, ck_class_child = excluded.ck_class_child, ck_class_attr = excluded.ck_class_attr, ck_user = excluded.ck_user, ct_change = excluded.ct_change;
INSERT INTO s_mt.t_class_hierarchy(ck_id, ck_class_parent, ck_class_child, ck_class_attr, ck_user, ct_change) VALUES ('6E663A2B4AB54136A2DB8AE84388FF49', 'BA125F895507411E8730C07D3AD26A3A', '19', '0A71556DD08146C496C07ED8E2375751', '4fd05ca9-3a9e-4d66-82df-886dfa082113', '2019-10-03T00:00:00.000+0000')  on conflict on constraint cin_c_class_hierarchy_1 do update set ck_class_parent = excluded.ck_class_parent, ck_class_child = excluded.ck_class_child, ck_class_attr = excluded.ck_class_attr, ck_user = excluded.ck_user, ct_change = excluded.ct_change;
INSERT INTO s_mt.t_class_hierarchy(ck_id, ck_class_parent, ck_class_child, ck_class_attr, ck_user, ct_change) VALUES ('93D7D7F199CF4DAC862BC0D2C526F3A2', '137', 'BA125F895507411E8730C07D3AD26A3A', '621', '4fd05ca9-3a9e-4d66-82df-886dfa082113', '2019-10-03T00:00:00.000+0000')  on conflict on constraint cin_c_class_hierarchy_1 do update set ck_class_parent = excluded.ck_class_parent, ck_class_child = excluded.ck_class_child, ck_class_attr = excluded.ck_class_attr, ck_user = excluded.ck_user, ct_change = excluded.ct_change;
INSERT INTO s_mt.t_class_hierarchy(ck_id, ck_class_parent, ck_class_child, ck_class_attr, ck_user, ct_change) VALUES ('BCB20A4360E04E7DA169553A5E5BF93E', '1', 'BA125F895507411E8730C07D3AD26A3A', '623', '4fd05ca9-3a9e-4d66-82df-886dfa082113', '2019-10-03T00:00:00.000+0000')  on conflict on constraint cin_c_class_hierarchy_1 do update set ck_class_parent = excluded.ck_class_parent, ck_class_child = excluded.ck_class_child, ck_class_attr = excluded.ck_class_attr, ck_user = excluded.ck_user, ct_change = excluded.ct_change;
INSERT INTO s_mt.t_class_hierarchy(ck_id, ck_class_parent, ck_class_child, ck_class_attr, ck_user, ct_change) VALUES ('F13D731FF4E44702BAA598BD6D37730D', 'BA125F895507411E8730C07D3AD26A3A', 'DB557A6113634FD2BC40D2A58EE1EB3F', '0A71556DD08146C496C07ED8E2375751', '4fd05ca9-3a9e-4d66-82df-886dfa082113', '2019-10-03T00:00:00.000+0000')  on conflict on constraint cin_c_class_hierarchy_1 do update set ck_class_parent = excluded.ck_class_parent, ck_class_child = excluded.ck_class_child, ck_class_attr = excluded.ck_class_attr, ck_user = excluded.ck_user, ct_change = excluded.ct_change;
INSERT INTO s_mt.t_class_hierarchy(ck_id, ck_class_parent, ck_class_child, ck_class_attr, ck_user, ct_change) VALUES ('29CE713D6887494EB4DB90AE8FA294C4', '1807D17438814B31B75A279C4CBC6C0C', '1457', '225864898ED0411FA0E5434CD3A85346', '4fd05ca9-3a9e-4d66-82df-886dfa082113', '2019-10-04T00:00:00.000+0000')  on conflict on constraint cin_c_class_hierarchy_1 do update set ck_class_parent = excluded.ck_class_parent, ck_class_child = excluded.ck_class_child, ck_class_attr = excluded.ck_class_attr, ck_user = excluded.ck_user, ct_change = excluded.ct_change;
INSERT INTO s_mt.t_class_hierarchy(ck_id, ck_class_parent, ck_class_child, ck_class_attr, ck_user, ct_change) VALUES ('452795343D34403C90C59899FE295BBE', '1807D17438814B31B75A279C4CBC6C0C', '19', '225864898ED0411FA0E5434CD3A85346', '4fd05ca9-3a9e-4d66-82df-886dfa082113', '2019-10-04T00:00:00.000+0000')  on conflict on constraint cin_c_class_hierarchy_1 do update set ck_class_parent = excluded.ck_class_parent, ck_class_child = excluded.ck_class_child, ck_class_attr = excluded.ck_class_attr, ck_user = excluded.ck_user, ct_change = excluded.ct_change;
INSERT INTO s_mt.t_class_hierarchy(ck_id, ck_class_parent, ck_class_child, ck_class_attr, ck_user, ct_change) VALUES ('914AA4CD5A0149F69C4805B917825A21', '1807D17438814B31B75A279C4CBC6C0C', '16CD1F9A0789445AA23AC20DA565BFCC', '225864898ED0411FA0E5434CD3A85346', '4fd05ca9-3a9e-4d66-82df-886dfa082113', '2019-10-04T00:00:00.000+0000')  on conflict on constraint cin_c_class_hierarchy_1 do update set ck_class_parent = excluded.ck_class_parent, ck_class_child = excluded.ck_class_child, ck_class_attr = excluded.ck_class_attr, ck_user = excluded.ck_user, ct_change = excluded.ct_change;
INSERT INTO s_mt.t_class_hierarchy(ck_id, ck_class_parent, ck_class_child, ck_class_attr, ck_user, ct_change) VALUES ('E115392A23ED446D890E923FF2809270', '1807D17438814B31B75A279C4CBC6C0C', 'DB557A6113634FD2BC40D2A58EE1EB3F', '225864898ED0411FA0E5434CD3A85346', '4fd05ca9-3a9e-4d66-82df-886dfa082113', '2019-10-04T00:00:00.000+0000')  on conflict on constraint cin_c_class_hierarchy_1 do update set ck_class_parent = excluded.ck_class_parent, ck_class_child = excluded.ck_class_child, ck_class_attr = excluded.ck_class_attr, ck_user = excluded.ck_user, ct_change = excluded.ct_change;
INSERT INTO s_mt.t_class_hierarchy(ck_id, ck_class_parent, ck_class_child, ck_class_attr, ck_user, ct_change) VALUES ('10AF78DDC6BC4057BC1383D5658ACAE1', '1EE230968D8648419A9FEF0AAF7390E7', 'C3F1A4DE593B40FD81079A422C16070D', '290CBFB50CFC4362B2F00C5C4D34AAB5', '4fd05ca9-3a9e-4d66-82df-886dfa082113', '2019-10-14T00:00:00.000+0000')  on conflict on constraint cin_c_class_hierarchy_1 do update set ck_class_parent = excluded.ck_class_parent, ck_class_child = excluded.ck_class_child, ck_class_attr = excluded.ck_class_attr, ck_user = excluded.ck_user, ct_change = excluded.ct_change;
INSERT INTO s_mt.t_class_hierarchy(ck_id, ck_class_parent, ck_class_child, ck_class_attr, ck_user, ct_change) VALUES ('C745F4C5E8DE458AAF0A0B603A9A6E46', '1EE230968D8648419A9FEF0AAF7390E7', '1807D17438814B31B75A279C4CBC6C0C', '290CBFB50CFC4362B2F00C5C4D34AAB5', '4fd05ca9-3a9e-4d66-82df-886dfa082113', '2019-10-15T00:00:00.000+0000')  on conflict on constraint cin_c_class_hierarchy_1 do update set ck_class_parent = excluded.ck_class_parent, ck_class_child = excluded.ck_class_child, ck_class_attr = excluded.ck_class_attr, ck_user = excluded.ck_user, ct_change = excluded.ct_change;
INSERT INTO s_mt.t_class_hierarchy(ck_id, ck_class_parent, ck_class_child, ck_class_attr, ck_user, ct_change) VALUES ('24962C7D46404D2D8366D169AE6EC336', '1EE230968D8648419A9FEF0AAF7390E7', 'DF451F5CC0A54F8791C4DFAC12DAE42E', '8E3A9174CCB442F1B50A7E5F97806827', '4fd05ca9-3a9e-4d66-82df-886dfa082113', '2019-10-17T00:00:00.000+0000')  on conflict on constraint cin_c_class_hierarchy_1 do update set ck_class_parent = excluded.ck_class_parent, ck_class_child = excluded.ck_class_child, ck_class_attr = excluded.ck_class_attr, ck_user = excluded.ck_user, ct_change = excluded.ct_change;
INSERT INTO s_mt.t_class_hierarchy(ck_id, ck_class_parent, ck_class_child, ck_class_attr, ck_user, ct_change) VALUES ('445A7E7372BA417CA0572651D03AE4CF', 'BA125F895507411E8730C07D3AD26A3A', '9CC06E8D9D7E4791BA1C6232DAF60CDD', '0A71556DD08146C496C07ED8E2375751', '4fd05ca9-3a9e-4d66-82df-886dfa082113', '2019-10-18T00:00:00.000+0000')  on conflict on constraint cin_c_class_hierarchy_1 do update set ck_class_parent = excluded.ck_class_parent, ck_class_child = excluded.ck_class_child, ck_class_attr = excluded.ck_class_attr, ck_user = excluded.ck_user, ct_change = excluded.ct_change;
INSERT INTO s_mt.t_class_hierarchy(ck_id, ck_class_parent, ck_class_child, ck_class_attr, ck_user, ct_change) VALUES ('5E09EE59B98C45338C3A9A40158DADDC', '32', '9CC06E8D9D7E4791BA1C6232DAF60CDD', '132', '4fd05ca9-3a9e-4d66-82df-886dfa082113', '2019-10-18T00:00:00.000+0000')  on conflict on constraint cin_c_class_hierarchy_1 do update set ck_class_parent = excluded.ck_class_parent, ck_class_child = excluded.ck_class_child, ck_class_attr = excluded.ck_class_attr, ck_user = excluded.ck_user, ct_change = excluded.ct_change;
INSERT INTO s_mt.t_class_hierarchy(ck_id, ck_class_parent, ck_class_child, ck_class_attr, ck_user, ct_change) VALUES ('A8A54B8686FE4ACD93B012192118D816', 'DB557A6113634FD2BC40D2A58EE1EB3F', '9CC06E8D9D7E4791BA1C6232DAF60CDD', '061FCBDA3AEB49F397D36170131F36C6', '4fd05ca9-3a9e-4d66-82df-886dfa082113', '2019-10-18T00:00:00.000+0000')  on conflict on constraint cin_c_class_hierarchy_1 do update set ck_class_parent = excluded.ck_class_parent, ck_class_child = excluded.ck_class_child, ck_class_attr = excluded.ck_class_attr, ck_user = excluded.ck_user, ct_change = excluded.ct_change;
INSERT INTO s_mt.t_class_hierarchy(ck_id, ck_class_parent, ck_class_child, ck_class_attr, ck_user, ct_change) VALUES ('B6BC04C53EFF43DF84C03785E23073D4', '9CC06E8D9D7E4791BA1C6232DAF60CDD', '19', '1CEDCCF877584C01B3BD292C10D65DC9', '4fd05ca9-3a9e-4d66-82df-886dfa082113', '2019-10-18T00:00:00.000+0000')  on conflict on constraint cin_c_class_hierarchy_1 do update set ck_class_parent = excluded.ck_class_parent, ck_class_child = excluded.ck_class_child, ck_class_attr = excluded.ck_class_attr, ck_user = excluded.ck_user, ct_change = excluded.ct_change;
INSERT INTO s_mt.t_class_hierarchy(ck_id, ck_class_parent, ck_class_child, ck_class_attr, ck_user, ct_change) VALUES ('756B52456E2E476A9DA563A71F1C61C9', 'DF451F5CC0A54F8791C4DFAC12DAE42E', '1', 'E2D0A96506384965A7B2666E5D2D1970', '4fd05ca9-3a9e-4d66-82df-886dfa082113', '2019-10-21T00:00:00.000+0000')  on conflict on constraint cin_c_class_hierarchy_1 do update set ck_class_parent = excluded.ck_class_parent, ck_class_child = excluded.ck_class_child, ck_class_attr = excluded.ck_class_attr, ck_user = excluded.ck_user, ct_change = excluded.ct_change;
INSERT INTO s_mt.t_class_hierarchy(ck_id, ck_class_parent, ck_class_child, ck_class_attr, ck_user, ct_change) VALUES ('8A49EDBA6A594AE39BA3B89B6FD289F5', 'DF451F5CC0A54F8791C4DFAC12DAE42E', 'C12028B0A13B4AE28E63CBB90F3428E1', 'E2D0A96506384965A7B2666E5D2D1970', '4fd05ca9-3a9e-4d66-82df-886dfa082113', '2019-10-21T00:00:00.000+0000')  on conflict on constraint cin_c_class_hierarchy_1 do update set ck_class_parent = excluded.ck_class_parent, ck_class_child = excluded.ck_class_child, ck_class_attr = excluded.ck_class_attr, ck_user = excluded.ck_user, ct_change = excluded.ct_change;
INSERT INTO s_mt.t_class_hierarchy(ck_id, ck_class_parent, ck_class_child, ck_class_attr, ck_user, ct_change) VALUES ('DBCAFDC4202048D590AEA6E6D20ACE43', 'C12028B0A13B4AE28E63CBB90F3428E1', '137', '5CE6E945D0164CD49959C639DED4241F', '4fd05ca9-3a9e-4d66-82df-886dfa082113', '2019-10-21T00:00:00.000+0000')  on conflict on constraint cin_c_class_hierarchy_1 do update set ck_class_parent = excluded.ck_class_parent, ck_class_child = excluded.ck_class_child, ck_class_attr = excluded.ck_class_attr, ck_user = excluded.ck_user, ct_change = excluded.ct_change;
INSERT INTO s_mt.t_class_hierarchy(ck_id, ck_class_parent, ck_class_child, ck_class_attr, ck_user, ct_change) VALUES ('E180EBE0D62B4ECAB1782C7B2E5D7566', 'DF451F5CC0A54F8791C4DFAC12DAE42E', '337', 'E2D0A96506384965A7B2666E5D2D1970', '4fd05ca9-3a9e-4d66-82df-886dfa082113', '2019-10-21T00:00:00.000+0000')  on conflict on constraint cin_c_class_hierarchy_1 do update set ck_class_parent = excluded.ck_class_parent, ck_class_child = excluded.ck_class_child, ck_class_attr = excluded.ck_class_attr, ck_user = excluded.ck_user, ct_change = excluded.ct_change;
INSERT INTO s_mt.t_class_hierarchy(ck_id, ck_class_parent, ck_class_child, ck_class_attr, ck_user, ct_change) VALUES ('05040B1318CE4C21A0FE5248D1605E65', '1', '39AB8EAF9DCD456197944E6B6321989D', '623', '4fd05ca9-3a9e-4d66-82df-886dfa082113', '2019-10-23T00:00:00.000+0000')  on conflict on constraint cin_c_class_hierarchy_1 do update set ck_class_parent = excluded.ck_class_parent, ck_class_child = excluded.ck_class_child, ck_class_attr = excluded.ck_class_attr, ck_user = excluded.ck_user, ct_change = excluded.ct_change;
INSERT INTO s_mt.t_class_hierarchy(ck_id, ck_class_parent, ck_class_child, ck_class_attr, ck_user, ct_change) VALUES ('27FF6AE691F94BF2A5D1309381807113', 'DF451F5CC0A54F8791C4DFAC12DAE42E', '39AB8EAF9DCD456197944E6B6321989D', 'E2D0A96506384965A7B2666E5D2D1970', '4fd05ca9-3a9e-4d66-82df-886dfa082113', '2019-10-23T00:00:00.000+0000')  on conflict on constraint cin_c_class_hierarchy_1 do update set ck_class_parent = excluded.ck_class_parent, ck_class_child = excluded.ck_class_child, ck_class_attr = excluded.ck_class_attr, ck_user = excluded.ck_user, ct_change = excluded.ct_change;
INSERT INTO s_mt.t_class_hierarchy(ck_id, ck_class_parent, ck_class_child, ck_class_attr, ck_user, ct_change) VALUES ('5CC1B4AA488E47459FA15BD8E202C1D7', '1EE230968D8648419A9FEF0AAF7390E7', '32', '8E3A9174CCB442F1B50A7E5F97806827', '4fd05ca9-3a9e-4d66-82df-886dfa082113', '2019-10-23T00:00:00.000+0000')  on conflict on constraint cin_c_class_hierarchy_1 do update set ck_class_parent = excluded.ck_class_parent, ck_class_child = excluded.ck_class_child, ck_class_attr = excluded.ck_class_attr, ck_user = excluded.ck_user, ct_change = excluded.ct_change;
INSERT INTO s_mt.t_class_hierarchy(ck_id, ck_class_parent, ck_class_child, ck_class_attr, ck_user, ct_change) VALUES ('AE0ACB80A93B4AEEAB9E0F454880F100', 'DF451F5CC0A54F8791C4DFAC12DAE42E', 'C0D39ADC290C40B3AF7AB27171051C9F', 'E2D0A96506384965A7B2666E5D2D1970', '4fd05ca9-3a9e-4d66-82df-886dfa082113', '2019-10-23T00:00:00.000+0000')  on conflict on constraint cin_c_class_hierarchy_1 do update set ck_class_parent = excluded.ck_class_parent, ck_class_child = excluded.ck_class_child, ck_class_attr = excluded.ck_class_attr, ck_user = excluded.ck_user, ct_change = excluded.ct_change;
INSERT INTO s_mt.t_class_hierarchy(ck_id, ck_class_parent, ck_class_child, ck_class_attr, ck_user, ct_change) VALUES ('E6BDFBDCAE874D1FB86A769D4D23AAAE', '137', '39AB8EAF9DCD456197944E6B6321989D', '621', '4fd05ca9-3a9e-4d66-82df-886dfa082113', '2019-10-23T00:00:00.000+0000')  on conflict on constraint cin_c_class_hierarchy_1 do update set ck_class_parent = excluded.ck_class_parent, ck_class_child = excluded.ck_class_child, ck_class_attr = excluded.ck_class_attr, ck_user = excluded.ck_user, ct_change = excluded.ct_change;
INSERT INTO s_mt.t_class_hierarchy(ck_id, ck_class_parent, ck_class_child, ck_class_attr, ck_user, ct_change) VALUES ('E98958A14D304C1AB5D97C625ED0CDE0', '32', '39AB8EAF9DCD456197944E6B6321989D', '138', '4fd05ca9-3a9e-4d66-82df-886dfa082113', '2019-10-23T00:00:00.000+0000')  on conflict on constraint cin_c_class_hierarchy_1 do update set ck_class_parent = excluded.ck_class_parent, ck_class_child = excluded.ck_class_child, ck_class_attr = excluded.ck_class_attr, ck_user = excluded.ck_user, ct_change = excluded.ct_change;
INSERT INTO s_mt.t_class_hierarchy(ck_id, ck_class_parent, ck_class_child, ck_class_attr, ck_user, ct_change) VALUES ('64D4D9D5C9E0445D8A6607CF1AF69A41', 'DF451F5CC0A54F8791C4DFAC12DAE42E', '2BB74480D7E2455B97AED5B3A070FE35', 'E2D0A96506384965A7B2666E5D2D1970', '4fd05ca9-3a9e-4d66-82df-886dfa082113', '2019-10-24T00:00:00.000+0000')  on conflict on constraint cin_c_class_hierarchy_1 do update set ck_class_parent = excluded.ck_class_parent, ck_class_child = excluded.ck_class_child, ck_class_attr = excluded.ck_class_attr, ck_user = excluded.ck_user, ct_change = excluded.ct_change;
INSERT INTO s_mt.t_class_hierarchy(ck_id, ck_class_parent, ck_class_child, ck_class_attr, ck_user, ct_change) VALUES ('7E11698D105343A99B01889BBB993A90', 'DF451F5CC0A54F8791C4DFAC12DAE42E', '137', 'E2D0A96506384965A7B2666E5D2D1970', '4fd05ca9-3a9e-4d66-82df-886dfa082113', '2019-10-24T00:00:00.000+0000')  on conflict on constraint cin_c_class_hierarchy_1 do update set ck_class_parent = excluded.ck_class_parent, ck_class_child = excluded.ck_class_child, ck_class_attr = excluded.ck_class_attr, ck_user = excluded.ck_user, ct_change = excluded.ct_change;
INSERT INTO s_mt.t_class_hierarchy(ck_id, ck_class_parent, ck_class_child, ck_class_attr, ck_user, ct_change) VALUES ('8F49F08F2DE04A6A87363FAE357BDED2', 'DF451F5CC0A54F8791C4DFAC12DAE42E', '871CB755C589248AE053809BA8C0F31E', 'E2D0A96506384965A7B2666E5D2D1970', '4fd05ca9-3a9e-4d66-82df-886dfa082113', '2019-10-24T00:00:00.000+0000')  on conflict on constraint cin_c_class_hierarchy_1 do update set ck_class_parent = excluded.ck_class_parent, ck_class_child = excluded.ck_class_child, ck_class_attr = excluded.ck_class_attr, ck_user = excluded.ck_user, ct_change = excluded.ct_change;
INSERT INTO s_mt.t_class_hierarchy(ck_id, ck_class_parent, ck_class_child, ck_class_attr, ck_user, ct_change) VALUES ('9EECD8F6BE3D4B29B3D511DEDCAAC7E3', '137', '2BB74480D7E2455B97AED5B3A070FE35', '621', '4fd05ca9-3a9e-4d66-82df-886dfa082113', '2019-10-24T00:00:00.000+0000')  on conflict on constraint cin_c_class_hierarchy_1 do update set ck_class_parent = excluded.ck_class_parent, ck_class_child = excluded.ck_class_child, ck_class_attr = excluded.ck_class_attr, ck_user = excluded.ck_user, ct_change = excluded.ct_change;
INSERT INTO s_mt.t_class_hierarchy(ck_id, ck_class_parent, ck_class_child, ck_class_attr, ck_user, ct_change) VALUES ('ED4566DC08DC43C69C61E2F8E2D2823D', '871CB755C589248AE053809BA8C0F31E', '2BB74480D7E2455B97AED5B3A070FE35', '876936326A5213F3E053809BA8C0487C', '4fd05ca9-3a9e-4d66-82df-886dfa082113', '2019-10-24T00:00:00.000+0000')  on conflict on constraint cin_c_class_hierarchy_1 do update set ck_class_parent = excluded.ck_class_parent, ck_class_child = excluded.ck_class_child, ck_class_attr = excluded.ck_class_attr, ck_user = excluded.ck_user, ct_change = excluded.ct_change;
INSERT INTO s_mt.t_class_hierarchy(ck_id, ck_class_parent, ck_class_child, ck_class_attr, ck_user, ct_change) VALUES ('EF4739E55DBA41559FF0B048330DFDCB', '32', '2BB74480D7E2455B97AED5B3A070FE35', '138', '4fd05ca9-3a9e-4d66-82df-886dfa082113', '2019-10-24T00:00:00.000+0000')  on conflict on constraint cin_c_class_hierarchy_1 do update set ck_class_parent = excluded.ck_class_parent, ck_class_child = excluded.ck_class_child, ck_class_attr = excluded.ck_class_attr, ck_user = excluded.ck_user, ct_change = excluded.ct_change;
INSERT INTO s_mt.t_class_hierarchy(ck_id, ck_class_parent, ck_class_child, ck_class_attr, ck_user, ct_change) VALUES ('59F26FA2D6ED456987D2E8C155B53969', '871CB755C589248AE053809BA8C0F31E', '137', '876936326A5213F3E053809BA8C0487C', '4fd05ca9-3a9e-4d66-82df-886dfa082113', '2019-10-28T00:00:00.000+0000')  on conflict on constraint cin_c_class_hierarchy_1 do update set ck_class_parent = excluded.ck_class_parent, ck_class_child = excluded.ck_class_child, ck_class_attr = excluded.ck_class_attr, ck_user = excluded.ck_user, ct_change = excluded.ct_change;
INSERT INTO s_mt.t_class_hierarchy(ck_id, ck_class_parent, ck_class_child, ck_class_attr, ck_user, ct_change) VALUES ('EC5ED137F0AB470AB3FE843BF21BC36F', 'DF451F5CC0A54F8791C4DFAC12DAE42E', '858DBC49DF354ECCA2F57F36DAF4E37A', 'E2D0A96506384965A7B2666E5D2D1970', '4fd05ca9-3a9e-4d66-82df-886dfa082113', '2019-10-30T00:00:00.000+0000')  on conflict on constraint cin_c_class_hierarchy_1 do update set ck_class_parent = excluded.ck_class_parent, ck_class_child = excluded.ck_class_child, ck_class_attr = excluded.ck_class_attr, ck_user = excluded.ck_user, ct_change = excluded.ct_change;
INSERT INTO s_mt.t_class_hierarchy(ck_id, ck_class_parent, ck_class_child, ck_class_attr, ck_user, ct_change) VALUES ('938F503C08444EE980AB87838F5D197B', '31', '7C133EA0021A44A0864B82F7BC40F183', '05EC92721264431DBE89B8C3B7A53C85', '4fd05ca9-3a9e-4d66-82df-886dfa082113', '2019-12-13T00:00:00.000+0000')  on conflict on constraint cin_c_class_hierarchy_1 do update set ck_class_parent = excluded.ck_class_parent, ck_class_child = excluded.ck_class_child, ck_class_attr = excluded.ck_class_attr, ck_user = excluded.ck_user, ct_change = excluded.ct_change;
INSERT INTO s_mt.t_class_hierarchy(ck_id, ck_class_parent, ck_class_child, ck_class_attr, ck_user, ct_change) VALUES ('F74CEACE01724EBAA357CF3A8984FBED', 'DF451F5CC0A54F8791C4DFAC12DAE42E', 'BA125F895507411E8730C07D3AD26A3A', 'E2D0A96506384965A7B2666E5D2D1970', '4fd05ca9-3a9e-4d66-82df-886dfa082113', '2019-12-13T00:00:00.000+0000')  on conflict on constraint cin_c_class_hierarchy_1 do update set ck_class_parent = excluded.ck_class_parent, ck_class_child = excluded.ck_class_child, ck_class_attr = excluded.ck_class_attr, ck_user = excluded.ck_user, ct_change = excluded.ct_change;
INSERT INTO s_mt.t_class_hierarchy(ck_id, ck_class_parent, ck_class_child, ck_class_attr, ck_user, ct_change) VALUES ('27346855F265411BB59C3624BBEDDFAF', '9964E8D5F6C04D9F85AC78E6EFBD72F1', '31', '4F0C103E377040179EF412F13E09D265', '4fd05ca9-3a9e-4d66-82df-886dfa082113', '2019-12-16T00:00:00.000+0000')  on conflict on constraint cin_c_class_hierarchy_1 do update set ck_class_parent = excluded.ck_class_parent, ck_class_child = excluded.ck_class_child, ck_class_attr = excluded.ck_class_attr, ck_user = excluded.ck_user, ct_change = excluded.ct_change;
INSERT INTO s_mt.t_class_hierarchy(ck_id, ck_class_parent, ck_class_child, ck_class_attr, ck_user, ct_change) VALUES ('4F4C43D0554B4C218AAAD1E5310193DB', '9964E8D5F6C04D9F85AC78E6EFBD72F1', '38', '4F0C103E377040179EF412F13E09D265', '4fd05ca9-3a9e-4d66-82df-886dfa082113', '2019-12-16T00:00:00.000+0000')  on conflict on constraint cin_c_class_hierarchy_1 do update set ck_class_parent = excluded.ck_class_parent, ck_class_child = excluded.ck_class_child, ck_class_attr = excluded.ck_class_attr, ck_user = excluded.ck_user, ct_change = excluded.ct_change;
INSERT INTO s_mt.t_class_hierarchy(ck_id, ck_class_parent, ck_class_child, ck_class_attr, ck_user, ct_change) VALUES ('575ED01B57634A73A4BE86978000905C', '9964E8D5F6C04D9F85AC78E6EFBD72F1', '26', '4F0C103E377040179EF412F13E09D265', '4fd05ca9-3a9e-4d66-82df-886dfa082113', '2019-12-16T00:00:00.000+0000')  on conflict on constraint cin_c_class_hierarchy_1 do update set ck_class_parent = excluded.ck_class_parent, ck_class_child = excluded.ck_class_child, ck_class_attr = excluded.ck_class_attr, ck_user = excluded.ck_user, ct_change = excluded.ct_change;
INSERT INTO s_mt.t_class_hierarchy(ck_id, ck_class_parent, ck_class_child, ck_class_attr, ck_user, ct_change) VALUES ('70F23F058A61480C9EFFCC9BD38D2A45', '9964E8D5F6C04D9F85AC78E6EFBD72F1', '30', '4F0C103E377040179EF412F13E09D265', '4fd05ca9-3a9e-4d66-82df-886dfa082113', '2019-12-16T00:00:00.000+0000')  on conflict on constraint cin_c_class_hierarchy_1 do update set ck_class_parent = excluded.ck_class_parent, ck_class_child = excluded.ck_class_child, ck_class_attr = excluded.ck_class_attr, ck_user = excluded.ck_user, ct_change = excluded.ct_change;
INSERT INTO s_mt.t_class_hierarchy(ck_id, ck_class_parent, ck_class_child, ck_class_attr, ck_user, ct_change) VALUES ('B2116E3439034E8ABACF7CA2F7F45FB5', '9964E8D5F6C04D9F85AC78E6EFBD72F1', '9964E8D5F6C04D9F85AC78E6EFBD72F1', '4F0C103E377040179EF412F13E09D265', '4fd05ca9-3a9e-4d66-82df-886dfa082113', '2019-12-16T00:00:00.000+0000')  on conflict on constraint cin_c_class_hierarchy_1 do update set ck_class_parent = excluded.ck_class_parent, ck_class_child = excluded.ck_class_child, ck_class_attr = excluded.ck_class_attr, ck_user = excluded.ck_user, ct_change = excluded.ct_change;
INSERT INTO s_mt.t_class_hierarchy(ck_id, ck_class_parent, ck_class_child, ck_class_attr, ck_user, ct_change) VALUES ('C23F245AE9E341C88CF57CF36CEAD458', '9964E8D5F6C04D9F85AC78E6EFBD72F1', '29', '4F0C103E377040179EF412F13E09D265', '4fd05ca9-3a9e-4d66-82df-886dfa082113', '2019-12-16T00:00:00.000+0000')  on conflict on constraint cin_c_class_hierarchy_1 do update set ck_class_parent = excluded.ck_class_parent, ck_class_child = excluded.ck_class_child, ck_class_attr = excluded.ck_class_attr, ck_user = excluded.ck_user, ct_change = excluded.ct_change;
INSERT INTO s_mt.t_class_hierarchy(ck_id, ck_class_parent, ck_class_child, ck_class_attr, ck_user, ct_change) VALUES ('D5D8134828D94D3699DF9D3B9C8E3C69', '137', '9964E8D5F6C04D9F85AC78E6EFBD72F1', '621', '4fd05ca9-3a9e-4d66-82df-886dfa082113', '2019-12-16T00:00:00.000+0000')  on conflict on constraint cin_c_class_hierarchy_1 do update set ck_class_parent = excluded.ck_class_parent, ck_class_child = excluded.ck_class_child, ck_class_attr = excluded.ck_class_attr, ck_user = excluded.ck_user, ct_change = excluded.ct_change;
INSERT INTO s_mt.t_class_hierarchy(ck_id, ck_class_parent, ck_class_child, ck_class_attr, ck_user, ct_change) VALUES ('004ADD5B1A074312A4C732F5DDCA7AFB', '9964E8D5F6C04D9F85AC78E6EFBD72F1', '8457', '4F0C103E377040179EF412F13E09D265', '4fd05ca9-3a9e-4d66-82df-886dfa082113', '2019-12-17T00:00:00.000+0000')  on conflict on constraint cin_c_class_hierarchy_1 do update set ck_class_parent = excluded.ck_class_parent, ck_class_child = excluded.ck_class_child, ck_class_attr = excluded.ck_class_attr, ck_user = excluded.ck_user, ct_change = excluded.ct_change;
INSERT INTO s_mt.t_class_hierarchy(ck_id, ck_class_parent, ck_class_child, ck_class_attr, ck_user, ct_change) VALUES ('13A7C7265BB3475E8FE94A94FAC40A18', '9964E8D5F6C04D9F85AC78E6EFBD72F1', '97', '4F0C103E377040179EF412F13E09D265', '4fd05ca9-3a9e-4d66-82df-886dfa082113', '2019-12-17T00:00:00.000+0000')  on conflict on constraint cin_c_class_hierarchy_1 do update set ck_class_parent = excluded.ck_class_parent, ck_class_child = excluded.ck_class_child, ck_class_attr = excluded.ck_class_attr, ck_user = excluded.ck_user, ct_change = excluded.ct_change;
INSERT INTO s_mt.t_class_hierarchy(ck_id, ck_class_parent, ck_class_child, ck_class_attr, ck_user, ct_change) VALUES ('266F5FCD220142749A7916463D8474DE', '9964E8D5F6C04D9F85AC78E6EFBD72F1', '27', '4F0C103E377040179EF412F13E09D265', '4fd05ca9-3a9e-4d66-82df-886dfa082113', '2019-12-17T00:00:00.000+0000')  on conflict on constraint cin_c_class_hierarchy_1 do update set ck_class_parent = excluded.ck_class_parent, ck_class_child = excluded.ck_class_child, ck_class_attr = excluded.ck_class_attr, ck_user = excluded.ck_user, ct_change = excluded.ct_change;
INSERT INTO s_mt.t_class_hierarchy(ck_id, ck_class_parent, ck_class_child, ck_class_attr, ck_user, ct_change) VALUES ('2799E6E3EE4E41D0AD501833003E0370', '9964E8D5F6C04D9F85AC78E6EFBD72F1', '10457', '4F0C103E377040179EF412F13E09D265', '4fd05ca9-3a9e-4d66-82df-886dfa082113', '2019-12-17T00:00:00.000+0000')  on conflict on constraint cin_c_class_hierarchy_1 do update set ck_class_parent = excluded.ck_class_parent, ck_class_child = excluded.ck_class_child, ck_class_attr = excluded.ck_class_attr, ck_user = excluded.ck_user, ct_change = excluded.ct_change;
INSERT INTO s_mt.t_class_hierarchy(ck_id, ck_class_parent, ck_class_child, ck_class_attr, ck_user, ct_change) VALUES ('4405DAE3F4AE478CB0E0B9B8EF635A60', '9964E8D5F6C04D9F85AC78E6EFBD72F1', '317', '4F0C103E377040179EF412F13E09D265', '4fd05ca9-3a9e-4d66-82df-886dfa082113', '2019-12-17T00:00:00.000+0000')  on conflict on constraint cin_c_class_hierarchy_1 do update set ck_class_parent = excluded.ck_class_parent, ck_class_child = excluded.ck_class_child, ck_class_attr = excluded.ck_class_attr, ck_user = excluded.ck_user, ct_change = excluded.ct_change;
INSERT INTO s_mt.t_class_hierarchy(ck_id, ck_class_parent, ck_class_child, ck_class_attr, ck_user, ct_change) VALUES ('592472D6FFED4D7E990CD195A9320FAD', '9964E8D5F6C04D9F85AC78E6EFBD72F1', '37', '4F0C103E377040179EF412F13E09D265', '4fd05ca9-3a9e-4d66-82df-886dfa082113', '2019-12-17T00:00:00.000+0000')  on conflict on constraint cin_c_class_hierarchy_1 do update set ck_class_parent = excluded.ck_class_parent, ck_class_child = excluded.ck_class_child, ck_class_attr = excluded.ck_class_attr, ck_user = excluded.ck_user, ct_change = excluded.ct_change;
INSERT INTO s_mt.t_class_hierarchy(ck_id, ck_class_parent, ck_class_child, ck_class_attr, ck_user, ct_change) VALUES ('9029E5800C1A4B0DB83A911341FB0446', '9964E8D5F6C04D9F85AC78E6EFBD72F1', '33', '4F0C103E377040179EF412F13E09D265', '4fd05ca9-3a9e-4d66-82df-886dfa082113', '2019-12-17T00:00:00.000+0000')  on conflict on constraint cin_c_class_hierarchy_1 do update set ck_class_parent = excluded.ck_class_parent, ck_class_child = excluded.ck_class_child, ck_class_attr = excluded.ck_class_attr, ck_user = excluded.ck_user, ct_change = excluded.ct_change;
INSERT INTO s_mt.t_class_hierarchy(ck_id, ck_class_parent, ck_class_child, ck_class_attr, ck_user, ct_change) VALUES ('BC77BE97AE904C199C8250B91940064F', '9964E8D5F6C04D9F85AC78E6EFBD72F1', '417', '4F0C103E377040179EF412F13E09D265', '4fd05ca9-3a9e-4d66-82df-886dfa082113', '2019-12-17T00:00:00.000+0000')  on conflict on constraint cin_c_class_hierarchy_1 do update set ck_class_parent = excluded.ck_class_parent, ck_class_child = excluded.ck_class_child, ck_class_attr = excluded.ck_class_attr, ck_user = excluded.ck_user, ct_change = excluded.ct_change;
INSERT INTO s_mt.t_class_hierarchy(ck_id, ck_class_parent, ck_class_child, ck_class_attr, ck_user, ct_change) VALUES ('D1335D27D18F45F79A53722E83124146', '9964E8D5F6C04D9F85AC78E6EFBD72F1', '8D547C621A02626CE053809BA8C0882B', '4F0C103E377040179EF412F13E09D265', '4fd05ca9-3a9e-4d66-82df-886dfa082113', '2019-12-17T00:00:00.000+0000')  on conflict on constraint cin_c_class_hierarchy_1 do update set ck_class_parent = excluded.ck_class_parent, ck_class_child = excluded.ck_class_child, ck_class_attr = excluded.ck_class_attr, ck_user = excluded.ck_user, ct_change = excluded.ct_change;
INSERT INTO s_mt.t_class_hierarchy(ck_id, ck_class_parent, ck_class_child, ck_class_attr, ck_user, ct_change) VALUES ('D5E271D30CF9438A81FD2C699E4183CC', '9964E8D5F6C04D9F85AC78E6EFBD72F1', '8E6AC2B44FCB8D3BE053809BA8C0E74D', '4F0C103E377040179EF412F13E09D265', '4fd05ca9-3a9e-4d66-82df-886dfa082113', '2019-12-17T00:00:00.000+0000')  on conflict on constraint cin_c_class_hierarchy_1 do update set ck_class_parent = excluded.ck_class_parent, ck_class_child = excluded.ck_class_child, ck_class_attr = excluded.ck_class_attr, ck_user = excluded.ck_user, ct_change = excluded.ct_change;
INSERT INTO s_mt.t_class_hierarchy(ck_id, ck_class_parent, ck_class_child, ck_class_attr, ck_user, ct_change) VALUES ('FEF21F13F9EC45228BAF8E504CAE5FD2', '9964E8D5F6C04D9F85AC78E6EFBD72F1', '28', '4F0C103E377040179EF412F13E09D265', '4fd05ca9-3a9e-4d66-82df-886dfa082113', '2019-12-17T00:00:00.000+0000')  on conflict on constraint cin_c_class_hierarchy_1 do update set ck_class_parent = excluded.ck_class_parent, ck_class_child = excluded.ck_class_child, ck_class_attr = excluded.ck_class_attr, ck_user = excluded.ck_user, ct_change = excluded.ct_change;
INSERT INTO s_mt.t_class_hierarchy(ck_id, ck_class_parent, ck_class_child, ck_class_attr, ck_user, ct_change) VALUES ('20A30007B2B84742AE85C5A66E2A790F', '37', '437', '270', '4fd05ca9-3a9e-4d66-82df-886dfa082113', '2019-12-18T00:00:00.000+0000')  on conflict on constraint cin_c_class_hierarchy_1 do update set ck_class_parent = excluded.ck_class_parent, ck_class_child = excluded.ck_class_child, ck_class_attr = excluded.ck_class_attr, ck_user = excluded.ck_user, ct_change = excluded.ct_change;
INSERT INTO s_mt.t_class_hierarchy(ck_id, ck_class_parent, ck_class_child, ck_class_attr, ck_user, ct_change) VALUES ('358D12A05FEA413E8541A49B1A41D77F', '9964E8D5F6C04D9F85AC78E6EFBD72F1', '4457', '4F0C103E377040179EF412F13E09D265', '4fd05ca9-3a9e-4d66-82df-886dfa082113', '2019-12-26T00:00:00.000+0000')  on conflict on constraint cin_c_class_hierarchy_1 do update set ck_class_parent = excluded.ck_class_parent, ck_class_child = excluded.ck_class_child, ck_class_attr = excluded.ck_class_attr, ck_user = excluded.ck_user, ct_change = excluded.ct_change;
INSERT INTO s_mt.t_class_hierarchy(ck_id, ck_class_parent, ck_class_child, ck_class_attr, ck_user, ct_change) VALUES ('A4350660DD8F4772BB9C8A9C0524E1F4', '9964E8D5F6C04D9F85AC78E6EFBD72F1', '7457', '4F0C103E377040179EF412F13E09D265', '4fd05ca9-3a9e-4d66-82df-886dfa082113', '2019-12-26T00:00:00.000+0000')  on conflict on constraint cin_c_class_hierarchy_1 do update set ck_class_parent = excluded.ck_class_parent, ck_class_child = excluded.ck_class_child, ck_class_attr = excluded.ck_class_attr, ck_user = excluded.ck_user, ct_change = excluded.ct_change;
INSERT INTO s_mt.t_class_hierarchy(ck_id, ck_class_parent, ck_class_child, ck_class_attr, ck_user, ct_change) VALUES ('05D16C4ED7B0445BB2054212A032F47E', '32', 'DAB69DA8C46746AD959E331D4CFAC8AD', '138', '4fd05ca9-3a9e-4d66-82df-886dfa082113', '2020-01-17T00:00:00.000+0000')  on conflict on constraint cin_c_class_hierarchy_1 do update set ck_class_parent = excluded.ck_class_parent, ck_class_child = excluded.ck_class_child, ck_class_attr = excluded.ck_class_attr, ck_user = excluded.ck_user, ct_change = excluded.ct_change;
INSERT INTO s_mt.t_class_hierarchy(ck_id, ck_class_parent, ck_class_child, ck_class_attr, ck_user, ct_change) VALUES ('14A4CA9ACCA5444DA53AFBDC70329832', 'DF451F5CC0A54F8791C4DFAC12DAE42E', 'DAB69DA8C46746AD959E331D4CFAC8AD', 'E2D0A96506384965A7B2666E5D2D1970', '4fd05ca9-3a9e-4d66-82df-886dfa082113', '2020-01-17T00:00:00.000+0000')  on conflict on constraint cin_c_class_hierarchy_1 do update set ck_class_parent = excluded.ck_class_parent, ck_class_child = excluded.ck_class_child, ck_class_attr = excluded.ck_class_attr, ck_user = excluded.ck_user, ct_change = excluded.ct_change;
INSERT INTO s_mt.t_class_hierarchy(ck_id, ck_class_parent, ck_class_child, ck_class_attr, ck_user, ct_change) VALUES ('381C84089356457CB798C598F66EE826', '137', 'DAB69DA8C46746AD959E331D4CFAC8AD', '621', '4fd05ca9-3a9e-4d66-82df-886dfa082113', '2020-01-17T00:00:00.000+0000')  on conflict on constraint cin_c_class_hierarchy_1 do update set ck_class_parent = excluded.ck_class_parent, ck_class_child = excluded.ck_class_child, ck_class_attr = excluded.ck_class_attr, ck_user = excluded.ck_user, ct_change = excluded.ct_change;
INSERT INTO s_mt.t_class_hierarchy(ck_id, ck_class_parent, ck_class_child, ck_class_attr, ck_user, ct_change) VALUES ('8B843F6A73AE49B0BC8A1CFE7DADEA24', '1', 'DAB69DA8C46746AD959E331D4CFAC8AD', '623', '4fd05ca9-3a9e-4d66-82df-886dfa082113', '2020-01-17T00:00:00.000+0000')  on conflict on constraint cin_c_class_hierarchy_1 do update set ck_class_parent = excluded.ck_class_parent, ck_class_child = excluded.ck_class_child, ck_class_attr = excluded.ck_class_attr, ck_user = excluded.ck_user, ct_change = excluded.ct_change;
INSERT INTO s_mt.t_class_hierarchy(ck_id, ck_class_parent, ck_class_child, ck_class_attr, ck_user, ct_change) VALUES ('F482E3FA91F74DA7AE626026A3C4C748', '871CB755C589248AE053809BA8C0F31E', 'DAB69DA8C46746AD959E331D4CFAC8AD', '876936326A5213F3E053809BA8C0487C', '4fd05ca9-3a9e-4d66-82df-886dfa082113', '2020-01-17T00:00:00.000+0000')  on conflict on constraint cin_c_class_hierarchy_1 do update set ck_class_parent = excluded.ck_class_parent, ck_class_child = excluded.ck_class_child, ck_class_attr = excluded.ck_class_attr, ck_user = excluded.ck_user, ct_change = excluded.ct_change;
INSERT INTO s_mt.t_class_hierarchy(ck_id, ck_class_parent, ck_class_child, ck_class_attr, ck_user, ct_change) VALUES ('D2070D6582414F0D89D5D95143EDB6A1', '32', '8FFC6C4564B84157E053809BA8C00266', '138', '4fd05ca9-3a9e-4d66-82df-886dfa082113', '2020-02-03T00:00:00.000+0000')  on conflict on constraint cin_c_class_hierarchy_1 do update set ck_class_parent = excluded.ck_class_parent, ck_class_child = excluded.ck_class_child, ck_class_attr = excluded.ck_class_attr, ck_user = excluded.ck_user, ct_change = excluded.ct_change;
INSERT INTO s_mt.t_class_hierarchy(ck_id, ck_class_parent, ck_class_child, ck_class_attr, ck_user, ct_change) VALUES ('F392C364B5BE471EA18E24FCFD9EB253', '137', '5833D73B31E04F8ABE9D307DBCE845A9', '621', '4fd05ca9-3a9e-4d66-82df-886dfa082113', '2020-03-17T00:00:00.000+0000')  on conflict on constraint cin_c_class_hierarchy_1 do update set ck_class_parent = excluded.ck_class_parent, ck_class_child = excluded.ck_class_child, ck_class_attr = excluded.ck_class_attr, ck_user = excluded.ck_user, ct_change = excluded.ct_change;
INSERT INTO s_mt.t_class_hierarchy(ck_id, ck_class_parent, ck_class_child, ck_class_attr, ck_user, ct_change) VALUES ('1219ADF584634D82A7A83D7DB9662516', '1', '5833D73B31E04F8ABE9D307DBCE845A9', '623', '4fd05ca9-3a9e-4d66-82df-886dfa082113', '2020-03-18T00:00:00.000+0000')  on conflict on constraint cin_c_class_hierarchy_1 do update set ck_class_parent = excluded.ck_class_parent, ck_class_child = excluded.ck_class_child, ck_class_attr = excluded.ck_class_attr, ck_user = excluded.ck_user, ct_change = excluded.ct_change;
INSERT INTO s_mt.t_class_hierarchy(ck_id, ck_class_parent, ck_class_child, ck_class_attr, ck_user, ct_change) VALUES ('30F71583AF674BBBA6E4055B2E4E465E', '58', '5833D73B31E04F8ABE9D307DBCE845A9', '382', '4fd05ca9-3a9e-4d66-82df-886dfa082113', '2020-03-18T00:00:00.000+0000')  on conflict on constraint cin_c_class_hierarchy_1 do update set ck_class_parent = excluded.ck_class_parent, ck_class_child = excluded.ck_class_child, ck_class_attr = excluded.ck_class_attr, ck_user = excluded.ck_user, ct_change = excluded.ct_change;
INSERT INTO s_mt.t_class_hierarchy(ck_id, ck_class_parent, ck_class_child, ck_class_attr, ck_user, ct_change) VALUES ('D6FF702A485243118EE6AC689910FCB6', '32', '5833D73B31E04F8ABE9D307DBCE845A9', '138', '4fd05ca9-3a9e-4d66-82df-886dfa082113', '2020-03-18T00:00:00.000+0000')  on conflict on constraint cin_c_class_hierarchy_1 do update set ck_class_parent = excluded.ck_class_parent, ck_class_child = excluded.ck_class_child, ck_class_attr = excluded.ck_class_attr, ck_user = excluded.ck_user, ct_change = excluded.ct_change;
INSERT INTO s_mt.t_class_hierarchy(ck_id, ck_class_parent, ck_class_child, ck_class_attr, ck_user, ct_change) VALUES ('DAC90BBE9CCA405CBFCB9B8B739DD270', '8D547C621A02626CE053809BA8C0882B', '7C133EA0021A44A0864B82F7BC40F183', '433F410317974A2EA8BAEA2AE491B216', '4fd05ca9-3a9e-4d66-82df-886dfa082113', '2020-03-30T00:00:00.000+0000')  on conflict on constraint cin_c_class_hierarchy_1 do update set ck_class_parent = excluded.ck_class_parent, ck_class_child = excluded.ck_class_child, ck_class_attr = excluded.ck_class_attr, ck_user = excluded.ck_user, ct_change = excluded.ct_change;
INSERT INTO s_mt.t_class_hierarchy(ck_id, ck_class_parent, ck_class_child, ck_class_attr, ck_user, ct_change) VALUES ('667B5779F6034956B769FBA43E60F3E2', '871CB755C589248AE053809BA8C0F31E', '8457', '876936326A5213F3E053809BA8C0487C', '4fd05ca9-3a9e-4d66-82df-886dfa082113', '2020-04-02T00:00:00.000+0000')  on conflict on constraint cin_c_class_hierarchy_1 do update set ck_class_parent = excluded.ck_class_parent, ck_class_child = excluded.ck_class_child, ck_class_attr = excluded.ck_class_attr, ck_user = excluded.ck_user, ct_change = excluded.ct_change;
INSERT INTO s_mt.t_class_hierarchy(ck_id, ck_class_parent, ck_class_child, ck_class_attr, ck_user, ct_change) VALUES ('682F9C44468D4BA48EA74FD9123107A1', '1EE230968D8648419A9FEF0AAF7390E7', '137', '290CBFB50CFC4362B2F00C5C4D34AAB5', '4fd05ca9-3a9e-4d66-82df-886dfa082113', '2020-04-02T00:00:00.000+0000')  on conflict on constraint cin_c_class_hierarchy_1 do update set ck_class_parent = excluded.ck_class_parent, ck_class_child = excluded.ck_class_child, ck_class_attr = excluded.ck_class_attr, ck_user = excluded.ck_user, ct_change = excluded.ct_change;
INSERT INTO s_mt.t_class_hierarchy(ck_id, ck_class_parent, ck_class_child, ck_class_attr, ck_user, ct_change) VALUES ('233F0E304E804367986C4F81BA0C700D', 'C6C0F987FD584F42A7B7D8B2ECEE63F6', '8457', '80DD4A0346D64BABA81C613331D14FCF', '4fd05ca9-3a9e-4d66-82df-886dfa082113', '2020-04-03T00:00:00.000+0000')  on conflict on constraint cin_c_class_hierarchy_1 do update set ck_class_parent = excluded.ck_class_parent, ck_class_child = excluded.ck_class_child, ck_class_attr = excluded.ck_class_attr, ck_user = excluded.ck_user, ct_change = excluded.ct_change;
INSERT INTO s_mt.t_class_hierarchy(ck_id, ck_class_parent, ck_class_child, ck_class_attr, ck_user, ct_change) VALUES ('293166F53C934427B2524859A2156539', 'C6C0F987FD584F42A7B7D8B2ECEE63F6', '19', '6E05E9179E274246A22A1583347ACA4D', '4fd05ca9-3a9e-4d66-82df-886dfa082113', '2020-04-03T00:00:00.000+0000')  on conflict on constraint cin_c_class_hierarchy_1 do update set ck_class_parent = excluded.ck_class_parent, ck_class_child = excluded.ck_class_child, ck_class_attr = excluded.ck_class_attr, ck_user = excluded.ck_user, ct_change = excluded.ct_change;
INSERT INTO s_mt.t_class_hierarchy(ck_id, ck_class_parent, ck_class_child, ck_class_attr, ck_user, ct_change) VALUES ('9FB904AC48784500BF5145D00984FFA8', 'C6C0F987FD584F42A7B7D8B2ECEE63F6', '26', '80DD4A0346D64BABA81C613331D14FCF', '4fd05ca9-3a9e-4d66-82df-886dfa082113', '2020-04-03T00:00:00.000+0000')  on conflict on constraint cin_c_class_hierarchy_1 do update set ck_class_parent = excluded.ck_class_parent, ck_class_child = excluded.ck_class_child, ck_class_attr = excluded.ck_class_attr, ck_user = excluded.ck_user, ct_change = excluded.ct_change;
INSERT INTO s_mt.t_class_hierarchy(ck_id, ck_class_parent, ck_class_child, ck_class_attr, ck_user, ct_change) VALUES ('C6095F6BA57F4E4898FBA270088CD6FB', '1EE230968D8648419A9FEF0AAF7390E7', 'C6C0F987FD584F42A7B7D8B2ECEE63F6', '290CBFB50CFC4362B2F00C5C4D34AAB5', '4fd05ca9-3a9e-4d66-82df-886dfa082113', '2020-04-03T00:00:00.000+0000')  on conflict on constraint cin_c_class_hierarchy_1 do update set ck_class_parent = excluded.ck_class_parent, ck_class_child = excluded.ck_class_child, ck_class_attr = excluded.ck_class_attr, ck_user = excluded.ck_user, ct_change = excluded.ct_change;
INSERT INTO s_mt.t_class_hierarchy(ck_id, ck_class_parent, ck_class_child, ck_class_attr, ck_user, ct_change) VALUES ('59CFC1DF83B94A2F8FE3467EFD0A32E4', '1807D17438814B31B75A279C4CBC6C0C', '4457', '225864898ED0411FA0E5434CD3A85346', '4fd05ca9-3a9e-4d66-82df-886dfa082113', '2020-04-07T00:00:00.000+0000')  on conflict on constraint cin_c_class_hierarchy_1 do update set ck_class_parent = excluded.ck_class_parent, ck_class_child = excluded.ck_class_child, ck_class_attr = excluded.ck_class_attr, ck_user = excluded.ck_user, ct_change = excluded.ct_change;
INSERT INTO s_mt.t_class_hierarchy(ck_id, ck_class_parent, ck_class_child, ck_class_attr, ck_user, ct_change) VALUES ('379CF928DF5B4C8E94F84AA00328A5FD', '137', '47AC6CC616C3493E923FAD5E79B28166', '621', '4fd05ca9-3a9e-4d66-82df-886dfa082113', '2020-04-09T00:00:00.000+0000')  on conflict on constraint cin_c_class_hierarchy_1 do update set ck_class_parent = excluded.ck_class_parent, ck_class_child = excluded.ck_class_child, ck_class_attr = excluded.ck_class_attr, ck_user = excluded.ck_user, ct_change = excluded.ct_change;
INSERT INTO s_mt.t_class_hierarchy(ck_id, ck_class_parent, ck_class_child, ck_class_attr, ck_user, ct_change) VALUES ('529089CA2C4B4263BC92171EF10627CE', '9', '47AC6CC616C3493E923FAD5E79B28166', '39', '4fd05ca9-3a9e-4d66-82df-886dfa082113', '2020-04-09T00:00:00.000+0000')  on conflict on constraint cin_c_class_hierarchy_1 do update set ck_class_parent = excluded.ck_class_parent, ck_class_child = excluded.ck_class_child, ck_class_attr = excluded.ck_class_attr, ck_user = excluded.ck_user, ct_change = excluded.ct_change;
INSERT INTO s_mt.t_class_hierarchy(ck_id, ck_class_parent, ck_class_child, ck_class_attr, ck_user, ct_change) VALUES ('75D16228383245ABA11795C44A3F9A1D', '6457', '47AC6CC616C3493E923FAD5E79B28166', '36173', '4fd05ca9-3a9e-4d66-82df-886dfa082113', '2020-04-09T00:00:00.000+0000')  on conflict on constraint cin_c_class_hierarchy_1 do update set ck_class_parent = excluded.ck_class_parent, ck_class_child = excluded.ck_class_child, ck_class_attr = excluded.ck_class_attr, ck_user = excluded.ck_user, ct_change = excluded.ct_change;
INSERT INTO s_mt.t_class_hierarchy(ck_id, ck_class_parent, ck_class_child, ck_class_attr, ck_user, ct_change) VALUES ('A36690E5AB7143519E2EE658036F1491', '32', '47AC6CC616C3493E923FAD5E79B28166', '138', '4fd05ca9-3a9e-4d66-82df-886dfa082113', '2020-04-09T00:00:00.000+0000')  on conflict on constraint cin_c_class_hierarchy_1 do update set ck_class_parent = excluded.ck_class_parent, ck_class_child = excluded.ck_class_child, ck_class_attr = excluded.ck_class_attr, ck_user = excluded.ck_user, ct_change = excluded.ct_change;
INSERT INTO s_mt.t_class_hierarchy(ck_id, ck_class_parent, ck_class_child, ck_class_attr, ck_user, ct_change) VALUES ('DC201ABB803C4196A350BE8CFD427FFB', '1', '47AC6CC616C3493E923FAD5E79B28166', '623', '4fd05ca9-3a9e-4d66-82df-886dfa082113', '2020-04-09T00:00:00.000+0000')  on conflict on constraint cin_c_class_hierarchy_1 do update set ck_class_parent = excluded.ck_class_parent, ck_class_child = excluded.ck_class_child, ck_class_attr = excluded.ck_class_attr, ck_user = excluded.ck_user, ct_change = excluded.ct_change;
INSERT INTO s_mt.t_class_hierarchy(ck_id, ck_class_parent, ck_class_child, ck_class_attr, ck_user, ct_change) VALUES ('E2938D9CA21642F18E04EAA7A75B2312', '871CB755C589248AE053809BA8C0F31E', '47AC6CC616C3493E923FAD5E79B28166', '876936326A5213F3E053809BA8C0487C', '4fd05ca9-3a9e-4d66-82df-886dfa082113', '2020-04-09T00:00:00.000+0000')  on conflict on constraint cin_c_class_hierarchy_1 do update set ck_class_parent = excluded.ck_class_parent, ck_class_child = excluded.ck_class_child, ck_class_attr = excluded.ck_class_attr, ck_user = excluded.ck_user, ct_change = excluded.ct_change;
INSERT INTO s_mt.t_class_hierarchy(ck_id, ck_class_parent, ck_class_child, ck_class_attr, ck_user, ct_change) VALUES ('4302C39D93A04E1D9BB6D47E41B2FD00', '32', '9964E8D5F6C04D9F85AC78E6EFBD72F1', '138', '4fd05ca9-3a9e-4d66-82df-886dfa082113', '2020-04-10T08:47:58.732+0000')  on conflict on constraint cin_c_class_hierarchy_1 do update set ck_class_parent = excluded.ck_class_parent, ck_class_child = excluded.ck_class_child, ck_class_attr = excluded.ck_class_attr, ck_user = excluded.ck_user, ct_change = excluded.ct_change;
INSERT INTO s_mt.t_class_hierarchy(ck_id, ck_class_parent, ck_class_child, ck_class_attr, ck_user, ct_change) VALUES ('914E9DE59B504109901B3D9A429DF04F', '157', '7457', '735', '4fd05ca9-3a9e-4d66-82df-886dfa082113', '2020-04-22T13:03:35.560+0000')  on conflict on constraint cin_c_class_hierarchy_1 do update set ck_class_parent = excluded.ck_class_parent, ck_class_child = excluded.ck_class_child, ck_class_attr = excluded.ck_class_attr, ck_user = excluded.ck_user, ct_change = excluded.ct_change;
INSERT INTO s_mt.t_class_hierarchy(ck_id, ck_class_parent, ck_class_child, ck_class_attr, ck_user, ct_change) VALUES ('8F7C9522838F4E5DAB22B2F25C96B26D', '1', '417', '623', '4fd05ca9-3a9e-4d66-82df-886dfa082113', '2020-05-09T10:29:42.141+0000')  on conflict on constraint cin_c_class_hierarchy_1 do update set ck_class_parent = excluded.ck_class_parent, ck_class_child = excluded.ck_class_child, ck_class_attr = excluded.ck_class_attr, ck_user = excluded.ck_user, ct_change = excluded.ct_change;
INSERT INTO s_mt.t_class_hierarchy(ck_id, ck_class_parent, ck_class_child, ck_class_attr, ck_user, ct_change) VALUES ('44DB8433C10845FAAD218CE69310AB49', '32', '417', '138', '4fd05ca9-3a9e-4d66-82df-886dfa082113', '2020-05-09T10:29:57.047+0000')  on conflict on constraint cin_c_class_hierarchy_1 do update set ck_class_parent = excluded.ck_class_parent, ck_class_child = excluded.ck_class_child, ck_class_attr = excluded.ck_class_attr, ck_user = excluded.ck_user, ct_change = excluded.ct_change;
INSERT INTO s_mt.t_class_hierarchy(ck_id, ck_class_parent, ck_class_child, ck_class_attr, ck_user, ct_change) VALUES ('68405D6DA7A84DCC97A6F7941A95E104', '4BA159E82B434939AAD293411854ED95', '4457', '53F747643BEE49B795CA755F3532E598', '4fd05ca9-3a9e-4d66-82df-886dfa082113', '2020-05-15T08:12:56.048+0000')  on conflict on constraint cin_c_class_hierarchy_1 do update set ck_class_parent = excluded.ck_class_parent, ck_class_child = excluded.ck_class_child, ck_class_attr = excluded.ck_class_attr, ck_user = excluded.ck_user, ct_change = excluded.ct_change;
INSERT INTO s_mt.t_class_hierarchy(ck_id, ck_class_parent, ck_class_child, ck_class_attr, ck_user, ct_change) VALUES ('F9D5AE7717724C36BF66D1025A1D1668', '137', '15593D209A1D46FC873706F69EE71E7A', '621', '4fd05ca9-3a9e-4d66-82df-886dfa082113', '2020-05-20T10:08:53.888+0000')  on conflict on constraint cin_c_class_hierarchy_1 do update set ck_class_parent = excluded.ck_class_parent, ck_class_child = excluded.ck_class_child, ck_class_attr = excluded.ck_class_attr, ck_user = excluded.ck_user, ct_change = excluded.ct_change;
INSERT INTO s_mt.t_class_hierarchy(ck_id, ck_class_parent, ck_class_child, ck_class_attr, ck_user, ct_change) VALUES ('11706B0DB96146298024A628F9E601C4', '871CB755C589248AE053809BA8C0F31E', '15593D209A1D46FC873706F69EE71E7A', '876936326A5213F3E053809BA8C0487C', '4fd05ca9-3a9e-4d66-82df-886dfa082113', '2020-05-20T10:09:12.593+0000')  on conflict on constraint cin_c_class_hierarchy_1 do update set ck_class_parent = excluded.ck_class_parent, ck_class_child = excluded.ck_class_child, ck_class_attr = excluded.ck_class_attr, ck_user = excluded.ck_user, ct_change = excluded.ct_change;
INSERT INTO s_mt.t_class_hierarchy(ck_id, ck_class_parent, ck_class_child, ck_class_attr, ck_user, ct_change) VALUES ('001BFAB7785749A6AA86EA5EF6280726', '58', '15593D209A1D46FC873706F69EE71E7A', '382', '4fd05ca9-3a9e-4d66-82df-886dfa082113', '2020-05-20T10:09:23.578+0000')  on conflict on constraint cin_c_class_hierarchy_1 do update set ck_class_parent = excluded.ck_class_parent, ck_class_child = excluded.ck_class_child, ck_class_attr = excluded.ck_class_attr, ck_user = excluded.ck_user, ct_change = excluded.ct_change;
INSERT INTO s_mt.t_class_hierarchy(ck_id, ck_class_parent, ck_class_child, ck_class_attr, ck_user, ct_change) VALUES ('61B280CACC954949A303CDA3437EBC76', '4BA159E82B434939AAD293411854ED95', '15593D209A1D46FC873706F69EE71E7A', '53F747643BEE49B795CA755F3532E598', '4fd05ca9-3a9e-4d66-82df-886dfa082113', '2020-05-20T10:09:35.568+0000')  on conflict on constraint cin_c_class_hierarchy_1 do update set ck_class_parent = excluded.ck_class_parent, ck_class_child = excluded.ck_class_child, ck_class_attr = excluded.ck_class_attr, ck_user = excluded.ck_user, ct_change = excluded.ct_change;
INSERT INTO s_mt.t_class_hierarchy(ck_id, ck_class_parent, ck_class_child, ck_class_attr, ck_user, ct_change) VALUES ('9D0879C0F086450FABF015D6F256459F', '9', 'DA77FDDE896F48909B19EBB516326D33', '39', '4fd05ca9-3a9e-4d66-82df-886dfa082113', '2020-06-03T13:49:26.799+0000')  on conflict on constraint cin_c_class_hierarchy_1 do update set ck_class_parent = excluded.ck_class_parent, ck_class_child = excluded.ck_class_child, ck_class_attr = excluded.ck_class_attr, ck_user = excluded.ck_user, ct_change = excluded.ct_change;
INSERT INTO s_mt.t_class_hierarchy(ck_id, ck_class_parent, ck_class_child, ck_class_attr, ck_user, ct_change) VALUES ('5F09AEEB5557411A9085B80F5E5D77E0', '1EE230968D8648419A9FEF0AAF7390E7', '0DDBEE01777844F5AC8F129EB5A43118', '290CBFB50CFC4362B2F00C5C4D34AAB5', '4fd05ca9-3a9e-4d66-82df-886dfa082113', '2020-06-05T14:43:58.828+0000')  on conflict on constraint cin_c_class_hierarchy_1 do update set ck_class_parent = excluded.ck_class_parent, ck_class_child = excluded.ck_class_child, ck_class_attr = excluded.ck_class_attr, ck_user = excluded.ck_user, ct_change = excluded.ct_change;
INSERT INTO s_mt.t_class_hierarchy(ck_id, ck_class_parent, ck_class_child, ck_class_attr, ck_user, ct_change) VALUES ('C7C89FF4053C462688E2857C289C0F95', '137', '858DBC49DF354ECCA2F57F36DAF4E37A', '621', '4fd05ca9-3a9e-4d66-82df-886dfa082113', '2020-06-11T08:43:01.750+0000')  on conflict on constraint cin_c_class_hierarchy_1 do update set ck_class_parent = excluded.ck_class_parent, ck_class_child = excluded.ck_class_child, ck_class_attr = excluded.ck_class_attr, ck_user = excluded.ck_user, ct_change = excluded.ct_change;
INSERT INTO s_mt.t_class_hierarchy(ck_id, ck_class_parent, ck_class_child, ck_class_attr, ck_user, ct_change) VALUES ('74741F6AD2144260A9D88DB54A2DF3CA', 'C3F1A4DE593B40FD81079A422C16070D', '1', 'C5CC30188D464E26A99E092BA1EB128B', '4fd05ca9-3a9e-4d66-82df-886dfa082113', '2020-06-11T11:52:10.054+0000')  on conflict on constraint cin_c_class_hierarchy_1 do update set ck_class_parent = excluded.ck_class_parent, ck_class_child = excluded.ck_class_child, ck_class_attr = excluded.ck_class_attr, ck_user = excluded.ck_user, ct_change = excluded.ct_change;
INSERT INTO s_mt.t_class_hierarchy(ck_id, ck_class_parent, ck_class_child, ck_class_attr, ck_user, ct_change) VALUES ('FED8D025F4184963AF096D4B1BFAB404', 'C3F1A4DE593B40FD81079A422C16070D', 'FC278B804F4C4DE6A273C8C4D6F4037D', 'C5CC30188D464E26A99E092BA1EB128B', '4fd05ca9-3a9e-4d66-82df-886dfa082113', '2020-06-11T11:56:37.825+0000')  on conflict on constraint cin_c_class_hierarchy_1 do update set ck_class_parent = excluded.ck_class_parent, ck_class_child = excluded.ck_class_child, ck_class_attr = excluded.ck_class_attr, ck_user = excluded.ck_user, ct_change = excluded.ct_change;
INSERT INTO s_mt.t_class_hierarchy(ck_id, ck_class_parent, ck_class_child, ck_class_attr, ck_user, ct_change) VALUES ('69242842B678467E8C6A16BB30EEAB6D', '35', '1', '172', '4fd05ca9-3a9e-4d66-82df-886dfa082113', '2020-06-11T13:29:20.057+0000')  on conflict on constraint cin_c_class_hierarchy_1 do update set ck_class_parent = excluded.ck_class_parent, ck_class_child = excluded.ck_class_child, ck_class_attr = excluded.ck_class_attr, ck_user = excluded.ck_user, ct_change = excluded.ct_change;
INSERT INTO s_mt.t_class_hierarchy(ck_id, ck_class_parent, ck_class_child, ck_class_attr, ck_user, ct_change) VALUES ('1786E6C06F2B404A8C15B8BA4C44633B', '1', '871CB755C589248AE053809BA8C0F31E', '623', '4fd05ca9-3a9e-4d66-82df-886dfa082113', '2020-06-11T13:30:42.376+0000')  on conflict on constraint cin_c_class_hierarchy_1 do update set ck_class_parent = excluded.ck_class_parent, ck_class_child = excluded.ck_class_child, ck_class_attr = excluded.ck_class_attr, ck_user = excluded.ck_user, ct_change = excluded.ct_change;
INSERT INTO s_mt.t_class_hierarchy(ck_id, ck_class_parent, ck_class_child, ck_class_attr, ck_user, ct_change) VALUES ('49EF47513E074997AA1944FEF695C603', '1EE230968D8648419A9FEF0AAF7390E7', '1', '290CBFB50CFC4362B2F00C5C4D34AAB5', '4fd05ca9-3a9e-4d66-82df-886dfa082113', '2020-06-15T13:30:57.532+0000')  on conflict on constraint cin_c_class_hierarchy_1 do update set ck_class_parent = excluded.ck_class_parent, ck_class_child = excluded.ck_class_child, ck_class_attr = excluded.ck_class_attr, ck_user = excluded.ck_user, ct_change = excluded.ct_change;
INSERT INTO s_mt.t_class_hierarchy(ck_id, ck_class_parent, ck_class_child, ck_class_attr, ck_user, ct_change) VALUES ('06A70E0E355D4B999B51CACCC67CC7B6', '1', '5F229304828F4AADBF9B0BE6463B1248', '623', '4fd05ca9-3a9e-4d66-82df-886dfa082113', '2020-06-15T13:31:05.701+0000')  on conflict on constraint cin_c_class_hierarchy_1 do update set ck_class_parent = excluded.ck_class_parent, ck_class_child = excluded.ck_class_child, ck_class_attr = excluded.ck_class_attr, ck_user = excluded.ck_user, ct_change = excluded.ct_change;
INSERT INTO s_mt.t_class_hierarchy(ck_id, ck_class_parent, ck_class_child, ck_class_attr, ck_user, ct_change) VALUES ('58D9E3DC7AB342CDB3578111FF1EC034', '1', 'C3F1A4DE593B40FD81079A422C16070D', '623', '4fd05ca9-3a9e-4d66-82df-886dfa082113', '2020-06-17T07:57:44.359+0000')  on conflict on constraint cin_c_class_hierarchy_1 do update set ck_class_parent = excluded.ck_class_parent, ck_class_child = excluded.ck_class_child, ck_class_attr = excluded.ck_class_attr, ck_user = excluded.ck_user, ct_change = excluded.ct_change;
delete from s_mt.t_attr a where a.ck_id not in (select ck_attr from s_mt.t_class_attr);
