--liquibase formatted sql
--changeset patcher-core:MetaClass dbms:postgresql runOnChange:true splitStatements:false stripComments:false
INSERT INTO s_mt.t_attr(ck_id, cv_description, ck_attr_type, ck_user, ct_change)VALUES('activerules', 'Правила для выбора активного элемента', 'behavior', '4fd05ca9-3a9e-4d66-82df-886dfa082113', '2019-10-17T00:00:00.000+0000') on conflict (ck_id) do update set cv_description = excluded.cv_description, ck_attr_type = excluded.ck_attr_type, ck_user = excluded.ck_user, ct_change = excluded.ct_change;
INSERT INTO s_mt.t_attr(ck_id, cv_description, ck_attr_type, ck_user, ct_change)VALUES('align', 'Расположение текста:<br>left - слева,<br>center - по центру,<br>right - справа', 'basic', '20785', '2018-12-10T00:00:00.000+0000') on conflict (ck_id) do update set cv_description = excluded.cv_description, ck_attr_type = excluded.ck_attr_type, ck_user = excluded.ck_user, ct_change = excluded.ct_change;
INSERT INTO s_mt.t_attr(ck_id, cv_description, ck_attr_type, ck_user, ct_change)VALUES('allownew', 'Признак доступности ввода нового значения. Если не заполнен = false', 'basic', '4fd05ca9-3a9e-4d66-82df-886dfa082113', '2019-10-24T00:00:00.000+0000') on conflict (ck_id) do update set cv_description = excluded.cv_description, ck_attr_type = excluded.ck_attr_type, ck_user = excluded.ck_user, ct_change = excluded.ct_change;
INSERT INTO s_mt.t_attr(ck_id, cv_description, ck_attr_type, ck_user, ct_change)VALUES('autoload', 'Признак автозагрузки сервиса', 'basic', '40025111', '2019-04-23T00:00:00.000+0000') on conflict (ck_id) do update set cv_description = excluded.cv_description, ck_attr_type = excluded.ck_attr_type, ck_user = excluded.ck_user, ct_change = excluded.ct_change;
INSERT INTO s_mt.t_attr(ck_id, cv_description, ck_attr_type, ck_user, ct_change)VALUES('autoselectidentity', 'Наименование параметра, определяющего уникальность возвращаемых данных. <br>Если этот столбец есть в filter и заполнен, то сработает автовыбор первой записи', 'basic', '4fd05ca9-3a9e-4d66-82df-886dfa082113', '2019-10-24T00:00:00.000+0000') on conflict (ck_id) do update set cv_description = excluded.cv_description, ck_attr_type = excluded.ck_attr_type, ck_user = excluded.ck_user, ct_change = excluded.ct_change;
INSERT INTO s_mt.t_attr(ck_id, cv_description, ck_attr_type, ck_user, ct_change)VALUES('bottombtn', 'Служебный параметр для иерархии', 'placement', '20780', '2019-08-07T00:00:00.000+0000') on conflict (ck_id) do update set cv_description = excluded.cv_description, ck_attr_type = excluded.ck_attr_type, ck_user = excluded.ck_user, ct_change = excluded.ct_change;
INSERT INTO s_mt.t_attr(ck_id, cv_description, ck_attr_type, ck_user, ct_change)VALUES('btnaudit', 'Отображение кнопки "Информация" (true/false)', 'basic', '4fd05ca9-3a9e-4d66-82df-886dfa082113', '2019-10-24T00:00:00.000+0000') on conflict (ck_id) do update set cv_description = excluded.cv_description, ck_attr_type = excluded.ck_attr_type, ck_user = excluded.ck_user, ct_change = excluded.ct_change;
INSERT INTO s_mt.t_attr(ck_id, cv_description, ck_attr_type, ck_user, ct_change)VALUES('btncollectorall', 'Признак сбора статических кнопок в коллектор', 'basic', '10020785', '2018-08-02T00:00:00.000+0000') on conflict (ck_id) do update set cv_description = excluded.cv_description, ck_attr_type = excluded.ck_attr_type, ck_user = excluded.ck_user, ct_change = excluded.ct_change;
INSERT INTO s_mt.t_attr(ck_id, cv_description, ck_attr_type, ck_user, ct_change)VALUES('btndelete', 'Отображение кнопки "Удалить" (true/false)', 'basic', '4fd05ca9-3a9e-4d66-82df-886dfa082113', '2019-10-24T00:00:00.000+0000') on conflict (ck_id) do update set cv_description = excluded.cv_description, ck_attr_type = excluded.ck_attr_type, ck_user = excluded.ck_user, ct_change = excluded.ct_change;
INSERT INTO s_mt.t_attr(ck_id, cv_description, ck_attr_type, ck_user, ct_change)VALUES('btnexcel', 'Отображение кнопки "Экспорт в Excel" (true/false)', 'basic', '4fd05ca9-3a9e-4d66-82df-886dfa082113', '2019-10-24T00:00:00.000+0000') on conflict (ck_id) do update set cv_description = excluded.cv_description, ck_attr_type = excluded.ck_attr_type, ck_user = excluded.ck_user, ct_change = excluded.ct_change;
INSERT INTO s_mt.t_attr(ck_id, cv_description, ck_attr_type, ck_user, ct_change)VALUES('btnrefresh', 'Отображение кнопки "Обновить" (true/false)', 'basic', '4fd05ca9-3a9e-4d66-82df-886dfa082113', '2019-10-24T00:00:00.000+0000') on conflict (ck_id) do update set cv_description = excluded.cv_description, ck_attr_type = excluded.ck_attr_type, ck_user = excluded.ck_user, ct_change = excluded.ct_change;
INSERT INTO s_mt.t_attr(ck_id, cv_description, ck_attr_type, ck_user, ct_change)VALUES('btnsettings', 'Отображение кнопки "Настройки" (true/false)', 'basic', '4fd05ca9-3a9e-4d66-82df-886dfa082113', '2019-10-24T00:00:00.000+0000') on conflict (ck_id) do update set cv_description = excluded.cv_description, ck_attr_type = excluded.ck_attr_type, ck_user = excluded.ck_user, ct_change = excluded.ct_change;
INSERT INTO s_mt.t_attr(ck_id, cv_description, ck_attr_type, ck_user, ct_change)VALUES('checkaddmore', 'Признак "Добавить еще". Если не заполнен = false', 'basic', '4fd05ca9-3a9e-4d66-82df-886dfa082113', '2019-10-24T00:00:00.000+0000') on conflict (ck_id) do update set cv_description = excluded.cv_description, ck_attr_type = excluded.ck_attr_type, ck_user = excluded.ck_user, ct_change = excluded.ct_change;
INSERT INTO s_mt.t_attr(ck_id, cv_description, ck_attr_type, ck_user, ct_change)VALUES('childs', 'Служебный параметр для иерархии', 'placement', '40025111', '2019-04-23T00:00:00.000+0000') on conflict (ck_id) do update set cv_description = excluded.cv_description, ck_attr_type = excluded.ck_attr_type, ck_user = excluded.ck_user, ct_change = excluded.ct_change;
INSERT INTO s_mt.t_attr(ck_id, cv_description, ck_attr_type, ck_user, ct_change)VALUES('childwindow', 'Служебный параметр для иерархии', 'placement', '-11', '2018-02-22T00:00:00.000+0000') on conflict (ck_id) do update set cv_description = excluded.cv_description, ck_attr_type = excluded.ck_attr_type, ck_user = excluded.ck_user, ct_change = excluded.ct_change;
INSERT INTO s_mt.t_attr(ck_id, cv_description, ck_attr_type, ck_user, ct_change)VALUES('ckwindow', 'Идентификатор для поиска окна в мастере', 'basic', '-11', '2018-02-22T00:00:00.000+0000') on conflict (ck_id) do update set cv_description = excluded.cv_description, ck_attr_type = excluded.ck_attr_type, ck_user = excluded.ck_user, ct_change = excluded.ct_change;
INSERT INTO s_mt.t_attr(ck_id, cv_description, ck_attr_type, ck_user, ct_change)VALUES('collapsed', 'Свернута ли панель при инициализации <br/>true = свернута', 'basic', '4fd05ca9-3a9e-4d66-82df-886dfa082113', '2019-10-24T00:00:00.000+0000') on conflict (ck_id) do update set cv_description = excluded.cv_description, ck_attr_type = excluded.ck_attr_type, ck_user = excluded.ck_user, ct_change = excluded.ct_change;
INSERT INTO s_mt.t_attr(ck_id, cv_description, ck_attr_type, ck_user, ct_change)VALUES('collapsible', 'Признак возможности сворачивания панели true/false', 'basic', '-11', '2018-02-22T00:00:00.000+0000') on conflict (ck_id) do update set cv_description = excluded.cv_description, ck_attr_type = excluded.ck_attr_type, ck_user = excluded.ck_user, ct_change = excluded.ct_change;
INSERT INTO s_mt.t_attr(ck_id, cv_description, ck_attr_type, ck_user, ct_change)VALUES('collectionvalues', 'Тип  сбора значений:<br/>object - виде объекта<br/>array - массив строк', 'basic', '4fd05ca9-3a9e-4d66-82df-886dfa082113', '2019-10-24T00:00:00.000+0000') on conflict (ck_id) do update set cv_description = excluded.cv_description, ck_attr_type = excluded.ck_attr_type, ck_user = excluded.ck_user, ct_change = excluded.ct_change;
INSERT INTO s_mt.t_attr(ck_id, cv_description, ck_attr_type, ck_user, ct_change)VALUES('column', 'Наименование параметра для отображения данных и передачи в Modify', 'basic', '4fd05ca9-3a9e-4d66-82df-886dfa082113', '2019-10-24T00:00:00.000+0000') on conflict (ck_id) do update set cv_description = excluded.cv_description, ck_attr_type = excluded.ck_attr_type, ck_user = excluded.ck_user, ct_change = excluded.ct_change;
INSERT INTO s_mt.t_attr(ck_id, cv_description, ck_attr_type, ck_user, ct_change)VALUES('columnend', 'Наименование параметра - конца периода', 'basic', '4fd05ca9-3a9e-4d66-82df-886dfa082113', '2019-10-24T00:00:00.000+0000') on conflict (ck_id) do update set cv_description = excluded.cv_description, ck_attr_type = excluded.ck_attr_type, ck_user = excluded.ck_user, ct_change = excluded.ct_change;
INSERT INTO s_mt.t_attr(ck_id, cv_description, ck_attr_type, ck_user, ct_change)VALUES('columns', 'Служебный параметр для иерархии', 'placement', '-11', '2018-02-22T00:00:00.000+0000') on conflict (ck_id) do update set cv_description = excluded.cv_description, ck_attr_type = excluded.ck_attr_type, ck_user = excluded.ck_user, ct_change = excluded.ct_change;
INSERT INTO s_mt.t_attr(ck_id, cv_description, ck_attr_type, ck_user, ct_change)VALUES('columnsfilter', 'Список полей, по которым будет происходит фильтрация данных. Перечисление через запятую без пробела', 'basic', '-11', '2018-02-22T00:00:00.000+0000') on conflict (ck_id) do update set cv_description = excluded.cv_description, ck_attr_type = excluded.ck_attr_type, ck_user = excluded.ck_user, ct_change = excluded.ct_change;
INSERT INTO s_mt.t_attr(ck_id, cv_description, ck_attr_type, ck_user, ct_change)VALUES('columnstart', 'Наименование параметра - начала периода', 'basic', '4fd05ca9-3a9e-4d66-82df-886dfa082113', '2019-10-24T00:00:00.000+0000') on conflict (ck_id) do update set cv_description = excluded.cv_description, ck_attr_type = excluded.ck_attr_type, ck_user = excluded.ck_user, ct_change = excluded.ct_change;
INSERT INTO s_mt.t_attr(ck_id, cv_description, ck_attr_type, ck_user, ct_change)VALUES('confirmquestion', 'Вопрос на подтверждение операции', 'basic', '10020786', '2018-04-08T00:00:00.000+0000') on conflict (ck_id) do update set cv_description = excluded.cv_description, ck_attr_type = excluded.ck_attr_type, ck_user = excluded.ck_user, ct_change = excluded.ct_change;
INSERT INTO s_mt.t_attr(ck_id, cv_description, ck_attr_type, ck_user, ct_change)VALUES('contentview', 'Вид наполнения:<br/>hbox: горизонтальное<br/>hbox-wrap: горизонтальное с переносом на следующую строку<br/>vbox: вертикальное', 'basic', '20785', '2019-02-03T00:00:00.000+0000') on conflict (ck_id) do update set cv_description = excluded.cv_description, ck_attr_type = excluded.ck_attr_type, ck_user = excluded.ck_user, ct_change = excluded.ct_change;
INSERT INTO s_mt.t_attr(ck_id, cv_description, ck_attr_type, ck_user, ct_change)VALUES('contentwidth', 'Ширина вложенных полей. Целое число от 1% до 100%. Обязательно добавлять %.', 'basic', '20785', '2019-08-11T00:00:00.000+0000') on conflict (ck_id) do update set cv_description = excluded.cv_description, ck_attr_type = excluded.ck_attr_type, ck_user = excluded.ck_user, ct_change = excluded.ct_change;
INSERT INTO s_mt.t_attr(ck_id, cv_description, ck_attr_type, ck_user, ct_change)VALUES('contextmenus', 'Вложенные элементы для построения контекстного меню', 'placement', '-11', '2018-02-22T00:00:00.000+0000') on conflict (ck_id) do update set cv_description = excluded.cv_description, ck_attr_type = excluded.ck_attr_type, ck_user = excluded.ck_user, ct_change = excluded.ct_change;
INSERT INTO s_mt.t_attr(ck_id, cv_description, ck_attr_type, ck_user, ct_change)VALUES('currencysign', 'Подпись для отображения<br/>Пример:<br/>к деньгам добавляем " руб."', 'basic', '-11', '2018-02-22T00:00:00.000+0000') on conflict (ck_id) do update set cv_description = excluded.cv_description, ck_attr_type = excluded.ck_attr_type, ck_user = excluded.ck_user, ct_change = excluded.ct_change;
INSERT INTO s_mt.t_attr(ck_id, cv_description, ck_attr_type, ck_user, ct_change)VALUES('datatype', 'Тип данных колонки', 'system', '-11', '2018-02-22T00:00:00.000+0000') on conflict (ck_id) do update set cv_description = excluded.cv_description, ck_attr_type = excluded.ck_attr_type, ck_user = excluded.ck_user, ct_change = excluded.ct_change;
INSERT INTO s_mt.t_attr(ck_id, cv_description, ck_attr_type, ck_user, ct_change)VALUES('decimalprecision', 'Точность после запятой. Если не заполнен, то точность равна 2', 'basic', '20780', '2019-08-25T00:00:00.000+0000') on conflict (ck_id) do update set cv_description = excluded.cv_description, ck_attr_type = excluded.ck_attr_type, ck_user = excluded.ck_user, ct_change = excluded.ct_change;
INSERT INTO s_mt.t_attr(ck_id, cv_description, ck_attr_type, ck_user, ct_change)VALUES('decimalseparator', 'Разделитель дробного остатка', 'basic', '4fd05ca9-3a9e-4d66-82df-886dfa082113', '2019-10-24T00:00:00.000+0000') on conflict (ck_id) do update set cv_description = excluded.cv_description, ck_attr_type = excluded.ck_attr_type, ck_user = excluded.ck_user, ct_change = excluded.ct_change;
INSERT INTO s_mt.t_attr(ck_id, cv_description, ck_attr_type, ck_user, ct_change)VALUES('defaultvalue', 'Значение по умолчанию<br/>CheckBox: true/false<br/>DateField: sysdate - текущее время или дата в формате ISO 8601 2005-08-09T18:31:42<br/>для выбора первой записи указать значение "first"<br/> для выбора первой записи всегда - указать значение "alwaysfirst"', 'basic', '1', '2019-09-05T00:00:00.000+0000') on conflict (ck_id) do update set cv_description = excluded.cv_description, ck_attr_type = excluded.ck_attr_type, ck_user = excluded.ck_user, ct_change = excluded.ct_change;
INSERT INTO s_mt.t_attr(ck_id, cv_description, ck_attr_type, ck_user, ct_change)VALUES('defaultvaluequery', 'Сервис для запроса значения по умолчанию', 'basic', '-11', '2018-02-22T00:00:00.000+0000') on conflict (ck_id) do update set cv_description = excluded.cv_description, ck_attr_type = excluded.ck_attr_type, ck_user = excluded.ck_user, ct_change = excluded.ct_change;
INSERT INTO s_mt.t_attr(ck_id, cv_description, ck_attr_type, ck_user, ct_change)VALUES('detail', 'Отображение панели с детализацией - Служебная информация', 'placement', '20780', '2019-04-28T00:00:00.000+0000') on conflict (ck_id) do update set cv_description = excluded.cv_description, ck_attr_type = excluded.ck_attr_type, ck_user = excluded.ck_user, ct_change = excluded.ct_change;
INSERT INTO s_mt.t_attr(ck_id, cv_description, ck_attr_type, ck_user, ct_change)VALUES('disabled', 'Признак блокировки объекта при инициализации<br/>true-блокирован', 'basic', '4fd05ca9-3a9e-4d66-82df-886dfa082113', '2019-10-24T00:00:00.000+0000') on conflict (ck_id) do update set cv_description = excluded.cv_description, ck_attr_type = excluded.ck_attr_type, ck_user = excluded.ck_user, ct_change = excluded.ct_change;
INSERT INTO s_mt.t_attr(ck_id, cv_description, ck_attr_type, ck_user, ct_change)VALUES('disabledemptymaster', 'Признак блокировки, если мастер вернул пустое значение', 'basic', '4fd05ca9-3a9e-4d66-82df-886dfa082113', '2019-10-24T00:00:00.000+0000') on conflict (ck_id) do update set cv_description = excluded.cv_description, ck_attr_type = excluded.ck_attr_type, ck_user = excluded.ck_user, ct_change = excluded.ct_change;
INSERT INTO s_mt.t_attr(ck_id, cv_description, ck_attr_type, ck_user, ct_change)VALUES('disabledrules', 'Правила отображения объекта. Если правило вернет true, то объект станет неактивным.<br/>Синтаксис:<br/>== - равно<br/>!= - не равно<br/>''>'' - больше<br/>''<'' - меньше<br/>''&&'' - и<br/>''||'' - или<br/>Пример:<br/>gck_mo>1   // если глобальная переменная gck_mo больше 1, то поле заблокируется', 'behavior', '4fd05ca9-3a9e-4d66-82df-886dfa082113', '2019-10-24T00:00:00.000+0000') on conflict (ck_id) do update set cv_description = excluded.cv_description, ck_attr_type = excluded.ck_attr_type, ck_user = excluded.ck_user, ct_change = excluded.ct_change;
INSERT INTO s_mt.t_attr(ck_id, cv_description, ck_attr_type, ck_user, ct_change)VALUES('displayfield', 'Наименование параметра, который будет отображен', 'basic', '4fd05ca9-3a9e-4d66-82df-886dfa082113', '2019-10-24T00:00:00.000+0000') on conflict (ck_id) do update set cv_description = excluded.cv_description, ck_attr_type = excluded.ck_attr_type, ck_user = excluded.ck_user, ct_change = excluded.ct_change;
INSERT INTO s_mt.t_attr(ck_id, cv_description, ck_attr_type, ck_user, ct_change)VALUES('dynamicfilter', 'Признак автоматического применения фильтра', 'basic', '4fd05ca9-3a9e-4d66-82df-886dfa082113', '2019-10-24T00:00:00.000+0000') on conflict (ck_id) do update set cv_description = excluded.cv_description, ck_attr_type = excluded.ck_attr_type, ck_user = excluded.ck_user, ct_change = excluded.ct_change;
INSERT INTO s_mt.t_attr(ck_id, cv_description, ck_attr_type, ck_user, ct_change)VALUES('dynamicicon', 'Признак изменения вида иконки от данных', 'basic', '-11', '2018-02-22T00:00:00.000+0000') on conflict (ck_id) do update set cv_description = excluded.cv_description, ck_attr_type = excluded.ck_attr_type, ck_user = excluded.ck_user, ct_change = excluded.ct_change;
INSERT INTO s_mt.t_attr(ck_id, cv_description, ck_attr_type, ck_user, ct_change)VALUES('editmode', 'Режим добавления/редактирования - all/insert/update/disabled', 'basic', '-11', '2018-02-22T00:00:00.000+0000') on conflict (ck_id) do update set cv_description = excluded.cv_description, ck_attr_type = excluded.ck_attr_type, ck_user = excluded.ck_user, ct_change = excluded.ct_change;
INSERT INTO s_mt.t_attr(ck_id, cv_description, ck_attr_type, ck_user, ct_change)VALUES('editmodepanel', 'Режим редактирования дочерних элементов<br/>true = включен', 'basic', '4fd05ca9-3a9e-4d66-82df-886dfa082113', '2019-10-24T00:00:00.000+0000') on conflict (ck_id) do update set cv_description = excluded.cv_description, ck_attr_type = excluded.ck_attr_type, ck_user = excluded.ck_user, ct_change = excluded.ct_change;
INSERT INTO s_mt.t_attr(ck_id, cv_description, ck_attr_type, ck_user, ct_change)VALUES('editors', 'Служебный параметр для иерархии', 'placement', '-11', '2018-02-22T00:00:00.000+0000') on conflict (ck_id) do update set cv_description = excluded.cv_description, ck_attr_type = excluded.ck_attr_type, ck_user = excluded.ck_user, ct_change = excluded.ct_change;
INSERT INTO s_mt.t_attr(ck_id, cv_description, ck_attr_type, ck_user, ct_change)VALUES('edittype', 'Режим добавления/редактирования: inline - в строке; modalwindow - в модальном окне', 'basic', '-11', '2018-02-22T00:00:00.000+0000') on conflict (ck_id) do update set cv_description = excluded.cv_description, ck_attr_type = excluded.ck_attr_type, ck_user = excluded.ck_user, ct_change = excluded.ct_change;
INSERT INTO s_mt.t_attr(ck_id, cv_description, ck_attr_type, ck_user, ct_change)VALUES('extraplugingate', 'Дополнительные плагины для шлюза', 'basic', '10020786', '2018-03-21T00:00:00.000+0000') on conflict (ck_id) do update set cv_description = excluded.cv_description, ck_attr_type = excluded.ck_attr_type, ck_user = excluded.ck_user, ct_change = excluded.ct_change;
INSERT INTO s_mt.t_attr(ck_id, cv_description, ck_attr_type, ck_user, ct_change)VALUES('filemode', 'Вариант выбора файлов для загрузки. multi - несколько файлов, single - по одному.', 'basic', '20785', '2019-07-28T00:00:00.000+0000') on conflict (ck_id) do update set cv_description = excluded.cv_description, ck_attr_type = excluded.ck_attr_type, ck_user = excluded.ck_user, ct_change = excluded.ct_change;
INSERT INTO s_mt.t_attr(ck_id, cv_description, ck_attr_type, ck_user, ct_change)VALUES('filetypes', 'Тип документа, доступный для выбора при mode = 8.<br/>Пример: pdf,docs,doc', 'basic', '4fd05ca9-3a9e-4d66-82df-886dfa082113', '2019-10-24T00:00:00.000+0000') on conflict (ck_id) do update set cv_description = excluded.cv_description, ck_attr_type = excluded.ck_attr_type, ck_user = excluded.ck_user, ct_change = excluded.ct_change;
INSERT INTO s_mt.t_attr(ck_id, cv_description, ck_attr_type, ck_user, ct_change)VALUES('filters', 'Служебный параметр для иерархии', 'placement', '-11', '2018-02-22T00:00:00.000+0000') on conflict (ck_id) do update set cv_description = excluded.cv_description, ck_attr_type = excluded.ck_attr_type, ck_user = excluded.ck_user, ct_change = excluded.ct_change;
INSERT INTO s_mt.t_attr(ck_id, cv_description, ck_attr_type, ck_user, ct_change)VALUES('filtervaluessave', 'Признак сохранения данных фильтра в кеше', 'basic', '10020785', '2018-07-19T00:00:00.000+0000') on conflict (ck_id) do update set cv_description = excluded.cv_description, ck_attr_type = excluded.ck_attr_type, ck_user = excluded.ck_user, ct_change = excluded.ct_change;
INSERT INTO s_mt.t_attr(ck_id, cv_description, ck_attr_type, ck_user, ct_change)VALUES('format', 'Формат данных<br/>Для дат номер от 1-6:<br/>1 - ГГГГ<br/>2 - МММ ГГГГ<br/>3 - ДД.ММ.ГГГГ<br/>4 - ДД.ММ.ГГГГ ЧЧ:00<br/>5 - ДД.ММ.ГГГГ ЧЧ:МИ<br/>6 - ДД.ММ.ГГГГ ЧЧ:МИ:CC', 'basic', '-11', '2018-02-22T00:00:00.000+0000') on conflict (ck_id) do update set cv_description = excluded.cv_description, ck_attr_type = excluded.ck_attr_type, ck_user = excluded.ck_user, ct_change = excluded.ct_change;
INSERT INTO s_mt.t_attr(ck_id, cv_description, ck_attr_type, ck_user, ct_change)VALUES('getglobal', 'Наименование глобального параметра, который хранит значение для объекта', 'behavior', '4fd05ca9-3a9e-4d66-82df-886dfa082113', '2019-10-24T00:00:00.000+0000') on conflict (ck_id) do update set cv_description = excluded.cv_description, ck_attr_type = excluded.ck_attr_type, ck_user = excluded.ck_user, ct_change = excluded.ct_change;
INSERT INTO s_mt.t_attr(ck_id, cv_description, ck_attr_type, ck_user, ct_change)VALUES('getgloballist', 'Наименование глобального параметра, который хранит список значений для combobox', 'behavior', '4fd05ca9-3a9e-4d66-82df-886dfa082113', '2019-10-24T00:00:00.000+0000') on conflict (ck_id) do update set cv_description = excluded.cv_description, ck_attr_type = excluded.ck_attr_type, ck_user = excluded.ck_user, ct_change = excluded.ct_change;
INSERT INTO s_mt.t_attr(ck_id, cv_description, ck_attr_type, ck_user, ct_change)VALUES('getglobaltostore', 'Список глобальных переменных(через запятую), передаваемых в filter сервиса на объекте.<br/> Пример:<br/>Если указать gck_mo, то положит в json.filter.gck_mo<br/>Если указать gck_mo=ck_mo, то положит в json.filter.ck_mo', 'behavior', '4fd05ca9-3a9e-4d66-82df-886dfa082113', '2019-10-24T00:00:00.000+0000') on conflict (ck_id) do update set cv_description = excluded.cv_description, ck_attr_type = excluded.ck_attr_type, ck_user = excluded.ck_user, ct_change = excluded.ct_change;
INSERT INTO s_mt.t_attr(ck_id, cv_description, ck_attr_type, ck_user, ct_change)VALUES('handler', 'Обработчик в ExtJS<br/>onCreateChildWindowMaster - для вызова окна при создании<br/>onRowCreateChildWindowMaster - для вызова окна при редактировании<br/>onSimpleSaveWindow - сохранение данных по кнопке для модального окна<br/>onCloseWindow - закрытие модального окна<br/>onCloseWindowSilent - закрытие модального окна без сообщения<br/>onPrintHandleOnline - Онлайн печать<br/>onPrintHandleOffline - Отложенная печать', 'basic', '10020785', '2018-08-20T00:00:00.000+0000') on conflict (ck_id) do update set cv_description = excluded.cv_description, ck_attr_type = excluded.ck_attr_type, ck_user = excluded.ck_user, ct_change = excluded.ct_change;
INSERT INTO s_mt.t_attr(ck_id, cv_description, ck_attr_type, ck_user, ct_change)VALUES('height', 'Статическая высота в пикселях (px)', 'basic', '40025111', '2019-04-23T00:00:00.000+0000') on conflict (ck_id) do update set cv_description = excluded.cv_description, ck_attr_type = excluded.ck_attr_type, ck_user = excluded.ck_user, ct_change = excluded.ct_change;
INSERT INTO s_mt.t_attr(ck_id, cv_description, ck_attr_type, ck_user, ct_change)VALUES('hidden', 'Признак скрытия объекта при инициализации<br/>true-скрыт', 'basic', '4fd05ca9-3a9e-4d66-82df-886dfa082113', '2019-10-24T00:00:00.000+0000') on conflict (ck_id) do update set cv_description = excluded.cv_description, ck_attr_type = excluded.ck_attr_type, ck_user = excluded.ck_user, ct_change = excluded.ct_change;
INSERT INTO s_mt.t_attr(ck_id, cv_description, ck_attr_type, ck_user, ct_change)VALUES('hiddenrules', 'Правила отображения объекта. Если правило вернет true, то объект скрывается.<br/>Синтаксис:<br/>== - равно<br/>!= - не равно<br/>''>'' - больше<br/>''<'' - меньше<br/>''&&'' - и<br/>''||'' - или<br/>Пример:<br/>gck_mo>1   // если глобальная переменная gck_mo больше 1, то поле скроется', 'behavior', '4fd05ca9-3a9e-4d66-82df-886dfa082113', '2019-10-24T00:00:00.000+0000') on conflict (ck_id) do update set cv_description = excluded.cv_description, ck_attr_type = excluded.ck_attr_type, ck_user = excluded.ck_user, ct_change = excluded.ct_change;
INSERT INTO s_mt.t_attr(ck_id, cv_description, ck_attr_type, ck_user, ct_change)VALUES('hideactions', 'Признак скрытия всех кнопок (true/false)', 'behavior', '4fd05ca9-3a9e-4d66-82df-886dfa082113', '2019-10-24T00:00:00.000+0000') on conflict (ck_id) do update set cv_description = excluded.cv_description, ck_attr_type = excluded.ck_attr_type, ck_user = excluded.ck_user, ct_change = excluded.ct_change;
INSERT INTO s_mt.t_attr(ck_id, cv_description, ck_attr_type, ck_user, ct_change)VALUES('iconfont', 'Иконка (например, fa-plus)', 'basic', '-11', '2018-02-22T00:00:00.000+0000') on conflict (ck_id) do update set cv_description = excluded.cv_description, ck_attr_type = excluded.ck_attr_type, ck_user = excluded.ck_user, ct_change = excluded.ct_change;
INSERT INTO s_mt.t_attr(ck_id, cv_description, ck_attr_type, ck_user, ct_change)VALUES('iconfontname', 'Наименование класса или наименование колонки при динамике', 'basic', '-11', '2018-02-22T00:00:00.000+0000') on conflict (ck_id) do update set cv_description = excluded.cv_description, ck_attr_type = excluded.ck_attr_type, ck_user = excluded.ck_user, ct_change = excluded.ct_change;
INSERT INTO s_mt.t_attr(ck_id, cv_description, ck_attr_type, ck_user, ct_change)VALUES('idproperty', 'Наименование параметра из мастера, который будет передан в json в виде "master":{"наименование_параметра":"значение"}', 'basic', '4fd05ca9-3a9e-4d66-82df-886dfa082113', '2019-10-24T00:00:00.000+0000') on conflict (ck_id) do update set cv_description = excluded.cv_description, ck_attr_type = excluded.ck_attr_type, ck_user = excluded.ck_user, ct_change = excluded.ct_change;
INSERT INTO s_mt.t_attr(ck_id, cv_description, ck_attr_type, ck_user, ct_change)VALUES('imask', 'Маска ввода, например: (999) 999-99-99', 'basic', '-11', '2018-02-22T00:00:00.000+0000') on conflict (ck_id) do update set cv_description = excluded.cv_description, ck_attr_type = excluded.ck_attr_type, ck_user = excluded.ck_user, ct_change = excluded.ct_change;
INSERT INTO s_mt.t_attr(ck_id, cv_description, ck_attr_type, ck_user, ct_change)VALUES('info', 'Дополнительная информация для полей ввода', 'basic', '-11', '2018-02-22T00:00:00.000+0000') on conflict (ck_id) do update set cv_description = excluded.cv_description, ck_attr_type = excluded.ck_attr_type, ck_user = excluded.ck_user, ct_change = excluded.ct_change;
INSERT INTO s_mt.t_attr(ck_id, cv_description, ck_attr_type, ck_user, ct_change)VALUES('istree', 'Признак колонки типа "Дерево" (true/false)', 'system', '4fd05ca9-3a9e-4d66-82df-886dfa082113', '2019-10-24T00:00:00.000+0000') on conflict (ck_id) do update set cv_description = excluded.cv_description, ck_attr_type = excluded.ck_attr_type, ck_user = excluded.ck_user, ct_change = excluded.ct_change;
INSERT INTO s_mt.t_attr(ck_id, cv_description, ck_attr_type, ck_user, ct_change)VALUES('maxfile', 'Максимальный размер файла в байтах', 'basic', '20786', '2018-11-05T00:00:00.000+0000') on conflict (ck_id) do update set cv_description = excluded.cv_description, ck_attr_type = excluded.ck_attr_type, ck_user = excluded.ck_user, ct_change = excluded.ct_change;
INSERT INTO s_mt.t_attr(ck_id, cv_description, ck_attr_type, ck_user, ct_change)VALUES('maxheight', 'Максимальная высота', 'basic', '-11', '2018-02-22T00:00:00.000+0000') on conflict (ck_id) do update set cv_description = excluded.cv_description, ck_attr_type = excluded.ck_attr_type, ck_user = excluded.ck_user, ct_change = excluded.ct_change;
INSERT INTO s_mt.t_attr(ck_id, cv_description, ck_attr_type, ck_user, ct_change)VALUES('maxsize', 'Максимальное количество символов', 'basic', '-11', '2018-02-22T00:00:00.000+0000') on conflict (ck_id) do update set cv_description = excluded.cv_description, ck_attr_type = excluded.ck_attr_type, ck_user = excluded.ck_user, ct_change = excluded.ct_change;
INSERT INTO s_mt.t_attr(ck_id, cv_description, ck_attr_type, ck_user, ct_change)VALUES('maxvalue', 'Максимальное значение. Для значений с дробной частью использовать только точку', 'basic', '20785', '2019-03-28T00:00:00.000+0000') on conflict (ck_id) do update set cv_description = excluded.cv_description, ck_attr_type = excluded.ck_attr_type, ck_user = excluded.ck_user, ct_change = excluded.ct_change;
INSERT INTO s_mt.t_attr(ck_id, cv_description, ck_attr_type, ck_user, ct_change)VALUES('minchars', 'Количество введенных символов для получения подсказок', 'basic', '10020785', '2018-03-26T00:00:00.000+0000') on conflict (ck_id) do update set cv_description = excluded.cv_description, ck_attr_type = excluded.ck_attr_type, ck_user = excluded.ck_user, ct_change = excluded.ct_change;
INSERT INTO s_mt.t_attr(ck_id, cv_description, ck_attr_type, ck_user, ct_change)VALUES('minheight', 'Минимальная высота', 'basic', '-11', '2018-02-22T00:00:00.000+0000') on conflict (ck_id) do update set cv_description = excluded.cv_description, ck_attr_type = excluded.ck_attr_type, ck_user = excluded.ck_user, ct_change = excluded.ct_change;
INSERT INTO s_mt.t_attr(ck_id, cv_description, ck_attr_type, ck_user, ct_change)VALUES('minvalue', 'Минимальное значение', 'basic', '-11', '2018-02-22T00:00:00.000+0000') on conflict (ck_id) do update set cv_description = excluded.cv_description, ck_attr_type = excluded.ck_attr_type, ck_user = excluded.ck_user, ct_change = excluded.ct_change;
INSERT INTO s_mt.t_attr(ck_id, cv_description, ck_attr_type, ck_user, ct_change)VALUES('mode', 'Тип операции<br/>1 - Добавление<br/>2 - Редактирование<br/>3 - Удаление<br/>4 - Вызов сервиса из атрибута updatequery<br/>5 - Вызов меню с информацией<br/>6 - Режим клонирования значений<br/>7 - Режим выгрузки файла<br/>8 - Режим загрузки файла', 'basic', '4fd05ca9-3a9e-4d66-82df-886dfa082113', '2019-10-24T00:00:00.000+0000') on conflict (ck_id) do update set cv_description = excluded.cv_description, ck_attr_type = excluded.ck_attr_type, ck_user = excluded.ck_user, ct_change = excluded.ct_change;
INSERT INTO s_mt.t_attr(ck_id, cv_description, ck_attr_type, ck_user, ct_change)VALUES('modeaction', 'Значение action, передаваемое в json вместо стандартных I,U,D', 'basic', '4fd05ca9-3a9e-4d66-82df-886dfa082113', '2019-10-24T00:00:00.000+0000') on conflict (ck_id) do update set cv_description = excluded.cv_description, ck_attr_type = excluded.ck_attr_type, ck_user = excluded.ck_user, ct_change = excluded.ct_change;
INSERT INTO s_mt.t_attr(ck_id, cv_description, ck_attr_type, ck_user, ct_change)VALUES('noglobalmask', 'Признак отключения глобального лоадера при загрузке сервиса', 'basic', '1', '2019-09-04T00:00:00.000+0000') on conflict (ck_id) do update set cv_description = excluded.cv_description, ck_attr_type = excluded.ck_attr_type, ck_user = excluded.ck_user, ct_change = excluded.ct_change;
INSERT INTO s_mt.t_attr(ck_id, cv_description, ck_attr_type, ck_user, ct_change)VALUES('onlyicon', 'Отображается только иконка кнопки (true/false)', 'basic', '4fd05ca9-3a9e-4d66-82df-886dfa082113', '2019-10-24T00:00:00.000+0000') on conflict (ck_id) do update set cv_description = excluded.cv_description, ck_attr_type = excluded.ck_attr_type, ck_user = excluded.ck_user, ct_change = excluded.ct_change;
INSERT INTO s_mt.t_attr(ck_id, cv_description, ck_attr_type, ck_user, ct_change)VALUES('orderdirection', 'Направление сортировки: ASC / DESC', 'basic', '-11', '2018-02-22T00:00:00.000+0000') on conflict (ck_id) do update set cv_description = excluded.cv_description, ck_attr_type = excluded.ck_attr_type, ck_user = excluded.ck_user, ct_change = excluded.ct_change;
INSERT INTO s_mt.t_attr(ck_id, cv_description, ck_attr_type, ck_user, ct_change)VALUES('orderproperty', 'Наименование параметра, по которому осуществляется сортировка при инициализации', 'basic', '4fd05ca9-3a9e-4d66-82df-886dfa082113', '2019-10-24T00:00:00.000+0000') on conflict (ck_id) do update set cv_description = excluded.cv_description, ck_attr_type = excluded.ck_attr_type, ck_user = excluded.ck_user, ct_change = excluded.ct_change;
INSERT INTO s_mt.t_attr(ck_id, cv_description, ck_attr_type, ck_user, ct_change)VALUES('pagesize', 'Количество выводимых строк (включает пагинатор)', 'basic', '40025111', '2019-04-18T00:00:00.000+0000') on conflict (ck_id) do update set cv_description = excluded.cv_description, ck_attr_type = excluded.ck_attr_type, ck_user = excluded.ck_user, ct_change = excluded.ct_change;
INSERT INTO s_mt.t_attr(ck_id, cv_description, ck_attr_type, ck_user, ct_change)VALUES('pickerheight', 'Высота выпадающей таблицы/списка. По умолчанию 390', 'basic', '4fd05ca9-3a9e-4d66-82df-886dfa082113', '2019-10-24T00:00:00.000+0000') on conflict (ck_id) do update set cv_description = excluded.cv_description, ck_attr_type = excluded.ck_attr_type, ck_user = excluded.ck_user, ct_change = excluded.ct_change;
INSERT INTO s_mt.t_attr(ck_id, cv_description, ck_attr_type, ck_user, ct_change)VALUES('pickerwidth', 'Ширина выпадающей таблицы/списка', 'basic', '4fd05ca9-3a9e-4d66-82df-886dfa082113', '2019-10-24T00:00:00.000+0000') on conflict (ck_id) do update set cv_description = excluded.cv_description, ck_attr_type = excluded.ck_attr_type, ck_user = excluded.ck_user, ct_change = excluded.ct_change;
INSERT INTO s_mt.t_attr(ck_id, cv_description, ck_attr_type, ck_user, ct_change)VALUES('position', 'Позиция компонента', 'basic', '4fd05ca9-3a9e-4d66-82df-886dfa082113', '2019-10-04T00:00:00.000+0000') on conflict (ck_id) do update set cv_description = excluded.cv_description, ck_attr_type = excluded.ck_attr_type, ck_user = excluded.ck_user, ct_change = excluded.ct_change;
INSERT INTO s_mt.t_attr(ck_id, cv_description, ck_attr_type, ck_user, ct_change)VALUES('querydelay', 'Пауза (в сек) до вызова сервиса с применением фильтра', 'basic', '4fd05ca9-3a9e-4d66-82df-886dfa082113', '2019-10-24T00:00:00.000+0000') on conflict (ck_id) do update set cv_description = excluded.cv_description, ck_attr_type = excluded.ck_attr_type, ck_user = excluded.ck_user, ct_change = excluded.ct_change;
INSERT INTO s_mt.t_attr(ck_id, cv_description, ck_attr_type, ck_user, ct_change)VALUES('querymode', 'Режим вызова сервиса: remote или local', 'basic', '4fd05ca9-3a9e-4d66-82df-886dfa082113', '2019-10-24T00:00:00.000+0000') on conflict (ck_id) do update set cv_description = excluded.cv_description, ck_attr_type = excluded.ck_attr_type, ck_user = excluded.ck_user, ct_change = excluded.ct_change;
INSERT INTO s_mt.t_attr(ck_id, cv_description, ck_attr_type, ck_user, ct_change)VALUES('queryparam', 'Наименование параметра, по которому фильтруются значения при вводе', 'basic', '4fd05ca9-3a9e-4d66-82df-886dfa082113', '2019-10-24T00:00:00.000+0000') on conflict (ck_id) do update set cv_description = excluded.cv_description, ck_attr_type = excluded.ck_attr_type, ck_user = excluded.ck_user, ct_change = excluded.ct_change;
INSERT INTO s_mt.t_attr(ck_id, cv_description, ck_attr_type, ck_user, ct_change)VALUES('readonlyrules', 'Правила отображения объекта. Если правило вернет true, то объект перейдет в режим "Только чтение". <br/>Синтаксис:<br/>== - равно<br/>!= - не равно<br/>''>'' - больше<br/>''<'' - меньше<br/>''&&'' - и<br/>''||'' - или<br/>Пример:<br/>gck_mo>1   // если глобальная переменная gck_mo больше 1, то объект перейдет в режим "только чтение"', 'behavior', '4fd05ca9-3a9e-4d66-82df-886dfa082113', '2019-10-24T00:00:00.000+0000') on conflict (ck_id) do update set cv_description = excluded.cv_description, ck_attr_type = excluded.ck_attr_type, ck_user = excluded.ck_user, ct_change = excluded.ct_change;
INSERT INTO s_mt.t_attr(ck_id, cv_description, ck_attr_type, ck_user, ct_change)VALUES('redirecturl', 'URL страницы, на которую будет произведен переход', 'basic', '4fd05ca9-3a9e-4d66-82df-886dfa082113', '2019-10-24T00:00:00.000+0000') on conflict (ck_id) do update set cv_description = excluded.cv_description, ck_attr_type = excluded.ck_attr_type, ck_user = excluded.ck_user, ct_change = excluded.ct_change;
INSERT INTO s_mt.t_attr(ck_id, cv_description, ck_attr_type, ck_user, ct_change)VALUES('redirectusequery', 'Наименование запроса, возвращающего cv_url для перехода', 'basic', '4fd05ca9-3a9e-4d66-82df-886dfa082113', '2019-10-24T00:00:00.000+0000') on conflict (ck_id) do update set cv_description = excluded.cv_description, ck_attr_type = excluded.ck_attr_type, ck_user = excluded.ck_user, ct_change = excluded.ct_change;
INSERT INTO s_mt.t_attr(ck_id, cv_description, ck_attr_type, ck_user, ct_change)VALUES('refreshallrecords', 'Признак перезагрузки всех данных после сохранения/обновления. <br> false - после сохранения/обновления запись подгружается одна без перезагрузки всего списка <br> true - список перегружается полнстью, при этом сама запись может не показать, если не попала под фильтр или пагинацию', 'basic', '10020785', '2018-10-16T00:00:00.000+0000') on conflict (ck_id) do update set cv_description = excluded.cv_description, ck_attr_type = excluded.ck_attr_type, ck_user = excluded.ck_user, ct_change = excluded.ct_change;
INSERT INTO s_mt.t_attr(ck_id, cv_description, ck_attr_type, ck_user, ct_change)VALUES('regexp', 'Регулярное выражение для проверки введенного значения', 'basic', '-11', '2018-02-22T00:00:00.000+0000') on conflict (ck_id) do update set cv_description = excluded.cv_description, ck_attr_type = excluded.ck_attr_type, ck_user = excluded.ck_user, ct_change = excluded.ct_change;
INSERT INTO s_mt.t_attr(ck_id, cv_description, ck_attr_type, ck_user, ct_change)VALUES('reloadmaster', 'Признак обновления родителя по мастеру', 'basic', '10020785', '2018-07-26T00:00:00.000+0000') on conflict (ck_id) do update set cv_description = excluded.cv_description, ck_attr_type = excluded.ck_attr_type, ck_user = excluded.ck_user, ct_change = excluded.ct_change;
INSERT INTO s_mt.t_attr(ck_id, cv_description, ck_attr_type, ck_user, ct_change)VALUES('reloadservice', 'Признак повторного вызова сервиса комбобокса во время раскрытия в случае, если изменился мастер', 'basic', '4fd05ca9-3a9e-4d66-82df-886dfa082113', '2019-10-24T00:00:00.000+0000') on conflict (ck_id) do update set cv_description = excluded.cv_description, ck_attr_type = excluded.ck_attr_type, ck_user = excluded.ck_user, ct_change = excluded.ct_change;
INSERT INTO s_mt.t_attr(ck_id, cv_description, ck_attr_type, ck_user, ct_change)VALUES('reqcount', 'Количество обязательно заполненных полей в группе, требуемое для корректной валидации', 'basic', '4fd05ca9-3a9e-4d66-82df-886dfa082113', '2019-10-24T00:00:00.000+0000') on conflict (ck_id) do update set cv_description = excluded.cv_description, ck_attr_type = excluded.ck_attr_type, ck_user = excluded.ck_user, ct_change = excluded.ct_change;
INSERT INTO s_mt.t_attr(ck_id, cv_description, ck_attr_type, ck_user, ct_change)VALUES('reqcountrules', 'Правила для изменения количества обязательно заполненных полей в группе. Имеет приоритет над reqcount', 'basic', '4fd05ca9-3a9e-4d66-82df-886dfa082113', '2019-10-24T00:00:00.000+0000') on conflict (ck_id) do update set cv_description = excluded.cv_description, ck_attr_type = excluded.ck_attr_type, ck_user = excluded.ck_user, ct_change = excluded.ct_change;
INSERT INTO s_mt.t_attr(ck_id, cv_description, ck_attr_type, ck_user, ct_change)VALUES('reqsel', 'Признак зависимости от мастера (true/false)', 'basic', '-11', '2018-02-22T00:00:00.000+0000') on conflict (ck_id) do update set cv_description = excluded.cv_description, ck_attr_type = excluded.ck_attr_type, ck_user = excluded.ck_user, ct_change = excluded.ct_change;
INSERT INTO s_mt.t_attr(ck_id, cv_description, ck_attr_type, ck_user, ct_change)VALUES('required', 'Признак обязательности заполнения', 'basic', '-11', '2018-02-22T00:00:00.000+0000') on conflict (ck_id) do update set cv_description = excluded.cv_description, ck_attr_type = excluded.ck_attr_type, ck_user = excluded.ck_user, ct_change = excluded.ct_change;
INSERT INTO s_mt.t_attr(ck_id, cv_description, ck_attr_type, ck_user, ct_change)VALUES('requiredrules', 'Правила обязательности объекта. Только глобальные переменные. <br/>Синтаксис:<br/>== - равно<br/>!= - не равно<br/>''>'' - больше<br/>''<'' - меньше<br/>''&&'' - и<br/>''||'' - или<br/>Пример:<br/>gck_mo>1   // если глобальная переменная gck_mo больше 1, то поле станет обязательным', 'behavior', '4fd05ca9-3a9e-4d66-82df-886dfa082113', '2019-10-24T00:00:00.000+0000') on conflict (ck_id) do update set cv_description = excluded.cv_description, ck_attr_type = excluded.ck_attr_type, ck_user = excluded.ck_user, ct_change = excluded.ct_change;
INSERT INTO s_mt.t_attr(ck_id, cv_description, ck_attr_type, ck_user, ct_change)VALUES('resizable', 'Признак доступности изменения ширины объекта (true/false)', 'basic', '4fd05ca9-3a9e-4d66-82df-886dfa082113', '2019-10-24T00:00:00.000+0000') on conflict (ck_id) do update set cv_description = excluded.cv_description, ck_attr_type = excluded.ck_attr_type, ck_user = excluded.ck_user, ct_change = excluded.ct_change;
INSERT INTO s_mt.t_attr(ck_id, cv_description, ck_attr_type, ck_user, ct_change)VALUES('rootvisible', 'Отображение корня', 'basic', '-11', '2018-02-22T00:00:00.000+0000') on conflict (ck_id) do update set cv_description = excluded.cv_description, ck_attr_type = excluded.ck_attr_type, ck_user = excluded.ck_user, ct_change = excluded.ct_change;
INSERT INTO s_mt.t_attr(ck_id, cv_description, ck_attr_type, ck_user, ct_change)VALUES('selmode', 'Возможность выделения нескольких значений в GRID и TREEGRID<br/>SINGLE - только 1 значение<br/>SIMPLE - позволяет выбирать значения одно-за-другим. Каждое нажатие добавляет/удаляет значение.<br/>MULTI - позволяет комплексно выбирать значения, с учетом ctrl и shift', 'basic', '4fd05ca9-3a9e-4d66-82df-886dfa082113', '2019-10-24T00:00:00.000+0000') on conflict (ck_id) do update set cv_description = excluded.cv_description, ck_attr_type = excluded.ck_attr_type, ck_user = excluded.ck_user, ct_change = excluded.ct_change;
INSERT INTO s_mt.t_attr(ck_id, cv_description, ck_attr_type, ck_user, ct_change)VALUES('setglobal', 'Наименование глобальной переменной. Должно начинаться с g', 'behavior', '4fd05ca9-3a9e-4d66-82df-886dfa082113', '2019-10-24T00:00:00.000+0000') on conflict (ck_id) do update set cv_description = excluded.cv_description, ck_attr_type = excluded.ck_attr_type, ck_user = excluded.ck_user, ct_change = excluded.ct_change;
INSERT INTO s_mt.t_attr(ck_id, cv_description, ck_attr_type, ck_user, ct_change)VALUES('sortcolumn', 'Наименование парамента, по которому будет осуществлена сортировка вместо column', 'basic', '4fd05ca9-3a9e-4d66-82df-886dfa082113', '2019-10-24T00:00:00.000+0000') on conflict (ck_id) do update set cv_description = excluded.cv_description, ck_attr_type = excluded.ck_attr_type, ck_user = excluded.ck_user, ct_change = excluded.ct_change;
INSERT INTO s_mt.t_attr(ck_id, cv_description, ck_attr_type, ck_user, ct_change)VALUES('spliter', 'Признак отображения сплиттера (true/false)', 'basic', '4fd05ca9-3a9e-4d66-82df-886dfa082113', '2019-10-24T00:00:00.000+0000') on conflict (ck_id) do update set cv_description = excluded.cv_description, ck_attr_type = excluded.ck_attr_type, ck_user = excluded.ck_user, ct_change = excluded.ct_change;
INSERT INTO s_mt.t_attr(ck_id, cv_description, ck_attr_type, ck_user, ct_change)VALUES('stepname', 'Наименование шага', 'behavior', '4fd05ca9-3a9e-4d66-82df-886dfa082113', '2019-10-24T00:00:00.000+0000') on conflict (ck_id) do update set cv_description = excluded.cv_description, ck_attr_type = excluded.ck_attr_type, ck_user = excluded.ck_user, ct_change = excluded.ct_change;
INSERT INTO s_mt.t_attr(ck_id, cv_description, ck_attr_type, ck_user, ct_change)VALUES('stepnamenext', 'Наименование следующего шага<br/>Может принимать выражение вида: "выражение?верный-шаг:неверный-шаг"', 'behavior', '4fd05ca9-3a9e-4d66-82df-886dfa082113', '2019-10-24T00:00:00.000+0000') on conflict (ck_id) do update set cv_description = excluded.cv_description, ck_attr_type = excluded.ck_attr_type, ck_user = excluded.ck_user, ct_change = excluded.ct_change;
INSERT INTO s_mt.t_attr(ck_id, cv_description, ck_attr_type, ck_user, ct_change)VALUES('stylerules', 'Правила применения стилей для колонок.<br> Нужно возвращать валидный объект вида `{"color": "red"}`', 'behavior', '4fd05ca9-3a9e-4d66-82df-886dfa082113', '2019-10-24T00:00:00.000+0000') on conflict (ck_id) do update set cv_description = excluded.cv_description, ck_attr_type = excluded.ck_attr_type, ck_user = excluded.ck_user, ct_change = excluded.ct_change;
INSERT INTO s_mt.t_attr(ck_id, cv_description, ck_attr_type, ck_user, ct_change)VALUES('thousandseparator', 'Разделитель тысяч', 'basic', '-11', '2018-02-22T00:00:00.000+0000') on conflict (ck_id) do update set cv_description = excluded.cv_description, ck_attr_type = excluded.ck_attr_type, ck_user = excluded.ck_user, ct_change = excluded.ct_change;
INSERT INTO s_mt.t_attr(ck_id, cv_description, ck_attr_type, ck_user, ct_change)VALUES('timeout', 'Время ожидания выполнения запроса в секундах', 'basic', '10020786', '2018-08-26T00:00:00.000+0000') on conflict (ck_id) do update set cv_description = excluded.cv_description, ck_attr_type = excluded.ck_attr_type, ck_user = excluded.ck_user, ct_change = excluded.ct_change;
INSERT INTO s_mt.t_attr(ck_id, cv_description, ck_attr_type, ck_user, ct_change)VALUES('tipmsg', 'Подсказка у кнопки', 'basic', '-11', '2018-02-22T00:00:00.000+0000') on conflict (ck_id) do update set cv_description = excluded.cv_description, ck_attr_type = excluded.ck_attr_type, ck_user = excluded.ck_user, ct_change = excluded.ct_change;
INSERT INTO s_mt.t_attr(ck_id, cv_description, ck_attr_type, ck_user, ct_change)VALUES('title', 'Заголовок', 'basic', '-11', '2018-02-22T00:00:00.000+0000') on conflict (ck_id) do update set cv_description = excluded.cv_description, ck_attr_type = excluded.ck_attr_type, ck_user = excluded.ck_user, ct_change = excluded.ct_change;
INSERT INTO s_mt.t_attr(ck_id, cv_description, ck_attr_type, ck_user, ct_change)VALUES('top', 'Отступ от верха в пикселях', 'basic', '4fd05ca9-3a9e-4d66-82df-886dfa082113', '2019-10-17T00:00:00.000+0000') on conflict (ck_id) do update set cv_description = excluded.cv_description, ck_attr_type = excluded.ck_attr_type, ck_user = excluded.ck_user, ct_change = excluded.ct_change;
INSERT INTO s_mt.t_attr(ck_id, cv_description, ck_attr_type, ck_user, ct_change)VALUES('topbtn', 'Место для кнопок', 'placement', '40025111', '2019-04-18T00:00:00.000+0000') on conflict (ck_id) do update set cv_description = excluded.cv_description, ck_attr_type = excluded.ck_attr_type, ck_user = excluded.ck_user, ct_change = excluded.ct_change;
INSERT INTO s_mt.t_attr(ck_id, cv_description, ck_attr_type, ck_user, ct_change)VALUES('type', 'Служебный параметр не править', 'system', '-11', '2018-02-22T00:00:00.000+0000') on conflict (ck_id) do update set cv_description = excluded.cv_description, ck_attr_type = excluded.ck_attr_type, ck_user = excluded.ck_user, ct_change = excluded.ct_change;
INSERT INTO s_mt.t_attr(ck_id, cv_description, ck_attr_type, ck_user, ct_change)VALUES('uitype', 'Тип вида кнопки: 1-primary 2-secondary', 'basic', '-11', '2018-02-22T00:00:00.000+0000') on conflict (ck_id) do update set cv_description = excluded.cv_description, ck_attr_type = excluded.ck_attr_type, ck_user = excluded.ck_user, ct_change = excluded.ct_change;
INSERT INTO s_mt.t_attr(ck_id, cv_description, ck_attr_type, ck_user, ct_change)VALUES('updateglobal', 'Наименование глобальной переменной для обновления', 'behavior', '4fd05ca9-3a9e-4d66-82df-886dfa082113', '2019-10-24T00:00:00.000+0000') on conflict (ck_id) do update set cv_description = excluded.cv_description, ck_attr_type = excluded.ck_attr_type, ck_user = excluded.ck_user, ct_change = excluded.ct_change;
INSERT INTO s_mt.t_attr(ck_id, cv_description, ck_attr_type, ck_user, ct_change)VALUES('updatequery', 'Наименование сервиса для кастомных операций', 'basic', '4fd05ca9-3a9e-4d66-82df-886dfa082113', '2019-10-24T00:00:00.000+0000') on conflict (ck_id) do update set cv_description = excluded.cv_description, ck_attr_type = excluded.ck_attr_type, ck_user = excluded.ck_user, ct_change = excluded.ct_change;
INSERT INTO s_mt.t_attr(ck_id, cv_description, ck_attr_type, ck_user, ct_change)VALUES('valuefield', 'Наименование параметра, содержащего уникальный идентификатор записи', 'basic', '4fd05ca9-3a9e-4d66-82df-886dfa082113', '2019-10-24T00:00:00.000+0000') on conflict (ck_id) do update set cv_description = excluded.cv_description, ck_attr_type = excluded.ck_attr_type, ck_user = excluded.ck_user, ct_change = excluded.ct_change;
INSERT INTO s_mt.t_attr(ck_id, cv_description, ck_attr_type, ck_user, ct_change)VALUES('visibileinwindow', 'Признак отображения в автособираемом окне неактивных полей (анализирует editmode)', 'basic', '4fd05ca9-3a9e-4d66-82df-886dfa082113', '2019-10-24T00:00:00.000+0000') on conflict (ck_id) do update set cv_description = excluded.cv_description, ck_attr_type = excluded.ck_attr_type, ck_user = excluded.ck_user, ct_change = excluded.ct_change;
INSERT INTO s_mt.t_attr(ck_id, cv_description, ck_attr_type, ck_user, ct_change)VALUES('visible', 'Признак отображения колонки', 'basic', '-11', '2018-02-22T00:00:00.000+0000') on conflict (ck_id) do update set cv_description = excluded.cv_description, ck_attr_type = excluded.ck_attr_type, ck_user = excluded.ck_user, ct_change = excluded.ct_change;
INSERT INTO s_mt.t_attr(ck_id, cv_description, ck_attr_type, ck_user, ct_change)VALUES('width', 'Ширина поля. Целое число от 1% до 100%. Обязательно добавлять %.', 'basic', '20785', '2018-12-26T00:00:00.000+0000') on conflict (ck_id) do update set cv_description = excluded.cv_description, ck_attr_type = excluded.ck_attr_type, ck_user = excluded.ck_user, ct_change = excluded.ct_change;
INSERT INTO s_mt.t_attr(ck_id, cv_description, ck_attr_type, ck_user, ct_change)VALUES('winreloadstores', 'Обновления связанных сторов (таблиц, панелей) при закрытии модального окна', 'basic', '-11', '2018-02-22T00:00:00.000+0000') on conflict (ck_id) do update set cv_description = excluded.cv_description, ck_attr_type = excluded.ck_attr_type, ck_user = excluded.ck_user, ct_change = excluded.ct_change;
INSERT INTO s_mt.t_attr(ck_id, cv_description, ck_attr_type, ck_user, ct_change)VALUES('wintype', 'Тип окна (влияет на ширину окна):<br>narrow: 500px, default: 800px, wide: 1000px, xwide: 1200px, xlwide: 1600px', 'basic', '10020785', '2018-10-04T00:00:00.000+0000') on conflict (ck_id) do update set cv_description = excluded.cv_description, ck_attr_type = excluded.ck_attr_type, ck_user = excluded.ck_user, ct_change = excluded.ct_change;
INSERT INTO s_mt.t_class(ck_id, cv_name, cv_description, cl_final, cl_dataset, ck_user, ct_change) VALUES ('1807D17438814B31B75A279C4CBC6C0C', 'App Bar Panel', 'Навигационая панель страницы', 1, 0, '4fd05ca9-3a9e-4d66-82df-886dfa082113', '2019-10-04T00:00:00.000+0000')  on conflict (ck_id) do update set cv_name = excluded.cv_name, cv_description = excluded.cv_description, cl_final = excluded.cl_final, cl_dataset = excluded.cl_dataset, ck_user = excluded.ck_user, ct_change = excluded.ct_change;
INSERT INTO s_mt.t_class_attr(ck_id, ck_class, ck_attr, cv_value, ck_user, ct_change, cl_required) VALUES ('225864898ED0411FA0E5434CD3A85346', '1807D17438814B31B75A279C4CBC6C0C', 'childs', null, '4fd05ca9-3a9e-4d66-82df-886dfa082113', '2019-10-04T00:00:00.000+0000', 0)  on conflict (ck_id) do update set ck_class = excluded.ck_class, ck_attr = excluded.ck_attr, cv_value = excluded.cv_value, ck_user = excluded.ck_user, ct_change = excluded.ct_change, cl_required = excluded.cl_required;
INSERT INTO s_mt.t_class_attr(ck_id, ck_class, ck_attr, cv_value, ck_user, ct_change, cl_required) VALUES ('391E6C0F46674C26AB8CCE82F583C74E', '1807D17438814B31B75A279C4CBC6C0C', 'contentview', 'hbox', '4fd05ca9-3a9e-4d66-82df-886dfa082113', '2019-10-04T00:00:00.000+0000', 0)  on conflict (ck_id) do update set ck_class = excluded.ck_class, ck_attr = excluded.ck_attr, cv_value = excluded.cv_value, ck_user = excluded.ck_user, ct_change = excluded.ct_change, cl_required = excluded.cl_required;
INSERT INTO s_mt.t_class_attr(ck_id, ck_class, ck_attr, cv_value, ck_user, ct_change, cl_required) VALUES ('5F01393A5D014FF3A017C1D3F840D8E2', '1807D17438814B31B75A279C4CBC6C0C', 'height', '34', '4fd05ca9-3a9e-4d66-82df-886dfa082113', '2019-10-04T00:00:00.000+0000', 0)  on conflict (ck_id) do update set ck_class = excluded.ck_class, ck_attr = excluded.ck_attr, cv_value = excluded.cv_value, ck_user = excluded.ck_user, ct_change = excluded.ct_change, cl_required = excluded.cl_required;
INSERT INTO s_mt.t_class_attr(ck_id, ck_class, ck_attr, cv_value, ck_user, ct_change, cl_required) VALUES ('A38301B34FF04C4490C0EE4BFA4282AB', '1807D17438814B31B75A279C4CBC6C0C', 'position', 'relative', '4fd05ca9-3a9e-4d66-82df-886dfa082113', '2019-10-04T00:00:00.000+0000', 0)  on conflict (ck_id) do update set ck_class = excluded.ck_class, ck_attr = excluded.ck_attr, cv_value = excluded.cv_value, ck_user = excluded.ck_user, ct_change = excluded.ct_change, cl_required = excluded.cl_required;
INSERT INTO s_mt.t_class_attr(ck_id, ck_class, ck_attr, cv_value, ck_user, ct_change, cl_required) VALUES ('32F672EE188A4BF7A2D8F3971C695D0B', '1807D17438814B31B75A279C4CBC6C0C', 'type', 'APP_BAR', '4fd05ca9-3a9e-4d66-82df-886dfa082113', '2019-10-04T00:00:00.000+0000', 0)  on conflict (ck_id) do update set ck_class = excluded.ck_class, ck_attr = excluded.ck_attr, cv_value = excluded.cv_value, ck_user = excluded.ck_user, ct_change = excluded.ct_change, cl_required = excluded.cl_required;
INSERT INTO s_mt.t_class_attr(ck_id, ck_class, ck_attr, cv_value, ck_user, ct_change, cl_required) VALUES ('B108CBBF73F3418893488BE4C2C05182', '1807D17438814B31B75A279C4CBC6C0C', 'uitype', '1', '4fd05ca9-3a9e-4d66-82df-886dfa082113', '2019-10-04T00:00:00.000+0000', 0)  on conflict (ck_id) do update set ck_class = excluded.ck_class, ck_attr = excluded.ck_attr, cv_value = excluded.cv_value, ck_user = excluded.ck_user, ct_change = excluded.ct_change, cl_required = excluded.cl_required;
INSERT INTO s_mt.t_class_attr(ck_id, ck_class, ck_attr, cv_value, ck_user, ct_change, cl_required) VALUES ('FEC7A3E95CAC46319A542B00BE42ED79', '1807D17438814B31B75A279C4CBC6C0C', 'width', null, '4fd05ca9-3a9e-4d66-82df-886dfa082113', '2019-10-04T00:00:00.000+0000', 0)  on conflict (ck_id) do update set ck_class = excluded.ck_class, ck_attr = excluded.ck_attr, cv_value = excluded.cv_value, ck_user = excluded.ck_user, ct_change = excluded.ct_change, cl_required = excluded.cl_required;
select pkg_patcher.p_clear_attr('1807D17438814B31B75A279C4CBC6C0C'::varchar, '["childs","contentview","height","position","type","uitype","width"]'::jsonb);
INSERT INTO s_mt.t_class(ck_id, cv_name, cv_description, cl_final, cl_dataset, ck_user, ct_change) VALUES ('1EE230968D8648419A9FEF0AAF7390E7', 'Application', 'Контейнер для приложения', 1, 1, '4fd05ca9-3a9e-4d66-82df-886dfa082113', '2019-10-14T00:00:00.000+0000')  on conflict (ck_id) do update set cv_name = excluded.cv_name, cv_description = excluded.cv_description, cl_final = excluded.cl_final, cl_dataset = excluded.cl_dataset, ck_user = excluded.ck_user, ct_change = excluded.ct_change;
INSERT INTO s_mt.t_class_attr(ck_id, ck_class, ck_attr, cv_value, ck_user, ct_change, cl_required) VALUES ('B4952B6F8DA34BEFB04D244268B674F1', '1EE230968D8648419A9FEF0AAF7390E7', 'activerules', null, '4fd05ca9-3a9e-4d66-82df-886dfa082113', '2019-10-15T00:00:00.000+0000', 1)  on conflict (ck_id) do update set ck_class = excluded.ck_class, ck_attr = excluded.ck_attr, cv_value = excluded.cv_value, ck_user = excluded.ck_user, ct_change = excluded.ct_change, cl_required = excluded.cl_required;
INSERT INTO s_mt.t_class_attr(ck_id, ck_class, ck_attr, cv_value, ck_user, ct_change, cl_required) VALUES ('290CBFB50CFC4362B2F00C5C4D34AAB5', '1EE230968D8648419A9FEF0AAF7390E7', 'childs', null, '4fd05ca9-3a9e-4d66-82df-886dfa082113', '2019-10-14T00:00:00.000+0000', 0)  on conflict (ck_id) do update set ck_class = excluded.ck_class, ck_attr = excluded.ck_attr, cv_value = excluded.cv_value, ck_user = excluded.ck_user, ct_change = excluded.ct_change, cl_required = excluded.cl_required;
INSERT INTO s_mt.t_class_attr(ck_id, ck_class, ck_attr, cv_value, ck_user, ct_change, cl_required) VALUES ('8E3A9174CCB442F1B50A7E5F97806827', '1EE230968D8648419A9FEF0AAF7390E7', 'childwindow', null, '4fd05ca9-3a9e-4d66-82df-886dfa082113', '2019-10-17T00:00:00.000+0000', 0)  on conflict (ck_id) do update set ck_class = excluded.ck_class, ck_attr = excluded.ck_attr, cv_value = excluded.cv_value, ck_user = excluded.ck_user, ct_change = excluded.ct_change, cl_required = excluded.cl_required;
INSERT INTO s_mt.t_class_attr(ck_id, ck_class, ck_attr, cv_value, ck_user, ct_change, cl_required) VALUES ('939B5B0FDBB24DB08E935675A72676B7', '1EE230968D8648419A9FEF0AAF7390E7', 'defaultvalue', 'home', '4fd05ca9-3a9e-4d66-82df-886dfa082113', '2019-10-30T00:00:00.000+0000', 0)  on conflict (ck_id) do update set ck_class = excluded.ck_class, ck_attr = excluded.ck_attr, cv_value = excluded.cv_value, ck_user = excluded.ck_user, ct_change = excluded.ct_change, cl_required = excluded.cl_required;
INSERT INTO s_mt.t_class_attr(ck_id, ck_class, ck_attr, cv_value, ck_user, ct_change, cl_required) VALUES ('029735586E854F23A06CEF4CDCED4DAA', '1EE230968D8648419A9FEF0AAF7390E7', 'type', 'APPLICATION', '4fd05ca9-3a9e-4d66-82df-886dfa082113', '2019-10-14T00:00:00.000+0000', 1)  on conflict (ck_id) do update set ck_class = excluded.ck_class, ck_attr = excluded.ck_attr, cv_value = excluded.cv_value, ck_user = excluded.ck_user, ct_change = excluded.ct_change, cl_required = excluded.cl_required;
select pkg_patcher.p_clear_attr('1EE230968D8648419A9FEF0AAF7390E7'::varchar, '["activerules","childs","childwindow","defaultvalue","type"]'::jsonb);
INSERT INTO s_mt.t_class(ck_id, cv_name, cv_description, cl_final, cl_dataset, ck_user, ct_change) VALUES ('9CC06E8D9D7E4791BA1C6232DAF60CDD', 'Badge Btn', 'Числовой значек над кнопкой', 0, 0, '4fd05ca9-3a9e-4d66-82df-886dfa082113', '2019-10-18T00:00:00.000+0000')  on conflict (ck_id) do update set cv_name = excluded.cv_name, cv_description = excluded.cv_description, cl_final = excluded.cl_final, cl_dataset = excluded.cl_dataset, ck_user = excluded.ck_user, ct_change = excluded.ct_change;
INSERT INTO s_mt.t_class_attr(ck_id, ck_class, ck_attr, cv_value, ck_user, ct_change, cl_required) VALUES ('1CEDCCF877584C01B3BD292C10D65DC9', '9CC06E8D9D7E4791BA1C6232DAF60CDD', 'childs', null, '4fd05ca9-3a9e-4d66-82df-886dfa082113', '2019-10-18T00:00:00.000+0000', 0)  on conflict (ck_id) do update set ck_class = excluded.ck_class, ck_attr = excluded.ck_attr, cv_value = excluded.cv_value, ck_user = excluded.ck_user, ct_change = excluded.ct_change, cl_required = excluded.cl_required;
INSERT INTO s_mt.t_class_attr(ck_id, ck_class, ck_attr, cv_value, ck_user, ct_change, cl_required) VALUES ('A22F69E60D274EC4B1B97617940B6E1D', '9CC06E8D9D7E4791BA1C6232DAF60CDD', 'getglobal', null, '4fd05ca9-3a9e-4d66-82df-886dfa082113', '2019-10-18T00:00:00.000+0000', 1)  on conflict (ck_id) do update set ck_class = excluded.ck_class, ck_attr = excluded.ck_attr, cv_value = excluded.cv_value, ck_user = excluded.ck_user, ct_change = excluded.ct_change, cl_required = excluded.cl_required;
INSERT INTO s_mt.t_class_attr(ck_id, ck_class, ck_attr, cv_value, ck_user, ct_change, cl_required) VALUES ('F8AE50BAB2A54568B9FFDEECE68799C8', '9CC06E8D9D7E4791BA1C6232DAF60CDD', 'position', 'inside', '4fd05ca9-3a9e-4d66-82df-886dfa082113', '2019-10-18T00:00:00.000+0000', 0)  on conflict (ck_id) do update set ck_class = excluded.ck_class, ck_attr = excluded.ck_attr, cv_value = excluded.cv_value, ck_user = excluded.ck_user, ct_change = excluded.ct_change, cl_required = excluded.cl_required;
INSERT INTO s_mt.t_class_attr(ck_id, ck_class, ck_attr, cv_value, ck_user, ct_change, cl_required) VALUES ('AF2419E4AFD84736B53AB5F4C0F634C9', '9CC06E8D9D7E4791BA1C6232DAF60CDD', 'type', 'BADGE_BTN', '4fd05ca9-3a9e-4d66-82df-886dfa082113', '2019-10-18T00:00:00.000+0000', 1)  on conflict (ck_id) do update set ck_class = excluded.ck_class, ck_attr = excluded.ck_attr, cv_value = excluded.cv_value, ck_user = excluded.ck_user, ct_change = excluded.ct_change, cl_required = excluded.cl_required;
select pkg_patcher.p_clear_attr('9CC06E8D9D7E4791BA1C6232DAF60CDD'::varchar, '["childs","getglobal","position","type"]'::jsonb);
INSERT INTO s_mt.t_class(ck_id, cv_name, cv_description, cl_final, cl_dataset, ck_user, ct_change) VALUES ('1', 'Box', 'Контейнер для объектов (облегченный)', 0, 0, '20780', '2019-07-08T00:00:00.000+0000')  on conflict (ck_id) do update set cv_name = excluded.cv_name, cv_description = excluded.cv_description, cl_final = excluded.cl_final, cl_dataset = excluded.cl_dataset, ck_user = excluded.ck_user, ct_change = excluded.ct_change;
INSERT INTO s_mt.t_class_attr(ck_id, ck_class, ck_attr, cv_value, ck_user, ct_change, cl_required) VALUES ('957CAF198CF04DD09431DB78041D2E8E', '1', 'align', null, '4fd05ca9-3a9e-4d66-82df-886dfa082113', '2019-10-28T00:00:00.000+0000', 0)  on conflict (ck_id) do update set ck_class = excluded.ck_class, ck_attr = excluded.ck_attr, cv_value = excluded.cv_value, ck_user = excluded.ck_user, ct_change = excluded.ct_change, cl_required = excluded.cl_required;
INSERT INTO s_mt.t_class_attr(ck_id, ck_class, ck_attr, cv_value, ck_user, ct_change, cl_required) VALUES ('623', '1', 'childs', null, '10020785', '2018-07-08T00:00:00.000+0000', 1)  on conflict (ck_id) do update set ck_class = excluded.ck_class, ck_attr = excluded.ck_attr, cv_value = excluded.cv_value, ck_user = excluded.ck_user, ct_change = excluded.ct_change, cl_required = excluded.cl_required;
INSERT INTO s_mt.t_class_attr(ck_id, ck_class, ck_attr, cv_value, ck_user, ct_change, cl_required) VALUES ('625', '1', 'contentview', 'hbox', '10020785', '2018-07-08T00:00:00.000+0000', 0)  on conflict (ck_id) do update set ck_class = excluded.ck_class, ck_attr = excluded.ck_attr, cv_value = excluded.cv_value, ck_user = excluded.ck_user, ct_change = excluded.ct_change, cl_required = excluded.cl_required;
INSERT INTO s_mt.t_class_attr(ck_id, ck_class, ck_attr, cv_value, ck_user, ct_change, cl_required) VALUES ('630', '1', 'disabled', null, '10020785', '2018-09-02T00:00:00.000+0000', 0)  on conflict (ck_id) do update set ck_class = excluded.ck_class, ck_attr = excluded.ck_attr, cv_value = excluded.cv_value, ck_user = excluded.ck_user, ct_change = excluded.ct_change, cl_required = excluded.cl_required;
INSERT INTO s_mt.t_class_attr(ck_id, ck_class, ck_attr, cv_value, ck_user, ct_change, cl_required) VALUES ('1235', '1', 'disabledrules', null, '10020785', '2018-09-02T00:00:00.000+0000', 0)  on conflict (ck_id) do update set ck_class = excluded.ck_class, ck_attr = excluded.ck_attr, cv_value = excluded.cv_value, ck_user = excluded.ck_user, ct_change = excluded.ct_change, cl_required = excluded.cl_required;
INSERT INTO s_mt.t_class_attr(ck_id, ck_class, ck_attr, cv_value, ck_user, ct_change, cl_required) VALUES ('629', '1', 'hidden', null, '10020785', '2018-09-02T00:00:00.000+0000', 0)  on conflict (ck_id) do update set ck_class = excluded.ck_class, ck_attr = excluded.ck_attr, cv_value = excluded.cv_value, ck_user = excluded.ck_user, ct_change = excluded.ct_change, cl_required = excluded.cl_required;
INSERT INTO s_mt.t_class_attr(ck_id, ck_class, ck_attr, cv_value, ck_user, ct_change, cl_required) VALUES ('1279', '1', 'hiddenrules', null, '10020785', '2018-09-02T00:00:00.000+0000', 0)  on conflict (ck_id) do update set ck_class = excluded.ck_class, ck_attr = excluded.ck_attr, cv_value = excluded.cv_value, ck_user = excluded.ck_user, ct_change = excluded.ct_change, cl_required = excluded.cl_required;
INSERT INTO s_mt.t_class_attr(ck_id, ck_class, ck_attr, cv_value, ck_user, ct_change, cl_required) VALUES ('1152', '1', 'reqsel', 'true', '10020785', '2018-09-26T00:00:00.000+0000', 0)  on conflict (ck_id) do update set ck_class = excluded.ck_class, ck_attr = excluded.ck_attr, cv_value = excluded.cv_value, ck_user = excluded.ck_user, ct_change = excluded.ct_change, cl_required = excluded.cl_required;
INSERT INTO s_mt.t_class_attr(ck_id, ck_class, ck_attr, cv_value, ck_user, ct_change, cl_required) VALUES ('534', '1', 'type', 'BOX', '10020785', '2018-07-08T00:00:00.000+0000', 1)  on conflict (ck_id) do update set ck_class = excluded.ck_class, ck_attr = excluded.ck_attr, cv_value = excluded.cv_value, ck_user = excluded.ck_user, ct_change = excluded.ct_change, cl_required = excluded.cl_required;
INSERT INTO s_mt.t_class_attr(ck_id, ck_class, ck_attr, cv_value, ck_user, ct_change, cl_required) VALUES ('E359855F0DD2453682B50E28F681C865', '1', 'width', null, '4fd05ca9-3a9e-4d66-82df-886dfa082113', '2019-10-28T00:00:00.000+0000', 0)  on conflict (ck_id) do update set ck_class = excluded.ck_class, ck_attr = excluded.ck_attr, cv_value = excluded.cv_value, ck_user = excluded.ck_user, ct_change = excluded.ct_change, cl_required = excluded.cl_required;
select pkg_patcher.p_clear_attr('1'::varchar, '["align","childs","contentview","disabled","disabledrules","hidden","hiddenrules","reqsel","type","width"]'::jsonb);
INSERT INTO s_mt.t_class(ck_id, cv_name, cv_description, cl_final, cl_dataset, ck_user, ct_change) VALUES ('19', 'Button', 'Кнопка', 0, 0, '20785', '2019-08-19T00:00:00.000+0000')  on conflict (ck_id) do update set cv_name = excluded.cv_name, cv_description = excluded.cv_description, cl_final = excluded.cl_final, cl_dataset = excluded.cl_dataset, ck_user = excluded.ck_user, ct_change = excluded.ct_change;
INSERT INTO s_mt.t_class_attr(ck_id, ck_class, ck_attr, cv_value, ck_user, ct_change, cl_required) VALUES ('1033', '19', 'ckwindow', null, '10020785', '2018-07-09T00:00:00.000+0000', 0)  on conflict (ck_id) do update set ck_class = excluded.ck_class, ck_attr = excluded.ck_attr, cv_value = excluded.cv_value, ck_user = excluded.ck_user, ct_change = excluded.ct_change, cl_required = excluded.cl_required;
INSERT INTO s_mt.t_class_attr(ck_id, ck_class, ck_attr, cv_value, ck_user, ct_change, cl_required) VALUES ('24170', '19', 'columnsfilter', null, '10020785', '2018-09-26T00:00:00.000+0000', 0)  on conflict (ck_id) do update set ck_class = excluded.ck_class, ck_attr = excluded.ck_attr, cv_value = excluded.cv_value, ck_user = excluded.ck_user, ct_change = excluded.ct_change, cl_required = excluded.cl_required;
INSERT INTO s_mt.t_class_attr(ck_id, ck_class, ck_attr, cv_value, ck_user, ct_change, cl_required) VALUES ('1997', '19', 'confirmquestion', null, '10020785', '2018-07-09T00:00:00.000+0000', 0)  on conflict (ck_id) do update set ck_class = excluded.ck_class, ck_attr = excluded.ck_attr, cv_value = excluded.cv_value, ck_user = excluded.ck_user, ct_change = excluded.ct_change, cl_required = excluded.cl_required;
INSERT INTO s_mt.t_class_attr(ck_id, ck_class, ck_attr, cv_value, ck_user, ct_change, cl_required) VALUES ('151', '19', 'disabled', null, '10020785', '2018-07-09T00:00:00.000+0000', 0)  on conflict (ck_id) do update set ck_class = excluded.ck_class, ck_attr = excluded.ck_attr, cv_value = excluded.cv_value, ck_user = excluded.ck_user, ct_change = excluded.ct_change, cl_required = excluded.cl_required;
INSERT INTO s_mt.t_class_attr(ck_id, ck_class, ck_attr, cv_value, ck_user, ct_change, cl_required) VALUES ('32169', '19', 'disabledemptymaster', null, '20785', '2018-11-07T00:00:00.000+0000', 0)  on conflict (ck_id) do update set ck_class = excluded.ck_class, ck_attr = excluded.ck_attr, cv_value = excluded.cv_value, ck_user = excluded.ck_user, ct_change = excluded.ct_change, cl_required = excluded.cl_required;
INSERT INTO s_mt.t_class_attr(ck_id, ck_class, ck_attr, cv_value, ck_user, ct_change, cl_required) VALUES ('1244', '19', 'disabledrules', null, '10020785', '2018-07-09T00:00:00.000+0000', 0)  on conflict (ck_id) do update set ck_class = excluded.ck_class, ck_attr = excluded.ck_attr, cv_value = excluded.cv_value, ck_user = excluded.ck_user, ct_change = excluded.ct_change, cl_required = excluded.cl_required;
INSERT INTO s_mt.t_class_attr(ck_id, ck_class, ck_attr, cv_value, ck_user, ct_change, cl_required) VALUES ('1928', '19', 'extraplugingate', null, '10020785', '2018-09-02T00:00:00.000+0000', 0)  on conflict (ck_id) do update set ck_class = excluded.ck_class, ck_attr = excluded.ck_attr, cv_value = excluded.cv_value, ck_user = excluded.ck_user, ct_change = excluded.ct_change, cl_required = excluded.cl_required;
INSERT INTO s_mt.t_class_attr(ck_id, ck_class, ck_attr, cv_value, ck_user, ct_change, cl_required) VALUES ('8ED0CAF4B5518D53E053809BA8C0BB01', '19', 'filemode', null, '20785', '2019-07-30T00:00:00.000+0000', 0)  on conflict (ck_id) do update set ck_class = excluded.ck_class, ck_attr = excluded.ck_attr, cv_value = excluded.cv_value, ck_user = excluded.ck_user, ct_change = excluded.ct_change, cl_required = excluded.cl_required;
INSERT INTO s_mt.t_class_attr(ck_id, ck_class, ck_attr, cv_value, ck_user, ct_change, cl_required) VALUES ('48170', '19', 'filetypes', 'doc,docx,pdf,zip,txt,ods,odt,xls,xlsx', '10028610', '2019-02-24T00:00:00.000+0000', 0)  on conflict (ck_id) do update set ck_class = excluded.ck_class, ck_attr = excluded.ck_attr, cv_value = excluded.cv_value, ck_user = excluded.ck_user, ct_change = excluded.ct_change, cl_required = excluded.cl_required;
INSERT INTO s_mt.t_class_attr(ck_id, ck_class, ck_attr, cv_value, ck_user, ct_change, cl_required) VALUES ('27169', '19', 'getglobaltostore', null, '10020785', '2018-10-08T00:00:00.000+0000', 0)  on conflict (ck_id) do update set ck_class = excluded.ck_class, ck_attr = excluded.ck_attr, cv_value = excluded.cv_value, ck_user = excluded.ck_user, ct_change = excluded.ct_change, cl_required = excluded.cl_required;
INSERT INTO s_mt.t_class_attr(ck_id, ck_class, ck_attr, cv_value, ck_user, ct_change, cl_required) VALUES ('140', '19', 'handler', null, '10020785', '2018-07-09T00:00:00.000+0000', 0)  on conflict (ck_id) do update set ck_class = excluded.ck_class, ck_attr = excluded.ck_attr, cv_value = excluded.cv_value, ck_user = excluded.ck_user, ct_change = excluded.ct_change, cl_required = excluded.cl_required;
INSERT INTO s_mt.t_class_attr(ck_id, ck_class, ck_attr, cv_value, ck_user, ct_change, cl_required) VALUES ('154', '19', 'hidden', null, '10020785', '2018-07-09T00:00:00.000+0000', 0)  on conflict (ck_id) do update set ck_class = excluded.ck_class, ck_attr = excluded.ck_attr, cv_value = excluded.cv_value, ck_user = excluded.ck_user, ct_change = excluded.ct_change, cl_required = excluded.cl_required;
INSERT INTO s_mt.t_class_attr(ck_id, ck_class, ck_attr, cv_value, ck_user, ct_change, cl_required) VALUES ('1288', '19', 'hiddenrules', null, '10020785', '2018-07-09T00:00:00.000+0000', 0)  on conflict (ck_id) do update set ck_class = excluded.ck_class, ck_attr = excluded.ck_attr, cv_value = excluded.cv_value, ck_user = excluded.ck_user, ct_change = excluded.ct_change, cl_required = excluded.cl_required;
INSERT INTO s_mt.t_class_attr(ck_id, ck_class, ck_attr, cv_value, ck_user, ct_change, cl_required) VALUES ('992', '19', 'iconfont', null, '10020785', '2018-07-09T00:00:00.000+0000', 0)  on conflict (ck_id) do update set ck_class = excluded.ck_class, ck_attr = excluded.ck_attr, cv_value = excluded.cv_value, ck_user = excluded.ck_user, ct_change = excluded.ct_change, cl_required = excluded.cl_required;
INSERT INTO s_mt.t_class_attr(ck_id, ck_class, ck_attr, cv_value, ck_user, ct_change, cl_required) VALUES ('991', '19', 'iconfontname', 'fa', '10020785', '2018-07-09T00:00:00.000+0000', 0)  on conflict (ck_id) do update set ck_class = excluded.ck_class, ck_attr = excluded.ck_attr, cv_value = excluded.cv_value, ck_user = excluded.ck_user, ct_change = excluded.ct_change, cl_required = excluded.cl_required;
INSERT INTO s_mt.t_class_attr(ck_id, ck_class, ck_attr, cv_value, ck_user, ct_change, cl_required) VALUES ('48169', '19', 'maxfile', '5242880', '10028610', '2019-02-24T00:00:00.000+0000', 0)  on conflict (ck_id) do update set ck_class = excluded.ck_class, ck_attr = excluded.ck_attr, cv_value = excluded.cv_value, ck_user = excluded.ck_user, ct_change = excluded.ct_change, cl_required = excluded.cl_required;
INSERT INTO s_mt.t_class_attr(ck_id, ck_class, ck_attr, cv_value, ck_user, ct_change, cl_required) VALUES ('155', '19', 'mode', null, '10020785', '2018-07-09T00:00:00.000+0000', 0)  on conflict (ck_id) do update set ck_class = excluded.ck_class, ck_attr = excluded.ck_attr, cv_value = excluded.cv_value, ck_user = excluded.ck_user, ct_change = excluded.ct_change, cl_required = excluded.cl_required;
INSERT INTO s_mt.t_class_attr(ck_id, ck_class, ck_attr, cv_value, ck_user, ct_change, cl_required) VALUES ('22170', '19', 'modeaction', null, '10020785', '2018-09-02T00:00:00.000+0000', 0)  on conflict (ck_id) do update set ck_class = excluded.ck_class, ck_attr = excluded.ck_attr, cv_value = excluded.cv_value, ck_user = excluded.ck_user, ct_change = excluded.ct_change, cl_required = excluded.cl_required;
INSERT INTO s_mt.t_class_attr(ck_id, ck_class, ck_attr, cv_value, ck_user, ct_change, cl_required) VALUES ('1695', '19', 'onlyicon', null, '10020785', '2018-07-09T00:00:00.000+0000', 0)  on conflict (ck_id) do update set ck_class = excluded.ck_class, ck_attr = excluded.ck_attr, cv_value = excluded.cv_value, ck_user = excluded.ck_user, ct_change = excluded.ct_change, cl_required = excluded.cl_required;
INSERT INTO s_mt.t_class_attr(ck_id, ck_class, ck_attr, cv_value, ck_user, ct_change, cl_required) VALUES ('24169', '19', 'redirecturl', null, '10020785', '2018-09-26T00:00:00.000+0000', 0)  on conflict (ck_id) do update set ck_class = excluded.ck_class, ck_attr = excluded.ck_attr, cv_value = excluded.cv_value, ck_user = excluded.ck_user, ct_change = excluded.ct_change, cl_required = excluded.cl_required;
INSERT INTO s_mt.t_class_attr(ck_id, ck_class, ck_attr, cv_value, ck_user, ct_change, cl_required) VALUES ('25169', '19', 'redirectusequery', null, '10020785', '2018-09-26T00:00:00.000+0000', 0)  on conflict (ck_id) do update set ck_class = excluded.ck_class, ck_attr = excluded.ck_attr, cv_value = excluded.cv_value, ck_user = excluded.ck_user, ct_change = excluded.ct_change, cl_required = excluded.cl_required;
INSERT INTO s_mt.t_class_attr(ck_id, ck_class, ck_attr, cv_value, ck_user, ct_change, cl_required) VALUES ('177', '19', 'reqsel', 'false', '10020785', '2018-07-09T00:00:00.000+0000', 0)  on conflict (ck_id) do update set ck_class = excluded.ck_class, ck_attr = excluded.ck_attr, cv_value = excluded.cv_value, ck_user = excluded.ck_user, ct_change = excluded.ct_change, cl_required = excluded.cl_required;
INSERT INTO s_mt.t_class_attr(ck_id, ck_class, ck_attr, cv_value, ck_user, ct_change, cl_required) VALUES ('17175', '19', 'timeout', null, '10020785', '2018-09-26T00:00:00.000+0000', 0)  on conflict (ck_id) do update set ck_class = excluded.ck_class, ck_attr = excluded.ck_attr, cv_value = excluded.cv_value, ck_user = excluded.ck_user, ct_change = excluded.ct_change, cl_required = excluded.cl_required;
INSERT INTO s_mt.t_class_attr(ck_id, ck_class, ck_attr, cv_value, ck_user, ct_change, cl_required) VALUES ('1682', '19', 'tipmsg', null, '10020785', '2018-07-09T00:00:00.000+0000', 0)  on conflict (ck_id) do update set ck_class = excluded.ck_class, ck_attr = excluded.ck_attr, cv_value = excluded.cv_value, ck_user = excluded.ck_user, ct_change = excluded.ct_change, cl_required = excluded.cl_required;
INSERT INTO s_mt.t_class_attr(ck_id, ck_class, ck_attr, cv_value, ck_user, ct_change, cl_required) VALUES ('34', '19', 'type', 'BTN', '10020785', '2018-07-09T00:00:00.000+0000', 1)  on conflict (ck_id) do update set ck_class = excluded.ck_class, ck_attr = excluded.ck_attr, cv_value = excluded.cv_value, ck_user = excluded.ck_user, ct_change = excluded.ct_change, cl_required = excluded.cl_required;
INSERT INTO s_mt.t_class_attr(ck_id, ck_class, ck_attr, cv_value, ck_user, ct_change, cl_required) VALUES ('147', '19', 'uitype', '1', '10020785', '2018-07-09T00:00:00.000+0000', 0)  on conflict (ck_id) do update set ck_class = excluded.ck_class, ck_attr = excluded.ck_attr, cv_value = excluded.cv_value, ck_user = excluded.ck_user, ct_change = excluded.ct_change, cl_required = excluded.cl_required;
INSERT INTO s_mt.t_class_attr(ck_id, ck_class, ck_attr, cv_value, ck_user, ct_change, cl_required) VALUES ('150', '19', 'updatequery', null, '10020785', '2018-07-09T00:00:00.000+0000', 0)  on conflict (ck_id) do update set ck_class = excluded.ck_class, ck_attr = excluded.ck_attr, cv_value = excluded.cv_value, ck_user = excluded.ck_user, ct_change = excluded.ct_change, cl_required = excluded.cl_required;
select pkg_patcher.p_clear_attr('19'::varchar, '["ckwindow","columnsfilter","confirmquestion","disabled","disabledemptymaster","disabledrules","extraplugingate","filemode","filetypes","getglobaltostore","handler","hidden","hiddenrules","iconfont","iconfontname","maxfile","mode","modeaction","onlyicon","redirecturl","redirectusequery","reqsel","timeout","tipmsg","type","uitype","updatequery"]'::jsonb);
INSERT INTO s_mt.t_class(ck_id, cv_name, cv_description, cl_final, cl_dataset, ck_user, ct_change) VALUES ('1457', 'Button Collector', 'Собиратель кнопок', 0, 0, '10020785', '2018-07-12T00:00:00.000+0000')  on conflict (ck_id) do update set cv_name = excluded.cv_name, cv_description = excluded.cv_description, cl_final = excluded.cl_final, cl_dataset = excluded.cl_dataset, ck_user = excluded.ck_user, ct_change = excluded.ct_change;
INSERT INTO s_mt.t_class_attr(ck_id, ck_class, ck_attr, cv_value, ck_user, ct_change, cl_required) VALUES ('14171', '1457', 'btncollectorall', 'true', '10020785', '2018-08-02T00:00:00.000+0000', 1)  on conflict (ck_id) do update set ck_class = excluded.ck_class, ck_attr = excluded.ck_attr, cv_value = excluded.cv_value, ck_user = excluded.ck_user, ct_change = excluded.ct_change, cl_required = excluded.cl_required;
INSERT INTO s_mt.t_class_attr(ck_id, ck_class, ck_attr, cv_value, ck_user, ct_change, cl_required) VALUES ('36170', '1457', 'hidden', null, '20848', '2018-12-11T00:00:00.000+0000', 0)  on conflict (ck_id) do update set ck_class = excluded.ck_class, ck_attr = excluded.ck_attr, cv_value = excluded.cv_value, ck_user = excluded.ck_user, ct_change = excluded.ct_change, cl_required = excluded.cl_required;
INSERT INTO s_mt.t_class_attr(ck_id, ck_class, ck_attr, cv_value, ck_user, ct_change, cl_required) VALUES ('5171', '1457', 'hiddenrules', null, '10020785', '2018-09-02T00:00:00.000+0000', 0)  on conflict (ck_id) do update set ck_class = excluded.ck_class, ck_attr = excluded.ck_attr, cv_value = excluded.cv_value, ck_user = excluded.ck_user, ct_change = excluded.ct_change, cl_required = excluded.cl_required;
INSERT INTO s_mt.t_class_attr(ck_id, ck_class, ck_attr, cv_value, ck_user, ct_change, cl_required) VALUES ('5172', '1457', 'iconfont', 'dots-horizontal', '10020785', '2018-07-12T00:00:00.000+0000', 1)  on conflict (ck_id) do update set ck_class = excluded.ck_class, ck_attr = excluded.ck_attr, cv_value = excluded.cv_value, ck_user = excluded.ck_user, ct_change = excluded.ct_change, cl_required = excluded.cl_required;
INSERT INTO s_mt.t_class_attr(ck_id, ck_class, ck_attr, cv_value, ck_user, ct_change, cl_required) VALUES ('5173', '1457', 'iconfontname', 'mdi', '10020785', '2018-07-12T00:00:00.000+0000', 1)  on conflict (ck_id) do update set ck_class = excluded.ck_class, ck_attr = excluded.ck_attr, cv_value = excluded.cv_value, ck_user = excluded.ck_user, ct_change = excluded.ct_change, cl_required = excluded.cl_required;
INSERT INTO s_mt.t_class_attr(ck_id, ck_class, ck_attr, cv_value, ck_user, ct_change, cl_required) VALUES ('5174', '1457', 'onlyicon', 'true', '10020785', '2018-07-12T00:00:00.000+0000', 1)  on conflict (ck_id) do update set ck_class = excluded.ck_class, ck_attr = excluded.ck_attr, cv_value = excluded.cv_value, ck_user = excluded.ck_user, ct_change = excluded.ct_change, cl_required = excluded.cl_required;
INSERT INTO s_mt.t_class_attr(ck_id, ck_class, ck_attr, cv_value, ck_user, ct_change, cl_required) VALUES ('15170', '1457', 'reqsel', 'false', '10020785', '2018-09-02T00:00:00.000+0000', 0)  on conflict (ck_id) do update set ck_class = excluded.ck_class, ck_attr = excluded.ck_attr, cv_value = excluded.cv_value, ck_user = excluded.ck_user, ct_change = excluded.ct_change, cl_required = excluded.cl_required;
INSERT INTO s_mt.t_class_attr(ck_id, ck_class, ck_attr, cv_value, ck_user, ct_change, cl_required) VALUES ('6169', '1457', 'tipmsg', 'еще', '10020785', '2018-07-15T00:00:00.000+0000', 0)  on conflict (ck_id) do update set ck_class = excluded.ck_class, ck_attr = excluded.ck_attr, cv_value = excluded.cv_value, ck_user = excluded.ck_user, ct_change = excluded.ct_change, cl_required = excluded.cl_required;
INSERT INTO s_mt.t_class_attr(ck_id, ck_class, ck_attr, cv_value, ck_user, ct_change, cl_required) VALUES ('5176', '1457', 'topbtn', null, '10020785', '2018-07-12T00:00:00.000+0000', 1)  on conflict (ck_id) do update set ck_class = excluded.ck_class, ck_attr = excluded.ck_attr, cv_value = excluded.cv_value, ck_user = excluded.ck_user, ct_change = excluded.ct_change, cl_required = excluded.cl_required;
INSERT INTO s_mt.t_class_attr(ck_id, ck_class, ck_attr, cv_value, ck_user, ct_change, cl_required) VALUES ('5175', '1457', 'type', 'BTNCOLLECTOR', '10020785', '2018-07-12T00:00:00.000+0000', 1)  on conflict (ck_id) do update set ck_class = excluded.ck_class, ck_attr = excluded.ck_attr, cv_value = excluded.cv_value, ck_user = excluded.ck_user, ct_change = excluded.ct_change, cl_required = excluded.cl_required;
select pkg_patcher.p_clear_attr('1457'::varchar, '["btncollectorall","hidden","hiddenrules","iconfont","iconfontname","onlyicon","reqsel","tipmsg","topbtn","type"]'::jsonb);
INSERT INTO s_mt.t_class(ck_id, cv_name, cv_description, cl_final, cl_dataset, ck_user, ct_change) VALUES ('DB557A6113634FD2BC40D2A58EE1EB3F', 'Button Group', 'Контейнер кнопок', 1, 0, '4fd05ca9-3a9e-4d66-82df-886dfa082113', '2019-10-03T00:00:00.000+0000')  on conflict (ck_id) do update set cv_name = excluded.cv_name, cv_description = excluded.cv_description, cl_final = excluded.cl_final, cl_dataset = excluded.cl_dataset, ck_user = excluded.ck_user, ct_change = excluded.ct_change;
INSERT INTO s_mt.t_class_attr(ck_id, ck_class, ck_attr, cv_value, ck_user, ct_change, cl_required) VALUES ('061FCBDA3AEB49F397D36170131F36C6', 'DB557A6113634FD2BC40D2A58EE1EB3F', 'childs', null, '4fd05ca9-3a9e-4d66-82df-886dfa082113', '2019-10-03T00:00:00.000+0000', 0)  on conflict (ck_id) do update set ck_class = excluded.ck_class, ck_attr = excluded.ck_attr, cv_value = excluded.cv_value, ck_user = excluded.ck_user, ct_change = excluded.ct_change, cl_required = excluded.cl_required;
INSERT INTO s_mt.t_class_attr(ck_id, ck_class, ck_attr, cv_value, ck_user, ct_change, cl_required) VALUES ('0FB8DA8E42584B569EEB2C1A53D4F0C3', 'DB557A6113634FD2BC40D2A58EE1EB3F', 'contentview', 'hbox', '4fd05ca9-3a9e-4d66-82df-886dfa082113', '2019-10-04T00:00:00.000+0000', 0)  on conflict (ck_id) do update set ck_class = excluded.ck_class, ck_attr = excluded.ck_attr, cv_value = excluded.cv_value, ck_user = excluded.ck_user, ct_change = excluded.ct_change, cl_required = excluded.cl_required;
INSERT INTO s_mt.t_class_attr(ck_id, ck_class, ck_attr, cv_value, ck_user, ct_change, cl_required) VALUES ('CDF54BCD782344EFACB87D673A3E0747', 'DB557A6113634FD2BC40D2A58EE1EB3F', 'height', null, '4fd05ca9-3a9e-4d66-82df-886dfa082113', '2019-10-03T00:00:00.000+0000', 0)  on conflict (ck_id) do update set ck_class = excluded.ck_class, ck_attr = excluded.ck_attr, cv_value = excluded.cv_value, ck_user = excluded.ck_user, ct_change = excluded.ct_change, cl_required = excluded.cl_required;
INSERT INTO s_mt.t_class_attr(ck_id, ck_class, ck_attr, cv_value, ck_user, ct_change, cl_required) VALUES ('6AC299E9D222440A83B2E721571B9A77', 'DB557A6113634FD2BC40D2A58EE1EB3F', 'onlyicon', null, '4fd05ca9-3a9e-4d66-82df-886dfa082113', '2019-10-03T00:00:00.000+0000', 0)  on conflict (ck_id) do update set ck_class = excluded.ck_class, ck_attr = excluded.ck_attr, cv_value = excluded.cv_value, ck_user = excluded.ck_user, ct_change = excluded.ct_change, cl_required = excluded.cl_required;
INSERT INTO s_mt.t_class_attr(ck_id, ck_class, ck_attr, cv_value, ck_user, ct_change, cl_required) VALUES ('67C264C962FE49F1B38549FD07C15F1F', 'DB557A6113634FD2BC40D2A58EE1EB3F', 'type', 'BTN_GROUP', '4fd05ca9-3a9e-4d66-82df-886dfa082113', '2019-10-03T00:00:00.000+0000', 0)  on conflict (ck_id) do update set ck_class = excluded.ck_class, ck_attr = excluded.ck_attr, cv_value = excluded.cv_value, ck_user = excluded.ck_user, ct_change = excluded.ct_change, cl_required = excluded.cl_required;
INSERT INTO s_mt.t_class_attr(ck_id, ck_class, ck_attr, cv_value, ck_user, ct_change, cl_required) VALUES ('BD719FF0AD6B4E55871FADA4C2422E70', 'DB557A6113634FD2BC40D2A58EE1EB3F', 'width', null, '4fd05ca9-3a9e-4d66-82df-886dfa082113', '2019-10-03T00:00:00.000+0000', 0)  on conflict (ck_id) do update set ck_class = excluded.ck_class, ck_attr = excluded.ck_attr, cv_value = excluded.cv_value, ck_user = excluded.ck_user, ct_change = excluded.ct_change, cl_required = excluded.cl_required;
select pkg_patcher.p_clear_attr('DB557A6113634FD2BC40D2A58EE1EB3F'::varchar, '["childs","contentview","height","onlyicon","type","width"]'::jsonb);
INSERT INTO s_mt.t_class(ck_id, cv_name, cv_description, cl_final, cl_dataset, ck_user, ct_change) VALUES ('57', 'Column Action Icon', 'Колонка-кнопка с иконкой', 1, 0, '-11', '2018-02-22T00:00:00.000+0000')  on conflict (ck_id) do update set cv_name = excluded.cv_name, cv_description = excluded.cv_description, cl_final = excluded.cl_final, cl_dataset = excluded.cl_dataset, ck_user = excluded.ck_user, ct_change = excluded.ct_change;
INSERT INTO s_mt.t_class_attr(ck_id, ck_class, ck_attr, cv_value, ck_user, ct_change, cl_required) VALUES ('1030', '57', 'ckwindow', null, '10020785', '2018-07-08T00:00:00.000+0000', 0)  on conflict (ck_id) do update set ck_class = excluded.ck_class, ck_attr = excluded.ck_attr, cv_value = excluded.cv_value, ck_user = excluded.ck_user, ct_change = excluded.ct_change, cl_required = excluded.cl_required;
INSERT INTO s_mt.t_class_attr(ck_id, ck_class, ck_attr, cv_value, ck_user, ct_change, cl_required) VALUES ('1B8D5C0729534253A80F606165987D38', '57', 'columnsfilter', null, '4fd05ca9-3a9e-4d66-82df-886dfa082113', '2019-09-18T00:00:00.000+0000', 0)  on conflict (ck_id) do update set ck_class = excluded.ck_class, ck_attr = excluded.ck_attr, cv_value = excluded.cv_value, ck_user = excluded.ck_user, ct_change = excluded.ct_change, cl_required = excluded.cl_required;
INSERT INTO s_mt.t_class_attr(ck_id, ck_class, ck_attr, cv_value, ck_user, ct_change, cl_required) VALUES ('1989', '57', 'confirmquestion', null, '10020785', '2018-07-08T00:00:00.000+0000', 0)  on conflict (ck_id) do update set ck_class = excluded.ck_class, ck_attr = excluded.ck_attr, cv_value = excluded.cv_value, ck_user = excluded.ck_user, ct_change = excluded.ct_change, cl_required = excluded.cl_required;
INSERT INTO s_mt.t_class_attr(ck_id, ck_class, ck_attr, cv_value, ck_user, ct_change, cl_required) VALUES ('350', '57', 'datatype', 'icon', '10020785', '2018-07-09T00:00:00.000+0000', 1)  on conflict (ck_id) do update set ck_class = excluded.ck_class, ck_attr = excluded.ck_attr, cv_value = excluded.cv_value, ck_user = excluded.ck_user, ct_change = excluded.ct_change, cl_required = excluded.cl_required;
INSERT INTO s_mt.t_class_attr(ck_id, ck_class, ck_attr, cv_value, ck_user, ct_change, cl_required) VALUES ('1262', '57', 'disabledrules', null, '10020785', '2018-07-09T00:00:00.000+0000', 0)  on conflict (ck_id) do update set ck_class = excluded.ck_class, ck_attr = excluded.ck_attr, cv_value = excluded.cv_value, ck_user = excluded.ck_user, ct_change = excluded.ct_change, cl_required = excluded.cl_required;
INSERT INTO s_mt.t_class_attr(ck_id, ck_class, ck_attr, cv_value, ck_user, ct_change, cl_required) VALUES ('354', '57', 'dynamicicon', 'false', '10020785', '2018-07-09T00:00:00.000+0000', 0)  on conflict (ck_id) do update set ck_class = excluded.ck_class, ck_attr = excluded.ck_attr, cv_value = excluded.cv_value, ck_user = excluded.ck_user, ct_change = excluded.ct_change, cl_required = excluded.cl_required;
INSERT INTO s_mt.t_class_attr(ck_id, ck_class, ck_attr, cv_value, ck_user, ct_change, cl_required) VALUES ('351', '57', 'editors', 'false', '10020785', '2018-07-09T00:00:00.000+0000', 1)  on conflict (ck_id) do update set ck_class = excluded.ck_class, ck_attr = excluded.ck_attr, cv_value = excluded.cv_value, ck_user = excluded.ck_user, ct_change = excluded.ct_change, cl_required = excluded.cl_required;
INSERT INTO s_mt.t_class_attr(ck_id, ck_class, ck_attr, cv_value, ck_user, ct_change, cl_required) VALUES ('1930', '57', 'extraplugingate', null, '10020785', '2018-08-27T00:00:00.000+0000', 0)  on conflict (ck_id) do update set ck_class = excluded.ck_class, ck_attr = excluded.ck_attr, cv_value = excluded.cv_value, ck_user = excluded.ck_user, ct_change = excluded.ct_change, cl_required = excluded.cl_required;
INSERT INTO s_mt.t_class_attr(ck_id, ck_class, ck_attr, cv_value, ck_user, ct_change, cl_required) VALUES ('560', '57', 'handler', null, '10020785', '2018-07-09T00:00:00.000+0000', 0)  on conflict (ck_id) do update set ck_class = excluded.ck_class, ck_attr = excluded.ck_attr, cv_value = excluded.cv_value, ck_user = excluded.ck_user, ct_change = excluded.ct_change, cl_required = excluded.cl_required;
INSERT INTO s_mt.t_class_attr(ck_id, ck_class, ck_attr, cv_value, ck_user, ct_change, cl_required) VALUES ('1306', '57', 'hiddenrules', null, '10020785', '2018-07-09T00:00:00.000+0000', 0)  on conflict (ck_id) do update set ck_class = excluded.ck_class, ck_attr = excluded.ck_attr, cv_value = excluded.cv_value, ck_user = excluded.ck_user, ct_change = excluded.ct_change, cl_required = excluded.cl_required;
INSERT INTO s_mt.t_class_attr(ck_id, ck_class, ck_attr, cv_value, ck_user, ct_change, cl_required) VALUES ('353', '57', 'iconfont', null, '10020785', '2018-07-09T00:00:00.000+0000', 0)  on conflict (ck_id) do update set ck_class = excluded.ck_class, ck_attr = excluded.ck_attr, cv_value = excluded.cv_value, ck_user = excluded.ck_user, ct_change = excluded.ct_change, cl_required = excluded.cl_required;
INSERT INTO s_mt.t_class_attr(ck_id, ck_class, ck_attr, cv_value, ck_user, ct_change, cl_required) VALUES ('352', '57', 'iconfontname', 'fa', '10020785', '2018-07-09T00:00:00.000+0000', 0)  on conflict (ck_id) do update set ck_class = excluded.ck_class, ck_attr = excluded.ck_attr, cv_value = excluded.cv_value, ck_user = excluded.ck_user, ct_change = excluded.ct_change, cl_required = excluded.cl_required;
INSERT INTO s_mt.t_class_attr(ck_id, ck_class, ck_attr, cv_value, ck_user, ct_change, cl_required) VALUES ('591', '57', 'mode', null, '10020785', '2018-07-09T00:00:00.000+0000', 0)  on conflict (ck_id) do update set ck_class = excluded.ck_class, ck_attr = excluded.ck_attr, cv_value = excluded.cv_value, ck_user = excluded.ck_user, ct_change = excluded.ct_change, cl_required = excluded.cl_required;
INSERT INTO s_mt.t_class_attr(ck_id, ck_class, ck_attr, cv_value, ck_user, ct_change, cl_required) VALUES ('22171', '57', 'modeaction', null, '10020785', '2018-09-26T00:00:00.000+0000', 0)  on conflict (ck_id) do update set ck_class = excluded.ck_class, ck_attr = excluded.ck_attr, cv_value = excluded.cv_value, ck_user = excluded.ck_user, ct_change = excluded.ct_change, cl_required = excluded.cl_required;
INSERT INTO s_mt.t_class_attr(ck_id, ck_class, ck_attr, cv_value, ck_user, ct_change, cl_required) VALUES ('CBECCB68D2F24CDDA56F5989DA4C61DC', '57', 'redirecturl', null, '4fd05ca9-3a9e-4d66-82df-886dfa082113', '2019-09-18T00:00:00.000+0000', 0)  on conflict (ck_id) do update set ck_class = excluded.ck_class, ck_attr = excluded.ck_attr, cv_value = excluded.cv_value, ck_user = excluded.ck_user, ct_change = excluded.ct_change, cl_required = excluded.cl_required;
INSERT INTO s_mt.t_class_attr(ck_id, ck_class, ck_attr, cv_value, ck_user, ct_change, cl_required) VALUES ('DE1DC6BD5E234AE88EA4FA8B30655EDE', '57', 'redirectusequery', null, '4fd05ca9-3a9e-4d66-82df-886dfa082113', '2019-09-18T00:00:00.000+0000', 0)  on conflict (ck_id) do update set ck_class = excluded.ck_class, ck_attr = excluded.ck_attr, cv_value = excluded.cv_value, ck_user = excluded.ck_user, ct_change = excluded.ct_change, cl_required = excluded.cl_required;
INSERT INTO s_mt.t_class_attr(ck_id, ck_class, ck_attr, cv_value, ck_user, ct_change, cl_required) VALUES ('17170', '57', 'timeout', null, '10020785', '2018-09-26T00:00:00.000+0000', 0)  on conflict (ck_id) do update set ck_class = excluded.ck_class, ck_attr = excluded.ck_attr, cv_value = excluded.cv_value, ck_user = excluded.ck_user, ct_change = excluded.ct_change, cl_required = excluded.cl_required;
INSERT INTO s_mt.t_class_attr(ck_id, ck_class, ck_attr, cv_value, ck_user, ct_change, cl_required) VALUES ('589', '57', 'tipmsg', null, '10020785', '2018-07-09T00:00:00.000+0000', 0)  on conflict (ck_id) do update set ck_class = excluded.ck_class, ck_attr = excluded.ck_attr, cv_value = excluded.cv_value, ck_user = excluded.ck_user, ct_change = excluded.ct_change, cl_required = excluded.cl_required;
INSERT INTO s_mt.t_class_attr(ck_id, ck_class, ck_attr, cv_value, ck_user, ct_change, cl_required) VALUES ('592', '57', 'updatequery', null, '10020785', '2018-07-09T00:00:00.000+0000', 0)  on conflict (ck_id) do update set ck_class = excluded.ck_class, ck_attr = excluded.ck_attr, cv_value = excluded.cv_value, ck_user = excluded.ck_user, ct_change = excluded.ct_change, cl_required = excluded.cl_required;
INSERT INTO s_mt.t_class_attr(ck_id, ck_class, ck_attr, cv_value, ck_user, ct_change, cl_required) VALUES ('437', '57', 'visible', 'true', '10020785', '2018-07-09T00:00:00.000+0000', 0)  on conflict (ck_id) do update set ck_class = excluded.ck_class, ck_attr = excluded.ck_attr, cv_value = excluded.cv_value, ck_user = excluded.ck_user, ct_change = excluded.ct_change, cl_required = excluded.cl_required;
select pkg_patcher.p_clear_attr('57'::varchar, '["ckwindow","columnsfilter","confirmquestion","datatype","disabledrules","dynamicicon","editors","extraplugingate","handler","hiddenrules","iconfont","iconfontname","mode","modeaction","redirecturl","redirectusequery","timeout","tipmsg","updatequery","visible"]'::jsonb);
INSERT INTO s_mt.t_class(ck_id, cv_name, cv_description, cl_final, cl_dataset, ck_user, ct_change) VALUES ('36', 'Column Boolean', 'Колонка "Boolean" (да/нет)', 0, 0, '-11', '2018-02-22T00:00:00.000+0000')  on conflict (ck_id) do update set cv_name = excluded.cv_name, cv_description = excluded.cv_description, cl_final = excluded.cl_final, cl_dataset = excluded.cl_dataset, ck_user = excluded.ck_user, ct_change = excluded.ct_change;
INSERT INTO s_mt.t_class_attr(ck_id, ck_class, ck_attr, cv_value, ck_user, ct_change, cl_required) VALUES ('596', '36', 'align', 'center', '10020848', '2018-09-20T00:00:00.000+0000', 0)  on conflict (ck_id) do update set ck_class = excluded.ck_class, ck_attr = excluded.ck_attr, cv_value = excluded.cv_value, ck_user = excluded.ck_user, ct_change = excluded.ct_change, cl_required = excluded.cl_required;
INSERT INTO s_mt.t_class_attr(ck_id, ck_class, ck_attr, cv_value, ck_user, ct_change, cl_required) VALUES ('250', '36', 'column', null, '10020785', '2018-03-22T00:00:00.000+0000', 0)  on conflict (ck_id) do update set ck_class = excluded.ck_class, ck_attr = excluded.ck_attr, cv_value = excluded.cv_value, ck_user = excluded.ck_user, ct_change = excluded.ct_change, cl_required = excluded.cl_required;
INSERT INTO s_mt.t_class_attr(ck_id, ck_class, ck_attr, cv_value, ck_user, ct_change, cl_required) VALUES ('251', '36', 'datatype', 'boolean', '10020785', '2018-03-21T00:00:00.000+0000', 1)  on conflict (ck_id) do update set ck_class = excluded.ck_class, ck_attr = excluded.ck_attr, cv_value = excluded.cv_value, ck_user = excluded.ck_user, ct_change = excluded.ct_change, cl_required = excluded.cl_required;
INSERT INTO s_mt.t_class_attr(ck_id, ck_class, ck_attr, cv_value, ck_user, ct_change, cl_required) VALUES ('1330', '36', 'defaultvalue', null, '10020785', '2018-03-28T00:00:00.000+0000', 0)  on conflict (ck_id) do update set ck_class = excluded.ck_class, ck_attr = excluded.ck_attr, cv_value = excluded.cv_value, ck_user = excluded.ck_user, ct_change = excluded.ct_change, cl_required = excluded.cl_required;
INSERT INTO s_mt.t_class_attr(ck_id, ck_class, ck_attr, cv_value, ck_user, ct_change, cl_required) VALUES ('1259', '36', 'disabledrules', null, '10020785', '2018-07-09T00:00:00.000+0000', 0)  on conflict (ck_id) do update set ck_class = excluded.ck_class, ck_attr = excluded.ck_attr, cv_value = excluded.cv_value, ck_user = excluded.ck_user, ct_change = excluded.ct_change, cl_required = excluded.cl_required;
INSERT INTO s_mt.t_class_attr(ck_id, ck_class, ck_attr, cv_value, ck_user, ct_change, cl_required) VALUES ('641', '36', 'editmode', 'all', '10020785', '2018-07-09T00:00:00.000+0000', 0)  on conflict (ck_id) do update set ck_class = excluded.ck_class, ck_attr = excluded.ck_attr, cv_value = excluded.cv_value, ck_user = excluded.ck_user, ct_change = excluded.ct_change, cl_required = excluded.cl_required;
INSERT INTO s_mt.t_class_attr(ck_id, ck_class, ck_attr, cv_value, ck_user, ct_change, cl_required) VALUES ('254', '36', 'editors', null, '10020785', '2018-07-09T00:00:00.000+0000', 1)  on conflict (ck_id) do update set ck_class = excluded.ck_class, ck_attr = excluded.ck_attr, cv_value = excluded.cv_value, ck_user = excluded.ck_user, ct_change = excluded.ct_change, cl_required = excluded.cl_required;
INSERT INTO s_mt.t_class_attr(ck_id, ck_class, ck_attr, cv_value, ck_user, ct_change, cl_required) VALUES ('1159', '36', 'getglobal', null, '10020785', '2018-07-09T00:00:00.000+0000', 0)  on conflict (ck_id) do update set ck_class = excluded.ck_class, ck_attr = excluded.ck_attr, cv_value = excluded.cv_value, ck_user = excluded.ck_user, ct_change = excluded.ct_change, cl_required = excluded.cl_required;
INSERT INTO s_mt.t_class_attr(ck_id, ck_class, ck_attr, cv_value, ck_user, ct_change, cl_required) VALUES ('1303', '36', 'hiddenrules', null, '10020785', '2018-07-09T00:00:00.000+0000', 0)  on conflict (ck_id) do update set ck_class = excluded.ck_class, ck_attr = excluded.ck_attr, cv_value = excluded.cv_value, ck_user = excluded.ck_user, ct_change = excluded.ct_change, cl_required = excluded.cl_required;
INSERT INTO s_mt.t_class_attr(ck_id, ck_class, ck_attr, cv_value, ck_user, ct_change, cl_required) VALUES ('1369', '36', 'info', null, '10020785', '2018-07-09T00:00:00.000+0000', 0)  on conflict (ck_id) do update set ck_class = excluded.ck_class, ck_attr = excluded.ck_attr, cv_value = excluded.cv_value, ck_user = excluded.ck_user, ct_change = excluded.ct_change, cl_required = excluded.cl_required;
INSERT INTO s_mt.t_class_attr(ck_id, ck_class, ck_attr, cv_value, ck_user, ct_change, cl_required) VALUES ('457', '36', 'required', null, '10020785', '2018-07-09T00:00:00.000+0000', 0)  on conflict (ck_id) do update set ck_class = excluded.ck_class, ck_attr = excluded.ck_attr, cv_value = excluded.cv_value, ck_user = excluded.ck_user, ct_change = excluded.ct_change, cl_required = excluded.cl_required;
INSERT INTO s_mt.t_class_attr(ck_id, ck_class, ck_attr, cv_value, ck_user, ct_change, cl_required) VALUES ('43170', '36', 'requiredrules', null, '10028610', '2019-02-05T00:00:00.000+0000', 0)  on conflict (ck_id) do update set ck_class = excluded.ck_class, ck_attr = excluded.ck_attr, cv_value = excluded.cv_value, ck_user = excluded.ck_user, ct_change = excluded.ct_change, cl_required = excluded.cl_required;
INSERT INTO s_mt.t_class_attr(ck_id, ck_class, ck_attr, cv_value, ck_user, ct_change, cl_required) VALUES ('1189', '36', 'setglobal', null, '10020785', '2018-07-09T00:00:00.000+0000', 0)  on conflict (ck_id) do update set ck_class = excluded.ck_class, ck_attr = excluded.ck_attr, cv_value = excluded.cv_value, ck_user = excluded.ck_user, ct_change = excluded.ct_change, cl_required = excluded.cl_required;
INSERT INTO s_mt.t_class_attr(ck_id, ck_class, ck_attr, cv_value, ck_user, ct_change, cl_required) VALUES ('41169', '36', 'stylerules', null, '20780', '2019-01-28T00:00:00.000+0000', 0)  on conflict (ck_id) do update set ck_class = excluded.ck_class, ck_attr = excluded.ck_attr, cv_value = excluded.cv_value, ck_user = excluded.ck_user, ct_change = excluded.ct_change, cl_required = excluded.cl_required;
INSERT INTO s_mt.t_class_attr(ck_id, ck_class, ck_attr, cv_value, ck_user, ct_change, cl_required) VALUES ('1087', '36', 'visibileinwindow', 'false', '10020785', '2018-07-09T00:00:00.000+0000', 0)  on conflict (ck_id) do update set ck_class = excluded.ck_class, ck_attr = excluded.ck_attr, cv_value = excluded.cv_value, ck_user = excluded.ck_user, ct_change = excluded.ct_change, cl_required = excluded.cl_required;
INSERT INTO s_mt.t_class_attr(ck_id, ck_class, ck_attr, cv_value, ck_user, ct_change, cl_required) VALUES ('442', '36', 'visible', 'true', '10020785', '2018-07-09T00:00:00.000+0000', 0)  on conflict (ck_id) do update set ck_class = excluded.ck_class, ck_attr = excluded.ck_attr, cv_value = excluded.cv_value, ck_user = excluded.ck_user, ct_change = excluded.ct_change, cl_required = excluded.cl_required;
INSERT INTO s_mt.t_class_attr(ck_id, ck_class, ck_attr, cv_value, ck_user, ct_change, cl_required) VALUES ('252', '36', 'width', null, '10020785', '2018-07-09T00:00:00.000+0000', 0)  on conflict (ck_id) do update set ck_class = excluded.ck_class, ck_attr = excluded.ck_attr, cv_value = excluded.cv_value, ck_user = excluded.ck_user, ct_change = excluded.ct_change, cl_required = excluded.cl_required;
select pkg_patcher.p_clear_attr('36'::varchar, '["align","column","datatype","defaultvalue","disabledrules","editmode","editors","getglobal","hiddenrules","info","required","requiredrules","setglobal","stylerules","visibileinwindow","visible","width"]'::jsonb);
INSERT INTO s_mt.t_class(ck_id, cv_name, cv_description, cl_final, cl_dataset, ck_user, ct_change) VALUES ('437', 'Column Checkbox', 'Колонка "Флаг" (для мультивыбора)', 0, 0, '10020786', '2018-04-04T00:00:00.000+0000')  on conflict (ck_id) do update set cv_name = excluded.cv_name, cv_description = excluded.cv_description, cl_final = excluded.cl_final, cl_dataset = excluded.cl_dataset, ck_user = excluded.ck_user, ct_change = excluded.ct_change;
INSERT INTO s_mt.t_class_attr(ck_id, ck_class, ck_attr, cv_value, ck_user, ct_change, cl_required) VALUES ('1974', '437', 'datatype', 'checkbox', '10020785', '2018-07-09T00:00:00.000+0000', 1)  on conflict (ck_id) do update set ck_class = excluded.ck_class, ck_attr = excluded.ck_attr, cv_value = excluded.cv_value, ck_user = excluded.ck_user, ct_change = excluded.ct_change, cl_required = excluded.cl_required;
select pkg_patcher.p_clear_attr('437'::varchar, '["datatype"]'::jsonb);
INSERT INTO s_mt.t_class(ck_id, cv_name, cv_description, cl_final, cl_dataset, ck_user, ct_change) VALUES ('11', 'Column Date', 'Колонка "Дата"', 0, 0, '-11', '2018-02-22T00:00:00.000+0000')  on conflict (ck_id) do update set cv_name = excluded.cv_name, cv_description = excluded.cv_description, cl_final = excluded.cl_final, cl_dataset = excluded.cl_dataset, ck_user = excluded.ck_user, ct_change = excluded.ct_change;
INSERT INTO s_mt.t_class_attr(ck_id, ck_class, ck_attr, cv_value, ck_user, ct_change, cl_required) VALUES ('599', '11', 'align', 'center', '10020848', '2018-09-20T00:00:00.000+0000', 0)  on conflict (ck_id) do update set ck_class = excluded.ck_class, ck_attr = excluded.ck_attr, cv_value = excluded.cv_value, ck_user = excluded.ck_user, ct_change = excluded.ct_change, cl_required = excluded.cl_required;
INSERT INTO s_mt.t_class_attr(ck_id, ck_class, ck_attr, cv_value, ck_user, ct_change, cl_required) VALUES ('49', '11', 'column', null, '10020785', '2018-07-09T00:00:00.000+0000', 0)  on conflict (ck_id) do update set ck_class = excluded.ck_class, ck_attr = excluded.ck_attr, cv_value = excluded.cv_value, ck_user = excluded.ck_user, ct_change = excluded.ct_change, cl_required = excluded.cl_required;
INSERT INTO s_mt.t_class_attr(ck_id, ck_class, ck_attr, cv_value, ck_user, ct_change, cl_required) VALUES ('479', '11', 'datatype', 'date', '10020785', '2018-07-09T00:00:00.000+0000', 1)  on conflict (ck_id) do update set ck_class = excluded.ck_class, ck_attr = excluded.ck_attr, cv_value = excluded.cv_value, ck_user = excluded.ck_user, ct_change = excluded.ct_change, cl_required = excluded.cl_required;
INSERT INTO s_mt.t_class_attr(ck_id, ck_class, ck_attr, cv_value, ck_user, ct_change, cl_required) VALUES ('1792', '11', 'defaultvalue', null, '10020785', '2018-07-09T00:00:00.000+0000', 0)  on conflict (ck_id) do update set ck_class = excluded.ck_class, ck_attr = excluded.ck_attr, cv_value = excluded.cv_value, ck_user = excluded.ck_user, ct_change = excluded.ct_change, cl_required = excluded.cl_required;
INSERT INTO s_mt.t_class_attr(ck_id, ck_class, ck_attr, cv_value, ck_user, ct_change, cl_required) VALUES ('1752', '11', 'defaultvaluequery', null, '10020785', '2018-09-02T00:00:00.000+0000', 0)  on conflict (ck_id) do update set ck_class = excluded.ck_class, ck_attr = excluded.ck_attr, cv_value = excluded.cv_value, ck_user = excluded.ck_user, ct_change = excluded.ct_change, cl_required = excluded.cl_required;
INSERT INTO s_mt.t_class_attr(ck_id, ck_class, ck_attr, cv_value, ck_user, ct_change, cl_required) VALUES ('1239', '11', 'disabledrules', null, '10020785', '2018-07-09T00:00:00.000+0000', 0)  on conflict (ck_id) do update set ck_class = excluded.ck_class, ck_attr = excluded.ck_attr, cv_value = excluded.cv_value, ck_user = excluded.ck_user, ct_change = excluded.ct_change, cl_required = excluded.cl_required;
INSERT INTO s_mt.t_class_attr(ck_id, ck_class, ck_attr, cv_value, ck_user, ct_change, cl_required) VALUES ('441', '11', 'editmode', 'all', '10020785', '2018-07-09T00:00:00.000+0000', 0)  on conflict (ck_id) do update set ck_class = excluded.ck_class, ck_attr = excluded.ck_attr, cv_value = excluded.cv_value, ck_user = excluded.ck_user, ct_change = excluded.ct_change, cl_required = excluded.cl_required;
INSERT INTO s_mt.t_class_attr(ck_id, ck_class, ck_attr, cv_value, ck_user, ct_change, cl_required) VALUES ('43', '11', 'editors', null, '10020785', '2018-07-09T00:00:00.000+0000', 1)  on conflict (ck_id) do update set ck_class = excluded.ck_class, ck_attr = excluded.ck_attr, cv_value = excluded.cv_value, ck_user = excluded.ck_user, ct_change = excluded.ct_change, cl_required = excluded.cl_required;
INSERT INTO s_mt.t_class_attr(ck_id, ck_class, ck_attr, cv_value, ck_user, ct_change, cl_required) VALUES ('191', '11', 'format', '3', '10028610', '2019-03-06T00:00:00.000+0000', 1)  on conflict (ck_id) do update set ck_class = excluded.ck_class, ck_attr = excluded.ck_attr, cv_value = excluded.cv_value, ck_user = excluded.ck_user, ct_change = excluded.ct_change, cl_required = excluded.cl_required;
INSERT INTO s_mt.t_class_attr(ck_id, ck_class, ck_attr, cv_value, ck_user, ct_change, cl_required) VALUES ('1177', '11', 'getglobal', null, '10020785', '2018-07-09T00:00:00.000+0000', 0)  on conflict (ck_id) do update set ck_class = excluded.ck_class, ck_attr = excluded.ck_attr, cv_value = excluded.cv_value, ck_user = excluded.ck_user, ct_change = excluded.ct_change, cl_required = excluded.cl_required;
INSERT INTO s_mt.t_class_attr(ck_id, ck_class, ck_attr, cv_value, ck_user, ct_change, cl_required) VALUES ('1283', '11', 'hiddenrules', null, '10020785', '2018-07-09T00:00:00.000+0000', 0)  on conflict (ck_id) do update set ck_class = excluded.ck_class, ck_attr = excluded.ck_attr, cv_value = excluded.cv_value, ck_user = excluded.ck_user, ct_change = excluded.ct_change, cl_required = excluded.cl_required;
INSERT INTO s_mt.t_class_attr(ck_id, ck_class, ck_attr, cv_value, ck_user, ct_change, cl_required) VALUES ('1386', '11', 'info', null, '10020785', '2018-07-09T00:00:00.000+0000', 0)  on conflict (ck_id) do update set ck_class = excluded.ck_class, ck_attr = excluded.ck_attr, cv_value = excluded.cv_value, ck_user = excluded.ck_user, ct_change = excluded.ct_change, cl_required = excluded.cl_required;
INSERT INTO s_mt.t_class_attr(ck_id, ck_class, ck_attr, cv_value, ck_user, ct_change, cl_required) VALUES ('683', '11', 'maxsize', '60', '10020785', '2018-07-09T00:00:00.000+0000', 0)  on conflict (ck_id) do update set ck_class = excluded.ck_class, ck_attr = excluded.ck_attr, cv_value = excluded.cv_value, ck_user = excluded.ck_user, ct_change = excluded.ct_change, cl_required = excluded.cl_required;
INSERT INTO s_mt.t_class_attr(ck_id, ck_class, ck_attr, cv_value, ck_user, ct_change, cl_required) VALUES ('684', '11', 'regexp', null, '10020785', '2018-07-09T00:00:00.000+0000', 0)  on conflict (ck_id) do update set ck_class = excluded.ck_class, ck_attr = excluded.ck_attr, cv_value = excluded.cv_value, ck_user = excluded.ck_user, ct_change = excluded.ct_change, cl_required = excluded.cl_required;
INSERT INTO s_mt.t_class_attr(ck_id, ck_class, ck_attr, cv_value, ck_user, ct_change, cl_required) VALUES ('456', '11', 'required', null, '10020785', '2018-07-09T00:00:00.000+0000', 0)  on conflict (ck_id) do update set ck_class = excluded.ck_class, ck_attr = excluded.ck_attr, cv_value = excluded.cv_value, ck_user = excluded.ck_user, ct_change = excluded.ct_change, cl_required = excluded.cl_required;
INSERT INTO s_mt.t_class_attr(ck_id, ck_class, ck_attr, cv_value, ck_user, ct_change, cl_required) VALUES ('43171', '11', 'requiredrules', null, '10028610', '2019-02-05T00:00:00.000+0000', 0)  on conflict (ck_id) do update set ck_class = excluded.ck_class, ck_attr = excluded.ck_attr, cv_value = excluded.cv_value, ck_user = excluded.ck_user, ct_change = excluded.ct_change, cl_required = excluded.cl_required;
INSERT INTO s_mt.t_class_attr(ck_id, ck_class, ck_attr, cv_value, ck_user, ct_change, cl_required) VALUES ('1207', '11', 'setglobal', null, '10020785', '2018-07-09T00:00:00.000+0000', 0)  on conflict (ck_id) do update set ck_class = excluded.ck_class, ck_attr = excluded.ck_attr, cv_value = excluded.cv_value, ck_user = excluded.ck_user, ct_change = excluded.ct_change, cl_required = excluded.cl_required;
INSERT INTO s_mt.t_class_attr(ck_id, ck_class, ck_attr, cv_value, ck_user, ct_change, cl_required) VALUES ('13175', '11', 'sortcolumn', null, '10020785', '2018-09-02T00:00:00.000+0000', 0)  on conflict (ck_id) do update set ck_class = excluded.ck_class, ck_attr = excluded.ck_attr, cv_value = excluded.cv_value, ck_user = excluded.ck_user, ct_change = excluded.ct_change, cl_required = excluded.cl_required;
INSERT INTO s_mt.t_class_attr(ck_id, ck_class, ck_attr, cv_value, ck_user, ct_change, cl_required) VALUES ('41170', '11', 'stylerules', null, '20780', '2019-01-28T00:00:00.000+0000', 0)  on conflict (ck_id) do update set ck_class = excluded.ck_class, ck_attr = excluded.ck_attr, cv_value = excluded.cv_value, ck_user = excluded.ck_user, ct_change = excluded.ct_change, cl_required = excluded.cl_required;
INSERT INTO s_mt.t_class_attr(ck_id, ck_class, ck_attr, cv_value, ck_user, ct_change, cl_required) VALUES ('1082', '11', 'visibileinwindow', 'false', '10020785', '2018-07-09T00:00:00.000+0000', 0)  on conflict (ck_id) do update set ck_class = excluded.ck_class, ck_attr = excluded.ck_attr, cv_value = excluded.cv_value, ck_user = excluded.ck_user, ct_change = excluded.ct_change, cl_required = excluded.cl_required;
INSERT INTO s_mt.t_class_attr(ck_id, ck_class, ck_attr, cv_value, ck_user, ct_change, cl_required) VALUES ('440', '11', 'visible', 'true', '10020785', '2018-07-09T00:00:00.000+0000', 0)  on conflict (ck_id) do update set ck_class = excluded.ck_class, ck_attr = excluded.ck_attr, cv_value = excluded.cv_value, ck_user = excluded.ck_user, ct_change = excluded.ct_change, cl_required = excluded.cl_required;
INSERT INTO s_mt.t_class_attr(ck_id, ck_class, ck_attr, cv_value, ck_user, ct_change, cl_required) VALUES ('181', '11', 'width', '10%', '20780', '2019-01-09T00:00:00.000+0000', 0)  on conflict (ck_id) do update set ck_class = excluded.ck_class, ck_attr = excluded.ck_attr, cv_value = excluded.cv_value, ck_user = excluded.ck_user, ct_change = excluded.ct_change, cl_required = excluded.cl_required;
select pkg_patcher.p_clear_attr('11'::varchar, '["align","column","datatype","defaultvalue","defaultvaluequery","disabledrules","editmode","editors","format","getglobal","hiddenrules","info","maxsize","regexp","required","requiredrules","setglobal","sortcolumn","stylerules","visibileinwindow","visible","width"]'::jsonb);
INSERT INTO s_mt.t_class(ck_id, cv_name, cv_description, cl_final, cl_dataset, ck_user, ct_change) VALUES ('15', 'Column Delete', 'Колонка-кнопка "Удаление"', 0, 0, '-11', '2018-02-22T00:00:00.000+0000')  on conflict (ck_id) do update set cv_name = excluded.cv_name, cv_description = excluded.cv_description, cl_final = excluded.cl_final, cl_dataset = excluded.cl_dataset, ck_user = excluded.ck_user, ct_change = excluded.ct_change;
INSERT INTO s_mt.t_class_attr(ck_id, ck_class, ck_attr, cv_value, ck_user, ct_change, cl_required) VALUES ('1991', '15', 'confirmquestion', 'Удалить?', '20785', '2019-01-15T00:00:00.000+0000', 0)  on conflict (ck_id) do update set ck_class = excluded.ck_class, ck_attr = excluded.ck_attr, cv_value = excluded.cv_value, ck_user = excluded.ck_user, ct_change = excluded.ct_change, cl_required = excluded.cl_required;
INSERT INTO s_mt.t_class_attr(ck_id, ck_class, ck_attr, cv_value, ck_user, ct_change, cl_required) VALUES ('28', '15', 'datatype', 'icon', '20785', '2019-01-15T00:00:00.000+0000', 1)  on conflict (ck_id) do update set ck_class = excluded.ck_class, ck_attr = excluded.ck_attr, cv_value = excluded.cv_value, ck_user = excluded.ck_user, ct_change = excluded.ct_change, cl_required = excluded.cl_required;
INSERT INTO s_mt.t_class_attr(ck_id, ck_class, ck_attr, cv_value, ck_user, ct_change, cl_required) VALUES ('1240', '15', 'disabledrules', null, '10020785', '2018-07-09T00:00:00.000+0000', 0)  on conflict (ck_id) do update set ck_class = excluded.ck_class, ck_attr = excluded.ck_attr, cv_value = excluded.cv_value, ck_user = excluded.ck_user, ct_change = excluded.ct_change, cl_required = excluded.cl_required;
INSERT INTO s_mt.t_class_attr(ck_id, ck_class, ck_attr, cv_value, ck_user, ct_change, cl_required) VALUES ('26', '15', 'handler', 'removeSelectedRecordAction', '20785', '2019-01-15T00:00:00.000+0000', 1)  on conflict (ck_id) do update set ck_class = excluded.ck_class, ck_attr = excluded.ck_attr, cv_value = excluded.cv_value, ck_user = excluded.ck_user, ct_change = excluded.ct_change, cl_required = excluded.cl_required;
INSERT INTO s_mt.t_class_attr(ck_id, ck_class, ck_attr, cv_value, ck_user, ct_change, cl_required) VALUES ('1284', '15', 'hiddenrules', null, '10020785', '2018-07-09T00:00:00.000+0000', 0)  on conflict (ck_id) do update set ck_class = excluded.ck_class, ck_attr = excluded.ck_attr, cv_value = excluded.cv_value, ck_user = excluded.ck_user, ct_change = excluded.ct_change, cl_required = excluded.cl_required;
INSERT INTO s_mt.t_class_attr(ck_id, ck_class, ck_attr, cv_value, ck_user, ct_change, cl_required) VALUES ('39169', '15', 'iconfont', 'trash-o', '20785', '2019-01-15T00:00:00.000+0000', 0)  on conflict (ck_id) do update set ck_class = excluded.ck_class, ck_attr = excluded.ck_attr, cv_value = excluded.cv_value, ck_user = excluded.ck_user, ct_change = excluded.ct_change, cl_required = excluded.cl_required;
INSERT INTO s_mt.t_class_attr(ck_id, ck_class, ck_attr, cv_value, ck_user, ct_change, cl_required) VALUES ('158', '15', 'mode', '3', '10020785', '2018-07-09T00:00:00.000+0000', 0)  on conflict (ck_id) do update set ck_class = excluded.ck_class, ck_attr = excluded.ck_attr, cv_value = excluded.cv_value, ck_user = excluded.ck_user, ct_change = excluded.ct_change, cl_required = excluded.cl_required;
INSERT INTO s_mt.t_class_attr(ck_id, ck_class, ck_attr, cv_value, ck_user, ct_change, cl_required) VALUES ('39174', '15', 'tipmsg', 'Удалить значение', '20785', '2019-01-15T00:00:00.000+0000', 0)  on conflict (ck_id) do update set ck_class = excluded.ck_class, ck_attr = excluded.ck_attr, cv_value = excluded.cv_value, ck_user = excluded.ck_user, ct_change = excluded.ct_change, cl_required = excluded.cl_required;
INSERT INTO s_mt.t_class_attr(ck_id, ck_class, ck_attr, cv_value, ck_user, ct_change, cl_required) VALUES ('439', '15', 'visible', 'true', '10020785', '2018-07-09T00:00:00.000+0000', 0)  on conflict (ck_id) do update set ck_class = excluded.ck_class, ck_attr = excluded.ck_attr, cv_value = excluded.cv_value, ck_user = excluded.ck_user, ct_change = excluded.ct_change, cl_required = excluded.cl_required;
select pkg_patcher.p_clear_attr('15'::varchar, '["confirmquestion","datatype","disabledrules","handler","hiddenrules","iconfont","mode","tipmsg","visible"]'::jsonb);
INSERT INTO s_mt.t_class(ck_id, cv_name, cv_description, cl_final, cl_dataset, ck_user, ct_change) VALUES ('3457', 'Column Detail', 'Колонка-кнопка для отображения Key-value', 0, 0, '10020785', '2018-08-28T00:00:00.000+0000')  on conflict (ck_id) do update set cv_name = excluded.cv_name, cv_description = excluded.cv_description, cl_final = excluded.cl_final, cl_dataset = excluded.cl_dataset, ck_user = excluded.ck_user, ct_change = excluded.ct_change;
INSERT INTO s_mt.t_class_attr(ck_id, ck_class, ck_attr, cv_value, ck_user, ct_change, cl_required) VALUES ('21169', '3457', 'datatype', 'detail', '10020785', '2018-08-28T00:00:00.000+0000', 1)  on conflict (ck_id) do update set ck_class = excluded.ck_class, ck_attr = excluded.ck_attr, cv_value = excluded.cv_value, ck_user = excluded.ck_user, ct_change = excluded.ct_change, cl_required = excluded.cl_required;
INSERT INTO s_mt.t_class_attr(ck_id, ck_class, ck_attr, cv_value, ck_user, ct_change, cl_required) VALUES ('21172', '3457', 'disabled', null, '10020785', '2018-08-28T00:00:00.000+0000', 0)  on conflict (ck_id) do update set ck_class = excluded.ck_class, ck_attr = excluded.ck_attr, cv_value = excluded.cv_value, ck_user = excluded.ck_user, ct_change = excluded.ct_change, cl_required = excluded.cl_required;
INSERT INTO s_mt.t_class_attr(ck_id, ck_class, ck_attr, cv_value, ck_user, ct_change, cl_required) VALUES ('21171', '3457', 'disabledrules', null, '10020785', '2018-08-28T00:00:00.000+0000', 0)  on conflict (ck_id) do update set ck_class = excluded.ck_class, ck_attr = excluded.ck_attr, cv_value = excluded.cv_value, ck_user = excluded.ck_user, ct_change = excluded.ct_change, cl_required = excluded.cl_required;
INSERT INTO s_mt.t_class_attr(ck_id, ck_class, ck_attr, cv_value, ck_user, ct_change, cl_required) VALUES ('21173', '3457', 'hidden', null, '10020785', '2018-08-28T00:00:00.000+0000', 0)  on conflict (ck_id) do update set ck_class = excluded.ck_class, ck_attr = excluded.ck_attr, cv_value = excluded.cv_value, ck_user = excluded.ck_user, ct_change = excluded.ct_change, cl_required = excluded.cl_required;
INSERT INTO s_mt.t_class_attr(ck_id, ck_class, ck_attr, cv_value, ck_user, ct_change, cl_required) VALUES ('21170', '3457', 'hiddenrules', null, '10020785', '2018-08-28T00:00:00.000+0000', 0)  on conflict (ck_id) do update set ck_class = excluded.ck_class, ck_attr = excluded.ck_attr, cv_value = excluded.cv_value, ck_user = excluded.ck_user, ct_change = excluded.ct_change, cl_required = excluded.cl_required;
select pkg_patcher.p_clear_attr('3457'::varchar, '["datatype","disabled","disabledrules","hidden","hiddenrules"]'::jsonb);
INSERT INTO s_mt.t_class(ck_id, cv_name, cv_description, cl_final, cl_dataset, ck_user, ct_change) VALUES ('16', 'Column Edit', 'Колонка-кнопка "Редактирование"', 0, 0, '-11', '2018-02-22T00:00:00.000+0000')  on conflict (ck_id) do update set cv_name = excluded.cv_name, cv_description = excluded.cv_description, cl_final = excluded.cl_final, cl_dataset = excluded.cl_dataset, ck_user = excluded.ck_user, ct_change = excluded.ct_change;
INSERT INTO s_mt.t_class_attr(ck_id, ck_class, ck_attr, cv_value, ck_user, ct_change, cl_required) VALUES ('1493', '16', 'ckwindow', null, '10020785', '2018-07-09T00:00:00.000+0000', 0)  on conflict (ck_id) do update set ck_class = excluded.ck_class, ck_attr = excluded.ck_attr, cv_value = excluded.cv_value, ck_user = excluded.ck_user, ct_change = excluded.ct_change, cl_required = excluded.cl_required;
INSERT INTO s_mt.t_class_attr(ck_id, ck_class, ck_attr, cv_value, ck_user, ct_change, cl_required) VALUES ('1992', '16', 'confirmquestion', null, '10020785', '2018-07-09T00:00:00.000+0000', 0)  on conflict (ck_id) do update set ck_class = excluded.ck_class, ck_attr = excluded.ck_attr, cv_value = excluded.cv_value, ck_user = excluded.ck_user, ct_change = excluded.ct_change, cl_required = excluded.cl_required;
INSERT INTO s_mt.t_class_attr(ck_id, ck_class, ck_attr, cv_value, ck_user, ct_change, cl_required) VALUES ('29', '16', 'datatype', 'icon', '20785', '2019-01-15T00:00:00.000+0000', 1)  on conflict (ck_id) do update set ck_class = excluded.ck_class, ck_attr = excluded.ck_attr, cv_value = excluded.cv_value, ck_user = excluded.ck_user, ct_change = excluded.ct_change, cl_required = excluded.cl_required;
INSERT INTO s_mt.t_class_attr(ck_id, ck_class, ck_attr, cv_value, ck_user, ct_change, cl_required) VALUES ('1241', '16', 'disabledrules', null, '10020785', '2018-07-09T00:00:00.000+0000', 0)  on conflict (ck_id) do update set ck_class = excluded.ck_class, ck_attr = excluded.ck_attr, cv_value = excluded.cv_value, ck_user = excluded.ck_user, ct_change = excluded.ct_change, cl_required = excluded.cl_required;
INSERT INTO s_mt.t_class_attr(ck_id, ck_class, ck_attr, cv_value, ck_user, ct_change, cl_required) VALUES ('25', '16', 'handler', 'false', '10020785', '2018-07-09T00:00:00.000+0000', 0)  on conflict (ck_id) do update set ck_class = excluded.ck_class, ck_attr = excluded.ck_attr, cv_value = excluded.cv_value, ck_user = excluded.ck_user, ct_change = excluded.ct_change, cl_required = excluded.cl_required;
INSERT INTO s_mt.t_class_attr(ck_id, ck_class, ck_attr, cv_value, ck_user, ct_change, cl_required) VALUES ('1285', '16', 'hiddenrules', null, '10020785', '2018-07-09T00:00:00.000+0000', 0)  on conflict (ck_id) do update set ck_class = excluded.ck_class, ck_attr = excluded.ck_attr, cv_value = excluded.cv_value, ck_user = excluded.ck_user, ct_change = excluded.ct_change, cl_required = excluded.cl_required;
INSERT INTO s_mt.t_class_attr(ck_id, ck_class, ck_attr, cv_value, ck_user, ct_change, cl_required) VALUES ('39170', '16', 'iconfont', 'edit', '20785', '2019-01-15T00:00:00.000+0000', 0)  on conflict (ck_id) do update set ck_class = excluded.ck_class, ck_attr = excluded.ck_attr, cv_value = excluded.cv_value, ck_user = excluded.ck_user, ct_change = excluded.ct_change, cl_required = excluded.cl_required;
INSERT INTO s_mt.t_class_attr(ck_id, ck_class, ck_attr, cv_value, ck_user, ct_change, cl_required) VALUES ('157', '16', 'mode', '2', '10020785', '2018-07-09T00:00:00.000+0000', 0)  on conflict (ck_id) do update set ck_class = excluded.ck_class, ck_attr = excluded.ck_attr, cv_value = excluded.cv_value, ck_user = excluded.ck_user, ct_change = excluded.ct_change, cl_required = excluded.cl_required;
INSERT INTO s_mt.t_class_attr(ck_id, ck_class, ck_attr, cv_value, ck_user, ct_change, cl_required) VALUES ('39171', '16', 'tipmsg', 'Редактировать значение', '20785', '2019-01-15T00:00:00.000+0000', 0)  on conflict (ck_id) do update set ck_class = excluded.ck_class, ck_attr = excluded.ck_attr, cv_value = excluded.cv_value, ck_user = excluded.ck_user, ct_change = excluded.ct_change, cl_required = excluded.cl_required;
INSERT INTO s_mt.t_class_attr(ck_id, ck_class, ck_attr, cv_value, ck_user, ct_change, cl_required) VALUES ('24', '16', 'type', 'ACTIONEDIT', '10020785', '2018-09-02T00:00:00.000+0000', 0)  on conflict (ck_id) do update set ck_class = excluded.ck_class, ck_attr = excluded.ck_attr, cv_value = excluded.cv_value, ck_user = excluded.ck_user, ct_change = excluded.ct_change, cl_required = excluded.cl_required;
INSERT INTO s_mt.t_class_attr(ck_id, ck_class, ck_attr, cv_value, ck_user, ct_change, cl_required) VALUES ('438', '16', 'visible', 'true', '10020785', '2018-07-09T00:00:00.000+0000', 0)  on conflict (ck_id) do update set ck_class = excluded.ck_class, ck_attr = excluded.ck_attr, cv_value = excluded.cv_value, ck_user = excluded.ck_user, ct_change = excluded.ct_change, cl_required = excluded.cl_required;
select pkg_patcher.p_clear_attr('16'::varchar, '["ckwindow","confirmquestion","datatype","disabledrules","handler","hiddenrules","iconfont","mode","tipmsg","type","visible"]'::jsonb);
INSERT INTO s_mt.t_class(ck_id, cv_name, cv_description, cl_final, cl_dataset, ck_user, ct_change) VALUES ('77', 'Column Integer', 'Колонка "Целое число"', 0, 0, '-11', '2018-02-22T00:00:00.000+0000')  on conflict (ck_id) do update set cv_name = excluded.cv_name, cv_description = excluded.cv_description, cl_final = excluded.cl_final, cl_dataset = excluded.cl_dataset, ck_user = excluded.ck_user, ct_change = excluded.ct_change;
INSERT INTO s_mt.t_class_attr(ck_id, ck_class, ck_attr, cv_value, ck_user, ct_change, cl_required) VALUES ('601', '77', 'align', 'right', '10020848', '2018-09-20T00:00:00.000+0000', 0)  on conflict (ck_id) do update set ck_class = excluded.ck_class, ck_attr = excluded.ck_attr, cv_value = excluded.cv_value, ck_user = excluded.ck_user, ct_change = excluded.ct_change, cl_required = excluded.cl_required;
INSERT INTO s_mt.t_class_attr(ck_id, ck_class, ck_attr, cv_value, ck_user, ct_change, cl_required) VALUES ('444', '77', 'column', null, '10020785', '2018-07-09T00:00:00.000+0000', 0)  on conflict (ck_id) do update set ck_class = excluded.ck_class, ck_attr = excluded.ck_attr, cv_value = excluded.cv_value, ck_user = excluded.ck_user, ct_change = excluded.ct_change, cl_required = excluded.cl_required;
INSERT INTO s_mt.t_class_attr(ck_id, ck_class, ck_attr, cv_value, ck_user, ct_change, cl_required) VALUES ('445', '77', 'datatype', 'integer', '10020785', '2018-07-09T00:00:00.000+0000', 1)  on conflict (ck_id) do update set ck_class = excluded.ck_class, ck_attr = excluded.ck_attr, cv_value = excluded.cv_value, ck_user = excluded.ck_user, ct_change = excluded.ct_change, cl_required = excluded.cl_required;
INSERT INTO s_mt.t_class_attr(ck_id, ck_class, ck_attr, cv_value, ck_user, ct_change, cl_required) VALUES ('C924F7543D6E452AB07B1D2A4855AFE5', '77', 'defaultvalue', null, '1', '2019-08-30T00:00:00.000+0000', 0)  on conflict (ck_id) do update set ck_class = excluded.ck_class, ck_attr = excluded.ck_attr, cv_value = excluded.cv_value, ck_user = excluded.ck_user, ct_change = excluded.ct_change, cl_required = excluded.cl_required;
INSERT INTO s_mt.t_class_attr(ck_id, ck_class, ck_attr, cv_value, ck_user, ct_change, cl_required) VALUES ('1265', '77', 'disabledrules', null, '10020785', '2018-07-09T00:00:00.000+0000', 0)  on conflict (ck_id) do update set ck_class = excluded.ck_class, ck_attr = excluded.ck_attr, cv_value = excluded.cv_value, ck_user = excluded.ck_user, ct_change = excluded.ct_change, cl_required = excluded.cl_required;
INSERT INTO s_mt.t_class_attr(ck_id, ck_class, ck_attr, cv_value, ck_user, ct_change, cl_required) VALUES ('446', '77', 'editmode', 'all', '10020785', '2018-07-09T00:00:00.000+0000', 0)  on conflict (ck_id) do update set ck_class = excluded.ck_class, ck_attr = excluded.ck_attr, cv_value = excluded.cv_value, ck_user = excluded.ck_user, ct_change = excluded.ct_change, cl_required = excluded.cl_required;
INSERT INTO s_mt.t_class_attr(ck_id, ck_class, ck_attr, cv_value, ck_user, ct_change, cl_required) VALUES ('450', '77', 'editors', null, '10020785', '2018-07-09T00:00:00.000+0000', 1)  on conflict (ck_id) do update set ck_class = excluded.ck_class, ck_attr = excluded.ck_attr, cv_value = excluded.cv_value, ck_user = excluded.ck_user, ct_change = excluded.ct_change, cl_required = excluded.cl_required;
INSERT INTO s_mt.t_class_attr(ck_id, ck_class, ck_attr, cv_value, ck_user, ct_change, cl_required) VALUES ('1182', '77', 'getglobal', null, '10020785', '2018-07-09T00:00:00.000+0000', 0)  on conflict (ck_id) do update set ck_class = excluded.ck_class, ck_attr = excluded.ck_attr, cv_value = excluded.cv_value, ck_user = excluded.ck_user, ct_change = excluded.ct_change, cl_required = excluded.cl_required;
INSERT INTO s_mt.t_class_attr(ck_id, ck_class, ck_attr, cv_value, ck_user, ct_change, cl_required) VALUES ('1309', '77', 'hiddenrules', null, '10020785', '2018-07-09T00:00:00.000+0000', 0)  on conflict (ck_id) do update set ck_class = excluded.ck_class, ck_attr = excluded.ck_attr, cv_value = excluded.cv_value, ck_user = excluded.ck_user, ct_change = excluded.ct_change, cl_required = excluded.cl_required;
INSERT INTO s_mt.t_class_attr(ck_id, ck_class, ck_attr, cv_value, ck_user, ct_change, cl_required) VALUES ('1390', '77', 'info', null, '10020785', '2018-07-09T00:00:00.000+0000', 0)  on conflict (ck_id) do update set ck_class = excluded.ck_class, ck_attr = excluded.ck_attr, cv_value = excluded.cv_value, ck_user = excluded.ck_user, ct_change = excluded.ct_change, cl_required = excluded.cl_required;
INSERT INTO s_mt.t_class_attr(ck_id, ck_class, ck_attr, cv_value, ck_user, ct_change, cl_required) VALUES ('672', '77', 'maxsize', '60', '10020785', '2018-07-09T00:00:00.000+0000', 0)  on conflict (ck_id) do update set ck_class = excluded.ck_class, ck_attr = excluded.ck_attr, cv_value = excluded.cv_value, ck_user = excluded.ck_user, ct_change = excluded.ct_change, cl_required = excluded.cl_required;
INSERT INTO s_mt.t_class_attr(ck_id, ck_class, ck_attr, cv_value, ck_user, ct_change, cl_required) VALUES ('1116', '77', 'maxvalue', null, '10020785', '2018-07-09T00:00:00.000+0000', 0)  on conflict (ck_id) do update set ck_class = excluded.ck_class, ck_attr = excluded.ck_attr, cv_value = excluded.cv_value, ck_user = excluded.ck_user, ct_change = excluded.ct_change, cl_required = excluded.cl_required;
INSERT INTO s_mt.t_class_attr(ck_id, ck_class, ck_attr, cv_value, ck_user, ct_change, cl_required) VALUES ('1113', '77', 'minvalue', '0', '10020785', '2018-07-09T00:00:00.000+0000', 0)  on conflict (ck_id) do update set ck_class = excluded.ck_class, ck_attr = excluded.ck_attr, cv_value = excluded.cv_value, ck_user = excluded.ck_user, ct_change = excluded.ct_change, cl_required = excluded.cl_required;
INSERT INTO s_mt.t_class_attr(ck_id, ck_class, ck_attr, cv_value, ck_user, ct_change, cl_required) VALUES ('673', '77', 'regexp', null, '10020785', '2018-07-09T00:00:00.000+0000', 0)  on conflict (ck_id) do update set ck_class = excluded.ck_class, ck_attr = excluded.ck_attr, cv_value = excluded.cv_value, ck_user = excluded.ck_user, ct_change = excluded.ct_change, cl_required = excluded.cl_required;
INSERT INTO s_mt.t_class_attr(ck_id, ck_class, ck_attr, cv_value, ck_user, ct_change, cl_required) VALUES ('455', '77', 'required', null, '10020785', '2018-07-09T00:00:00.000+0000', 0)  on conflict (ck_id) do update set ck_class = excluded.ck_class, ck_attr = excluded.ck_attr, cv_value = excluded.cv_value, ck_user = excluded.ck_user, ct_change = excluded.ct_change, cl_required = excluded.cl_required;
INSERT INTO s_mt.t_class_attr(ck_id, ck_class, ck_attr, cv_value, ck_user, ct_change, cl_required) VALUES ('43172', '77', 'requiredrules', null, '10028610', '2019-02-05T00:00:00.000+0000', 0)  on conflict (ck_id) do update set ck_class = excluded.ck_class, ck_attr = excluded.ck_attr, cv_value = excluded.cv_value, ck_user = excluded.ck_user, ct_change = excluded.ct_change, cl_required = excluded.cl_required;
INSERT INTO s_mt.t_class_attr(ck_id, ck_class, ck_attr, cv_value, ck_user, ct_change, cl_required) VALUES ('1212', '77', 'setglobal', null, '10020785', '2018-07-09T00:00:00.000+0000', 0)  on conflict (ck_id) do update set ck_class = excluded.ck_class, ck_attr = excluded.ck_attr, cv_value = excluded.cv_value, ck_user = excluded.ck_user, ct_change = excluded.ct_change, cl_required = excluded.cl_required;
INSERT INTO s_mt.t_class_attr(ck_id, ck_class, ck_attr, cv_value, ck_user, ct_change, cl_required) VALUES ('13178', '77', 'sortcolumn', null, '10020785', '2018-09-02T00:00:00.000+0000', 0)  on conflict (ck_id) do update set ck_class = excluded.ck_class, ck_attr = excluded.ck_attr, cv_value = excluded.cv_value, ck_user = excluded.ck_user, ct_change = excluded.ct_change, cl_required = excluded.cl_required;
INSERT INTO s_mt.t_class_attr(ck_id, ck_class, ck_attr, cv_value, ck_user, ct_change, cl_required) VALUES ('41172', '77', 'stylerules', null, '20780', '2019-01-28T00:00:00.000+0000', 0)  on conflict (ck_id) do update set ck_class = excluded.ck_class, ck_attr = excluded.ck_attr, cv_value = excluded.cv_value, ck_user = excluded.ck_user, ct_change = excluded.ct_change, cl_required = excluded.cl_required;
INSERT INTO s_mt.t_class_attr(ck_id, ck_class, ck_attr, cv_value, ck_user, ct_change, cl_required) VALUES ('1083', '77', 'visibileinwindow', 'false', '10020785', '2018-07-09T00:00:00.000+0000', 0)  on conflict (ck_id) do update set ck_class = excluded.ck_class, ck_attr = excluded.ck_attr, cv_value = excluded.cv_value, ck_user = excluded.ck_user, ct_change = excluded.ct_change, cl_required = excluded.cl_required;
INSERT INTO s_mt.t_class_attr(ck_id, ck_class, ck_attr, cv_value, ck_user, ct_change, cl_required) VALUES ('451', '77', 'visible', 'true', '10020785', '2018-07-09T00:00:00.000+0000', 0)  on conflict (ck_id) do update set ck_class = excluded.ck_class, ck_attr = excluded.ck_attr, cv_value = excluded.cv_value, ck_user = excluded.ck_user, ct_change = excluded.ct_change, cl_required = excluded.cl_required;
INSERT INTO s_mt.t_class_attr(ck_id, ck_class, ck_attr, cv_value, ck_user, ct_change, cl_required) VALUES ('449', '77', 'width', null, '20788', '2018-12-02T00:00:00.000+0000', 0)  on conflict (ck_id) do update set ck_class = excluded.ck_class, ck_attr = excluded.ck_attr, cv_value = excluded.cv_value, ck_user = excluded.ck_user, ct_change = excluded.ct_change, cl_required = excluded.cl_required;
select pkg_patcher.p_clear_attr('77'::varchar, '["align","column","datatype","defaultvalue","disabledrules","editmode","editors","getglobal","hiddenrules","info","maxsize","maxvalue","minvalue","regexp","required","requiredrules","setglobal","sortcolumn","stylerules","visibileinwindow","visible","width"]'::jsonb);
INSERT INTO s_mt.t_class(ck_id, cv_name, cv_description, cl_final, cl_dataset, ck_user, ct_change) VALUES ('10', 'Column Numeric', 'Колонка "Число"', 0, 0, '-11', '2018-02-22T00:00:00.000+0000')  on conflict (ck_id) do update set cv_name = excluded.cv_name, cv_description = excluded.cv_description, cl_final = excluded.cl_final, cl_dataset = excluded.cl_dataset, ck_user = excluded.ck_user, ct_change = excluded.ct_change;
INSERT INTO s_mt.t_class_attr(ck_id, ck_class, ck_attr, cv_value, ck_user, ct_change, cl_required) VALUES ('598', '10', 'align', 'right', '10020848', '2018-09-20T00:00:00.000+0000', 0)  on conflict (ck_id) do update set ck_class = excluded.ck_class, ck_attr = excluded.ck_attr, cv_value = excluded.cv_value, ck_user = excluded.ck_user, ct_change = excluded.ct_change, cl_required = excluded.cl_required;
INSERT INTO s_mt.t_class_attr(ck_id, ck_class, ck_attr, cv_value, ck_user, ct_change, cl_required) VALUES ('48', '10', 'column', null, '20848', '2018-12-02T00:00:00.000+0000', 0)  on conflict (ck_id) do update set ck_class = excluded.ck_class, ck_attr = excluded.ck_attr, cv_value = excluded.cv_value, ck_user = excluded.ck_user, ct_change = excluded.ct_change, cl_required = excluded.cl_required;
INSERT INTO s_mt.t_class_attr(ck_id, ck_class, ck_attr, cv_value, ck_user, ct_change, cl_required) VALUES ('1658', '10', 'currencysign', null, '10020785', '2018-07-09T00:00:00.000+0000', 0)  on conflict (ck_id) do update set ck_class = excluded.ck_class, ck_attr = excluded.ck_attr, cv_value = excluded.cv_value, ck_user = excluded.ck_user, ct_change = excluded.ct_change, cl_required = excluded.cl_required;
INSERT INTO s_mt.t_class_attr(ck_id, ck_class, ck_attr, cv_value, ck_user, ct_change, cl_required) VALUES ('15', '10', 'datatype', 'numeric', '10020785', '2018-07-09T00:00:00.000+0000', 1)  on conflict (ck_id) do update set ck_class = excluded.ck_class, ck_attr = excluded.ck_attr, cv_value = excluded.cv_value, ck_user = excluded.ck_user, ct_change = excluded.ct_change, cl_required = excluded.cl_required;
INSERT INTO s_mt.t_class_attr(ck_id, ck_class, ck_attr, cv_value, ck_user, ct_change, cl_required) VALUES ('674', '10', 'decimalprecision', null, '10020785', '2018-07-09T00:00:00.000+0000', 0)  on conflict (ck_id) do update set ck_class = excluded.ck_class, ck_attr = excluded.ck_attr, cv_value = excluded.cv_value, ck_user = excluded.ck_user, ct_change = excluded.ct_change, cl_required = excluded.cl_required;
INSERT INTO s_mt.t_class_attr(ck_id, ck_class, ck_attr, cv_value, ck_user, ct_change, cl_required) VALUES ('1656', '10', 'decimalseparator', ',', '40025111', '2019-03-28T00:00:00.000+0000', 0)  on conflict (ck_id) do update set ck_class = excluded.ck_class, ck_attr = excluded.ck_attr, cv_value = excluded.cv_value, ck_user = excluded.ck_user, ct_change = excluded.ct_change, cl_required = excluded.cl_required;
INSERT INTO s_mt.t_class_attr(ck_id, ck_class, ck_attr, cv_value, ck_user, ct_change, cl_required) VALUES ('1789', '10', 'defaultvalue', null, '10020785', '2018-07-09T00:00:00.000+0000', 0)  on conflict (ck_id) do update set ck_class = excluded.ck_class, ck_attr = excluded.ck_attr, cv_value = excluded.cv_value, ck_user = excluded.ck_user, ct_change = excluded.ct_change, cl_required = excluded.cl_required;
INSERT INTO s_mt.t_class_attr(ck_id, ck_class, ck_attr, cv_value, ck_user, ct_change, cl_required) VALUES ('1238', '10', 'disabledrules', null, '10020785', '2018-07-09T00:00:00.000+0000', 0)  on conflict (ck_id) do update set ck_class = excluded.ck_class, ck_attr = excluded.ck_attr, cv_value = excluded.cv_value, ck_user = excluded.ck_user, ct_change = excluded.ct_change, cl_required = excluded.cl_required;
INSERT INTO s_mt.t_class_attr(ck_id, ck_class, ck_attr, cv_value, ck_user, ct_change, cl_required) VALUES ('435', '10', 'editmode', 'all', '10020785', '2018-07-09T00:00:00.000+0000', 0)  on conflict (ck_id) do update set ck_class = excluded.ck_class, ck_attr = excluded.ck_attr, cv_value = excluded.cv_value, ck_user = excluded.ck_user, ct_change = excluded.ct_change, cl_required = excluded.cl_required;
INSERT INTO s_mt.t_class_attr(ck_id, ck_class, ck_attr, cv_value, ck_user, ct_change, cl_required) VALUES ('40', '10', 'editors', null, '10020785', '2018-07-09T00:00:00.000+0000', 1)  on conflict (ck_id) do update set ck_class = excluded.ck_class, ck_attr = excluded.ck_attr, cv_value = excluded.cv_value, ck_user = excluded.ck_user, ct_change = excluded.ct_change, cl_required = excluded.cl_required;
INSERT INTO s_mt.t_class_attr(ck_id, ck_class, ck_attr, cv_value, ck_user, ct_change, cl_required) VALUES ('1176', '10', 'getglobal', null, '10020785', '2018-07-09T00:00:00.000+0000', 0)  on conflict (ck_id) do update set ck_class = excluded.ck_class, ck_attr = excluded.ck_attr, cv_value = excluded.cv_value, ck_user = excluded.ck_user, ct_change = excluded.ct_change, cl_required = excluded.cl_required;
INSERT INTO s_mt.t_class_attr(ck_id, ck_class, ck_attr, cv_value, ck_user, ct_change, cl_required) VALUES ('1282', '10', 'hiddenrules', null, '10020785', '2018-07-09T00:00:00.000+0000', 0)  on conflict (ck_id) do update set ck_class = excluded.ck_class, ck_attr = excluded.ck_attr, cv_value = excluded.cv_value, ck_user = excluded.ck_user, ct_change = excluded.ct_change, cl_required = excluded.cl_required;
INSERT INTO s_mt.t_class_attr(ck_id, ck_class, ck_attr, cv_value, ck_user, ct_change, cl_required) VALUES ('1385', '10', 'info', null, '10020785', '2018-07-09T00:00:00.000+0000', 0)  on conflict (ck_id) do update set ck_class = excluded.ck_class, ck_attr = excluded.ck_attr, cv_value = excluded.cv_value, ck_user = excluded.ck_user, ct_change = excluded.ct_change, cl_required = excluded.cl_required;
INSERT INTO s_mt.t_class_attr(ck_id, ck_class, ck_attr, cv_value, ck_user, ct_change, cl_required) VALUES ('678', '10', 'maxsize', '60', '10020785', '2018-07-09T00:00:00.000+0000', 0)  on conflict (ck_id) do update set ck_class = excluded.ck_class, ck_attr = excluded.ck_attr, cv_value = excluded.cv_value, ck_user = excluded.ck_user, ct_change = excluded.ct_change, cl_required = excluded.cl_required;
INSERT INTO s_mt.t_class_attr(ck_id, ck_class, ck_attr, cv_value, ck_user, ct_change, cl_required) VALUES ('1115', '10', 'maxvalue', null, '10020785', '2018-07-09T00:00:00.000+0000', 0)  on conflict (ck_id) do update set ck_class = excluded.ck_class, ck_attr = excluded.ck_attr, cv_value = excluded.cv_value, ck_user = excluded.ck_user, ct_change = excluded.ct_change, cl_required = excluded.cl_required;
INSERT INTO s_mt.t_class_attr(ck_id, ck_class, ck_attr, cv_value, ck_user, ct_change, cl_required) VALUES ('1114', '10', 'minvalue', '0', '10020785', '2018-07-09T00:00:00.000+0000', 0)  on conflict (ck_id) do update set ck_class = excluded.ck_class, ck_attr = excluded.ck_attr, cv_value = excluded.cv_value, ck_user = excluded.ck_user, ct_change = excluded.ct_change, cl_required = excluded.cl_required;
INSERT INTO s_mt.t_class_attr(ck_id, ck_class, ck_attr, cv_value, ck_user, ct_change, cl_required) VALUES ('679', '10', 'regexp', null, '10020785', '2018-07-09T00:00:00.000+0000', 0)  on conflict (ck_id) do update set ck_class = excluded.ck_class, ck_attr = excluded.ck_attr, cv_value = excluded.cv_value, ck_user = excluded.ck_user, ct_change = excluded.ct_change, cl_required = excluded.cl_required;
INSERT INTO s_mt.t_class_attr(ck_id, ck_class, ck_attr, cv_value, ck_user, ct_change, cl_required) VALUES ('454', '10', 'required', null, '10020785', '2018-07-09T00:00:00.000+0000', 0)  on conflict (ck_id) do update set ck_class = excluded.ck_class, ck_attr = excluded.ck_attr, cv_value = excluded.cv_value, ck_user = excluded.ck_user, ct_change = excluded.ct_change, cl_required = excluded.cl_required;
INSERT INTO s_mt.t_class_attr(ck_id, ck_class, ck_attr, cv_value, ck_user, ct_change, cl_required) VALUES ('43173', '10', 'requiredrules', null, '10028610', '2019-02-05T00:00:00.000+0000', 0)  on conflict (ck_id) do update set ck_class = excluded.ck_class, ck_attr = excluded.ck_attr, cv_value = excluded.cv_value, ck_user = excluded.ck_user, ct_change = excluded.ct_change, cl_required = excluded.cl_required;
INSERT INTO s_mt.t_class_attr(ck_id, ck_class, ck_attr, cv_value, ck_user, ct_change, cl_required) VALUES ('1206', '10', 'setglobal', null, '10020785', '2018-07-09T00:00:00.000+0000', 0)  on conflict (ck_id) do update set ck_class = excluded.ck_class, ck_attr = excluded.ck_attr, cv_value = excluded.cv_value, ck_user = excluded.ck_user, ct_change = excluded.ct_change, cl_required = excluded.cl_required;
INSERT INTO s_mt.t_class_attr(ck_id, ck_class, ck_attr, cv_value, ck_user, ct_change, cl_required) VALUES ('13179', '10', 'sortcolumn', null, '10020785', '2018-09-02T00:00:00.000+0000', 0)  on conflict (ck_id) do update set ck_class = excluded.ck_class, ck_attr = excluded.ck_attr, cv_value = excluded.cv_value, ck_user = excluded.ck_user, ct_change = excluded.ct_change, cl_required = excluded.cl_required;
INSERT INTO s_mt.t_class_attr(ck_id, ck_class, ck_attr, cv_value, ck_user, ct_change, cl_required) VALUES ('41173', '10', 'stylerules', null, '20780', '2019-01-28T00:00:00.000+0000', 0)  on conflict (ck_id) do update set ck_class = excluded.ck_class, ck_attr = excluded.ck_attr, cv_value = excluded.cv_value, ck_user = excluded.ck_user, ct_change = excluded.ct_change, cl_required = excluded.cl_required;
INSERT INTO s_mt.t_class_attr(ck_id, ck_class, ck_attr, cv_value, ck_user, ct_change, cl_required) VALUES ('1657', '10', 'thousandseparator', '.', '40025111', '2019-04-25T00:00:00.000+0000', 0)  on conflict (ck_id) do update set ck_class = excluded.ck_class, ck_attr = excluded.ck_attr, cv_value = excluded.cv_value, ck_user = excluded.ck_user, ct_change = excluded.ct_change, cl_required = excluded.cl_required;
INSERT INTO s_mt.t_class_attr(ck_id, ck_class, ck_attr, cv_value, ck_user, ct_change, cl_required) VALUES ('1084', '10', 'visibileinwindow', 'false', '10020785', '2018-07-09T00:00:00.000+0000', 0)  on conflict (ck_id) do update set ck_class = excluded.ck_class, ck_attr = excluded.ck_attr, cv_value = excluded.cv_value, ck_user = excluded.ck_user, ct_change = excluded.ct_change, cl_required = excluded.cl_required;
INSERT INTO s_mt.t_class_attr(ck_id, ck_class, ck_attr, cv_value, ck_user, ct_change, cl_required) VALUES ('436', '10', 'visible', 'true', '10020785', '2018-07-09T00:00:00.000+0000', 0)  on conflict (ck_id) do update set ck_class = excluded.ck_class, ck_attr = excluded.ck_attr, cv_value = excluded.cv_value, ck_user = excluded.ck_user, ct_change = excluded.ct_change, cl_required = excluded.cl_required;
INSERT INTO s_mt.t_class_attr(ck_id, ck_class, ck_attr, cv_value, ck_user, ct_change, cl_required) VALUES ('180', '10', 'width', null, '20848', '2018-12-02T00:00:00.000+0000', 0)  on conflict (ck_id) do update set ck_class = excluded.ck_class, ck_attr = excluded.ck_attr, cv_value = excluded.cv_value, ck_user = excluded.ck_user, ct_change = excluded.ct_change, cl_required = excluded.cl_required;
select pkg_patcher.p_clear_attr('10'::varchar, '["align","column","currencysign","datatype","decimalprecision","decimalseparator","defaultvalue","disabledrules","editmode","editors","getglobal","hiddenrules","info","maxsize","maxvalue","minvalue","regexp","required","requiredrules","setglobal","sortcolumn","stylerules","thousandseparator","visibileinwindow","visible","width"]'::jsonb);
INSERT INTO s_mt.t_class(ck_id, cv_name, cv_description, cl_final, cl_dataset, ck_user, ct_change) VALUES ('9', 'Column String', 'Колонка "Строка"', 0, 0, '-11', '2018-02-22T00:00:00.000+0000')  on conflict (ck_id) do update set cv_name = excluded.cv_name, cv_description = excluded.cv_description, cl_final = excluded.cl_final, cl_dataset = excluded.cl_dataset, ck_user = excluded.ck_user, ct_change = excluded.ct_change;
INSERT INTO s_mt.t_class_attr(ck_id, ck_class, ck_attr, cv_value, ck_user, ct_change, cl_required) VALUES ('597', '9', 'align', null, '10020848', '2018-09-20T00:00:00.000+0000', 0)  on conflict (ck_id) do update set ck_class = excluded.ck_class, ck_attr = excluded.ck_attr, cv_value = excluded.cv_value, ck_user = excluded.ck_user, ct_change = excluded.ct_change, cl_required = excluded.cl_required;
INSERT INTO s_mt.t_class_attr(ck_id, ck_class, ck_attr, cv_value, ck_user, ct_change, cl_required) VALUES ('47', '9', 'column', null, '10020785', '2018-07-09T00:00:00.000+0000', 0)  on conflict (ck_id) do update set ck_class = excluded.ck_class, ck_attr = excluded.ck_attr, cv_value = excluded.cv_value, ck_user = excluded.ck_user, ct_change = excluded.ct_change, cl_required = excluded.cl_required;
INSERT INTO s_mt.t_class_attr(ck_id, ck_class, ck_attr, cv_value, ck_user, ct_change, cl_required) VALUES ('1672', '9', 'columnsfilter', null, '10020785', '2018-09-26T00:00:00.000+0000', 0)  on conflict (ck_id) do update set ck_class = excluded.ck_class, ck_attr = excluded.ck_attr, cv_value = excluded.cv_value, ck_user = excluded.ck_user, ct_change = excluded.ct_change, cl_required = excluded.cl_required;
INSERT INTO s_mt.t_class_attr(ck_id, ck_class, ck_attr, cv_value, ck_user, ct_change, cl_required) VALUES ('1', '9', 'datatype', 'text', '10020785', '2018-07-09T00:00:00.000+0000', 1)  on conflict (ck_id) do update set ck_class = excluded.ck_class, ck_attr = excluded.ck_attr, cv_value = excluded.cv_value, ck_user = excluded.ck_user, ct_change = excluded.ct_change, cl_required = excluded.cl_required;
INSERT INTO s_mt.t_class_attr(ck_id, ck_class, ck_attr, cv_value, ck_user, ct_change, cl_required) VALUES ('09FB15AEAA9449E48B22DC867E6B11BC', '9', 'defaultvalue', null, '1', '2019-08-30T00:00:00.000+0000', 0)  on conflict (ck_id) do update set ck_class = excluded.ck_class, ck_attr = excluded.ck_attr, cv_value = excluded.cv_value, ck_user = excluded.ck_user, ct_change = excluded.ct_change, cl_required = excluded.cl_required;
INSERT INTO s_mt.t_class_attr(ck_id, ck_class, ck_attr, cv_value, ck_user, ct_change, cl_required) VALUES ('1237', '9', 'disabledrules', null, '10020785', '2018-07-09T00:00:00.000+0000', 0)  on conflict (ck_id) do update set ck_class = excluded.ck_class, ck_attr = excluded.ck_attr, cv_value = excluded.cv_value, ck_user = excluded.ck_user, ct_change = excluded.ct_change, cl_required = excluded.cl_required;
INSERT INTO s_mt.t_class_attr(ck_id, ck_class, ck_attr, cv_value, ck_user, ct_change, cl_required) VALUES ('433', '9', 'editmode', 'all', '10020785', '2018-07-09T00:00:00.000+0000', 0)  on conflict (ck_id) do update set ck_class = excluded.ck_class, ck_attr = excluded.ck_attr, cv_value = excluded.cv_value, ck_user = excluded.ck_user, ct_change = excluded.ct_change, cl_required = excluded.cl_required;
INSERT INTO s_mt.t_class_attr(ck_id, ck_class, ck_attr, cv_value, ck_user, ct_change, cl_required) VALUES ('39', '9', 'editors', null, '10020785', '2018-07-09T00:00:00.000+0000', 1)  on conflict (ck_id) do update set ck_class = excluded.ck_class, ck_attr = excluded.ck_attr, cv_value = excluded.cv_value, ck_user = excluded.ck_user, ct_change = excluded.ct_change, cl_required = excluded.cl_required;
INSERT INTO s_mt.t_class_attr(ck_id, ck_class, ck_attr, cv_value, ck_user, ct_change, cl_required) VALUES ('1175', '9', 'getglobal', null, '10020785', '2018-07-09T00:00:00.000+0000', 0)  on conflict (ck_id) do update set ck_class = excluded.ck_class, ck_attr = excluded.ck_attr, cv_value = excluded.cv_value, ck_user = excluded.ck_user, ct_change = excluded.ct_change, cl_required = excluded.cl_required;
INSERT INTO s_mt.t_class_attr(ck_id, ck_class, ck_attr, cv_value, ck_user, ct_change, cl_required) VALUES ('1281', '9', 'hiddenrules', null, '10020785', '2018-07-09T00:00:00.000+0000', 0)  on conflict (ck_id) do update set ck_class = excluded.ck_class, ck_attr = excluded.ck_attr, cv_value = excluded.cv_value, ck_user = excluded.ck_user, ct_change = excluded.ct_change, cl_required = excluded.cl_required;
INSERT INTO s_mt.t_class_attr(ck_id, ck_class, ck_attr, cv_value, ck_user, ct_change, cl_required) VALUES ('658', '9', 'imask', null, '10020785', '2018-07-09T00:00:00.000+0000', 0)  on conflict (ck_id) do update set ck_class = excluded.ck_class, ck_attr = excluded.ck_attr, cv_value = excluded.cv_value, ck_user = excluded.ck_user, ct_change = excluded.ct_change, cl_required = excluded.cl_required;
INSERT INTO s_mt.t_class_attr(ck_id, ck_class, ck_attr, cv_value, ck_user, ct_change, cl_required) VALUES ('1384', '9', 'info', null, '10020785', '2018-07-09T00:00:00.000+0000', 0)  on conflict (ck_id) do update set ck_class = excluded.ck_class, ck_attr = excluded.ck_attr, cv_value = excluded.cv_value, ck_user = excluded.ck_user, ct_change = excluded.ct_change, cl_required = excluded.cl_required;
INSERT INTO s_mt.t_class_attr(ck_id, ck_class, ck_attr, cv_value, ck_user, ct_change, cl_required) VALUES ('662', '9', 'maxsize', '4000', '10020785', '2018-07-09T00:00:00.000+0000', 0)  on conflict (ck_id) do update set ck_class = excluded.ck_class, ck_attr = excluded.ck_attr, cv_value = excluded.cv_value, ck_user = excluded.ck_user, ct_change = excluded.ct_change, cl_required = excluded.cl_required;
INSERT INTO s_mt.t_class_attr(ck_id, ck_class, ck_attr, cv_value, ck_user, ct_change, cl_required) VALUES ('1671', '9', 'redirecturl', null, '10020785', '2018-09-02T00:00:00.000+0000', 0)  on conflict (ck_id) do update set ck_class = excluded.ck_class, ck_attr = excluded.ck_attr, cv_value = excluded.cv_value, ck_user = excluded.ck_user, ct_change = excluded.ct_change, cl_required = excluded.cl_required;
INSERT INTO s_mt.t_class_attr(ck_id, ck_class, ck_attr, cv_value, ck_user, ct_change, cl_required) VALUES ('663', '9', 'regexp', null, '10020785', '2018-07-09T00:00:00.000+0000', 0)  on conflict (ck_id) do update set ck_class = excluded.ck_class, ck_attr = excluded.ck_attr, cv_value = excluded.cv_value, ck_user = excluded.ck_user, ct_change = excluded.ct_change, cl_required = excluded.cl_required;
INSERT INTO s_mt.t_class_attr(ck_id, ck_class, ck_attr, cv_value, ck_user, ct_change, cl_required) VALUES ('453', '9', 'required', null, '10020785', '2018-07-09T00:00:00.000+0000', 0)  on conflict (ck_id) do update set ck_class = excluded.ck_class, ck_attr = excluded.ck_attr, cv_value = excluded.cv_value, ck_user = excluded.ck_user, ct_change = excluded.ct_change, cl_required = excluded.cl_required;
INSERT INTO s_mt.t_class_attr(ck_id, ck_class, ck_attr, cv_value, ck_user, ct_change, cl_required) VALUES ('43174', '9', 'requiredrules', null, '10028610', '2019-02-05T00:00:00.000+0000', 0)  on conflict (ck_id) do update set ck_class = excluded.ck_class, ck_attr = excluded.ck_attr, cv_value = excluded.cv_value, ck_user = excluded.ck_user, ct_change = excluded.ct_change, cl_required = excluded.cl_required;
INSERT INTO s_mt.t_class_attr(ck_id, ck_class, ck_attr, cv_value, ck_user, ct_change, cl_required) VALUES ('1205', '9', 'setglobal', null, '10020785', '2018-07-09T00:00:00.000+0000', 0)  on conflict (ck_id) do update set ck_class = excluded.ck_class, ck_attr = excluded.ck_attr, cv_value = excluded.cv_value, ck_user = excluded.ck_user, ct_change = excluded.ct_change, cl_required = excluded.cl_required;
INSERT INTO s_mt.t_class_attr(ck_id, ck_class, ck_attr, cv_value, ck_user, ct_change, cl_required) VALUES ('13180', '9', 'sortcolumn', null, '10020785', '2018-09-02T00:00:00.000+0000', 0)  on conflict (ck_id) do update set ck_class = excluded.ck_class, ck_attr = excluded.ck_attr, cv_value = excluded.cv_value, ck_user = excluded.ck_user, ct_change = excluded.ct_change, cl_required = excluded.cl_required;
INSERT INTO s_mt.t_class_attr(ck_id, ck_class, ck_attr, cv_value, ck_user, ct_change, cl_required) VALUES ('36180', '9', 'stylerules', null, '20785', '2018-12-13T00:00:00.000+0000', 0)  on conflict (ck_id) do update set ck_class = excluded.ck_class, ck_attr = excluded.ck_attr, cv_value = excluded.cv_value, ck_user = excluded.ck_user, ct_change = excluded.ct_change, cl_required = excluded.cl_required;
INSERT INTO s_mt.t_class_attr(ck_id, ck_class, ck_attr, cv_value, ck_user, ct_change, cl_required) VALUES ('1085', '9', 'visibileinwindow', 'false', '10020785', '2018-07-09T00:00:00.000+0000', 0)  on conflict (ck_id) do update set ck_class = excluded.ck_class, ck_attr = excluded.ck_attr, cv_value = excluded.cv_value, ck_user = excluded.ck_user, ct_change = excluded.ct_change, cl_required = excluded.cl_required;
INSERT INTO s_mt.t_class_attr(ck_id, ck_class, ck_attr, cv_value, ck_user, ct_change, cl_required) VALUES ('434', '9', 'visible', 'true', '10020785', '2018-07-09T00:00:00.000+0000', 0)  on conflict (ck_id) do update set ck_class = excluded.ck_class, ck_attr = excluded.ck_attr, cv_value = excluded.cv_value, ck_user = excluded.ck_user, ct_change = excluded.ct_change, cl_required = excluded.cl_required;
INSERT INTO s_mt.t_class_attr(ck_id, ck_class, ck_attr, cv_value, ck_user, ct_change, cl_required) VALUES ('179', '9', 'width', null, '10020785', '2018-07-09T00:00:00.000+0000', 0)  on conflict (ck_id) do update set ck_class = excluded.ck_class, ck_attr = excluded.ck_attr, cv_value = excluded.cv_value, ck_user = excluded.ck_user, ct_change = excluded.ct_change, cl_required = excluded.cl_required;
select pkg_patcher.p_clear_attr('9'::varchar, '["align","column","columnsfilter","datatype","defaultvalue","disabledrules","editmode","editors","getglobal","hiddenrules","imask","info","maxsize","redirecturl","regexp","required","requiredrules","setglobal","sortcolumn","stylerules","visibileinwindow","visible","width"]'::jsonb);
INSERT INTO s_mt.t_class(ck_id, cv_name, cv_description, cl_final, cl_dataset, ck_user, ct_change) VALUES ('17', 'Column Tree', 'Колонка "Дерево"', 0, 0, '-11', '2018-02-22T00:00:00.000+0000')  on conflict (ck_id) do update set cv_name = excluded.cv_name, cv_description = excluded.cv_description, cl_final = excluded.cl_final, cl_dataset = excluded.cl_dataset, ck_user = excluded.ck_user, ct_change = excluded.ct_change;
INSERT INTO s_mt.t_class_attr(ck_id, ck_class, ck_attr, cv_value, ck_user, ct_change, cl_required) VALUES ('52', '17', 'column', null, '10020785', '2018-07-09T00:00:00.000+0000', 0)  on conflict (ck_id) do update set ck_class = excluded.ck_class, ck_attr = excluded.ck_attr, cv_value = excluded.cv_value, ck_user = excluded.ck_user, ct_change = excluded.ct_change, cl_required = excluded.cl_required;
INSERT INTO s_mt.t_class_attr(ck_id, ck_class, ck_attr, cv_value, ck_user, ct_change, cl_required) VALUES ('712', '17', 'datatype', 'text', '10020785', '2018-07-09T00:00:00.000+0000', 1)  on conflict (ck_id) do update set ck_class = excluded.ck_class, ck_attr = excluded.ck_attr, cv_value = excluded.cv_value, ck_user = excluded.ck_user, ct_change = excluded.ct_change, cl_required = excluded.cl_required;
INSERT INTO s_mt.t_class_attr(ck_id, ck_class, ck_attr, cv_value, ck_user, ct_change, cl_required) VALUES ('1242', '17', 'disabledrules', null, '10020785', '2018-07-09T00:00:00.000+0000', 0)  on conflict (ck_id) do update set ck_class = excluded.ck_class, ck_attr = excluded.ck_attr, cv_value = excluded.cv_value, ck_user = excluded.ck_user, ct_change = excluded.ct_change, cl_required = excluded.cl_required;
INSERT INTO s_mt.t_class_attr(ck_id, ck_class, ck_attr, cv_value, ck_user, ct_change, cl_required) VALUES ('431', '17', 'editmode', 'all', '10020785', '2018-07-09T00:00:00.000+0000', 0)  on conflict (ck_id) do update set ck_class = excluded.ck_class, ck_attr = excluded.ck_attr, cv_value = excluded.cv_value, ck_user = excluded.ck_user, ct_change = excluded.ct_change, cl_required = excluded.cl_required;
INSERT INTO s_mt.t_class_attr(ck_id, ck_class, ck_attr, cv_value, ck_user, ct_change, cl_required) VALUES ('524', '17', 'editors', null, '10020785', '2018-07-09T00:00:00.000+0000', 1)  on conflict (ck_id) do update set ck_class = excluded.ck_class, ck_attr = excluded.ck_attr, cv_value = excluded.cv_value, ck_user = excluded.ck_user, ct_change = excluded.ct_change, cl_required = excluded.cl_required;
INSERT INTO s_mt.t_class_attr(ck_id, ck_class, ck_attr, cv_value, ck_user, ct_change, cl_required) VALUES ('1180', '17', 'getglobal', null, '10020785', '2018-07-09T00:00:00.000+0000', 0)  on conflict (ck_id) do update set ck_class = excluded.ck_class, ck_attr = excluded.ck_attr, cv_value = excluded.cv_value, ck_user = excluded.ck_user, ct_change = excluded.ct_change, cl_required = excluded.cl_required;
INSERT INTO s_mt.t_class_attr(ck_id, ck_class, ck_attr, cv_value, ck_user, ct_change, cl_required) VALUES ('1286', '17', 'hiddenrules', null, '10020785', '2018-07-09T00:00:00.000+0000', 0)  on conflict (ck_id) do update set ck_class = excluded.ck_class, ck_attr = excluded.ck_attr, cv_value = excluded.cv_value, ck_user = excluded.ck_user, ct_change = excluded.ct_change, cl_required = excluded.cl_required;
INSERT INTO s_mt.t_class_attr(ck_id, ck_class, ck_attr, cv_value, ck_user, ct_change, cl_required) VALUES ('1389', '17', 'info', null, '10020785', '2018-07-09T00:00:00.000+0000', 0)  on conflict (ck_id) do update set ck_class = excluded.ck_class, ck_attr = excluded.ck_attr, cv_value = excluded.cv_value, ck_user = excluded.ck_user, ct_change = excluded.ct_change, cl_required = excluded.cl_required;
INSERT INTO s_mt.t_class_attr(ck_id, ck_class, ck_attr, cv_value, ck_user, ct_change, cl_required) VALUES ('36', '17', 'istree', 'true', '10020785', '2018-07-09T00:00:00.000+0000', 0)  on conflict (ck_id) do update set ck_class = excluded.ck_class, ck_attr = excluded.ck_attr, cv_value = excluded.cv_value, ck_user = excluded.ck_user, ct_change = excluded.ct_change, cl_required = excluded.cl_required;
INSERT INTO s_mt.t_class_attr(ck_id, ck_class, ck_attr, cv_value, ck_user, ct_change, cl_required) VALUES ('702', '17', 'maxsize', null, '10020785', '2018-07-09T00:00:00.000+0000', 0)  on conflict (ck_id) do update set ck_class = excluded.ck_class, ck_attr = excluded.ck_attr, cv_value = excluded.cv_value, ck_user = excluded.ck_user, ct_change = excluded.ct_change, cl_required = excluded.cl_required;
INSERT INTO s_mt.t_class_attr(ck_id, ck_class, ck_attr, cv_value, ck_user, ct_change, cl_required) VALUES ('703', '17', 'regexp', null, '10020785', '2018-07-09T00:00:00.000+0000', 0)  on conflict (ck_id) do update set ck_class = excluded.ck_class, ck_attr = excluded.ck_attr, cv_value = excluded.cv_value, ck_user = excluded.ck_user, ct_change = excluded.ct_change, cl_required = excluded.cl_required;
INSERT INTO s_mt.t_class_attr(ck_id, ck_class, ck_attr, cv_value, ck_user, ct_change, cl_required) VALUES ('452', '17', 'required', null, '10020785', '2018-07-09T00:00:00.000+0000', 0)  on conflict (ck_id) do update set ck_class = excluded.ck_class, ck_attr = excluded.ck_attr, cv_value = excluded.cv_value, ck_user = excluded.ck_user, ct_change = excluded.ct_change, cl_required = excluded.cl_required;
INSERT INTO s_mt.t_class_attr(ck_id, ck_class, ck_attr, cv_value, ck_user, ct_change, cl_required) VALUES ('43175', '17', 'requiredrules', null, '10028610', '2019-02-05T00:00:00.000+0000', 0)  on conflict (ck_id) do update set ck_class = excluded.ck_class, ck_attr = excluded.ck_attr, cv_value = excluded.cv_value, ck_user = excluded.ck_user, ct_change = excluded.ct_change, cl_required = excluded.cl_required;
INSERT INTO s_mt.t_class_attr(ck_id, ck_class, ck_attr, cv_value, ck_user, ct_change, cl_required) VALUES ('1210', '17', 'setglobal', null, '10020785', '2018-07-09T00:00:00.000+0000', 0)  on conflict (ck_id) do update set ck_class = excluded.ck_class, ck_attr = excluded.ck_attr, cv_value = excluded.cv_value, ck_user = excluded.ck_user, ct_change = excluded.ct_change, cl_required = excluded.cl_required;
INSERT INTO s_mt.t_class_attr(ck_id, ck_class, ck_attr, cv_value, ck_user, ct_change, cl_required) VALUES ('13181', '17', 'sortcolumn', null, '10020785', '2018-09-02T00:00:00.000+0000', 0)  on conflict (ck_id) do update set ck_class = excluded.ck_class, ck_attr = excluded.ck_attr, cv_value = excluded.cv_value, ck_user = excluded.ck_user, ct_change = excluded.ct_change, cl_required = excluded.cl_required;
INSERT INTO s_mt.t_class_attr(ck_id, ck_class, ck_attr, cv_value, ck_user, ct_change, cl_required) VALUES ('41174', '17', 'stylerules', null, '20780', '2019-01-28T00:00:00.000+0000', 0)  on conflict (ck_id) do update set ck_class = excluded.ck_class, ck_attr = excluded.ck_attr, cv_value = excluded.cv_value, ck_user = excluded.ck_user, ct_change = excluded.ct_change, cl_required = excluded.cl_required;
INSERT INTO s_mt.t_class_attr(ck_id, ck_class, ck_attr, cv_value, ck_user, ct_change, cl_required) VALUES ('1086', '17', 'visibileinwindow', 'false', '10020785', '2018-07-09T00:00:00.000+0000', 0)  on conflict (ck_id) do update set ck_class = excluded.ck_class, ck_attr = excluded.ck_attr, cv_value = excluded.cv_value, ck_user = excluded.ck_user, ct_change = excluded.ct_change, cl_required = excluded.cl_required;
INSERT INTO s_mt.t_class_attr(ck_id, ck_class, ck_attr, cv_value, ck_user, ct_change, cl_required) VALUES ('432', '17', 'visible', 'true', '10020785', '2018-07-09T00:00:00.000+0000', 0)  on conflict (ck_id) do update set ck_class = excluded.ck_class, ck_attr = excluded.ck_attr, cv_value = excluded.cv_value, ck_user = excluded.ck_user, ct_change = excluded.ct_change, cl_required = excluded.cl_required;
INSERT INTO s_mt.t_class_attr(ck_id, ck_class, ck_attr, cv_value, ck_user, ct_change, cl_required) VALUES ('184', '17', 'width', null, '10020785', '2018-07-09T00:00:00.000+0000', 0)  on conflict (ck_id) do update set ck_class = excluded.ck_class, ck_attr = excluded.ck_attr, cv_value = excluded.cv_value, ck_user = excluded.ck_user, ct_change = excluded.ct_change, cl_required = excluded.cl_required;
select pkg_patcher.p_clear_attr('17'::varchar, '["column","datatype","disabledrules","editmode","editors","getglobal","hiddenrules","info","istree","maxsize","regexp","required","requiredrules","setglobal","sortcolumn","stylerules","visibileinwindow","visible","width"]'::jsonb);
INSERT INTO s_mt.t_class(ck_id, cv_name, cv_description, cl_final, cl_dataset, ck_user, ct_change) VALUES ('438', 'Component Dynamic', 'Системный компонент для доступа к динамической панели', 0, 1, '10020786', '2018-04-05T00:00:00.000+0000')  on conflict (ck_id) do update set cv_name = excluded.cv_name, cv_description = excluded.cv_description, cl_final = excluded.cl_final, cl_dataset = excluded.cl_dataset, ck_user = excluded.ck_user, ct_change = excluded.ct_change;
INSERT INTO s_mt.t_class_attr(ck_id, ck_class, ck_attr, cv_value, ck_user, ct_change, cl_required) VALUES ('1976', '438', 'column', null, '10020785', '2018-07-09T00:00:00.000+0000', 0)  on conflict (ck_id) do update set ck_class = excluded.ck_class, ck_attr = excluded.ck_attr, cv_value = excluded.cv_value, ck_user = excluded.ck_user, ct_change = excluded.ct_change, cl_required = excluded.cl_required;
INSERT INTO s_mt.t_class_attr(ck_id, ck_class, ck_attr, cv_value, ck_user, ct_change, cl_required) VALUES ('1980', '438', 'disabledrules', null, '10020785', '2018-07-09T00:00:00.000+0000', 0)  on conflict (ck_id) do update set ck_class = excluded.ck_class, ck_attr = excluded.ck_attr, cv_value = excluded.cv_value, ck_user = excluded.ck_user, ct_change = excluded.ct_change, cl_required = excluded.cl_required;
INSERT INTO s_mt.t_class_attr(ck_id, ck_class, ck_attr, cv_value, ck_user, ct_change, cl_required) VALUES ('1978', '438', 'getglobal', null, '10020785', '2018-07-09T00:00:00.000+0000', 0)  on conflict (ck_id) do update set ck_class = excluded.ck_class, ck_attr = excluded.ck_attr, cv_value = excluded.cv_value, ck_user = excluded.ck_user, ct_change = excluded.ct_change, cl_required = excluded.cl_required;
INSERT INTO s_mt.t_class_attr(ck_id, ck_class, ck_attr, cv_value, ck_user, ct_change, cl_required) VALUES ('1981', '438', 'getglobaltostore', null, '10020785', '2018-07-09T00:00:00.000+0000', 0)  on conflict (ck_id) do update set ck_class = excluded.ck_class, ck_attr = excluded.ck_attr, cv_value = excluded.cv_value, ck_user = excluded.ck_user, ct_change = excluded.ct_change, cl_required = excluded.cl_required;
INSERT INTO s_mt.t_class_attr(ck_id, ck_class, ck_attr, cv_value, ck_user, ct_change, cl_required) VALUES ('1979', '438', 'hiddenrules', null, '10020785', '2018-07-09T00:00:00.000+0000', 0)  on conflict (ck_id) do update set ck_class = excluded.ck_class, ck_attr = excluded.ck_attr, cv_value = excluded.cv_value, ck_user = excluded.ck_user, ct_change = excluded.ct_change, cl_required = excluded.cl_required;
INSERT INTO s_mt.t_class_attr(ck_id, ck_class, ck_attr, cv_value, ck_user, ct_change, cl_required) VALUES ('10195', '438', 'readonlyrules', null, '10020785', '2018-09-02T00:00:00.000+0000', 0)  on conflict (ck_id) do update set ck_class = excluded.ck_class, ck_attr = excluded.ck_attr, cv_value = excluded.cv_value, ck_user = excluded.ck_user, ct_change = excluded.ct_change, cl_required = excluded.cl_required;
INSERT INTO s_mt.t_class_attr(ck_id, ck_class, ck_attr, cv_value, ck_user, ct_change, cl_required) VALUES ('1977', '438', 'setglobal', null, '10020785', '2018-07-09T00:00:00.000+0000', 0)  on conflict (ck_id) do update set ck_class = excluded.ck_class, ck_attr = excluded.ck_attr, cv_value = excluded.cv_value, ck_user = excluded.ck_user, ct_change = excluded.ct_change, cl_required = excluded.cl_required;
select pkg_patcher.p_clear_attr('438'::varchar, '["column","disabledrules","getglobal","getglobaltostore","hiddenrules","readonlyrules","setglobal"]'::jsonb);
INSERT INTO s_mt.t_class(ck_id, cv_name, cv_description, cl_final, cl_dataset, ck_user, ct_change) VALUES ('4457', 'Empty Space', 'Пустое пространство (для выравнивания элементов)', 1, 0, '4fd05ca9-3a9e-4d66-82df-886dfa082113', '2019-10-31T00:00:00.000+0000')  on conflict (ck_id) do update set cv_name = excluded.cv_name, cv_description = excluded.cv_description, cl_final = excluded.cl_final, cl_dataset = excluded.cl_dataset, ck_user = excluded.ck_user, ct_change = excluded.ct_change;
INSERT INTO s_mt.t_class_attr(ck_id, ck_class, ck_attr, cv_value, ck_user, ct_change, cl_required) VALUES ('26170', '4457', 'hiddenrules', null, '10020785', '2018-10-07T00:00:00.000+0000', 0)  on conflict (ck_id) do update set ck_class = excluded.ck_class, ck_attr = excluded.ck_attr, cv_value = excluded.cv_value, ck_user = excluded.ck_user, ct_change = excluded.ct_change, cl_required = excluded.cl_required;
INSERT INTO s_mt.t_class_attr(ck_id, ck_class, ck_attr, cv_value, ck_user, ct_change, cl_required) VALUES ('26172', '4457', 'type', 'EMPTY_SPACE', '10020785', '2018-10-07T00:00:00.000+0000', 1)  on conflict (ck_id) do update set ck_class = excluded.ck_class, ck_attr = excluded.ck_attr, cv_value = excluded.cv_value, ck_user = excluded.ck_user, ct_change = excluded.ct_change, cl_required = excluded.cl_required;
INSERT INTO s_mt.t_class_attr(ck_id, ck_class, ck_attr, cv_value, ck_user, ct_change, cl_required) VALUES ('26169', '4457', 'width', null, '10020785', '2018-10-07T00:00:00.000+0000', 0)  on conflict (ck_id) do update set ck_class = excluded.ck_class, ck_attr = excluded.ck_attr, cv_value = excluded.cv_value, ck_user = excluded.ck_user, ct_change = excluded.ct_change, cl_required = excluded.cl_required;
select pkg_patcher.p_clear_attr('4457'::varchar, '["hiddenrules","type","width"]'::jsonb);
INSERT INTO s_mt.t_class(ck_id, cv_name, cv_description, cl_final, cl_dataset, ck_user, ct_change) VALUES ('C0D39ADC290C40B3AF7AB27171051C9F', 'Favorite Pages', 'Избранные страницы', 1, 0, '4fd05ca9-3a9e-4d66-82df-886dfa082113', '2019-10-23T00:00:00.000+0000')  on conflict (ck_id) do update set cv_name = excluded.cv_name, cv_description = excluded.cv_description, cl_final = excluded.cl_final, cl_dataset = excluded.cl_dataset, ck_user = excluded.ck_user, ct_change = excluded.ct_change;
INSERT INTO s_mt.t_class_attr(ck_id, ck_class, ck_attr, cv_value, ck_user, ct_change, cl_required) VALUES ('CA6124CDA9F74EFE88BFBD95FBF3941B', 'C0D39ADC290C40B3AF7AB27171051C9F', 'type', 'FAVORITE_PAGES', '4fd05ca9-3a9e-4d66-82df-886dfa082113', '2019-10-23T00:00:00.000+0000', 1)  on conflict (ck_id) do update set ck_class = excluded.ck_class, ck_attr = excluded.ck_attr, cv_value = excluded.cv_value, ck_user = excluded.ck_user, ct_change = excluded.ct_change, cl_required = excluded.cl_required;
select pkg_patcher.p_clear_attr('C0D39ADC290C40B3AF7AB27171051C9F'::varchar, '["type"]'::jsonb);
INSERT INTO s_mt.t_class(ck_id, cv_name, cv_description, cl_final, cl_dataset, ck_user, ct_change) VALUES ('29', 'Field Checkbox', 'Поле "Флаг"', 0, 0, '-11', '2018-02-22T00:00:00.000+0000')  on conflict (ck_id) do update set cv_name = excluded.cv_name, cv_description = excluded.cv_description, cl_final = excluded.cl_final, cl_dataset = excluded.cl_dataset, ck_user = excluded.ck_user, ct_change = excluded.ct_change;
INSERT INTO s_mt.t_class_attr(ck_id, ck_class, ck_attr, cv_value, ck_user, ct_change, cl_required) VALUES ('94', '29', 'column', null, '10020788', '2018-06-02T00:00:00.000+0000', 0)  on conflict (ck_id) do update set ck_class = excluded.ck_class, ck_attr = excluded.ck_attr, cv_value = excluded.cv_value, ck_user = excluded.ck_user, ct_change = excluded.ct_change, cl_required = excluded.cl_required;
INSERT INTO s_mt.t_class_attr(ck_id, ck_class, ck_attr, cv_value, ck_user, ct_change, cl_required) VALUES ('101', '29', 'datatype', 'checkbox', '10020785', '2018-03-22T00:00:00.000+0000', 1)  on conflict (ck_id) do update set ck_class = excluded.ck_class, ck_attr = excluded.ck_attr, cv_value = excluded.cv_value, ck_user = excluded.ck_user, ct_change = excluded.ct_change, cl_required = excluded.cl_required;
INSERT INTO s_mt.t_class_attr(ck_id, ck_class, ck_attr, cv_value, ck_user, ct_change, cl_required) VALUES ('869', '29', 'defaultvalue', null, '10020785', '2018-03-28T00:00:00.000+0000', 0)  on conflict (ck_id) do update set ck_class = excluded.ck_class, ck_attr = excluded.ck_attr, cv_value = excluded.cv_value, ck_user = excluded.ck_user, ct_change = excluded.ct_change, cl_required = excluded.cl_required;
INSERT INTO s_mt.t_class_attr(ck_id, ck_class, ck_attr, cv_value, ck_user, ct_change, cl_required) VALUES ('883', '29', 'disabled', null, '10020785', '2018-07-09T00:00:00.000+0000', 0)  on conflict (ck_id) do update set ck_class = excluded.ck_class, ck_attr = excluded.ck_attr, cv_value = excluded.cv_value, ck_user = excluded.ck_user, ct_change = excluded.ct_change, cl_required = excluded.cl_required;
INSERT INTO s_mt.t_class_attr(ck_id, ck_class, ck_attr, cv_value, ck_user, ct_change, cl_required) VALUES ('1253', '29', 'disabledrules', null, '10020785', '2018-07-09T00:00:00.000+0000', 0)  on conflict (ck_id) do update set ck_class = excluded.ck_class, ck_attr = excluded.ck_attr, cv_value = excluded.cv_value, ck_user = excluded.ck_user, ct_change = excluded.ct_change, cl_required = excluded.cl_required;
INSERT INTO s_mt.t_class_attr(ck_id, ck_class, ck_attr, cv_value, ck_user, ct_change, cl_required) VALUES ('40171', '29', 'editmode', null, '20785', '2019-01-24T00:00:00.000+0000', 0)  on conflict (ck_id) do update set ck_class = excluded.ck_class, ck_attr = excluded.ck_attr, cv_value = excluded.cv_value, ck_user = excluded.ck_user, ct_change = excluded.ct_change, cl_required = excluded.cl_required;
INSERT INTO s_mt.t_class_attr(ck_id, ck_class, ck_attr, cv_value, ck_user, ct_change, cl_required) VALUES ('1163', '29', 'getglobal', null, '10020785', '2018-07-09T00:00:00.000+0000', 0)  on conflict (ck_id) do update set ck_class = excluded.ck_class, ck_attr = excluded.ck_attr, cv_value = excluded.cv_value, ck_user = excluded.ck_user, ct_change = excluded.ct_change, cl_required = excluded.cl_required;
INSERT INTO s_mt.t_class_attr(ck_id, ck_class, ck_attr, cv_value, ck_user, ct_change, cl_required) VALUES ('884', '29', 'hidden', null, '10020785', '2018-07-09T00:00:00.000+0000', 0)  on conflict (ck_id) do update set ck_class = excluded.ck_class, ck_attr = excluded.ck_attr, cv_value = excluded.cv_value, ck_user = excluded.ck_user, ct_change = excluded.ct_change, cl_required = excluded.cl_required;
INSERT INTO s_mt.t_class_attr(ck_id, ck_class, ck_attr, cv_value, ck_user, ct_change, cl_required) VALUES ('1297', '29', 'hiddenrules', null, '10020785', '2018-07-09T00:00:00.000+0000', 0)  on conflict (ck_id) do update set ck_class = excluded.ck_class, ck_attr = excluded.ck_attr, cv_value = excluded.cv_value, ck_user = excluded.ck_user, ct_change = excluded.ct_change, cl_required = excluded.cl_required;
INSERT INTO s_mt.t_class_attr(ck_id, ck_class, ck_attr, cv_value, ck_user, ct_change, cl_required) VALUES ('1373', '29', 'info', null, '10020785', '2018-07-09T00:00:00.000+0000', 0)  on conflict (ck_id) do update set ck_class = excluded.ck_class, ck_attr = excluded.ck_attr, cv_value = excluded.cv_value, ck_user = excluded.ck_user, ct_change = excluded.ct_change, cl_required = excluded.cl_required;
INSERT INTO s_mt.t_class_attr(ck_id, ck_class, ck_attr, cv_value, ck_user, ct_change, cl_required) VALUES ('95', '29', 'maxsize', null, '10020785', '2018-07-09T00:00:00.000+0000', 0)  on conflict (ck_id) do update set ck_class = excluded.ck_class, ck_attr = excluded.ck_attr, cv_value = excluded.cv_value, ck_user = excluded.ck_user, ct_change = excluded.ct_change, cl_required = excluded.cl_required;
INSERT INTO s_mt.t_class_attr(ck_id, ck_class, ck_attr, cv_value, ck_user, ct_change, cl_required) VALUES ('96', '29', 'regexp', null, '10020785', '2018-07-09T00:00:00.000+0000', 0)  on conflict (ck_id) do update set ck_class = excluded.ck_class, ck_attr = excluded.ck_attr, cv_value = excluded.cv_value, ck_user = excluded.ck_user, ct_change = excluded.ct_change, cl_required = excluded.cl_required;
INSERT INTO s_mt.t_class_attr(ck_id, ck_class, ck_attr, cv_value, ck_user, ct_change, cl_required) VALUES ('1012', '29', 'reqsel', null, '10020785', '2018-09-26T00:00:00.000+0000', 0)  on conflict (ck_id) do update set ck_class = excluded.ck_class, ck_attr = excluded.ck_attr, cv_value = excluded.cv_value, ck_user = excluded.ck_user, ct_change = excluded.ct_change, cl_required = excluded.cl_required;
INSERT INTO s_mt.t_class_attr(ck_id, ck_class, ck_attr, cv_value, ck_user, ct_change, cl_required) VALUES ('97', '29', 'required', null, '10020785', '2018-03-23T00:00:00.000+0000', 0)  on conflict (ck_id) do update set ck_class = excluded.ck_class, ck_attr = excluded.ck_attr, cv_value = excluded.cv_value, ck_user = excluded.ck_user, ct_change = excluded.ct_change, cl_required = excluded.cl_required;
INSERT INTO s_mt.t_class_attr(ck_id, ck_class, ck_attr, cv_value, ck_user, ct_change, cl_required) VALUES ('43176', '29', 'requiredrules', null, '10028610', '2019-02-05T00:00:00.000+0000', 0)  on conflict (ck_id) do update set ck_class = excluded.ck_class, ck_attr = excluded.ck_attr, cv_value = excluded.cv_value, ck_user = excluded.ck_user, ct_change = excluded.ct_change, cl_required = excluded.cl_required;
INSERT INTO s_mt.t_class_attr(ck_id, ck_class, ck_attr, cv_value, ck_user, ct_change, cl_required) VALUES ('1193', '29', 'setglobal', null, '10020785', '2018-09-02T00:00:00.000+0000', 0)  on conflict (ck_id) do update set ck_class = excluded.ck_class, ck_attr = excluded.ck_attr, cv_value = excluded.cv_value, ck_user = excluded.ck_user, ct_change = excluded.ct_change, cl_required = excluded.cl_required;
INSERT INTO s_mt.t_class_attr(ck_id, ck_class, ck_attr, cv_value, ck_user, ct_change, cl_required) VALUES ('100', '29', 'type', 'IFIELD', '10020785', '2018-03-23T00:00:00.000+0000', 1)  on conflict (ck_id) do update set ck_class = excluded.ck_class, ck_attr = excluded.ck_attr, cv_value = excluded.cv_value, ck_user = excluded.ck_user, ct_change = excluded.ct_change, cl_required = excluded.cl_required;
INSERT INTO s_mt.t_class_attr(ck_id, ck_class, ck_attr, cv_value, ck_user, ct_change, cl_required) VALUES ('1069', '29', 'visibileinwindow', 'false', '10020785', '2018-07-09T00:00:00.000+0000', 0)  on conflict (ck_id) do update set ck_class = excluded.ck_class, ck_attr = excluded.ck_attr, cv_value = excluded.cv_value, ck_user = excluded.ck_user, ct_change = excluded.ct_change, cl_required = excluded.cl_required;
INSERT INTO s_mt.t_class_attr(ck_id, ck_class, ck_attr, cv_value, ck_user, ct_change, cl_required) VALUES ('1429', '29', 'width', null, '10020785', '2018-03-28T00:00:00.000+0000', 0)  on conflict (ck_id) do update set ck_class = excluded.ck_class, ck_attr = excluded.ck_attr, cv_value = excluded.cv_value, ck_user = excluded.ck_user, ct_change = excluded.ct_change, cl_required = excluded.cl_required;
select pkg_patcher.p_clear_attr('29'::varchar, '["column","datatype","defaultvalue","disabled","disabledrules","editmode","getglobal","hidden","hiddenrules","info","maxsize","regexp","reqsel","required","requiredrules","setglobal","type","visibileinwindow","width"]'::jsonb);
INSERT INTO s_mt.t_class(ck_id, cv_name, cv_description, cl_final, cl_dataset, ck_user, ct_change) VALUES ('31', 'Field Combobox', 'Поле "Выпадающий список"', 1, 1, '-11', '2018-02-22T00:00:00.000+0000')  on conflict (ck_id) do update set cv_name = excluded.cv_name, cv_description = excluded.cv_description, cl_final = excluded.cl_final, cl_dataset = excluded.cl_dataset, ck_user = excluded.ck_user, ct_change = excluded.ct_change;
INSERT INTO s_mt.t_class_attr(ck_id, ck_class, ck_attr, cv_value, ck_user, ct_change, cl_required) VALUES ('752', '31', 'allownew', null, '4fd05ca9-3a9e-4d66-82df-886dfa082113', '2019-10-31T00:00:00.000+0000', 0)  on conflict (ck_id) do update set ck_class = excluded.ck_class, ck_attr = excluded.ck_attr, cv_value = excluded.cv_value, ck_user = excluded.ck_user, ct_change = excluded.ct_change, cl_required = excluded.cl_required;
INSERT INTO s_mt.t_class_attr(ck_id, ck_class, ck_attr, cv_value, ck_user, ct_change, cl_required) VALUES ('570', '31', 'autoload', 'true', '10020785', '2018-03-28T00:00:00.000+0000', 0)  on conflict (ck_id) do update set ck_class = excluded.ck_class, ck_attr = excluded.ck_attr, cv_value = excluded.cv_value, ck_user = excluded.ck_user, ct_change = excluded.ct_change, cl_required = excluded.cl_required;
INSERT INTO s_mt.t_class_attr(ck_id, ck_class, ck_attr, cv_value, ck_user, ct_change, cl_required) VALUES ('120', '31', 'column', null, '10020785', '2018-03-28T00:00:00.000+0000', 1)  on conflict (ck_id) do update set ck_class = excluded.ck_class, ck_attr = excluded.ck_attr, cv_value = excluded.cv_value, ck_user = excluded.ck_user, ct_change = excluded.ct_change, cl_required = excluded.cl_required;
INSERT INTO s_mt.t_class_attr(ck_id, ck_class, ck_attr, cv_value, ck_user, ct_change, cl_required) VALUES ('115', '31', 'datatype', 'combo', '10020785', '2018-03-28T00:00:00.000+0000', 1)  on conflict (ck_id) do update set ck_class = excluded.ck_class, ck_attr = excluded.ck_attr, cv_value = excluded.cv_value, ck_user = excluded.ck_user, ct_change = excluded.ct_change, cl_required = excluded.cl_required;
INSERT INTO s_mt.t_class_attr(ck_id, ck_class, ck_attr, cv_value, ck_user, ct_change, cl_required) VALUES ('870', '31', 'defaultvalue', null, '10020785', '2018-07-09T00:00:00.000+0000', 0)  on conflict (ck_id) do update set ck_class = excluded.ck_class, ck_attr = excluded.ck_attr, cv_value = excluded.cv_value, ck_user = excluded.ck_user, ct_change = excluded.ct_change, cl_required = excluded.cl_required;
INSERT INTO s_mt.t_class_attr(ck_id, ck_class, ck_attr, cv_value, ck_user, ct_change, cl_required) VALUES ('881', '31', 'disabled', null, '10020785', '2018-07-09T00:00:00.000+0000', 0)  on conflict (ck_id) do update set ck_class = excluded.ck_class, ck_attr = excluded.ck_attr, cv_value = excluded.cv_value, ck_user = excluded.ck_user, ct_change = excluded.ct_change, cl_required = excluded.cl_required;
INSERT INTO s_mt.t_class_attr(ck_id, ck_class, ck_attr, cv_value, ck_user, ct_change, cl_required) VALUES ('1255', '31', 'disabledrules', null, '10020785', '2018-07-09T00:00:00.000+0000', 0)  on conflict (ck_id) do update set ck_class = excluded.ck_class, ck_attr = excluded.ck_attr, cv_value = excluded.cv_value, ck_user = excluded.ck_user, ct_change = excluded.ct_change, cl_required = excluded.cl_required;
INSERT INTO s_mt.t_class_attr(ck_id, ck_class, ck_attr, cv_value, ck_user, ct_change, cl_required) VALUES ('125', '31', 'displayfield', null, '10020785', '2018-03-28T00:00:00.000+0000', 0)  on conflict (ck_id) do update set ck_class = excluded.ck_class, ck_attr = excluded.ck_attr, cv_value = excluded.cv_value, ck_user = excluded.ck_user, ct_change = excluded.ct_change, cl_required = excluded.cl_required;
INSERT INTO s_mt.t_class_attr(ck_id, ck_class, ck_attr, cv_value, ck_user, ct_change, cl_required) VALUES ('40172', '31', 'editmode', null, '20785', '2019-01-24T00:00:00.000+0000', 0)  on conflict (ck_id) do update set ck_class = excluded.ck_class, ck_attr = excluded.ck_attr, cv_value = excluded.cv_value, ck_user = excluded.ck_user, ct_change = excluded.ct_change, cl_required = excluded.cl_required;
INSERT INTO s_mt.t_class_attr(ck_id, ck_class, ck_attr, cv_value, ck_user, ct_change, cl_required) VALUES ('1911', '31', 'extraplugingate', null, '10020785', '2018-08-27T00:00:00.000+0000', 0)  on conflict (ck_id) do update set ck_class = excluded.ck_class, ck_attr = excluded.ck_attr, cv_value = excluded.cv_value, ck_user = excluded.ck_user, ct_change = excluded.ct_change, cl_required = excluded.cl_required;
INSERT INTO s_mt.t_class_attr(ck_id, ck_class, ck_attr, cv_value, ck_user, ct_change, cl_required) VALUES ('1165', '31', 'getglobal', null, '10020785', '2018-07-09T00:00:00.000+0000', 0)  on conflict (ck_id) do update set ck_class = excluded.ck_class, ck_attr = excluded.ck_attr, cv_value = excluded.cv_value, ck_user = excluded.ck_user, ct_change = excluded.ct_change, cl_required = excluded.cl_required;
INSERT INTO s_mt.t_class_attr(ck_id, ck_class, ck_attr, cv_value, ck_user, ct_change, cl_required) VALUES ('87BF581B3935242FE053809BA8C0461B', '31', 'getgloballist', null, '20785', '2019-05-16T00:00:00.000+0000', 0)  on conflict (ck_id) do update set ck_class = excluded.ck_class, ck_attr = excluded.ck_attr, cv_value = excluded.cv_value, ck_user = excluded.ck_user, ct_change = excluded.ct_change, cl_required = excluded.cl_required;
INSERT INTO s_mt.t_class_attr(ck_id, ck_class, ck_attr, cv_value, ck_user, ct_change, cl_required) VALUES ('1219', '31', 'getglobaltostore', null, '10020785', '2018-07-09T00:00:00.000+0000', 0)  on conflict (ck_id) do update set ck_class = excluded.ck_class, ck_attr = excluded.ck_attr, cv_value = excluded.cv_value, ck_user = excluded.ck_user, ct_change = excluded.ct_change, cl_required = excluded.cl_required;
INSERT INTO s_mt.t_class_attr(ck_id, ck_class, ck_attr, cv_value, ck_user, ct_change, cl_required) VALUES ('882', '31', 'hidden', null, '10020785', '2018-07-09T00:00:00.000+0000', 0)  on conflict (ck_id) do update set ck_class = excluded.ck_class, ck_attr = excluded.ck_attr, cv_value = excluded.cv_value, ck_user = excluded.ck_user, ct_change = excluded.ct_change, cl_required = excluded.cl_required;
INSERT INTO s_mt.t_class_attr(ck_id, ck_class, ck_attr, cv_value, ck_user, ct_change, cl_required) VALUES ('1299', '31', 'hiddenrules', null, '10020785', '2018-07-09T00:00:00.000+0000', 0)  on conflict (ck_id) do update set ck_class = excluded.ck_class, ck_attr = excluded.ck_attr, cv_value = excluded.cv_value, ck_user = excluded.ck_user, ct_change = excluded.ct_change, cl_required = excluded.cl_required;
INSERT INTO s_mt.t_class_attr(ck_id, ck_class, ck_attr, cv_value, ck_user, ct_change, cl_required) VALUES ('861', '31', 'idproperty', null, '10020785', '2018-07-09T00:00:00.000+0000', 0)  on conflict (ck_id) do update set ck_class = excluded.ck_class, ck_attr = excluded.ck_attr, cv_value = excluded.cv_value, ck_user = excluded.ck_user, ct_change = excluded.ct_change, cl_required = excluded.cl_required;
INSERT INTO s_mt.t_class_attr(ck_id, ck_class, ck_attr, cv_value, ck_user, ct_change, cl_required) VALUES ('1375', '31', 'info', null, '10020785', '2018-03-28T00:00:00.000+0000', 0)  on conflict (ck_id) do update set ck_class = excluded.ck_class, ck_attr = excluded.ck_attr, cv_value = excluded.cv_value, ck_user = excluded.ck_user, ct_change = excluded.ct_change, cl_required = excluded.cl_required;
INSERT INTO s_mt.t_class_attr(ck_id, ck_class, ck_attr, cv_value, ck_user, ct_change, cl_required) VALUES ('121', '31', 'maxsize', '60', '10020785', '2018-03-28T00:00:00.000+0000', 0)  on conflict (ck_id) do update set ck_class = excluded.ck_class, ck_attr = excluded.ck_attr, cv_value = excluded.cv_value, ck_user = excluded.ck_user, ct_change = excluded.ct_change, cl_required = excluded.cl_required;
INSERT INTO s_mt.t_class_attr(ck_id, ck_class, ck_attr, cv_value, ck_user, ct_change, cl_required) VALUES ('1949', '31', 'minchars', '1', '10020785', '2018-07-09T00:00:00.000+0000', 0)  on conflict (ck_id) do update set ck_class = excluded.ck_class, ck_attr = excluded.ck_attr, cv_value = excluded.cv_value, ck_user = excluded.ck_user, ct_change = excluded.ct_change, cl_required = excluded.cl_required;
INSERT INTO s_mt.t_class_attr(ck_id, ck_class, ck_attr, cv_value, ck_user, ct_change, cl_required) VALUES ('819', '31', 'noglobalmask', 'true', '10020785', '2018-07-09T00:00:00.000+0000', 0)  on conflict (ck_id) do update set ck_class = excluded.ck_class, ck_attr = excluded.ck_attr, cv_value = excluded.cv_value, ck_user = excluded.ck_user, ct_change = excluded.ct_change, cl_required = excluded.cl_required;
INSERT INTO s_mt.t_class_attr(ck_id, ck_class, ck_attr, cv_value, ck_user, ct_change, cl_required) VALUES ('913', '31', 'pagesize', null, '10020785', '2018-07-09T00:00:00.000+0000', 0)  on conflict (ck_id) do update set ck_class = excluded.ck_class, ck_attr = excluded.ck_attr, cv_value = excluded.cv_value, ck_user = excluded.ck_user, ct_change = excluded.ct_change, cl_required = excluded.cl_required;
INSERT INTO s_mt.t_class_attr(ck_id, ck_class, ck_attr, cv_value, ck_user, ct_change, cl_required) VALUES ('860', '31', 'querydelay', '1', '10020785', '2018-07-09T00:00:00.000+0000', 0)  on conflict (ck_id) do update set ck_class = excluded.ck_class, ck_attr = excluded.ck_attr, cv_value = excluded.cv_value, ck_user = excluded.ck_user, ct_change = excluded.ct_change, cl_required = excluded.cl_required;
INSERT INTO s_mt.t_class_attr(ck_id, ck_class, ck_attr, cv_value, ck_user, ct_change, cl_required) VALUES ('127', '31', 'querymode', null, '10020785', '2018-07-09T00:00:00.000+0000', 0)  on conflict (ck_id) do update set ck_class = excluded.ck_class, ck_attr = excluded.ck_attr, cv_value = excluded.cv_value, ck_user = excluded.ck_user, ct_change = excluded.ct_change, cl_required = excluded.cl_required;
INSERT INTO s_mt.t_class_attr(ck_id, ck_class, ck_attr, cv_value, ck_user, ct_change, cl_required) VALUES ('863', '31', 'queryparam', null, '10020785', '2018-07-09T00:00:00.000+0000', 0)  on conflict (ck_id) do update set ck_class = excluded.ck_class, ck_attr = excluded.ck_attr, cv_value = excluded.cv_value, ck_user = excluded.ck_user, ct_change = excluded.ct_change, cl_required = excluded.cl_required;
INSERT INTO s_mt.t_class_attr(ck_id, ck_class, ck_attr, cv_value, ck_user, ct_change, cl_required) VALUES ('122', '31', 'regexp', null, '10020785', '2018-09-02T00:00:00.000+0000', 0)  on conflict (ck_id) do update set ck_class = excluded.ck_class, ck_attr = excluded.ck_attr, cv_value = excluded.cv_value, ck_user = excluded.ck_user, ct_change = excluded.ct_change, cl_required = excluded.cl_required;
INSERT INTO s_mt.t_class_attr(ck_id, ck_class, ck_attr, cv_value, ck_user, ct_change, cl_required) VALUES ('8629950ED05A9012E053809BA8C07888', '31', 'reloadservice', 'false', '20785', '2019-04-10T00:00:00.000+0000', 0)  on conflict (ck_id) do update set ck_class = excluded.ck_class, ck_attr = excluded.ck_attr, cv_value = excluded.cv_value, ck_user = excluded.ck_user, ct_change = excluded.ct_change, cl_required = excluded.cl_required;
INSERT INTO s_mt.t_class_attr(ck_id, ck_class, ck_attr, cv_value, ck_user, ct_change, cl_required) VALUES ('1013', '31', 'reqsel', null, '10020785', '2018-07-09T00:00:00.000+0000', 0)  on conflict (ck_id) do update set ck_class = excluded.ck_class, ck_attr = excluded.ck_attr, cv_value = excluded.cv_value, ck_user = excluded.ck_user, ct_change = excluded.ct_change, cl_required = excluded.cl_required;
INSERT INTO s_mt.t_class_attr(ck_id, ck_class, ck_attr, cv_value, ck_user, ct_change, cl_required) VALUES ('123', '31', 'required', null, '10020785', '2018-07-09T00:00:00.000+0000', 0)  on conflict (ck_id) do update set ck_class = excluded.ck_class, ck_attr = excluded.ck_attr, cv_value = excluded.cv_value, ck_user = excluded.ck_user, ct_change = excluded.ct_change, cl_required = excluded.cl_required;
INSERT INTO s_mt.t_class_attr(ck_id, ck_class, ck_attr, cv_value, ck_user, ct_change, cl_required) VALUES ('43177', '31', 'requiredrules', null, '10028610', '2019-02-05T00:00:00.000+0000', 0)  on conflict (ck_id) do update set ck_class = excluded.ck_class, ck_attr = excluded.ck_attr, cv_value = excluded.cv_value, ck_user = excluded.ck_user, ct_change = excluded.ct_change, cl_required = excluded.cl_required;
INSERT INTO s_mt.t_class_attr(ck_id, ck_class, ck_attr, cv_value, ck_user, ct_change, cl_required) VALUES ('1195', '31', 'setglobal', null, '10020785', '2018-07-09T00:00:00.000+0000', 0)  on conflict (ck_id) do update set ck_class = excluded.ck_class, ck_attr = excluded.ck_attr, cv_value = excluded.cv_value, ck_user = excluded.ck_user, ct_change = excluded.ct_change, cl_required = excluded.cl_required;
INSERT INTO s_mt.t_class_attr(ck_id, ck_class, ck_attr, cv_value, ck_user, ct_change, cl_required) VALUES ('114', '31', 'type', 'IFIELD', '10020785', '2018-07-09T00:00:00.000+0000', 1)  on conflict (ck_id) do update set ck_class = excluded.ck_class, ck_attr = excluded.ck_attr, cv_value = excluded.cv_value, ck_user = excluded.ck_user, ct_change = excluded.ct_change, cl_required = excluded.cl_required;
INSERT INTO s_mt.t_class_attr(ck_id, ck_class, ck_attr, cv_value, ck_user, ct_change, cl_required) VALUES ('126', '31', 'valuefield', null, '10020785', '2018-07-09T00:00:00.000+0000', 0)  on conflict (ck_id) do update set ck_class = excluded.ck_class, ck_attr = excluded.ck_attr, cv_value = excluded.cv_value, ck_user = excluded.ck_user, ct_change = excluded.ct_change, cl_required = excluded.cl_required;
INSERT INTO s_mt.t_class_attr(ck_id, ck_class, ck_attr, cv_value, ck_user, ct_change, cl_required) VALUES ('1070', '31', 'visibileinwindow', 'false', '10020785', '2018-07-09T00:00:00.000+0000', 0)  on conflict (ck_id) do update set ck_class = excluded.ck_class, ck_attr = excluded.ck_attr, cv_value = excluded.cv_value, ck_user = excluded.ck_user, ct_change = excluded.ct_change, cl_required = excluded.cl_required;
INSERT INTO s_mt.t_class_attr(ck_id, ck_class, ck_attr, cv_value, ck_user, ct_change, cl_required) VALUES ('1053', '31', 'width', null, '10020785', '2018-07-09T00:00:00.000+0000', 0)  on conflict (ck_id) do update set ck_class = excluded.ck_class, ck_attr = excluded.ck_attr, cv_value = excluded.cv_value, ck_user = excluded.ck_user, ct_change = excluded.ct_change, cl_required = excluded.cl_required;
select pkg_patcher.p_clear_attr('31'::varchar, '["allownew","autoload","column","datatype","defaultvalue","disabled","disabledrules","displayfield","editmode","extraplugingate","getglobal","getgloballist","getglobaltostore","hidden","hiddenrules","idproperty","info","maxsize","minchars","noglobalmask","pagesize","querydelay","querymode","queryparam","regexp","reloadservice","reqsel","required","requiredrules","setglobal","type","valuefield","visibileinwindow","width"]'::jsonb);
INSERT INTO s_mt.t_class(ck_id, cv_name, cv_description, cl_final, cl_dataset, ck_user, ct_change) VALUES ('84599990888B6BCCE053809BA8C00CC8', 'Field Computed', 'Вычислимое поле', 0, 0, '20785', '2019-03-17T00:00:00.000+0000')  on conflict (ck_id) do update set cv_name = excluded.cv_name, cv_description = excluded.cv_description, cl_final = excluded.cl_final, cl_dataset = excluded.cl_dataset, ck_user = excluded.ck_user, ct_change = excluded.ct_change;
INSERT INTO s_mt.t_class_attr(ck_id, ck_class, ck_attr, cv_value, ck_user, ct_change, cl_required) VALUES ('846068E856FC60DAE053809BA8C0149C', '84599990888B6BCCE053809BA8C00CC8', 'column', null, '20785', '2019-03-17T00:00:00.000+0000', 0)  on conflict (ck_id) do update set ck_class = excluded.ck_class, ck_attr = excluded.ck_attr, cv_value = excluded.cv_value, ck_user = excluded.ck_user, ct_change = excluded.ct_change, cl_required = excluded.cl_required;
INSERT INTO s_mt.t_class_attr(ck_id, ck_class, ck_attr, cv_value, ck_user, ct_change, cl_required) VALUES ('84595AB4D5C06B95E053809BA8C06D64', '84599990888B6BCCE053809BA8C00CC8', 'datatype', 'computed', '20785', '2019-03-17T00:00:00.000+0000', 0)  on conflict (ck_id) do update set ck_class = excluded.ck_class, ck_attr = excluded.ck_attr, cv_value = excluded.cv_value, ck_user = excluded.ck_user, ct_change = excluded.ct_change, cl_required = excluded.cl_required;
INSERT INTO s_mt.t_class_attr(ck_id, ck_class, ck_attr, cv_value, ck_user, ct_change, cl_required) VALUES ('846060F16DF460F2E053809BA8C0CA26', '84599990888B6BCCE053809BA8C00CC8', 'required', null, '20785', '2019-03-17T00:00:00.000+0000', 0)  on conflict (ck_id) do update set ck_class = excluded.ck_class, ck_attr = excluded.ck_attr, cv_value = excluded.cv_value, ck_user = excluded.ck_user, ct_change = excluded.ct_change, cl_required = excluded.cl_required;
INSERT INTO s_mt.t_class_attr(ck_id, ck_class, ck_attr, cv_value, ck_user, ct_change, cl_required) VALUES ('87A9EF4DBB375226E053809BA8C0E1C2', '84599990888B6BCCE053809BA8C00CC8', 'setglobal', null, '20785', '2019-05-16T00:00:00.000+0000', 0)  on conflict (ck_id) do update set ck_class = excluded.ck_class, ck_attr = excluded.ck_attr, cv_value = excluded.cv_value, ck_user = excluded.ck_user, ct_change = excluded.ct_change, cl_required = excluded.cl_required;
INSERT INTO s_mt.t_class_attr(ck_id, ck_class, ck_attr, cv_value, ck_user, ct_change, cl_required) VALUES ('84599990888C6BCCE053809BA8C00CC8', '84599990888B6BCCE053809BA8C00CC8', 'type', 'IFIELD', '20785', '2019-03-17T00:00:00.000+0000', 0)  on conflict (ck_id) do update set ck_class = excluded.ck_class, ck_attr = excluded.ck_attr, cv_value = excluded.cv_value, ck_user = excluded.ck_user, ct_change = excluded.ct_change, cl_required = excluded.cl_required;
INSERT INTO s_mt.t_class_attr(ck_id, ck_class, ck_attr, cv_value, ck_user, ct_change, cl_required) VALUES ('84599990888D6BCCE053809BA8C00CC8', '84599990888B6BCCE053809BA8C00CC8', 'visible', null, '20785', '2019-03-17T00:00:00.000+0000', 0)  on conflict (ck_id) do update set ck_class = excluded.ck_class, ck_attr = excluded.ck_attr, cv_value = excluded.cv_value, ck_user = excluded.ck_user, ct_change = excluded.ct_change, cl_required = excluded.cl_required;
select pkg_patcher.p_clear_attr('84599990888B6BCCE053809BA8C00CC8'::varchar, '["column","datatype","required","setglobal","type","visible"]'::jsonb);
INSERT INTO s_mt.t_class(ck_id, cv_name, cv_description, cl_final, cl_dataset, ck_user, ct_change) VALUES ('197', 'Field Custom Addr', 'Поле поиска адреса', 1, 0, '-11', '2018-02-22T00:00:00.000+0000')  on conflict (ck_id) do update set cv_name = excluded.cv_name, cv_description = excluded.cv_description, cl_final = excluded.cl_final, cl_dataset = excluded.cl_dataset, ck_user = excluded.ck_user, ct_change = excluded.ct_change;
INSERT INTO s_mt.t_class_attr(ck_id, ck_class, ck_attr, cv_value, ck_user, ct_change, cl_required) VALUES ('811', '197', 'column', null, '10020785', '2018-07-09T00:00:00.000+0000', 1)  on conflict (ck_id) do update set ck_class = excluded.ck_class, ck_attr = excluded.ck_attr, cv_value = excluded.cv_value, ck_user = excluded.ck_user, ct_change = excluded.ct_change, cl_required = excluded.cl_required;
INSERT INTO s_mt.t_class_attr(ck_id, ck_class, ck_attr, cv_value, ck_user, ct_change, cl_required) VALUES ('2069', '197', 'datatype', 'addr', '10020785', '2018-04-30T00:00:00.000+0000', 1)  on conflict (ck_id) do update set ck_class = excluded.ck_class, ck_attr = excluded.ck_attr, cv_value = excluded.cv_value, ck_user = excluded.ck_user, ct_change = excluded.ct_change, cl_required = excluded.cl_required;
INSERT INTO s_mt.t_class_attr(ck_id, ck_class, ck_attr, cv_value, ck_user, ct_change, cl_required) VALUES ('871', '197', 'defaultvalue', null, '10020785', '2018-07-09T00:00:00.000+0000', 0)  on conflict (ck_id) do update set ck_class = excluded.ck_class, ck_attr = excluded.ck_attr, cv_value = excluded.cv_value, ck_user = excluded.ck_user, ct_change = excluded.ct_change, cl_required = excluded.cl_required;
INSERT INTO s_mt.t_class_attr(ck_id, ck_class, ck_attr, cv_value, ck_user, ct_change, cl_required) VALUES ('886', '197', 'disabled', null, '10020785', '2018-07-09T00:00:00.000+0000', 0)  on conflict (ck_id) do update set ck_class = excluded.ck_class, ck_attr = excluded.ck_attr, cv_value = excluded.cv_value, ck_user = excluded.ck_user, ct_change = excluded.ct_change, cl_required = excluded.cl_required;
INSERT INTO s_mt.t_class_attr(ck_id, ck_class, ck_attr, cv_value, ck_user, ct_change, cl_required) VALUES ('1272', '197', 'disabledrules', null, '10020785', '2018-07-09T00:00:00.000+0000', 0)  on conflict (ck_id) do update set ck_class = excluded.ck_class, ck_attr = excluded.ck_attr, cv_value = excluded.cv_value, ck_user = excluded.ck_user, ct_change = excluded.ct_change, cl_required = excluded.cl_required;
INSERT INTO s_mt.t_class_attr(ck_id, ck_class, ck_attr, cv_value, ck_user, ct_change, cl_required) VALUES ('40173', '197', 'editmode', null, '20785', '2019-01-24T00:00:00.000+0000', 0)  on conflict (ck_id) do update set ck_class = excluded.ck_class, ck_attr = excluded.ck_attr, cv_value = excluded.cv_value, ck_user = excluded.ck_user, ct_change = excluded.ct_change, cl_required = excluded.cl_required;
INSERT INTO s_mt.t_class_attr(ck_id, ck_class, ck_attr, cv_value, ck_user, ct_change, cl_required) VALUES ('1173', '197', 'getglobal', null, '10020785', '2018-07-09T00:00:00.000+0000', 0)  on conflict (ck_id) do update set ck_class = excluded.ck_class, ck_attr = excluded.ck_attr, cv_value = excluded.cv_value, ck_user = excluded.ck_user, ct_change = excluded.ct_change, cl_required = excluded.cl_required;
INSERT INTO s_mt.t_class_attr(ck_id, ck_class, ck_attr, cv_value, ck_user, ct_change, cl_required) VALUES ('885', '197', 'hidden', null, '10020785', '2018-07-09T00:00:00.000+0000', 0)  on conflict (ck_id) do update set ck_class = excluded.ck_class, ck_attr = excluded.ck_attr, cv_value = excluded.cv_value, ck_user = excluded.ck_user, ct_change = excluded.ct_change, cl_required = excluded.cl_required;
INSERT INTO s_mt.t_class_attr(ck_id, ck_class, ck_attr, cv_value, ck_user, ct_change, cl_required) VALUES ('1316', '197', 'hiddenrules', null, '10020785', '2018-07-09T00:00:00.000+0000', 0)  on conflict (ck_id) do update set ck_class = excluded.ck_class, ck_attr = excluded.ck_attr, cv_value = excluded.cv_value, ck_user = excluded.ck_user, ct_change = excluded.ct_change, cl_required = excluded.cl_required;
INSERT INTO s_mt.t_class_attr(ck_id, ck_class, ck_attr, cv_value, ck_user, ct_change, cl_required) VALUES ('1383', '197', 'info', null, '10020785', '2018-07-09T00:00:00.000+0000', 0)  on conflict (ck_id) do update set ck_class = excluded.ck_class, ck_attr = excluded.ck_attr, cv_value = excluded.cv_value, ck_user = excluded.ck_user, ct_change = excluded.ct_change, cl_required = excluded.cl_required;
INSERT INTO s_mt.t_class_attr(ck_id, ck_class, ck_attr, cv_value, ck_user, ct_change, cl_required) VALUES ('1014', '197', 'reqsel', null, '10020785', '2018-09-02T00:00:00.000+0000', 0)  on conflict (ck_id) do update set ck_class = excluded.ck_class, ck_attr = excluded.ck_attr, cv_value = excluded.cv_value, ck_user = excluded.ck_user, ct_change = excluded.ct_change, cl_required = excluded.cl_required;
INSERT INTO s_mt.t_class_attr(ck_id, ck_class, ck_attr, cv_value, ck_user, ct_change, cl_required) VALUES ('818', '197', 'required', null, '10020785', '2018-07-09T00:00:00.000+0000', 0)  on conflict (ck_id) do update set ck_class = excluded.ck_class, ck_attr = excluded.ck_attr, cv_value = excluded.cv_value, ck_user = excluded.ck_user, ct_change = excluded.ct_change, cl_required = excluded.cl_required;
INSERT INTO s_mt.t_class_attr(ck_id, ck_class, ck_attr, cv_value, ck_user, ct_change, cl_required) VALUES ('43178', '197', 'requiredrules', null, '10028610', '2019-02-05T00:00:00.000+0000', 0)  on conflict (ck_id) do update set ck_class = excluded.ck_class, ck_attr = excluded.ck_attr, cv_value = excluded.cv_value, ck_user = excluded.ck_user, ct_change = excluded.ct_change, cl_required = excluded.cl_required;
INSERT INTO s_mt.t_class_attr(ck_id, ck_class, ck_attr, cv_value, ck_user, ct_change, cl_required) VALUES ('1203', '197', 'setglobal', null, '10020785', '2018-07-09T00:00:00.000+0000', 0)  on conflict (ck_id) do update set ck_class = excluded.ck_class, ck_attr = excluded.ck_attr, cv_value = excluded.cv_value, ck_user = excluded.ck_user, ct_change = excluded.ct_change, cl_required = excluded.cl_required;
INSERT INTO s_mt.t_class_attr(ck_id, ck_class, ck_attr, cv_value, ck_user, ct_change, cl_required) VALUES ('809', '197', 'type', 'CUSTOM', '10020785', '2018-07-09T00:00:00.000+0000', 1)  on conflict (ck_id) do update set ck_class = excluded.ck_class, ck_attr = excluded.ck_attr, cv_value = excluded.cv_value, ck_user = excluded.ck_user, ct_change = excluded.ct_change, cl_required = excluded.cl_required;
INSERT INTO s_mt.t_class_attr(ck_id, ck_class, ck_attr, cv_value, ck_user, ct_change, cl_required) VALUES ('1495', '197', 'valuefield', null, '10020785', '2018-07-09T00:00:00.000+0000', 0)  on conflict (ck_id) do update set ck_class = excluded.ck_class, ck_attr = excluded.ck_attr, cv_value = excluded.cv_value, ck_user = excluded.ck_user, ct_change = excluded.ct_change, cl_required = excluded.cl_required;
INSERT INTO s_mt.t_class_attr(ck_id, ck_class, ck_attr, cv_value, ck_user, ct_change, cl_required) VALUES ('1071', '197', 'visibileinwindow', 'false', '10020785', '2018-07-09T00:00:00.000+0000', 0)  on conflict (ck_id) do update set ck_class = excluded.ck_class, ck_attr = excluded.ck_attr, cv_value = excluded.cv_value, ck_user = excluded.ck_user, ct_change = excluded.ct_change, cl_required = excluded.cl_required;
INSERT INTO s_mt.t_class_attr(ck_id, ck_class, ck_attr, cv_value, ck_user, ct_change, cl_required) VALUES ('1430', '197', 'width', null, '10020785', '2018-07-09T00:00:00.000+0000', 0)  on conflict (ck_id) do update set ck_class = excluded.ck_class, ck_attr = excluded.ck_attr, cv_value = excluded.cv_value, ck_user = excluded.ck_user, ct_change = excluded.ct_change, cl_required = excluded.cl_required;
select pkg_patcher.p_clear_attr('197'::varchar, '["column","datatype","defaultvalue","disabled","disabledrules","editmode","getglobal","hidden","hiddenrules","info","reqsel","required","requiredrules","setglobal","type","valuefield","visibileinwindow","width"]'::jsonb);
INSERT INTO s_mt.t_class(ck_id, cv_name, cv_description, cl_final, cl_dataset, ck_user, ct_change) VALUES ('357', 'Field Custom MO', 'Поле выбора объекта обслуживания<br/>', 0, 0, '20786', '2019-04-01T00:00:00.000+0000')  on conflict (ck_id) do update set cv_name = excluded.cv_name, cv_description = excluded.cv_description, cl_final = excluded.cl_final, cl_dataset = excluded.cl_dataset, ck_user = excluded.ck_user, ct_change = excluded.ct_change;
INSERT INTO s_mt.t_class_attr(ck_id, ck_class, ck_attr, cv_value, ck_user, ct_change, cl_required) VALUES ('857A4193E2E18F83E053809BA8C07E37', '357', 'childs', null, '20786', '2019-03-31T00:00:00.000+0000', 0)  on conflict (ck_id) do update set ck_class = excluded.ck_class, ck_attr = excluded.ck_attr, cv_value = excluded.cv_value, ck_user = excluded.ck_user, ct_change = excluded.ct_change, cl_required = excluded.cl_required;
INSERT INTO s_mt.t_class_attr(ck_id, ck_class, ck_attr, cv_value, ck_user, ct_change, cl_required) VALUES ('1482', '357', 'column', null, '10020785', '2018-07-09T00:00:00.000+0000', 1)  on conflict (ck_id) do update set ck_class = excluded.ck_class, ck_attr = excluded.ck_attr, cv_value = excluded.cv_value, ck_user = excluded.ck_user, ct_change = excluded.ct_change, cl_required = excluded.cl_required;
INSERT INTO s_mt.t_class_attr(ck_id, ck_class, ck_attr, cv_value, ck_user, ct_change, cl_required) VALUES ('2089', '357', 'datatype', 'mo', '10020785', '2018-07-09T00:00:00.000+0000', 1)  on conflict (ck_id) do update set ck_class = excluded.ck_class, ck_attr = excluded.ck_attr, cv_value = excluded.cv_value, ck_user = excluded.ck_user, ct_change = excluded.ct_change, cl_required = excluded.cl_required;
INSERT INTO s_mt.t_class_attr(ck_id, ck_class, ck_attr, cv_value, ck_user, ct_change, cl_required) VALUES ('1487', '357', 'defaultvalue', null, '10020785', '2018-07-09T00:00:00.000+0000', 0)  on conflict (ck_id) do update set ck_class = excluded.ck_class, ck_attr = excluded.ck_attr, cv_value = excluded.cv_value, ck_user = excluded.ck_user, ct_change = excluded.ct_change, cl_required = excluded.cl_required;
INSERT INTO s_mt.t_class_attr(ck_id, ck_class, ck_attr, cv_value, ck_user, ct_change, cl_required) VALUES ('1479', '357', 'disabled', null, '10020785', '2018-07-09T00:00:00.000+0000', 0)  on conflict (ck_id) do update set ck_class = excluded.ck_class, ck_attr = excluded.ck_attr, cv_value = excluded.cv_value, ck_user = excluded.ck_user, ct_change = excluded.ct_change, cl_required = excluded.cl_required;
INSERT INTO s_mt.t_class_attr(ck_id, ck_class, ck_attr, cv_value, ck_user, ct_change, cl_required) VALUES ('1473', '357', 'disabledrules', null, '10020785', '2018-07-09T00:00:00.000+0000', 0)  on conflict (ck_id) do update set ck_class = excluded.ck_class, ck_attr = excluded.ck_attr, cv_value = excluded.cv_value, ck_user = excluded.ck_user, ct_change = excluded.ct_change, cl_required = excluded.cl_required;
INSERT INTO s_mt.t_class_attr(ck_id, ck_class, ck_attr, cv_value, ck_user, ct_change, cl_required) VALUES ('13196', '357', 'displayfield', '{cv_d_mo_name} {cv_address_full} {cv_name}', '10020785', '2018-07-31T00:00:00.000+0000', 1)  on conflict (ck_id) do update set ck_class = excluded.ck_class, ck_attr = excluded.ck_attr, cv_value = excluded.cv_value, ck_user = excluded.ck_user, ct_change = excluded.ct_change, cl_required = excluded.cl_required;
INSERT INTO s_mt.t_class_attr(ck_id, ck_class, ck_attr, cv_value, ck_user, ct_change, cl_required) VALUES ('40174', '357', 'editmode', null, '20785', '2019-01-24T00:00:00.000+0000', 0)  on conflict (ck_id) do update set ck_class = excluded.ck_class, ck_attr = excluded.ck_attr, cv_value = excluded.cv_value, ck_user = excluded.ck_user, ct_change = excluded.ct_change, cl_required = excluded.cl_required;
INSERT INTO s_mt.t_class_attr(ck_id, ck_class, ck_attr, cv_value, ck_user, ct_change, cl_required) VALUES ('1471', '357', 'getglobal', null, '10020785', '2018-07-09T00:00:00.000+0000', 0)  on conflict (ck_id) do update set ck_class = excluded.ck_class, ck_attr = excluded.ck_attr, cv_value = excluded.cv_value, ck_user = excluded.ck_user, ct_change = excluded.ct_change, cl_required = excluded.cl_required;
INSERT INTO s_mt.t_class_attr(ck_id, ck_class, ck_attr, cv_value, ck_user, ct_change, cl_required) VALUES ('1478', '357', 'hidden', null, '10020785', '2018-07-09T00:00:00.000+0000', 0)  on conflict (ck_id) do update set ck_class = excluded.ck_class, ck_attr = excluded.ck_attr, cv_value = excluded.cv_value, ck_user = excluded.ck_user, ct_change = excluded.ct_change, cl_required = excluded.cl_required;
INSERT INTO s_mt.t_class_attr(ck_id, ck_class, ck_attr, cv_value, ck_user, ct_change, cl_required) VALUES ('1474', '357', 'hiddenrules', null, '10020785', '2018-07-09T00:00:00.000+0000', 0)  on conflict (ck_id) do update set ck_class = excluded.ck_class, ck_attr = excluded.ck_attr, cv_value = excluded.cv_value, ck_user = excluded.ck_user, ct_change = excluded.ct_change, cl_required = excluded.cl_required;
INSERT INTO s_mt.t_class_attr(ck_id, ck_class, ck_attr, cv_value, ck_user, ct_change, cl_required) VALUES ('1475', '357', 'info', null, '10020785', '2018-07-09T00:00:00.000+0000', 0)  on conflict (ck_id) do update set ck_class = excluded.ck_class, ck_attr = excluded.ck_attr, cv_value = excluded.cv_value, ck_user = excluded.ck_user, ct_change = excluded.ct_change, cl_required = excluded.cl_required;
INSERT INTO s_mt.t_class_attr(ck_id, ck_class, ck_attr, cv_value, ck_user, ct_change, cl_required) VALUES ('1480', '357', 'reqsel', null, '10020785', '2018-09-02T00:00:00.000+0000', 0)  on conflict (ck_id) do update set ck_class = excluded.ck_class, ck_attr = excluded.ck_attr, cv_value = excluded.cv_value, ck_user = excluded.ck_user, ct_change = excluded.ct_change, cl_required = excluded.cl_required;
INSERT INTO s_mt.t_class_attr(ck_id, ck_class, ck_attr, cv_value, ck_user, ct_change, cl_required) VALUES ('1470', '357', 'required', null, '10020785', '2018-07-09T00:00:00.000+0000', 0)  on conflict (ck_id) do update set ck_class = excluded.ck_class, ck_attr = excluded.ck_attr, cv_value = excluded.cv_value, ck_user = excluded.ck_user, ct_change = excluded.ct_change, cl_required = excluded.cl_required;
INSERT INTO s_mt.t_class_attr(ck_id, ck_class, ck_attr, cv_value, ck_user, ct_change, cl_required) VALUES ('43179', '357', 'requiredrules', null, '10028610', '2019-02-05T00:00:00.000+0000', 0)  on conflict (ck_id) do update set ck_class = excluded.ck_class, ck_attr = excluded.ck_attr, cv_value = excluded.cv_value, ck_user = excluded.ck_user, ct_change = excluded.ct_change, cl_required = excluded.cl_required;
INSERT INTO s_mt.t_class_attr(ck_id, ck_class, ck_attr, cv_value, ck_user, ct_change, cl_required) VALUES ('1472', '357', 'setglobal', null, '10020785', '2018-07-09T00:00:00.000+0000', 0)  on conflict (ck_id) do update set ck_class = excluded.ck_class, ck_attr = excluded.ck_attr, cv_value = excluded.cv_value, ck_user = excluded.ck_user, ct_change = excluded.ct_change, cl_required = excluded.cl_required;
INSERT INTO s_mt.t_class_attr(ck_id, ck_class, ck_attr, cv_value, ck_user, ct_change, cl_required) VALUES ('1476', '357', 'type', 'CUSTOM', '10020785', '2018-07-09T00:00:00.000+0000', 1)  on conflict (ck_id) do update set ck_class = excluded.ck_class, ck_attr = excluded.ck_attr, cv_value = excluded.cv_value, ck_user = excluded.ck_user, ct_change = excluded.ct_change, cl_required = excluded.cl_required;
INSERT INTO s_mt.t_class_attr(ck_id, ck_class, ck_attr, cv_value, ck_user, ct_change, cl_required) VALUES ('1494', '357', 'valuefield', null, '10020785', '2018-07-09T00:00:00.000+0000', 0)  on conflict (ck_id) do update set ck_class = excluded.ck_class, ck_attr = excluded.ck_attr, cv_value = excluded.cv_value, ck_user = excluded.ck_user, ct_change = excluded.ct_change, cl_required = excluded.cl_required;
INSERT INTO s_mt.t_class_attr(ck_id, ck_class, ck_attr, cv_value, ck_user, ct_change, cl_required) VALUES ('1481', '357', 'visibileinwindow', 'false', '10020785', '2018-07-09T00:00:00.000+0000', 0)  on conflict (ck_id) do update set ck_class = excluded.ck_class, ck_attr = excluded.ck_attr, cv_value = excluded.cv_value, ck_user = excluded.ck_user, ct_change = excluded.ct_change, cl_required = excluded.cl_required;
INSERT INTO s_mt.t_class_attr(ck_id, ck_class, ck_attr, cv_value, ck_user, ct_change, cl_required) VALUES ('1490', '357', 'width', null, '10020785', '2018-07-09T00:00:00.000+0000', 0)  on conflict (ck_id) do update set ck_class = excluded.ck_class, ck_attr = excluded.ck_attr, cv_value = excluded.cv_value, ck_user = excluded.ck_user, ct_change = excluded.ct_change, cl_required = excluded.cl_required;
select pkg_patcher.p_clear_attr('357'::varchar, '["childs","column","datatype","defaultvalue","disabled","disabledrules","displayfield","editmode","getglobal","hidden","hiddenrules","info","reqsel","required","requiredrules","setglobal","type","valuefield","visibileinwindow","width"]'::jsonb);
INSERT INTO s_mt.t_class(ck_id, cv_name, cv_description, cl_final, cl_dataset, ck_user, ct_change) VALUES ('30', 'Field Date', 'Поле "Дата"', 0, 0, '-11', '2018-02-22T00:00:00.000+0000')  on conflict (ck_id) do update set cv_name = excluded.cv_name, cv_description = excluded.cv_description, cl_final = excluded.cl_final, cl_dataset = excluded.cl_dataset, ck_user = excluded.ck_user, ct_change = excluded.ct_change;
INSERT INTO s_mt.t_class_attr(ck_id, ck_class, ck_attr, cv_value, ck_user, ct_change, cl_required) VALUES ('109', '30', 'column', null, '10020785', '2018-03-28T00:00:00.000+0000', 1)  on conflict (ck_id) do update set ck_class = excluded.ck_class, ck_attr = excluded.ck_attr, cv_value = excluded.cv_value, ck_user = excluded.ck_user, ct_change = excluded.ct_change, cl_required = excluded.cl_required;
INSERT INTO s_mt.t_class_attr(ck_id, ck_class, ck_attr, cv_value, ck_user, ct_change, cl_required) VALUES ('102', '30', 'datatype', 'date', '10020785', '2018-03-28T00:00:00.000+0000', 1)  on conflict (ck_id) do update set ck_class = excluded.ck_class, ck_attr = excluded.ck_attr, cv_value = excluded.cv_value, ck_user = excluded.ck_user, ct_change = excluded.ct_change, cl_required = excluded.cl_required;
INSERT INTO s_mt.t_class_attr(ck_id, ck_class, ck_attr, cv_value, ck_user, ct_change, cl_required) VALUES ('872', '30', 'defaultvalue', null, '10020785', '2018-09-26T00:00:00.000+0000', 0)  on conflict (ck_id) do update set ck_class = excluded.ck_class, ck_attr = excluded.ck_attr, cv_value = excluded.cv_value, ck_user = excluded.ck_user, ct_change = excluded.ct_change, cl_required = excluded.cl_required;
INSERT INTO s_mt.t_class_attr(ck_id, ck_class, ck_attr, cv_value, ck_user, ct_change, cl_required) VALUES ('1751', '30', 'defaultvaluequery', null, '10020785', '2018-09-02T00:00:00.000+0000', 0)  on conflict (ck_id) do update set ck_class = excluded.ck_class, ck_attr = excluded.ck_attr, cv_value = excluded.cv_value, ck_user = excluded.ck_user, ct_change = excluded.ct_change, cl_required = excluded.cl_required;
INSERT INTO s_mt.t_class_attr(ck_id, ck_class, ck_attr, cv_value, ck_user, ct_change, cl_required) VALUES ('888', '30', 'disabled', null, '10020785', '2018-07-09T00:00:00.000+0000', 0)  on conflict (ck_id) do update set ck_class = excluded.ck_class, ck_attr = excluded.ck_attr, cv_value = excluded.cv_value, ck_user = excluded.ck_user, ct_change = excluded.ct_change, cl_required = excluded.cl_required;
INSERT INTO s_mt.t_class_attr(ck_id, ck_class, ck_attr, cv_value, ck_user, ct_change, cl_required) VALUES ('1254', '30', 'disabledrules', null, '10020785', '2018-07-09T00:00:00.000+0000', 0)  on conflict (ck_id) do update set ck_class = excluded.ck_class, ck_attr = excluded.ck_attr, cv_value = excluded.cv_value, ck_user = excluded.ck_user, ct_change = excluded.ct_change, cl_required = excluded.cl_required;
INSERT INTO s_mt.t_class_attr(ck_id, ck_class, ck_attr, cv_value, ck_user, ct_change, cl_required) VALUES ('39182', '30', 'editmode', null, '20780', '2019-01-17T00:00:00.000+0000', 0)  on conflict (ck_id) do update set ck_class = excluded.ck_class, ck_attr = excluded.ck_attr, cv_value = excluded.cv_value, ck_user = excluded.ck_user, ct_change = excluded.ct_change, cl_required = excluded.cl_required;
INSERT INTO s_mt.t_class_attr(ck_id, ck_class, ck_attr, cv_value, ck_user, ct_change, cl_required) VALUES ('104', '30', 'format', '3', '10028610', '2019-03-06T00:00:00.000+0000', 1)  on conflict (ck_id) do update set ck_class = excluded.ck_class, ck_attr = excluded.ck_attr, cv_value = excluded.cv_value, ck_user = excluded.ck_user, ct_change = excluded.ct_change, cl_required = excluded.cl_required;
INSERT INTO s_mt.t_class_attr(ck_id, ck_class, ck_attr, cv_value, ck_user, ct_change, cl_required) VALUES ('1164', '30', 'getglobal', null, '10020785', '2018-07-09T00:00:00.000+0000', 0)  on conflict (ck_id) do update set ck_class = excluded.ck_class, ck_attr = excluded.ck_attr, cv_value = excluded.cv_value, ck_user = excluded.ck_user, ct_change = excluded.ct_change, cl_required = excluded.cl_required;
INSERT INTO s_mt.t_class_attr(ck_id, ck_class, ck_attr, cv_value, ck_user, ct_change, cl_required) VALUES ('887', '30', 'hidden', null, '10020785', '2018-07-09T00:00:00.000+0000', 0)  on conflict (ck_id) do update set ck_class = excluded.ck_class, ck_attr = excluded.ck_attr, cv_value = excluded.cv_value, ck_user = excluded.ck_user, ct_change = excluded.ct_change, cl_required = excluded.cl_required;
INSERT INTO s_mt.t_class_attr(ck_id, ck_class, ck_attr, cv_value, ck_user, ct_change, cl_required) VALUES ('1298', '30', 'hiddenrules', null, '10020785', '2018-07-09T00:00:00.000+0000', 0)  on conflict (ck_id) do update set ck_class = excluded.ck_class, ck_attr = excluded.ck_attr, cv_value = excluded.cv_value, ck_user = excluded.ck_user, ct_change = excluded.ct_change, cl_required = excluded.cl_required;
INSERT INTO s_mt.t_class_attr(ck_id, ck_class, ck_attr, cv_value, ck_user, ct_change, cl_required) VALUES ('1374', '30', 'info', null, '10020785', '2018-07-09T00:00:00.000+0000', 0)  on conflict (ck_id) do update set ck_class = excluded.ck_class, ck_attr = excluded.ck_attr, cv_value = excluded.cv_value, ck_user = excluded.ck_user, ct_change = excluded.ct_change, cl_required = excluded.cl_required;
INSERT INTO s_mt.t_class_attr(ck_id, ck_class, ck_attr, cv_value, ck_user, ct_change, cl_required) VALUES ('1015', '30', 'reqsel', null, '10020785', '2018-09-02T00:00:00.000+0000', 0)  on conflict (ck_id) do update set ck_class = excluded.ck_class, ck_attr = excluded.ck_attr, cv_value = excluded.cv_value, ck_user = excluded.ck_user, ct_change = excluded.ct_change, cl_required = excluded.cl_required;
INSERT INTO s_mt.t_class_attr(ck_id, ck_class, ck_attr, cv_value, ck_user, ct_change, cl_required) VALUES ('112', '30', 'required', 'false', '10020785', '2018-07-09T00:00:00.000+0000', 0)  on conflict (ck_id) do update set ck_class = excluded.ck_class, ck_attr = excluded.ck_attr, cv_value = excluded.cv_value, ck_user = excluded.ck_user, ct_change = excluded.ct_change, cl_required = excluded.cl_required;
INSERT INTO s_mt.t_class_attr(ck_id, ck_class, ck_attr, cv_value, ck_user, ct_change, cl_required) VALUES ('43180', '30', 'requiredrules', null, '10028610', '2019-02-05T00:00:00.000+0000', 0)  on conflict (ck_id) do update set ck_class = excluded.ck_class, ck_attr = excluded.ck_attr, cv_value = excluded.cv_value, ck_user = excluded.ck_user, ct_change = excluded.ct_change, cl_required = excluded.cl_required;
INSERT INTO s_mt.t_class_attr(ck_id, ck_class, ck_attr, cv_value, ck_user, ct_change, cl_required) VALUES ('1194', '30', 'setglobal', null, '10020785', '2018-07-09T00:00:00.000+0000', 0)  on conflict (ck_id) do update set ck_class = excluded.ck_class, ck_attr = excluded.ck_attr, cv_value = excluded.cv_value, ck_user = excluded.ck_user, ct_change = excluded.ct_change, cl_required = excluded.cl_required;
INSERT INTO s_mt.t_class_attr(ck_id, ck_class, ck_attr, cv_value, ck_user, ct_change, cl_required) VALUES ('103', '30', 'type', 'IFIELD', '10020785', '2018-03-28T00:00:00.000+0000', 1)  on conflict (ck_id) do update set ck_class = excluded.ck_class, ck_attr = excluded.ck_attr, cv_value = excluded.cv_value, ck_user = excluded.ck_user, ct_change = excluded.ct_change, cl_required = excluded.cl_required;
INSERT INTO s_mt.t_class_attr(ck_id, ck_class, ck_attr, cv_value, ck_user, ct_change, cl_required) VALUES ('1072', '30', 'visibileinwindow', 'false', '10020785', '2018-07-09T00:00:00.000+0000', 0)  on conflict (ck_id) do update set ck_class = excluded.ck_class, ck_attr = excluded.ck_attr, cv_value = excluded.cv_value, ck_user = excluded.ck_user, ct_change = excluded.ct_change, cl_required = excluded.cl_required;
INSERT INTO s_mt.t_class_attr(ck_id, ck_class, ck_attr, cv_value, ck_user, ct_change, cl_required) VALUES ('1431', '30', 'width', null, '20780', '2019-01-17T00:00:00.000+0000', 0)  on conflict (ck_id) do update set ck_class = excluded.ck_class, ck_attr = excluded.ck_attr, cv_value = excluded.cv_value, ck_user = excluded.ck_user, ct_change = excluded.ct_change, cl_required = excluded.cl_required;
select pkg_patcher.p_clear_attr('30'::varchar, '["column","datatype","defaultvalue","defaultvaluequery","disabled","disabledrules","editmode","format","getglobal","hidden","hiddenrules","info","reqsel","required","requiredrules","setglobal","type","visibileinwindow","width"]'::jsonb);
INSERT INTO s_mt.t_class(ck_id, cv_name, cv_description, cl_final, cl_dataset, ck_user, ct_change) VALUES ('38', 'Field Grid', 'Поле "Выпадающая таблица"', 1, 1, '-11', '2018-02-22T00:00:00.000+0000')  on conflict (ck_id) do update set cv_name = excluded.cv_name, cv_description = excluded.cv_description, cl_final = excluded.cl_final, cl_dataset = excluded.cl_dataset, ck_user = excluded.ck_user, ct_change = excluded.ct_change;
INSERT INTO s_mt.t_class_attr(ck_id, ck_class, ck_attr, cv_value, ck_user, ct_change, cl_required) VALUES ('571', '38', 'autoload', 'true', '10020785', '2018-07-09T00:00:00.000+0000', 0)  on conflict (ck_id) do update set ck_class = excluded.ck_class, ck_attr = excluded.ck_attr, cv_value = excluded.cv_value, ck_user = excluded.ck_user, ct_change = excluded.ct_change, cl_required = excluded.cl_required;
INSERT INTO s_mt.t_class_attr(ck_id, ck_class, ck_attr, cv_value, ck_user, ct_change, cl_required) VALUES ('1497', '38', 'btnrefresh', 'true', '10020785', '2018-07-09T00:00:00.000+0000', 0)  on conflict (ck_id) do update set ck_class = excluded.ck_class, ck_attr = excluded.ck_attr, cv_value = excluded.cv_value, ck_user = excluded.ck_user, ct_change = excluded.ct_change, cl_required = excluded.cl_required;
INSERT INTO s_mt.t_class_attr(ck_id, ck_class, ck_attr, cv_value, ck_user, ct_change, cl_required) VALUES ('5169', '38', 'collectionvalues', null, '10020785', '2018-07-12T00:00:00.000+0000', 0)  on conflict (ck_id) do update set ck_class = excluded.ck_class, ck_attr = excluded.ck_attr, cv_value = excluded.cv_value, ck_user = excluded.ck_user, ct_change = excluded.ct_change, cl_required = excluded.cl_required;
INSERT INTO s_mt.t_class_attr(ck_id, ck_class, ck_attr, cv_value, ck_user, ct_change, cl_required) VALUES ('297', '38', 'column', null, '10020785', '2018-07-09T00:00:00.000+0000', 0)  on conflict (ck_id) do update set ck_class = excluded.ck_class, ck_attr = excluded.ck_attr, cv_value = excluded.cv_value, ck_user = excluded.ck_user, ct_change = excluded.ct_change, cl_required = excluded.cl_required;
INSERT INTO s_mt.t_class_attr(ck_id, ck_class, ck_attr, cv_value, ck_user, ct_change, cl_required) VALUES ('306', '38', 'columns', null, '10020785', '2018-07-09T00:00:00.000+0000', 0)  on conflict (ck_id) do update set ck_class = excluded.ck_class, ck_attr = excluded.ck_attr, cv_value = excluded.cv_value, ck_user = excluded.ck_user, ct_change = excluded.ct_change, cl_required = excluded.cl_required;
INSERT INTO s_mt.t_class_attr(ck_id, ck_class, ck_attr, cv_value, ck_user, ct_change, cl_required) VALUES ('292', '38', 'datatype', 'grid', '10020785', '2018-07-09T00:00:00.000+0000', 1)  on conflict (ck_id) do update set ck_class = excluded.ck_class, ck_attr = excluded.ck_attr, cv_value = excluded.cv_value, ck_user = excluded.ck_user, ct_change = excluded.ct_change, cl_required = excluded.cl_required;
INSERT INTO s_mt.t_class_attr(ck_id, ck_class, ck_attr, cv_value, ck_user, ct_change, cl_required) VALUES ('873', '38', 'defaultvalue', null, '10020785', '2018-07-09T00:00:00.000+0000', 0)  on conflict (ck_id) do update set ck_class = excluded.ck_class, ck_attr = excluded.ck_attr, cv_value = excluded.cv_value, ck_user = excluded.ck_user, ct_change = excluded.ct_change, cl_required = excluded.cl_required;
INSERT INTO s_mt.t_class_attr(ck_id, ck_class, ck_attr, cv_value, ck_user, ct_change, cl_required) VALUES ('40169', '38', 'detail', null, '20785', '2019-01-21T00:00:00.000+0000', 0)  on conflict (ck_id) do update set ck_class = excluded.ck_class, ck_attr = excluded.ck_attr, cv_value = excluded.cv_value, ck_user = excluded.ck_user, ct_change = excluded.ct_change, cl_required = excluded.cl_required;
INSERT INTO s_mt.t_class_attr(ck_id, ck_class, ck_attr, cv_value, ck_user, ct_change, cl_required) VALUES ('890', '38', 'disabled', null, '10020785', '2018-07-09T00:00:00.000+0000', 0)  on conflict (ck_id) do update set ck_class = excluded.ck_class, ck_attr = excluded.ck_attr, cv_value = excluded.cv_value, ck_user = excluded.ck_user, ct_change = excluded.ct_change, cl_required = excluded.cl_required;
INSERT INTO s_mt.t_class_attr(ck_id, ck_class, ck_attr, cv_value, ck_user, ct_change, cl_required) VALUES ('1261', '38', 'disabledrules', null, '10020785', '2018-07-09T00:00:00.000+0000', 0)  on conflict (ck_id) do update set ck_class = excluded.ck_class, ck_attr = excluded.ck_attr, cv_value = excluded.cv_value, ck_user = excluded.ck_user, ct_change = excluded.ct_change, cl_required = excluded.cl_required;
INSERT INTO s_mt.t_class_attr(ck_id, ck_class, ck_attr, cv_value, ck_user, ct_change, cl_required) VALUES ('362', '38', 'displayfield', null, '10020785', '2018-07-09T00:00:00.000+0000', 0)  on conflict (ck_id) do update set ck_class = excluded.ck_class, ck_attr = excluded.ck_attr, cv_value = excluded.cv_value, ck_user = excluded.ck_user, ct_change = excluded.ct_change, cl_required = excluded.cl_required;
INSERT INTO s_mt.t_class_attr(ck_id, ck_class, ck_attr, cv_value, ck_user, ct_change, cl_required) VALUES ('40176', '38', 'editmode', null, '20785', '2019-01-24T00:00:00.000+0000', 0)  on conflict (ck_id) do update set ck_class = excluded.ck_class, ck_attr = excluded.ck_attr, cv_value = excluded.cv_value, ck_user = excluded.ck_user, ct_change = excluded.ct_change, cl_required = excluded.cl_required;
INSERT INTO s_mt.t_class_attr(ck_id, ck_class, ck_attr, cv_value, ck_user, ct_change, cl_required) VALUES ('1920', '38', 'extraplugingate', null, '10020785', '2018-09-03T00:00:00.000+0000', 0)  on conflict (ck_id) do update set ck_class = excluded.ck_class, ck_attr = excluded.ck_attr, cv_value = excluded.cv_value, ck_user = excluded.ck_user, ct_change = excluded.ct_change, cl_required = excluded.cl_required;
INSERT INTO s_mt.t_class_attr(ck_id, ck_class, ck_attr, cv_value, ck_user, ct_change, cl_required) VALUES ('520', '38', 'filters', null, '10020785', '2018-07-09T00:00:00.000+0000', 0)  on conflict (ck_id) do update set ck_class = excluded.ck_class, ck_attr = excluded.ck_attr, cv_value = excluded.cv_value, ck_user = excluded.ck_user, ct_change = excluded.ct_change, cl_required = excluded.cl_required;
INSERT INTO s_mt.t_class_attr(ck_id, ck_class, ck_attr, cv_value, ck_user, ct_change, cl_required) VALUES ('1186', '38', 'getglobal', null, '10020785', '2018-07-09T00:00:00.000+0000', 0)  on conflict (ck_id) do update set ck_class = excluded.ck_class, ck_attr = excluded.ck_attr, cv_value = excluded.cv_value, ck_user = excluded.ck_user, ct_change = excluded.ct_change, cl_required = excluded.cl_required;
INSERT INTO s_mt.t_class_attr(ck_id, ck_class, ck_attr, cv_value, ck_user, ct_change, cl_required) VALUES ('1228', '38', 'getglobaltostore', null, '10020785', '2018-07-09T00:00:00.000+0000', 0)  on conflict (ck_id) do update set ck_class = excluded.ck_class, ck_attr = excluded.ck_attr, cv_value = excluded.cv_value, ck_user = excluded.ck_user, ct_change = excluded.ct_change, cl_required = excluded.cl_required;
INSERT INTO s_mt.t_class_attr(ck_id, ck_class, ck_attr, cv_value, ck_user, ct_change, cl_required) VALUES ('889', '38', 'hidden', null, '10020785', '2018-07-09T00:00:00.000+0000', 0)  on conflict (ck_id) do update set ck_class = excluded.ck_class, ck_attr = excluded.ck_attr, cv_value = excluded.cv_value, ck_user = excluded.ck_user, ct_change = excluded.ct_change, cl_required = excluded.cl_required;
INSERT INTO s_mt.t_class_attr(ck_id, ck_class, ck_attr, cv_value, ck_user, ct_change, cl_required) VALUES ('1305', '38', 'hiddenrules', null, '10020785', '2018-07-09T00:00:00.000+0000', 0)  on conflict (ck_id) do update set ck_class = excluded.ck_class, ck_attr = excluded.ck_attr, cv_value = excluded.cv_value, ck_user = excluded.ck_user, ct_change = excluded.ct_change, cl_required = excluded.cl_required;
INSERT INTO s_mt.t_class_attr(ck_id, ck_class, ck_attr, cv_value, ck_user, ct_change, cl_required) VALUES ('911', '38', 'idproperty', null, '10020785', '2018-07-09T00:00:00.000+0000', 0)  on conflict (ck_id) do update set ck_class = excluded.ck_class, ck_attr = excluded.ck_attr, cv_value = excluded.cv_value, ck_user = excluded.ck_user, ct_change = excluded.ct_change, cl_required = excluded.cl_required;
INSERT INTO s_mt.t_class_attr(ck_id, ck_class, ck_attr, cv_value, ck_user, ct_change, cl_required) VALUES ('1394', '38', 'info', null, '10020785', '2018-07-09T00:00:00.000+0000', 0)  on conflict (ck_id) do update set ck_class = excluded.ck_class, ck_attr = excluded.ck_attr, cv_value = excluded.cv_value, ck_user = excluded.ck_user, ct_change = excluded.ct_change, cl_required = excluded.cl_required;
INSERT INTO s_mt.t_class_attr(ck_id, ck_class, ck_attr, cv_value, ck_user, ct_change, cl_required) VALUES ('820', '38', 'noglobalmask', 'true', '10020785', '2018-07-09T00:00:00.000+0000', 0)  on conflict (ck_id) do update set ck_class = excluded.ck_class, ck_attr = excluded.ck_attr, cv_value = excluded.cv_value, ck_user = excluded.ck_user, ct_change = excluded.ct_change, cl_required = excluded.cl_required;
INSERT INTO s_mt.t_class_attr(ck_id, ck_class, ck_attr, cv_value, ck_user, ct_change, cl_required) VALUES ('856', '38', 'orderdirection', null, '10020785', '2018-07-09T00:00:00.000+0000', 0)  on conflict (ck_id) do update set ck_class = excluded.ck_class, ck_attr = excluded.ck_attr, cv_value = excluded.cv_value, ck_user = excluded.ck_user, ct_change = excluded.ct_change, cl_required = excluded.cl_required;
INSERT INTO s_mt.t_class_attr(ck_id, ck_class, ck_attr, cv_value, ck_user, ct_change, cl_required) VALUES ('857', '38', 'orderproperty', '1', '10020785', '2018-07-09T00:00:00.000+0000', 0)  on conflict (ck_id) do update set ck_class = excluded.ck_class, ck_attr = excluded.ck_attr, cv_value = excluded.cv_value, ck_user = excluded.ck_user, ct_change = excluded.ct_change, cl_required = excluded.cl_required;
INSERT INTO s_mt.t_class_attr(ck_id, ck_class, ck_attr, cv_value, ck_user, ct_change, cl_required) VALUES ('363', '38', 'pagesize', null, '10020785', '2018-07-09T00:00:00.000+0000', 0)  on conflict (ck_id) do update set ck_class = excluded.ck_class, ck_attr = excluded.ck_attr, cv_value = excluded.cv_value, ck_user = excluded.ck_user, ct_change = excluded.ct_change, cl_required = excluded.cl_required;
INSERT INTO s_mt.t_class_attr(ck_id, ck_class, ck_attr, cv_value, ck_user, ct_change, cl_required) VALUES ('1662', '38', 'pickerheight', null, '10020785', '2018-07-09T00:00:00.000+0000', 0)  on conflict (ck_id) do update set ck_class = excluded.ck_class, ck_attr = excluded.ck_attr, cv_value = excluded.cv_value, ck_user = excluded.ck_user, ct_change = excluded.ct_change, cl_required = excluded.cl_required;
INSERT INTO s_mt.t_class_attr(ck_id, ck_class, ck_attr, cv_value, ck_user, ct_change, cl_required) VALUES ('1651', '38', 'pickerwidth', null, '10020785', '2018-07-09T00:00:00.000+0000', 0)  on conflict (ck_id) do update set ck_class = excluded.ck_class, ck_attr = excluded.ck_attr, cv_value = excluded.cv_value, ck_user = excluded.ck_user, ct_change = excluded.ct_change, cl_required = excluded.cl_required;
INSERT INTO s_mt.t_class_attr(ck_id, ck_class, ck_attr, cv_value, ck_user, ct_change, cl_required) VALUES ('1017', '38', 'reqsel', null, '10020785', '2018-09-03T00:00:00.000+0000', 0)  on conflict (ck_id) do update set ck_class = excluded.ck_class, ck_attr = excluded.ck_attr, cv_value = excluded.cv_value, ck_user = excluded.ck_user, ct_change = excluded.ct_change, cl_required = excluded.cl_required;
INSERT INTO s_mt.t_class_attr(ck_id, ck_class, ck_attr, cv_value, ck_user, ct_change, cl_required) VALUES ('300', '38', 'required', null, '10020785', '2018-07-09T00:00:00.000+0000', 0)  on conflict (ck_id) do update set ck_class = excluded.ck_class, ck_attr = excluded.ck_attr, cv_value = excluded.cv_value, ck_user = excluded.ck_user, ct_change = excluded.ct_change, cl_required = excluded.cl_required;
INSERT INTO s_mt.t_class_attr(ck_id, ck_class, ck_attr, cv_value, ck_user, ct_change, cl_required) VALUES ('43181', '38', 'requiredrules', null, '10028610', '2019-02-05T00:00:00.000+0000', 0)  on conflict (ck_id) do update set ck_class = excluded.ck_class, ck_attr = excluded.ck_attr, cv_value = excluded.cv_value, ck_user = excluded.ck_user, ct_change = excluded.ct_change, cl_required = excluded.cl_required;
INSERT INTO s_mt.t_class_attr(ck_id, ck_class, ck_attr, cv_value, ck_user, ct_change, cl_required) VALUES ('1216', '38', 'setglobal', null, '10020785', '2018-07-09T00:00:00.000+0000', 0)  on conflict (ck_id) do update set ck_class = excluded.ck_class, ck_attr = excluded.ck_attr, cv_value = excluded.cv_value, ck_user = excluded.ck_user, ct_change = excluded.ct_change, cl_required = excluded.cl_required;
INSERT INTO s_mt.t_class_attr(ck_id, ck_class, ck_attr, cv_value, ck_user, ct_change, cl_required) VALUES ('44171', '38', 'spliter', 'false', '10028610', '2019-02-12T00:00:00.000+0000', 0)  on conflict (ck_id) do update set ck_class = excluded.ck_class, ck_attr = excluded.ck_attr, cv_value = excluded.cv_value, ck_user = excluded.ck_user, ct_change = excluded.ct_change, cl_required = excluded.cl_required;
INSERT INTO s_mt.t_class_attr(ck_id, ck_class, ck_attr, cv_value, ck_user, ct_change, cl_required) VALUES ('17176', '38', 'timeout', null, '10020785', '2018-09-03T00:00:00.000+0000', 0)  on conflict (ck_id) do update set ck_class = excluded.ck_class, ck_attr = excluded.ck_attr, cv_value = excluded.cv_value, ck_user = excluded.ck_user, ct_change = excluded.ct_change, cl_required = excluded.cl_required;
INSERT INTO s_mt.t_class_attr(ck_id, ck_class, ck_attr, cv_value, ck_user, ct_change, cl_required) VALUES ('291', '38', 'type', 'IFIELD', '10020785', '2018-07-09T00:00:00.000+0000', 1)  on conflict (ck_id) do update set ck_class = excluded.ck_class, ck_attr = excluded.ck_attr, cv_value = excluded.cv_value, ck_user = excluded.ck_user, ct_change = excluded.ct_change, cl_required = excluded.cl_required;
INSERT INTO s_mt.t_class_attr(ck_id, ck_class, ck_attr, cv_value, ck_user, ct_change, cl_required) VALUES ('303', '38', 'valuefield', null, '10020785', '2018-07-09T00:00:00.000+0000', 0)  on conflict (ck_id) do update set ck_class = excluded.ck_class, ck_attr = excluded.ck_attr, cv_value = excluded.cv_value, ck_user = excluded.ck_user, ct_change = excluded.ct_change, cl_required = excluded.cl_required;
INSERT INTO s_mt.t_class_attr(ck_id, ck_class, ck_attr, cv_value, ck_user, ct_change, cl_required) VALUES ('1074', '38', 'visibileinwindow', 'false', '10020785', '2018-07-09T00:00:00.000+0000', 0)  on conflict (ck_id) do update set ck_class = excluded.ck_class, ck_attr = excluded.ck_attr, cv_value = excluded.cv_value, ck_user = excluded.ck_user, ct_change = excluded.ct_change, cl_required = excluded.cl_required;
INSERT INTO s_mt.t_class_attr(ck_id, ck_class, ck_attr, cv_value, ck_user, ct_change, cl_required) VALUES ('1432', '38', 'width', null, '10020785', '2018-09-02T00:00:00.000+0000', 0)  on conflict (ck_id) do update set ck_class = excluded.ck_class, ck_attr = excluded.ck_attr, cv_value = excluded.cv_value, ck_user = excluded.ck_user, ct_change = excluded.ct_change, cl_required = excluded.cl_required;
select pkg_patcher.p_clear_attr('38'::varchar, '["autoload","btnrefresh","collectionvalues","column","columns","datatype","defaultvalue","detail","disabled","disabledrules","displayfield","editmode","extraplugingate","filters","getglobal","getglobaltostore","hidden","hiddenrules","idproperty","info","noglobalmask","orderdirection","orderproperty","pagesize","pickerheight","pickerwidth","reqsel","required","requiredrules","setglobal","spliter","timeout","type","valuefield","visibileinwindow","width"]'::jsonb);
INSERT INTO s_mt.t_class(ck_id, cv_name, cv_description, cl_final, cl_dataset, ck_user, ct_change) VALUES ('37', 'Field Grid Tree', 'Поле "Выпадающая таблица-дерево"', 0, 1, '4fd05ca9-3a9e-4d66-82df-886dfa082113', '2019-09-19T00:00:00.000+0000')  on conflict (ck_id) do update set cv_name = excluded.cv_name, cv_description = excluded.cv_description, cl_final = excluded.cl_final, cl_dataset = excluded.cl_dataset, ck_user = excluded.ck_user, ct_change = excluded.ct_change;
INSERT INTO s_mt.t_class_attr(ck_id, ck_class, ck_attr, cv_value, ck_user, ct_change, cl_required) VALUES ('575', '37', 'autoload', 'true', '10020785', '2018-07-09T00:00:00.000+0000', 0)  on conflict (ck_id) do update set ck_class = excluded.ck_class, ck_attr = excluded.ck_attr, cv_value = excluded.cv_value, ck_user = excluded.ck_user, ct_change = excluded.ct_change, cl_required = excluded.cl_required;
INSERT INTO s_mt.t_class_attr(ck_id, ck_class, ck_attr, cv_value, ck_user, ct_change, cl_required) VALUES ('1496', '37', 'btnrefresh', 'true', '10020785', '2018-07-09T00:00:00.000+0000', 0)  on conflict (ck_id) do update set ck_class = excluded.ck_class, ck_attr = excluded.ck_attr, cv_value = excluded.cv_value, ck_user = excluded.ck_user, ct_change = excluded.ct_change, cl_required = excluded.cl_required;
INSERT INTO s_mt.t_class_attr(ck_id, ck_class, ck_attr, cv_value, ck_user, ct_change, cl_required) VALUES ('261', '37', 'column', null, '10020785', '2018-07-09T00:00:00.000+0000', 1)  on conflict (ck_id) do update set ck_class = excluded.ck_class, ck_attr = excluded.ck_attr, cv_value = excluded.cv_value, ck_user = excluded.ck_user, ct_change = excluded.ct_change, cl_required = excluded.cl_required;
INSERT INTO s_mt.t_class_attr(ck_id, ck_class, ck_attr, cv_value, ck_user, ct_change, cl_required) VALUES ('270', '37', 'columns', null, '10020785', '2018-07-09T00:00:00.000+0000', 0)  on conflict (ck_id) do update set ck_class = excluded.ck_class, ck_attr = excluded.ck_attr, cv_value = excluded.cv_value, ck_user = excluded.ck_user, ct_change = excluded.ct_change, cl_required = excluded.cl_required;
INSERT INTO s_mt.t_class_attr(ck_id, ck_class, ck_attr, cv_value, ck_user, ct_change, cl_required) VALUES ('256', '37', 'datatype', 'tree', '10020785', '2018-07-09T00:00:00.000+0000', 1)  on conflict (ck_id) do update set ck_class = excluded.ck_class, ck_attr = excluded.ck_attr, cv_value = excluded.cv_value, ck_user = excluded.ck_user, ct_change = excluded.ct_change, cl_required = excluded.cl_required;
INSERT INTO s_mt.t_class_attr(ck_id, ck_class, ck_attr, cv_value, ck_user, ct_change, cl_required) VALUES ('880', '37', 'defaultvalue', null, '10020785', '2018-07-09T00:00:00.000+0000', 0)  on conflict (ck_id) do update set ck_class = excluded.ck_class, ck_attr = excluded.ck_attr, cv_value = excluded.cv_value, ck_user = excluded.ck_user, ct_change = excluded.ct_change, cl_required = excluded.cl_required;
INSERT INTO s_mt.t_class_attr(ck_id, ck_class, ck_attr, cv_value, ck_user, ct_change, cl_required) VALUES ('901', '37', 'disabled', null, '10020785', '2018-07-09T00:00:00.000+0000', 0)  on conflict (ck_id) do update set ck_class = excluded.ck_class, ck_attr = excluded.ck_attr, cv_value = excluded.cv_value, ck_user = excluded.ck_user, ct_change = excluded.ct_change, cl_required = excluded.cl_required;
INSERT INTO s_mt.t_class_attr(ck_id, ck_class, ck_attr, cv_value, ck_user, ct_change, cl_required) VALUES ('1260', '37', 'disabledrules', null, '10020785', '2018-07-09T00:00:00.000+0000', 0)  on conflict (ck_id) do update set ck_class = excluded.ck_class, ck_attr = excluded.ck_attr, cv_value = excluded.cv_value, ck_user = excluded.ck_user, ct_change = excluded.ct_change, cl_required = excluded.cl_required;
INSERT INTO s_mt.t_class_attr(ck_id, ck_class, ck_attr, cv_value, ck_user, ct_change, cl_required) VALUES ('361', '37', 'displayfield', null, '10020785', '2018-07-09T00:00:00.000+0000', 0)  on conflict (ck_id) do update set ck_class = excluded.ck_class, ck_attr = excluded.ck_attr, cv_value = excluded.cv_value, ck_user = excluded.ck_user, ct_change = excluded.ct_change, cl_required = excluded.cl_required;
INSERT INTO s_mt.t_class_attr(ck_id, ck_class, ck_attr, cv_value, ck_user, ct_change, cl_required) VALUES ('40185', '37', 'editmode', null, '20785', '2019-01-24T00:00:00.000+0000', 0)  on conflict (ck_id) do update set ck_class = excluded.ck_class, ck_attr = excluded.ck_attr, cv_value = excluded.cv_value, ck_user = excluded.ck_user, ct_change = excluded.ct_change, cl_required = excluded.cl_required;
INSERT INTO s_mt.t_class_attr(ck_id, ck_class, ck_attr, cv_value, ck_user, ct_change, cl_required) VALUES ('1917', '37', 'extraplugingate', null, '10020785', '2018-08-27T00:00:00.000+0000', 0)  on conflict (ck_id) do update set ck_class = excluded.ck_class, ck_attr = excluded.ck_attr, cv_value = excluded.cv_value, ck_user = excluded.ck_user, ct_change = excluded.ct_change, cl_required = excluded.cl_required;
INSERT INTO s_mt.t_class_attr(ck_id, ck_class, ck_attr, cv_value, ck_user, ct_change, cl_required) VALUES ('519', '37', 'filters', null, '10020785', '2018-07-09T00:00:00.000+0000', 1)  on conflict (ck_id) do update set ck_class = excluded.ck_class, ck_attr = excluded.ck_attr, cv_value = excluded.cv_value, ck_user = excluded.ck_user, ct_change = excluded.ct_change, cl_required = excluded.cl_required;
INSERT INTO s_mt.t_class_attr(ck_id, ck_class, ck_attr, cv_value, ck_user, ct_change, cl_required) VALUES ('1184', '37', 'getglobal', null, '10020785', '2018-07-09T00:00:00.000+0000', 0)  on conflict (ck_id) do update set ck_class = excluded.ck_class, ck_attr = excluded.ck_attr, cv_value = excluded.cv_value, ck_user = excluded.ck_user, ct_change = excluded.ct_change, cl_required = excluded.cl_required;
INSERT INTO s_mt.t_class_attr(ck_id, ck_class, ck_attr, cv_value, ck_user, ct_change, cl_required) VALUES ('1226', '37', 'getglobaltostore', null, '10020785', '2018-07-09T00:00:00.000+0000', 0)  on conflict (ck_id) do update set ck_class = excluded.ck_class, ck_attr = excluded.ck_attr, cv_value = excluded.cv_value, ck_user = excluded.ck_user, ct_change = excluded.ct_change, cl_required = excluded.cl_required;
INSERT INTO s_mt.t_class_attr(ck_id, ck_class, ck_attr, cv_value, ck_user, ct_change, cl_required) VALUES ('902', '37', 'hidden', null, '10020785', '2018-07-09T00:00:00.000+0000', 0)  on conflict (ck_id) do update set ck_class = excluded.ck_class, ck_attr = excluded.ck_attr, cv_value = excluded.cv_value, ck_user = excluded.ck_user, ct_change = excluded.ct_change, cl_required = excluded.cl_required;
INSERT INTO s_mt.t_class_attr(ck_id, ck_class, ck_attr, cv_value, ck_user, ct_change, cl_required) VALUES ('1304', '37', 'hiddenrules', null, '10020785', '2018-07-09T00:00:00.000+0000', 0)  on conflict (ck_id) do update set ck_class = excluded.ck_class, ck_attr = excluded.ck_attr, cv_value = excluded.cv_value, ck_user = excluded.ck_user, ct_change = excluded.ct_change, cl_required = excluded.cl_required;
INSERT INTO s_mt.t_class_attr(ck_id, ck_class, ck_attr, cv_value, ck_user, ct_change, cl_required) VALUES ('912', '37', 'idproperty', null, '10020785', '2018-07-09T00:00:00.000+0000', 0)  on conflict (ck_id) do update set ck_class = excluded.ck_class, ck_attr = excluded.ck_attr, cv_value = excluded.cv_value, ck_user = excluded.ck_user, ct_change = excluded.ct_change, cl_required = excluded.cl_required;
INSERT INTO s_mt.t_class_attr(ck_id, ck_class, ck_attr, cv_value, ck_user, ct_change, cl_required) VALUES ('1392', '37', 'info', null, '10020785', '2018-07-09T00:00:00.000+0000', 0)  on conflict (ck_id) do update set ck_class = excluded.ck_class, ck_attr = excluded.ck_attr, cv_value = excluded.cv_value, ck_user = excluded.ck_user, ct_change = excluded.ct_change, cl_required = excluded.cl_required;
INSERT INTO s_mt.t_class_attr(ck_id, ck_class, ck_attr, cv_value, ck_user, ct_change, cl_required) VALUES ('822', '37', 'noglobalmask', 'true', '10020785', '2018-07-09T00:00:00.000+0000', 0)  on conflict (ck_id) do update set ck_class = excluded.ck_class, ck_attr = excluded.ck_attr, cv_value = excluded.cv_value, ck_user = excluded.ck_user, ct_change = excluded.ct_change, cl_required = excluded.cl_required;
INSERT INTO s_mt.t_class_attr(ck_id, ck_class, ck_attr, cv_value, ck_user, ct_change, cl_required) VALUES ('858', '37', 'orderdirection', null, '10020785', '2018-07-09T00:00:00.000+0000', 0)  on conflict (ck_id) do update set ck_class = excluded.ck_class, ck_attr = excluded.ck_attr, cv_value = excluded.cv_value, ck_user = excluded.ck_user, ct_change = excluded.ct_change, cl_required = excluded.cl_required;
INSERT INTO s_mt.t_class_attr(ck_id, ck_class, ck_attr, cv_value, ck_user, ct_change, cl_required) VALUES ('859', '37', 'orderproperty', '1', '10020785', '2018-07-09T00:00:00.000+0000', 0)  on conflict (ck_id) do update set ck_class = excluded.ck_class, ck_attr = excluded.ck_attr, cv_value = excluded.cv_value, ck_user = excluded.ck_user, ct_change = excluded.ct_change, cl_required = excluded.cl_required;
INSERT INTO s_mt.t_class_attr(ck_id, ck_class, ck_attr, cv_value, ck_user, ct_change, cl_required) VALUES ('364', '37', 'pagesize', null, '10020785', '2018-07-09T00:00:00.000+0000', 0)  on conflict (ck_id) do update set ck_class = excluded.ck_class, ck_attr = excluded.ck_attr, cv_value = excluded.cv_value, ck_user = excluded.ck_user, ct_change = excluded.ct_change, cl_required = excluded.cl_required;
INSERT INTO s_mt.t_class_attr(ck_id, ck_class, ck_attr, cv_value, ck_user, ct_change, cl_required) VALUES ('1663', '37', 'pickerheight', null, '10020785', '2018-07-09T00:00:00.000+0000', 0)  on conflict (ck_id) do update set ck_class = excluded.ck_class, ck_attr = excluded.ck_attr, cv_value = excluded.cv_value, ck_user = excluded.ck_user, ct_change = excluded.ct_change, cl_required = excluded.cl_required;
INSERT INTO s_mt.t_class_attr(ck_id, ck_class, ck_attr, cv_value, ck_user, ct_change, cl_required) VALUES ('1652', '37', 'pickerwidth', null, '10020785', '2018-07-09T00:00:00.000+0000', 0)  on conflict (ck_id) do update set ck_class = excluded.ck_class, ck_attr = excluded.ck_attr, cv_value = excluded.cv_value, ck_user = excluded.ck_user, ct_change = excluded.ct_change, cl_required = excluded.cl_required;
INSERT INTO s_mt.t_class_attr(ck_id, ck_class, ck_attr, cv_value, ck_user, ct_change, cl_required) VALUES ('1025', '37', 'reqsel', null, '10020785', '2018-09-02T00:00:00.000+0000', 0)  on conflict (ck_id) do update set ck_class = excluded.ck_class, ck_attr = excluded.ck_attr, cv_value = excluded.cv_value, ck_user = excluded.ck_user, ct_change = excluded.ct_change, cl_required = excluded.cl_required;
INSERT INTO s_mt.t_class_attr(ck_id, ck_class, ck_attr, cv_value, ck_user, ct_change, cl_required) VALUES ('264', '37', 'required', null, '10020785', '2018-07-09T00:00:00.000+0000', 0)  on conflict (ck_id) do update set ck_class = excluded.ck_class, ck_attr = excluded.ck_attr, cv_value = excluded.cv_value, ck_user = excluded.ck_user, ct_change = excluded.ct_change, cl_required = excluded.cl_required;
INSERT INTO s_mt.t_class_attr(ck_id, ck_class, ck_attr, cv_value, ck_user, ct_change, cl_required) VALUES ('43187', '37', 'requiredrules', null, '10028610', '2019-02-05T00:00:00.000+0000', 0)  on conflict (ck_id) do update set ck_class = excluded.ck_class, ck_attr = excluded.ck_attr, cv_value = excluded.cv_value, ck_user = excluded.ck_user, ct_change = excluded.ct_change, cl_required = excluded.cl_required;
INSERT INTO s_mt.t_class_attr(ck_id, ck_class, ck_attr, cv_value, ck_user, ct_change, cl_required) VALUES ('994', '37', 'rootvisible', null, '10020785', '2018-07-09T00:00:00.000+0000', 0)  on conflict (ck_id) do update set ck_class = excluded.ck_class, ck_attr = excluded.ck_attr, cv_value = excluded.cv_value, ck_user = excluded.ck_user, ct_change = excluded.ct_change, cl_required = excluded.cl_required;
INSERT INTO s_mt.t_class_attr(ck_id, ck_class, ck_attr, cv_value, ck_user, ct_change, cl_required) VALUES ('1214', '37', 'setglobal', null, '10020785', '2018-07-09T00:00:00.000+0000', 0)  on conflict (ck_id) do update set ck_class = excluded.ck_class, ck_attr = excluded.ck_attr, cv_value = excluded.cv_value, ck_user = excluded.ck_user, ct_change = excluded.ct_change, cl_required = excluded.cl_required;
INSERT INTO s_mt.t_class_attr(ck_id, ck_class, ck_attr, cv_value, ck_user, ct_change, cl_required) VALUES ('44172', '37', 'spliter', 'false', '10028610', '2019-02-12T00:00:00.000+0000', 0)  on conflict (ck_id) do update set ck_class = excluded.ck_class, ck_attr = excluded.ck_attr, cv_value = excluded.cv_value, ck_user = excluded.ck_user, ct_change = excluded.ct_change, cl_required = excluded.cl_required;
INSERT INTO s_mt.t_class_attr(ck_id, ck_class, ck_attr, cv_value, ck_user, ct_change, cl_required) VALUES ('17177', '37', 'timeout', null, '10020785', '2018-09-02T00:00:00.000+0000', 0)  on conflict (ck_id) do update set ck_class = excluded.ck_class, ck_attr = excluded.ck_attr, cv_value = excluded.cv_value, ck_user = excluded.ck_user, ct_change = excluded.ct_change, cl_required = excluded.cl_required;
INSERT INTO s_mt.t_class_attr(ck_id, ck_class, ck_attr, cv_value, ck_user, ct_change, cl_required) VALUES ('255', '37', 'type', 'IFIELD', '10020785', '2018-07-09T00:00:00.000+0000', 1)  on conflict (ck_id) do update set ck_class = excluded.ck_class, ck_attr = excluded.ck_attr, cv_value = excluded.cv_value, ck_user = excluded.ck_user, ct_change = excluded.ct_change, cl_required = excluded.cl_required;
INSERT INTO s_mt.t_class_attr(ck_id, ck_class, ck_attr, cv_value, ck_user, ct_change, cl_required) VALUES ('267', '37', 'valuefield', null, '10020785', '2018-07-09T00:00:00.000+0000', 1)  on conflict (ck_id) do update set ck_class = excluded.ck_class, ck_attr = excluded.ck_attr, cv_value = excluded.cv_value, ck_user = excluded.ck_user, ct_change = excluded.ct_change, cl_required = excluded.cl_required;
INSERT INTO s_mt.t_class_attr(ck_id, ck_class, ck_attr, cv_value, ck_user, ct_change, cl_required) VALUES ('1079', '37', 'visibileinwindow', 'false', '10020785', '2018-09-02T00:00:00.000+0000', 0)  on conflict (ck_id) do update set ck_class = excluded.ck_class, ck_attr = excluded.ck_attr, cv_value = excluded.cv_value, ck_user = excluded.ck_user, ct_change = excluded.ct_change, cl_required = excluded.cl_required;
INSERT INTO s_mt.t_class_attr(ck_id, ck_class, ck_attr, cv_value, ck_user, ct_change, cl_required) VALUES ('1439', '37', 'width', null, '10020785', '2018-09-02T00:00:00.000+0000', 0)  on conflict (ck_id) do update set ck_class = excluded.ck_class, ck_attr = excluded.ck_attr, cv_value = excluded.cv_value, ck_user = excluded.ck_user, ct_change = excluded.ct_change, cl_required = excluded.cl_required;
select pkg_patcher.p_clear_attr('37'::varchar, '["autoload","btnrefresh","column","columns","datatype","defaultvalue","disabled","disabledrules","displayfield","editmode","extraplugingate","filters","getglobal","getglobaltostore","hidden","hiddenrules","idproperty","info","noglobalmask","orderdirection","orderproperty","pagesize","pickerheight","pickerwidth","reqsel","required","requiredrules","rootvisible","setglobal","spliter","timeout","type","valuefield","visibileinwindow","width"]'::jsonb);
INSERT INTO s_mt.t_class(ck_id, cv_name, cv_description, cl_final, cl_dataset, ck_user, ct_change) VALUES ('7457', 'Field Group', 'Визуальное объединение нескольких полей в одну группу', 0, 0, '20785', '2018-12-19T00:00:00.000+0000')  on conflict (ck_id) do update set cv_name = excluded.cv_name, cv_description = excluded.cv_description, cl_final = excluded.cl_final, cl_dataset = excluded.cl_dataset, ck_user = excluded.ck_user, ct_change = excluded.ct_change;
INSERT INTO s_mt.t_class_attr(ck_id, ck_class, ck_attr, cv_value, ck_user, ct_change, cl_required) VALUES ('37172', '7457', 'childs', null, '20785', '2018-12-19T00:00:00.000+0000', 0)  on conflict (ck_id) do update set ck_class = excluded.ck_class, ck_attr = excluded.ck_attr, cv_value = excluded.cv_value, ck_user = excluded.ck_user, ct_change = excluded.ct_change, cl_required = excluded.cl_required;
INSERT INTO s_mt.t_class_attr(ck_id, ck_class, ck_attr, cv_value, ck_user, ct_change, cl_required) VALUES ('37173', '7457', 'contentview', null, '20785', '2018-12-19T00:00:00.000+0000', 0)  on conflict (ck_id) do update set ck_class = excluded.ck_class, ck_attr = excluded.ck_attr, cv_value = excluded.cv_value, ck_user = excluded.ck_user, ct_change = excluded.ct_change, cl_required = excluded.cl_required;
INSERT INTO s_mt.t_class_attr(ck_id, ck_class, ck_attr, cv_value, ck_user, ct_change, cl_required) VALUES ('37171', '7457', 'datatype', 'group', '20785', '2018-12-19T00:00:00.000+0000', 1)  on conflict (ck_id) do update set ck_class = excluded.ck_class, ck_attr = excluded.ck_attr, cv_value = excluded.cv_value, ck_user = excluded.ck_user, ct_change = excluded.ct_change, cl_required = excluded.cl_required;
INSERT INTO s_mt.t_class_attr(ck_id, ck_class, ck_attr, cv_value, ck_user, ct_change, cl_required) VALUES ('37174', '7457', 'disabled', null, '20785', '2018-12-19T00:00:00.000+0000', 0)  on conflict (ck_id) do update set ck_class = excluded.ck_class, ck_attr = excluded.ck_attr, cv_value = excluded.cv_value, ck_user = excluded.ck_user, ct_change = excluded.ct_change, cl_required = excluded.cl_required;
INSERT INTO s_mt.t_class_attr(ck_id, ck_class, ck_attr, cv_value, ck_user, ct_change, cl_required) VALUES ('37175', '7457', 'disabledrules', null, '20785', '2018-12-19T00:00:00.000+0000', 0)  on conflict (ck_id) do update set ck_class = excluded.ck_class, ck_attr = excluded.ck_attr, cv_value = excluded.cv_value, ck_user = excluded.ck_user, ct_change = excluded.ct_change, cl_required = excluded.cl_required;
INSERT INTO s_mt.t_class_attr(ck_id, ck_class, ck_attr, cv_value, ck_user, ct_change, cl_required) VALUES ('40177', '7457', 'editmode', null, '20785', '2019-01-24T00:00:00.000+0000', 0)  on conflict (ck_id) do update set ck_class = excluded.ck_class, ck_attr = excluded.ck_attr, cv_value = excluded.cv_value, ck_user = excluded.ck_user, ct_change = excluded.ct_change, cl_required = excluded.cl_required;
INSERT INTO s_mt.t_class_attr(ck_id, ck_class, ck_attr, cv_value, ck_user, ct_change, cl_required) VALUES ('37176', '7457', 'hidden', null, '20785', '2018-12-19T00:00:00.000+0000', 0)  on conflict (ck_id) do update set ck_class = excluded.ck_class, ck_attr = excluded.ck_attr, cv_value = excluded.cv_value, ck_user = excluded.ck_user, ct_change = excluded.ct_change, cl_required = excluded.cl_required;
INSERT INTO s_mt.t_class_attr(ck_id, ck_class, ck_attr, cv_value, ck_user, ct_change, cl_required) VALUES ('37177', '7457', 'hiddenrules', null, '20785', '2018-12-19T00:00:00.000+0000', 0)  on conflict (ck_id) do update set ck_class = excluded.ck_class, ck_attr = excluded.ck_attr, cv_value = excluded.cv_value, ck_user = excluded.ck_user, ct_change = excluded.ct_change, cl_required = excluded.cl_required;
INSERT INTO s_mt.t_class_attr(ck_id, ck_class, ck_attr, cv_value, ck_user, ct_change, cl_required) VALUES ('37180', '7457', 'info', null, '20785', '2018-12-19T00:00:00.000+0000', 0)  on conflict (ck_id) do update set ck_class = excluded.ck_class, ck_attr = excluded.ck_attr, cv_value = excluded.cv_value, ck_user = excluded.ck_user, ct_change = excluded.ct_change, cl_required = excluded.cl_required;
INSERT INTO s_mt.t_class_attr(ck_id, ck_class, ck_attr, cv_value, ck_user, ct_change, cl_required) VALUES ('37181', '7457', 'reqcount', null, '20785', '2018-12-19T00:00:00.000+0000', 0)  on conflict (ck_id) do update set ck_class = excluded.ck_class, ck_attr = excluded.ck_attr, cv_value = excluded.cv_value, ck_user = excluded.ck_user, ct_change = excluded.ct_change, cl_required = excluded.cl_required;
INSERT INTO s_mt.t_class_attr(ck_id, ck_class, ck_attr, cv_value, ck_user, ct_change, cl_required) VALUES ('37182', '7457', 'reqcountrules', null, '20785', '2018-12-19T00:00:00.000+0000', 0)  on conflict (ck_id) do update set ck_class = excluded.ck_class, ck_attr = excluded.ck_attr, cv_value = excluded.cv_value, ck_user = excluded.ck_user, ct_change = excluded.ct_change, cl_required = excluded.cl_required;
INSERT INTO s_mt.t_class_attr(ck_id, ck_class, ck_attr, cv_value, ck_user, ct_change, cl_required) VALUES ('37179', '7457', 'reqsel', null, '20785', '2018-12-19T00:00:00.000+0000', 0)  on conflict (ck_id) do update set ck_class = excluded.ck_class, ck_attr = excluded.ck_attr, cv_value = excluded.cv_value, ck_user = excluded.ck_user, ct_change = excluded.ct_change, cl_required = excluded.cl_required;
INSERT INTO s_mt.t_class_attr(ck_id, ck_class, ck_attr, cv_value, ck_user, ct_change, cl_required) VALUES ('37170', '7457', 'type', 'IFIELD', '20785', '2018-12-19T00:00:00.000+0000', 1)  on conflict (ck_id) do update set ck_class = excluded.ck_class, ck_attr = excluded.ck_attr, cv_value = excluded.cv_value, ck_user = excluded.ck_user, ct_change = excluded.ct_change, cl_required = excluded.cl_required;
INSERT INTO s_mt.t_class_attr(ck_id, ck_class, ck_attr, cv_value, ck_user, ct_change, cl_required) VALUES ('37178', '7457', 'width', null, '20785', '2018-12-19T00:00:00.000+0000', 0)  on conflict (ck_id) do update set ck_class = excluded.ck_class, ck_attr = excluded.ck_attr, cv_value = excluded.cv_value, ck_user = excluded.ck_user, ct_change = excluded.ct_change, cl_required = excluded.cl_required;
select pkg_patcher.p_clear_attr('7457'::varchar, '["childs","contentview","datatype","disabled","disabledrules","editmode","hidden","hiddenrules","info","reqcount","reqcountrules","reqsel","type","width"]'::jsonb);
INSERT INTO s_mt.t_class(ck_id, cv_name, cv_description, cl_final, cl_dataset, ck_user, ct_change) VALUES ('33', 'Field Hidden', 'Скрытое поле', 0, 0, '-11', '2018-02-22T00:00:00.000+0000')  on conflict (ck_id) do update set cv_name = excluded.cv_name, cv_description = excluded.cv_description, cl_final = excluded.cl_final, cl_dataset = excluded.cl_dataset, ck_user = excluded.ck_user, ct_change = excluded.ct_change;
INSERT INTO s_mt.t_class_attr(ck_id, ck_class, ck_attr, cv_value, ck_user, ct_change, cl_required) VALUES ('161', '33', 'column', null, '10020785', '2018-07-09T00:00:00.000+0000', 0)  on conflict (ck_id) do update set ck_class = excluded.ck_class, ck_attr = excluded.ck_attr, cv_value = excluded.cv_value, ck_user = excluded.ck_user, ct_change = excluded.ct_change, cl_required = excluded.cl_required;
INSERT INTO s_mt.t_class_attr(ck_id, ck_class, ck_attr, cv_value, ck_user, ct_change, cl_required) VALUES ('160', '33', 'datatype', 'hidden', '10020785', '2018-07-09T00:00:00.000+0000', 1)  on conflict (ck_id) do update set ck_class = excluded.ck_class, ck_attr = excluded.ck_attr, cv_value = excluded.cv_value, ck_user = excluded.ck_user, ct_change = excluded.ct_change, cl_required = excluded.cl_required;
INSERT INTO s_mt.t_class_attr(ck_id, ck_class, ck_attr, cv_value, ck_user, ct_change, cl_required) VALUES ('874', '33', 'defaultvalue', null, '10020785', '2018-07-09T00:00:00.000+0000', 0)  on conflict (ck_id) do update set ck_class = excluded.ck_class, ck_attr = excluded.ck_attr, cv_value = excluded.cv_value, ck_user = excluded.ck_user, ct_change = excluded.ct_change, cl_required = excluded.cl_required;
INSERT INTO s_mt.t_class_attr(ck_id, ck_class, ck_attr, cv_value, ck_user, ct_change, cl_required) VALUES ('40178', '33', 'editmode', null, '20785', '2019-01-24T00:00:00.000+0000', 0)  on conflict (ck_id) do update set ck_class = excluded.ck_class, ck_attr = excluded.ck_attr, cv_value = excluded.cv_value, ck_user = excluded.ck_user, ct_change = excluded.ct_change, cl_required = excluded.cl_required;
INSERT INTO s_mt.t_class_attr(ck_id, ck_class, ck_attr, cv_value, ck_user, ct_change, cl_required) VALUES ('1166', '33', 'getglobal', null, '10020785', '2018-07-09T00:00:00.000+0000', 0)  on conflict (ck_id) do update set ck_class = excluded.ck_class, ck_attr = excluded.ck_attr, cv_value = excluded.cv_value, ck_user = excluded.ck_user, ct_change = excluded.ct_change, cl_required = excluded.cl_required;
INSERT INTO s_mt.t_class_attr(ck_id, ck_class, ck_attr, cv_value, ck_user, ct_change, cl_required) VALUES ('1196', '33', 'setglobal', null, '10020785', '2018-07-09T00:00:00.000+0000', 0)  on conflict (ck_id) do update set ck_class = excluded.ck_class, ck_attr = excluded.ck_attr, cv_value = excluded.cv_value, ck_user = excluded.ck_user, ct_change = excluded.ct_change, cl_required = excluded.cl_required;
INSERT INTO s_mt.t_class_attr(ck_id, ck_class, ck_attr, cv_value, ck_user, ct_change, cl_required) VALUES ('159', '33', 'type', 'IFIELD', '10020785', '2018-07-09T00:00:00.000+0000', 1)  on conflict (ck_id) do update set ck_class = excluded.ck_class, ck_attr = excluded.ck_attr, cv_value = excluded.cv_value, ck_user = excluded.ck_user, ct_change = excluded.ct_change, cl_required = excluded.cl_required;
select pkg_patcher.p_clear_attr('33'::varchar, '["column","datatype","defaultvalue","editmode","getglobal","setglobal","type"]'::jsonb);
INSERT INTO s_mt.t_class(ck_id, cv_name, cv_description, cl_final, cl_dataset, ck_user, ct_change) VALUES ('8E6AC2B44FCB8D3BE053809BA8C0E74D', 'Field Image', 'Поле "Изображение"', 0, 0, '20780', '2019-08-11T00:00:00.000+0000')  on conflict (ck_id) do update set cv_name = excluded.cv_name, cv_description = excluded.cv_description, cl_final = excluded.cl_final, cl_dataset = excluded.cl_dataset, ck_user = excluded.ck_user, ct_change = excluded.ct_change;
INSERT INTO s_mt.t_class_attr(ck_id, ck_class, ck_attr, cv_value, ck_user, ct_change, cl_required) VALUES ('8E579BE0CA468D75E053809BA8C04F70', '8E6AC2B44FCB8D3BE053809BA8C0E74D', 'column', null, '20785', '2019-07-23T00:00:00.000+0000', 0)  on conflict (ck_id) do update set ck_class = excluded.ck_class, ck_attr = excluded.ck_attr, cv_value = excluded.cv_value, ck_user = excluded.ck_user, ct_change = excluded.ct_change, cl_required = excluded.cl_required;
INSERT INTO s_mt.t_class_attr(ck_id, ck_class, ck_attr, cv_value, ck_user, ct_change, cl_required) VALUES ('8E59987C46208D83E053809BA8C06D2D', '8E6AC2B44FCB8D3BE053809BA8C0E74D', 'datatype', 'image', '20785', '2019-07-23T00:00:00.000+0000', 1)  on conflict (ck_id) do update set ck_class = excluded.ck_class, ck_attr = excluded.ck_attr, cv_value = excluded.cv_value, ck_user = excluded.ck_user, ct_change = excluded.ct_change, cl_required = excluded.cl_required;
INSERT INTO s_mt.t_class_attr(ck_id, ck_class, ck_attr, cv_value, ck_user, ct_change, cl_required) VALUES ('8E595EA2AB608D8FE053809BA8C044A5', '8E6AC2B44FCB8D3BE053809BA8C0E74D', 'height', null, '20785', '2019-07-23T00:00:00.000+0000', 0)  on conflict (ck_id) do update set ck_class = excluded.ck_class, ck_attr = excluded.ck_attr, cv_value = excluded.cv_value, ck_user = excluded.ck_user, ct_change = excluded.ct_change, cl_required = excluded.cl_required;
INSERT INTO s_mt.t_class_attr(ck_id, ck_class, ck_attr, cv_value, ck_user, ct_change, cl_required) VALUES ('8E595EA2AB5E8D8FE053809BA8C044A5', '8E6AC2B44FCB8D3BE053809BA8C0E74D', 'type', 'IFIELD', '20785', '2019-07-23T00:00:00.000+0000', 1)  on conflict (ck_id) do update set ck_class = excluded.ck_class, ck_attr = excluded.ck_attr, cv_value = excluded.cv_value, ck_user = excluded.ck_user, ct_change = excluded.ct_change, cl_required = excluded.cl_required;
INSERT INTO s_mt.t_class_attr(ck_id, ck_class, ck_attr, cv_value, ck_user, ct_change, cl_required) VALUES ('8E595EA2AB5F8D8FE053809BA8C044A5', '8E6AC2B44FCB8D3BE053809BA8C0E74D', 'width', null, '20785', '2019-07-23T00:00:00.000+0000', 0)  on conflict (ck_id) do update set ck_class = excluded.ck_class, ck_attr = excluded.ck_attr, cv_value = excluded.cv_value, ck_user = excluded.ck_user, ct_change = excluded.ct_change, cl_required = excluded.cl_required;
select pkg_patcher.p_clear_attr('8E6AC2B44FCB8D3BE053809BA8C0E74D'::varchar, '["column","datatype","height","type","width"]'::jsonb);
INSERT INTO s_mt.t_class(ck_id, cv_name, cv_description, cl_final, cl_dataset, ck_user, ct_change) VALUES ('27', 'Field Integer', 'Поле "Целое число"', 0, 0, '-11', '2018-02-22T00:00:00.000+0000')  on conflict (ck_id) do update set cv_name = excluded.cv_name, cv_description = excluded.cv_description, cl_final = excluded.cl_final, cl_dataset = excluded.cl_dataset, ck_user = excluded.ck_user, ct_change = excluded.ct_change;
INSERT INTO s_mt.t_class_attr(ck_id, ck_class, ck_attr, cv_value, ck_user, ct_change, cl_required) VALUES ('85', '27', 'column', null, '10020785', '2018-07-09T00:00:00.000+0000', 1)  on conflict (ck_id) do update set ck_class = excluded.ck_class, ck_attr = excluded.ck_attr, cv_value = excluded.cv_value, ck_user = excluded.ck_user, ct_change = excluded.ct_change, cl_required = excluded.cl_required;
INSERT INTO s_mt.t_class_attr(ck_id, ck_class, ck_attr, cv_value, ck_user, ct_change, cl_required) VALUES ('65', '27', 'datatype', 'integer', '10020785', '2018-07-09T00:00:00.000+0000', 1)  on conflict (ck_id) do update set ck_class = excluded.ck_class, ck_attr = excluded.ck_attr, cv_value = excluded.cv_value, ck_user = excluded.ck_user, ct_change = excluded.ct_change, cl_required = excluded.cl_required;
INSERT INTO s_mt.t_class_attr(ck_id, ck_class, ck_attr, cv_value, ck_user, ct_change, cl_required) VALUES ('875', '27', 'defaultvalue', null, '10020785', '2018-09-02T00:00:00.000+0000', 0)  on conflict (ck_id) do update set ck_class = excluded.ck_class, ck_attr = excluded.ck_attr, cv_value = excluded.cv_value, ck_user = excluded.ck_user, ct_change = excluded.ct_change, cl_required = excluded.cl_required;
INSERT INTO s_mt.t_class_attr(ck_id, ck_class, ck_attr, cv_value, ck_user, ct_change, cl_required) VALUES ('892', '27', 'disabled', null, '10020785', '2018-07-09T00:00:00.000+0000', 0)  on conflict (ck_id) do update set ck_class = excluded.ck_class, ck_attr = excluded.ck_attr, cv_value = excluded.cv_value, ck_user = excluded.ck_user, ct_change = excluded.ct_change, cl_required = excluded.cl_required;
INSERT INTO s_mt.t_class_attr(ck_id, ck_class, ck_attr, cv_value, ck_user, ct_change, cl_required) VALUES ('1251', '27', 'disabledrules', null, '10020785', '2018-07-09T00:00:00.000+0000', 0)  on conflict (ck_id) do update set ck_class = excluded.ck_class, ck_attr = excluded.ck_attr, cv_value = excluded.cv_value, ck_user = excluded.ck_user, ct_change = excluded.ct_change, cl_required = excluded.cl_required;
INSERT INTO s_mt.t_class_attr(ck_id, ck_class, ck_attr, cv_value, ck_user, ct_change, cl_required) VALUES ('39181', '27', 'editmode', null, '20780', '2019-01-17T00:00:00.000+0000', 0)  on conflict (ck_id) do update set ck_class = excluded.ck_class, ck_attr = excluded.ck_attr, cv_value = excluded.cv_value, ck_user = excluded.ck_user, ct_change = excluded.ct_change, cl_required = excluded.cl_required;
INSERT INTO s_mt.t_class_attr(ck_id, ck_class, ck_attr, cv_value, ck_user, ct_change, cl_required) VALUES ('1161', '27', 'getglobal', null, '10020785', '2018-07-09T00:00:00.000+0000', 0)  on conflict (ck_id) do update set ck_class = excluded.ck_class, ck_attr = excluded.ck_attr, cv_value = excluded.cv_value, ck_user = excluded.ck_user, ct_change = excluded.ct_change, cl_required = excluded.cl_required;
INSERT INTO s_mt.t_class_attr(ck_id, ck_class, ck_attr, cv_value, ck_user, ct_change, cl_required) VALUES ('891', '27', 'hidden', null, '10020785', '2018-07-09T00:00:00.000+0000', 0)  on conflict (ck_id) do update set ck_class = excluded.ck_class, ck_attr = excluded.ck_attr, cv_value = excluded.cv_value, ck_user = excluded.ck_user, ct_change = excluded.ct_change, cl_required = excluded.cl_required;
INSERT INTO s_mt.t_class_attr(ck_id, ck_class, ck_attr, cv_value, ck_user, ct_change, cl_required) VALUES ('1295', '27', 'hiddenrules', null, '10020785', '2018-07-09T00:00:00.000+0000', 0)  on conflict (ck_id) do update set ck_class = excluded.ck_class, ck_attr = excluded.ck_attr, cv_value = excluded.cv_value, ck_user = excluded.ck_user, ct_change = excluded.ct_change, cl_required = excluded.cl_required;
INSERT INTO s_mt.t_class_attr(ck_id, ck_class, ck_attr, cv_value, ck_user, ct_change, cl_required) VALUES ('1371', '27', 'info', null, '10020785', '2018-07-09T00:00:00.000+0000', 0)  on conflict (ck_id) do update set ck_class = excluded.ck_class, ck_attr = excluded.ck_attr, cv_value = excluded.cv_value, ck_user = excluded.ck_user, ct_change = excluded.ct_change, cl_required = excluded.cl_required;
INSERT INTO s_mt.t_class_attr(ck_id, ck_class, ck_attr, cv_value, ck_user, ct_change, cl_required) VALUES ('70', '27', 'maxsize', '60', '10020785', '2018-07-09T00:00:00.000+0000', 0)  on conflict (ck_id) do update set ck_class = excluded.ck_class, ck_attr = excluded.ck_attr, cv_value = excluded.cv_value, ck_user = excluded.ck_user, ct_change = excluded.ct_change, cl_required = excluded.cl_required;
INSERT INTO s_mt.t_class_attr(ck_id, ck_class, ck_attr, cv_value, ck_user, ct_change, cl_required) VALUES ('1112', '27', 'maxvalue', null, '10020785', '2018-07-09T00:00:00.000+0000', 0)  on conflict (ck_id) do update set ck_class = excluded.ck_class, ck_attr = excluded.ck_attr, cv_value = excluded.cv_value, ck_user = excluded.ck_user, ct_change = excluded.ct_change, cl_required = excluded.cl_required;
INSERT INTO s_mt.t_class_attr(ck_id, ck_class, ck_attr, cv_value, ck_user, ct_change, cl_required) VALUES ('1109', '27', 'minvalue', '0', '10020785', '2018-07-09T00:00:00.000+0000', 0)  on conflict (ck_id) do update set ck_class = excluded.ck_class, ck_attr = excluded.ck_attr, cv_value = excluded.cv_value, ck_user = excluded.ck_user, ct_change = excluded.ct_change, cl_required = excluded.cl_required;
INSERT INTO s_mt.t_class_attr(ck_id, ck_class, ck_attr, cv_value, ck_user, ct_change, cl_required) VALUES ('71', '27', 'regexp', null, '10020785', '2018-07-09T00:00:00.000+0000', 0)  on conflict (ck_id) do update set ck_class = excluded.ck_class, ck_attr = excluded.ck_attr, cv_value = excluded.cv_value, ck_user = excluded.ck_user, ct_change = excluded.ct_change, cl_required = excluded.cl_required;
INSERT INTO s_mt.t_class_attr(ck_id, ck_class, ck_attr, cv_value, ck_user, ct_change, cl_required) VALUES ('1019', '27', 'reqsel', null, '10020785', '2018-09-02T00:00:00.000+0000', 0)  on conflict (ck_id) do update set ck_class = excluded.ck_class, ck_attr = excluded.ck_attr, cv_value = excluded.cv_value, ck_user = excluded.ck_user, ct_change = excluded.ct_change, cl_required = excluded.cl_required;
INSERT INTO s_mt.t_class_attr(ck_id, ck_class, ck_attr, cv_value, ck_user, ct_change, cl_required) VALUES ('72', '27', 'required', 'false', '10020785', '2018-07-09T00:00:00.000+0000', 0)  on conflict (ck_id) do update set ck_class = excluded.ck_class, ck_attr = excluded.ck_attr, cv_value = excluded.cv_value, ck_user = excluded.ck_user, ct_change = excluded.ct_change, cl_required = excluded.cl_required;
INSERT INTO s_mt.t_class_attr(ck_id, ck_class, ck_attr, cv_value, ck_user, ct_change, cl_required) VALUES ('43182', '27', 'requiredrules', null, '10028610', '2019-02-05T00:00:00.000+0000', 0)  on conflict (ck_id) do update set ck_class = excluded.ck_class, ck_attr = excluded.ck_attr, cv_value = excluded.cv_value, ck_user = excluded.ck_user, ct_change = excluded.ct_change, cl_required = excluded.cl_required;
INSERT INTO s_mt.t_class_attr(ck_id, ck_class, ck_attr, cv_value, ck_user, ct_change, cl_required) VALUES ('1191', '27', 'setglobal', null, '10020785', '2018-07-09T00:00:00.000+0000', 0)  on conflict (ck_id) do update set ck_class = excluded.ck_class, ck_attr = excluded.ck_attr, cv_value = excluded.cv_value, ck_user = excluded.ck_user, ct_change = excluded.ct_change, cl_required = excluded.cl_required;
INSERT INTO s_mt.t_class_attr(ck_id, ck_class, ck_attr, cv_value, ck_user, ct_change, cl_required) VALUES ('873409A99E972433E053809BA8C02780', '27', 'thousandseparator', null, '20786', '2019-04-29T00:00:00.000+0000', 0)  on conflict (ck_id) do update set ck_class = excluded.ck_class, ck_attr = excluded.ck_attr, cv_value = excluded.cv_value, ck_user = excluded.ck_user, ct_change = excluded.ct_change, cl_required = excluded.cl_required;
INSERT INTO s_mt.t_class_attr(ck_id, ck_class, ck_attr, cv_value, ck_user, ct_change, cl_required) VALUES ('66', '27', 'type', 'IFIELD', '10020785', '2018-07-09T00:00:00.000+0000', 1)  on conflict (ck_id) do update set ck_class = excluded.ck_class, ck_attr = excluded.ck_attr, cv_value = excluded.cv_value, ck_user = excluded.ck_user, ct_change = excluded.ct_change, cl_required = excluded.cl_required;
INSERT INTO s_mt.t_class_attr(ck_id, ck_class, ck_attr, cv_value, ck_user, ct_change, cl_required) VALUES ('1075', '27', 'visibileinwindow', 'false', '10020785', '2018-07-09T00:00:00.000+0000', 0)  on conflict (ck_id) do update set ck_class = excluded.ck_class, ck_attr = excluded.ck_attr, cv_value = excluded.cv_value, ck_user = excluded.ck_user, ct_change = excluded.ct_change, cl_required = excluded.cl_required;
INSERT INTO s_mt.t_class_attr(ck_id, ck_class, ck_attr, cv_value, ck_user, ct_change, cl_required) VALUES ('1434', '27', 'width', null, '10020785', '2018-07-09T00:00:00.000+0000', 0)  on conflict (ck_id) do update set ck_class = excluded.ck_class, ck_attr = excluded.ck_attr, cv_value = excluded.cv_value, ck_user = excluded.ck_user, ct_change = excluded.ct_change, cl_required = excluded.cl_required;
select pkg_patcher.p_clear_attr('27'::varchar, '["column","datatype","defaultvalue","disabled","disabledrules","editmode","getglobal","hidden","hiddenrules","info","maxsize","maxvalue","minvalue","regexp","reqsel","required","requiredrules","setglobal","thousandseparator","type","visibileinwindow","width"]'::jsonb);
INSERT INTO s_mt.t_class(ck_id, cv_name, cv_description, cl_final, cl_dataset, ck_user, ct_change) VALUES ('317', 'Field Item Selector', 'Поле "Песочные часы"', 0, 1, '-11', '2018-02-22T00:00:00.000+0000')  on conflict (ck_id) do update set cv_name = excluded.cv_name, cv_description = excluded.cv_description, cl_final = excluded.cl_final, cl_dataset = excluded.cl_dataset, ck_user = excluded.ck_user, ct_change = excluded.ct_change;
INSERT INTO s_mt.t_class_attr(ck_id, ck_class, ck_attr, cv_value, ck_user, ct_change, cl_required) VALUES ('1149', '317', 'childs', null, '10020785', '2018-06-11T00:00:00.000+0000', 0)  on conflict (ck_id) do update set ck_class = excluded.ck_class, ck_attr = excluded.ck_attr, cv_value = excluded.cv_value, ck_user = excluded.ck_user, ct_change = excluded.ct_change, cl_required = excluded.cl_required;
INSERT INTO s_mt.t_class_attr(ck_id, ck_class, ck_attr, cv_value, ck_user, ct_change, cl_required) VALUES ('1323', '317', 'column', 'ck_id', '10020785', '2018-06-11T00:00:00.000+0000', 0)  on conflict (ck_id) do update set ck_class = excluded.ck_class, ck_attr = excluded.ck_attr, cv_value = excluded.cv_value, ck_user = excluded.ck_user, ct_change = excluded.ct_change, cl_required = excluded.cl_required;
INSERT INTO s_mt.t_class_attr(ck_id, ck_class, ck_attr, cv_value, ck_user, ct_change, cl_required) VALUES ('1278', '317', 'disabledrules', null, '10020785', '2018-06-13T00:00:00.000+0000', 0)  on conflict (ck_id) do update set ck_class = excluded.ck_class, ck_attr = excluded.ck_attr, cv_value = excluded.cv_value, ck_user = excluded.ck_user, ct_change = excluded.ct_change, cl_required = excluded.cl_required;
INSERT INTO s_mt.t_class_attr(ck_id, ck_class, ck_attr, cv_value, ck_user, ct_change, cl_required) VALUES ('40180', '317', 'editmode', null, '20785', '2019-01-24T00:00:00.000+0000', 0)  on conflict (ck_id) do update set ck_class = excluded.ck_class, ck_attr = excluded.ck_attr, cv_value = excluded.cv_value, ck_user = excluded.ck_user, ct_change = excluded.ct_change, cl_required = excluded.cl_required;
INSERT INTO s_mt.t_class_attr(ck_id, ck_class, ck_attr, cv_value, ck_user, ct_change, cl_required) VALUES ('1912', '317', 'extraplugingate', null, '10020785', '2018-09-02T00:00:00.000+0000', 0)  on conflict (ck_id) do update set ck_class = excluded.ck_class, ck_attr = excluded.ck_attr, cv_value = excluded.cv_value, ck_user = excluded.ck_user, ct_change = excluded.ct_change, cl_required = excluded.cl_required;
INSERT INTO s_mt.t_class_attr(ck_id, ck_class, ck_attr, cv_value, ck_user, ct_change, cl_required) VALUES ('1220', '317', 'getglobaltostore', null, '10020785', '2018-06-13T00:00:00.000+0000', 0)  on conflict (ck_id) do update set ck_class = excluded.ck_class, ck_attr = excluded.ck_attr, cv_value = excluded.cv_value, ck_user = excluded.ck_user, ct_change = excluded.ct_change, cl_required = excluded.cl_required;
INSERT INTO s_mt.t_class_attr(ck_id, ck_class, ck_attr, cv_value, ck_user, ct_change, cl_required) VALUES ('1324', '317', 'height', '390', '10020785', '2018-06-13T00:00:00.000+0000', 0)  on conflict (ck_id) do update set ck_class = excluded.ck_class, ck_attr = excluded.ck_attr, cv_value = excluded.cv_value, ck_user = excluded.ck_user, ct_change = excluded.ct_change, cl_required = excluded.cl_required;
INSERT INTO s_mt.t_class_attr(ck_id, ck_class, ck_attr, cv_value, ck_user, ct_change, cl_required) VALUES ('1322', '317', 'hiddenrules', null, '10020785', '2018-06-13T00:00:00.000+0000', 0)  on conflict (ck_id) do update set ck_class = excluded.ck_class, ck_attr = excluded.ck_attr, cv_value = excluded.cv_value, ck_user = excluded.ck_user, ct_change = excluded.ct_change, cl_required = excluded.cl_required;
INSERT INTO s_mt.t_class_attr(ck_id, ck_class, ck_attr, cv_value, ck_user, ct_change, cl_required) VALUES ('1325', '317', 'reqsel', 'true', '10020785', '2018-09-02T00:00:00.000+0000', 0)  on conflict (ck_id) do update set ck_class = excluded.ck_class, ck_attr = excluded.ck_attr, cv_value = excluded.cv_value, ck_user = excluded.ck_user, ct_change = excluded.ct_change, cl_required = excluded.cl_required;
INSERT INTO s_mt.t_class_attr(ck_id, ck_class, ck_attr, cv_value, ck_user, ct_change, cl_required) VALUES ('1151', '317', 'type', 'ITEMSELECTOR', '20785', '2019-01-15T00:00:00.000+0000', 0)  on conflict (ck_id) do update set ck_class = excluded.ck_class, ck_attr = excluded.ck_attr, cv_value = excluded.cv_value, ck_user = excluded.ck_user, ct_change = excluded.ct_change, cl_required = excluded.cl_required;
select pkg_patcher.p_clear_attr('317'::varchar, '["childs","column","disabledrules","editmode","extraplugingate","getglobaltostore","height","hiddenrules","reqsel","type"]'::jsonb);
INSERT INTO s_mt.t_class(ck_id, cv_name, cv_description, cl_final, cl_dataset, ck_user, ct_change) VALUES ('28', 'Field Numeric', 'Поле "Число"', 0, 0, '10020786', '2018-03-01T00:00:00.000+0000')  on conflict (ck_id) do update set cv_name = excluded.cv_name, cv_description = excluded.cv_description, cl_final = excluded.cl_final, cl_dataset = excluded.cl_dataset, ck_user = excluded.ck_user, ct_change = excluded.ct_change;
INSERT INTO s_mt.t_class_attr(ck_id, ck_class, ck_attr, cv_value, ck_user, ct_change, cl_required) VALUES ('84', '28', 'column', null, '10020785', '2018-07-09T00:00:00.000+0000', 0)  on conflict (ck_id) do update set ck_class = excluded.ck_class, ck_attr = excluded.ck_attr, cv_value = excluded.cv_value, ck_user = excluded.ck_user, ct_change = excluded.ct_change, cl_required = excluded.cl_required;
INSERT INTO s_mt.t_class_attr(ck_id, ck_class, ck_attr, cv_value, ck_user, ct_change, cl_required) VALUES ('1654', '28', 'currencysign', null, '10020785', '2018-07-09T00:00:00.000+0000', 0)  on conflict (ck_id) do update set ck_class = excluded.ck_class, ck_attr = excluded.ck_attr, cv_value = excluded.cv_value, ck_user = excluded.ck_user, ct_change = excluded.ct_change, cl_required = excluded.cl_required;
INSERT INTO s_mt.t_class_attr(ck_id, ck_class, ck_attr, cv_value, ck_user, ct_change, cl_required) VALUES ('76', '28', 'datatype', 'numeric', '10020785', '2018-07-09T00:00:00.000+0000', 1)  on conflict (ck_id) do update set ck_class = excluded.ck_class, ck_attr = excluded.ck_attr, cv_value = excluded.cv_value, ck_user = excluded.ck_user, ct_change = excluded.ct_change, cl_required = excluded.cl_required;
INSERT INTO s_mt.t_class_attr(ck_id, ck_class, ck_attr, cv_value, ck_user, ct_change, cl_required) VALUES ('89', '28', 'decimalprecision', null, '10020785', '2018-07-09T00:00:00.000+0000', 0)  on conflict (ck_id) do update set ck_class = excluded.ck_class, ck_attr = excluded.ck_attr, cv_value = excluded.cv_value, ck_user = excluded.ck_user, ct_change = excluded.ct_change, cl_required = excluded.cl_required;
INSERT INTO s_mt.t_class_attr(ck_id, ck_class, ck_attr, cv_value, ck_user, ct_change, cl_required) VALUES ('1655', '28', 'decimalseparator', ',', '40025111', '2019-03-28T00:00:00.000+0000', 0)  on conflict (ck_id) do update set ck_class = excluded.ck_class, ck_attr = excluded.ck_attr, cv_value = excluded.cv_value, ck_user = excluded.ck_user, ct_change = excluded.ct_change, cl_required = excluded.cl_required;
INSERT INTO s_mt.t_class_attr(ck_id, ck_class, ck_attr, cv_value, ck_user, ct_change, cl_required) VALUES ('877', '28', 'defaultvalue', null, '10020785', '2018-07-09T00:00:00.000+0000', 0)  on conflict (ck_id) do update set ck_class = excluded.ck_class, ck_attr = excluded.ck_attr, cv_value = excluded.cv_value, ck_user = excluded.ck_user, ct_change = excluded.ct_change, cl_required = excluded.cl_required;
INSERT INTO s_mt.t_class_attr(ck_id, ck_class, ck_attr, cv_value, ck_user, ct_change, cl_required) VALUES ('895', '28', 'disabled', null, '10020785', '2018-07-09T00:00:00.000+0000', 0)  on conflict (ck_id) do update set ck_class = excluded.ck_class, ck_attr = excluded.ck_attr, cv_value = excluded.cv_value, ck_user = excluded.ck_user, ct_change = excluded.ct_change, cl_required = excluded.cl_required;
INSERT INTO s_mt.t_class_attr(ck_id, ck_class, ck_attr, cv_value, ck_user, ct_change, cl_required) VALUES ('1252', '28', 'disabledrules', null, '10020785', '2018-07-09T00:00:00.000+0000', 0)  on conflict (ck_id) do update set ck_class = excluded.ck_class, ck_attr = excluded.ck_attr, cv_value = excluded.cv_value, ck_user = excluded.ck_user, ct_change = excluded.ct_change, cl_required = excluded.cl_required;
INSERT INTO s_mt.t_class_attr(ck_id, ck_class, ck_attr, cv_value, ck_user, ct_change, cl_required) VALUES ('39180', '28', 'editmode', null, '20780', '2019-01-17T00:00:00.000+0000', 0)  on conflict (ck_id) do update set ck_class = excluded.ck_class, ck_attr = excluded.ck_attr, cv_value = excluded.cv_value, ck_user = excluded.ck_user, ct_change = excluded.ct_change, cl_required = excluded.cl_required;
INSERT INTO s_mt.t_class_attr(ck_id, ck_class, ck_attr, cv_value, ck_user, ct_change, cl_required) VALUES ('1162', '28', 'getglobal', null, '10020785', '2018-07-09T00:00:00.000+0000', 0)  on conflict (ck_id) do update set ck_class = excluded.ck_class, ck_attr = excluded.ck_attr, cv_value = excluded.cv_value, ck_user = excluded.ck_user, ct_change = excluded.ct_change, cl_required = excluded.cl_required;
INSERT INTO s_mt.t_class_attr(ck_id, ck_class, ck_attr, cv_value, ck_user, ct_change, cl_required) VALUES ('896', '28', 'hidden', null, '10020785', '2018-07-09T00:00:00.000+0000', 0)  on conflict (ck_id) do update set ck_class = excluded.ck_class, ck_attr = excluded.ck_attr, cv_value = excluded.cv_value, ck_user = excluded.ck_user, ct_change = excluded.ct_change, cl_required = excluded.cl_required;
INSERT INTO s_mt.t_class_attr(ck_id, ck_class, ck_attr, cv_value, ck_user, ct_change, cl_required) VALUES ('1296', '28', 'hiddenrules', null, '10020785', '2018-07-09T00:00:00.000+0000', 0)  on conflict (ck_id) do update set ck_class = excluded.ck_class, ck_attr = excluded.ck_attr, cv_value = excluded.cv_value, ck_user = excluded.ck_user, ct_change = excluded.ct_change, cl_required = excluded.cl_required;
INSERT INTO s_mt.t_class_attr(ck_id, ck_class, ck_attr, cv_value, ck_user, ct_change, cl_required) VALUES ('1372', '28', 'info', null, '10020785', '2018-07-09T00:00:00.000+0000', 0)  on conflict (ck_id) do update set ck_class = excluded.ck_class, ck_attr = excluded.ck_attr, cv_value = excluded.cv_value, ck_user = excluded.ck_user, ct_change = excluded.ct_change, cl_required = excluded.cl_required;
INSERT INTO s_mt.t_class_attr(ck_id, ck_class, ck_attr, cv_value, ck_user, ct_change, cl_required) VALUES ('82', '28', 'maxsize', '60', '10020785', '2018-07-09T00:00:00.000+0000', 0)  on conflict (ck_id) do update set ck_class = excluded.ck_class, ck_attr = excluded.ck_attr, cv_value = excluded.cv_value, ck_user = excluded.ck_user, ct_change = excluded.ct_change, cl_required = excluded.cl_required;
INSERT INTO s_mt.t_class_attr(ck_id, ck_class, ck_attr, cv_value, ck_user, ct_change, cl_required) VALUES ('1111', '28', 'maxvalue', null, '10020785', '2018-07-09T00:00:00.000+0000', 0)  on conflict (ck_id) do update set ck_class = excluded.ck_class, ck_attr = excluded.ck_attr, cv_value = excluded.cv_value, ck_user = excluded.ck_user, ct_change = excluded.ct_change, cl_required = excluded.cl_required;
INSERT INTO s_mt.t_class_attr(ck_id, ck_class, ck_attr, cv_value, ck_user, ct_change, cl_required) VALUES ('1110', '28', 'minvalue', '0', '10020785', '2018-07-09T00:00:00.000+0000', 0)  on conflict (ck_id) do update set ck_class = excluded.ck_class, ck_attr = excluded.ck_attr, cv_value = excluded.cv_value, ck_user = excluded.ck_user, ct_change = excluded.ct_change, cl_required = excluded.cl_required;
INSERT INTO s_mt.t_class_attr(ck_id, ck_class, ck_attr, cv_value, ck_user, ct_change, cl_required) VALUES ('83', '28', 'regexp', null, '10020785', '2018-07-09T00:00:00.000+0000', 0)  on conflict (ck_id) do update set ck_class = excluded.ck_class, ck_attr = excluded.ck_attr, cv_value = excluded.cv_value, ck_user = excluded.ck_user, ct_change = excluded.ct_change, cl_required = excluded.cl_required;
INSERT INTO s_mt.t_class_attr(ck_id, ck_class, ck_attr, cv_value, ck_user, ct_change, cl_required) VALUES ('1022', '28', 'reqsel', null, '10020785', '2018-09-02T00:00:00.000+0000', 0)  on conflict (ck_id) do update set ck_class = excluded.ck_class, ck_attr = excluded.ck_attr, cv_value = excluded.cv_value, ck_user = excluded.ck_user, ct_change = excluded.ct_change, cl_required = excluded.cl_required;
INSERT INTO s_mt.t_class_attr(ck_id, ck_class, ck_attr, cv_value, ck_user, ct_change, cl_required) VALUES ('87', '28', 'required', 'false', '10020785', '2018-07-09T00:00:00.000+0000', 0)  on conflict (ck_id) do update set ck_class = excluded.ck_class, ck_attr = excluded.ck_attr, cv_value = excluded.cv_value, ck_user = excluded.ck_user, ct_change = excluded.ct_change, cl_required = excluded.cl_required;
INSERT INTO s_mt.t_class_attr(ck_id, ck_class, ck_attr, cv_value, ck_user, ct_change, cl_required) VALUES ('43183', '28', 'requiredrules', null, '10028610', '2019-02-05T00:00:00.000+0000', 0)  on conflict (ck_id) do update set ck_class = excluded.ck_class, ck_attr = excluded.ck_attr, cv_value = excluded.cv_value, ck_user = excluded.ck_user, ct_change = excluded.ct_change, cl_required = excluded.cl_required;
INSERT INTO s_mt.t_class_attr(ck_id, ck_class, ck_attr, cv_value, ck_user, ct_change, cl_required) VALUES ('1192', '28', 'setglobal', null, '10020785', '2018-07-09T00:00:00.000+0000', 0)  on conflict (ck_id) do update set ck_class = excluded.ck_class, ck_attr = excluded.ck_attr, cv_value = excluded.cv_value, ck_user = excluded.ck_user, ct_change = excluded.ct_change, cl_required = excluded.cl_required;
INSERT INTO s_mt.t_class_attr(ck_id, ck_class, ck_attr, cv_value, ck_user, ct_change, cl_required) VALUES ('1653', '28', 'thousandseparator', '.', '40025111', '2019-04-23T00:00:00.000+0000', 0)  on conflict (ck_id) do update set ck_class = excluded.ck_class, ck_attr = excluded.ck_attr, cv_value = excluded.cv_value, ck_user = excluded.ck_user, ct_change = excluded.ct_change, cl_required = excluded.cl_required;
INSERT INTO s_mt.t_class_attr(ck_id, ck_class, ck_attr, cv_value, ck_user, ct_change, cl_required) VALUES ('77', '28', 'type', 'IFIELD', '10020785', '2018-07-09T00:00:00.000+0000', 1)  on conflict (ck_id) do update set ck_class = excluded.ck_class, ck_attr = excluded.ck_attr, cv_value = excluded.cv_value, ck_user = excluded.ck_user, ct_change = excluded.ct_change, cl_required = excluded.cl_required;
INSERT INTO s_mt.t_class_attr(ck_id, ck_class, ck_attr, cv_value, ck_user, ct_change, cl_required) VALUES ('1077', '28', 'visibileinwindow', 'false', '10020785', '2018-07-09T00:00:00.000+0000', 1)  on conflict (ck_id) do update set ck_class = excluded.ck_class, ck_attr = excluded.ck_attr, cv_value = excluded.cv_value, ck_user = excluded.ck_user, ct_change = excluded.ct_change, cl_required = excluded.cl_required;
INSERT INTO s_mt.t_class_attr(ck_id, ck_class, ck_attr, cv_value, ck_user, ct_change, cl_required) VALUES ('1437', '28', 'width', null, '10020785', '2018-09-02T00:00:00.000+0000', 0)  on conflict (ck_id) do update set ck_class = excluded.ck_class, ck_attr = excluded.ck_attr, cv_value = excluded.cv_value, ck_user = excluded.ck_user, ct_change = excluded.ct_change, cl_required = excluded.cl_required;
select pkg_patcher.p_clear_attr('28'::varchar, '["column","currencysign","datatype","decimalprecision","decimalseparator","defaultvalue","disabled","disabledrules","editmode","getglobal","hidden","hiddenrules","info","maxsize","maxvalue","minvalue","regexp","reqsel","required","requiredrules","setglobal","thousandseparator","type","visibileinwindow","width"]'::jsonb);
INSERT INTO s_mt.t_class(ck_id, cv_name, cv_description, cl_final, cl_dataset, ck_user, ct_change) VALUES ('8457', 'Field Password', 'Поле "Пароль"', 0, 0, '20786', '2018-12-25T00:00:00.000+0000')  on conflict (ck_id) do update set cv_name = excluded.cv_name, cv_description = excluded.cv_description, cl_final = excluded.cl_final, cl_dataset = excluded.cl_dataset, ck_user = excluded.ck_user, ct_change = excluded.ct_change;
INSERT INTO s_mt.t_class_attr(ck_id, ck_class, ck_attr, cv_value, ck_user, ct_change, cl_required) VALUES ('38173', '8457', 'column', null, '10020785', '2018-07-09T00:00:00.000+0000', 1)  on conflict (ck_id) do update set ck_class = excluded.ck_class, ck_attr = excluded.ck_attr, cv_value = excluded.cv_value, ck_user = excluded.ck_user, ct_change = excluded.ct_change, cl_required = excluded.cl_required;
INSERT INTO s_mt.t_class_attr(ck_id, ck_class, ck_attr, cv_value, ck_user, ct_change, cl_required) VALUES ('38171', '8457', 'datatype', 'password', '20786', '2018-12-25T00:00:00.000+0000', 1)  on conflict (ck_id) do update set ck_class = excluded.ck_class, ck_attr = excluded.ck_attr, cv_value = excluded.cv_value, ck_user = excluded.ck_user, ct_change = excluded.ct_change, cl_required = excluded.cl_required;
INSERT INTO s_mt.t_class_attr(ck_id, ck_class, ck_attr, cv_value, ck_user, ct_change, cl_required) VALUES ('38185', '8457', 'defaultvalue', null, '10020785', '2018-07-09T00:00:00.000+0000', 0)  on conflict (ck_id) do update set ck_class = excluded.ck_class, ck_attr = excluded.ck_attr, cv_value = excluded.cv_value, ck_user = excluded.ck_user, ct_change = excluded.ct_change, cl_required = excluded.cl_required;
INSERT INTO s_mt.t_class_attr(ck_id, ck_class, ck_attr, cv_value, ck_user, ct_change, cl_required) VALUES ('38180', '8457', 'disabled', null, '10020785', '2018-07-09T00:00:00.000+0000', 0)  on conflict (ck_id) do update set ck_class = excluded.ck_class, ck_attr = excluded.ck_attr, cv_value = excluded.cv_value, ck_user = excluded.ck_user, ct_change = excluded.ct_change, cl_required = excluded.cl_required;
INSERT INTO s_mt.t_class_attr(ck_id, ck_class, ck_attr, cv_value, ck_user, ct_change, cl_required) VALUES ('38177', '8457', 'disabledrules', null, '10020785', '2018-07-09T00:00:00.000+0000', 0)  on conflict (ck_id) do update set ck_class = excluded.ck_class, ck_attr = excluded.ck_attr, cv_value = excluded.cv_value, ck_user = excluded.ck_user, ct_change = excluded.ct_change, cl_required = excluded.cl_required;
INSERT INTO s_mt.t_class_attr(ck_id, ck_class, ck_attr, cv_value, ck_user, ct_change, cl_required) VALUES ('40182', '8457', 'editmode', null, '20785', '2019-01-24T00:00:00.000+0000', 0)  on conflict (ck_id) do update set ck_class = excluded.ck_class, ck_attr = excluded.ck_attr, cv_value = excluded.cv_value, ck_user = excluded.ck_user, ct_change = excluded.ct_change, cl_required = excluded.cl_required;
INSERT INTO s_mt.t_class_attr(ck_id, ck_class, ck_attr, cv_value, ck_user, ct_change, cl_required) VALUES ('38176', '8457', 'getglobal', null, '10020785', '2018-07-09T00:00:00.000+0000', 0)  on conflict (ck_id) do update set ck_class = excluded.ck_class, ck_attr = excluded.ck_attr, cv_value = excluded.cv_value, ck_user = excluded.ck_user, ct_change = excluded.ct_change, cl_required = excluded.cl_required;
INSERT INTO s_mt.t_class_attr(ck_id, ck_class, ck_attr, cv_value, ck_user, ct_change, cl_required) VALUES ('38181', '8457', 'hidden', null, '10020785', '2018-07-09T00:00:00.000+0000', 0)  on conflict (ck_id) do update set ck_class = excluded.ck_class, ck_attr = excluded.ck_attr, cv_value = excluded.cv_value, ck_user = excluded.ck_user, ct_change = excluded.ct_change, cl_required = excluded.cl_required;
INSERT INTO s_mt.t_class_attr(ck_id, ck_class, ck_attr, cv_value, ck_user, ct_change, cl_required) VALUES ('38178', '8457', 'hiddenrules', null, '10020785', '2018-07-09T00:00:00.000+0000', 0)  on conflict (ck_id) do update set ck_class = excluded.ck_class, ck_attr = excluded.ck_attr, cv_value = excluded.cv_value, ck_user = excluded.ck_user, ct_change = excluded.ct_change, cl_required = excluded.cl_required;
INSERT INTO s_mt.t_class_attr(ck_id, ck_class, ck_attr, cv_value, ck_user, ct_change, cl_required) VALUES ('38184', '8457', 'imask', null, '10020785', '2018-07-09T00:00:00.000+0000', 0)  on conflict (ck_id) do update set ck_class = excluded.ck_class, ck_attr = excluded.ck_attr, cv_value = excluded.cv_value, ck_user = excluded.ck_user, ct_change = excluded.ct_change, cl_required = excluded.cl_required;
INSERT INTO s_mt.t_class_attr(ck_id, ck_class, ck_attr, cv_value, ck_user, ct_change, cl_required) VALUES ('38186', '8457', 'info', null, '10020785', '2018-07-09T00:00:00.000+0000', 0)  on conflict (ck_id) do update set ck_class = excluded.ck_class, ck_attr = excluded.ck_attr, cv_value = excluded.cv_value, ck_user = excluded.ck_user, ct_change = excluded.ct_change, cl_required = excluded.cl_required;
INSERT INTO s_mt.t_class_attr(ck_id, ck_class, ck_attr, cv_value, ck_user, ct_change, cl_required) VALUES ('38188', '8457', 'maxsize', '120', '10020785', '2018-07-09T00:00:00.000+0000', 0)  on conflict (ck_id) do update set ck_class = excluded.ck_class, ck_attr = excluded.ck_attr, cv_value = excluded.cv_value, ck_user = excluded.ck_user, ct_change = excluded.ct_change, cl_required = excluded.cl_required;
INSERT INTO s_mt.t_class_attr(ck_id, ck_class, ck_attr, cv_value, ck_user, ct_change, cl_required) VALUES ('38179', '8457', 'regexp', null, '10020785', '2018-07-09T00:00:00.000+0000', 0)  on conflict (ck_id) do update set ck_class = excluded.ck_class, ck_attr = excluded.ck_attr, cv_value = excluded.cv_value, ck_user = excluded.ck_user, ct_change = excluded.ct_change, cl_required = excluded.cl_required;
INSERT INTO s_mt.t_class_attr(ck_id, ck_class, ck_attr, cv_value, ck_user, ct_change, cl_required) VALUES ('38182', '8457', 'reqsel', null, '10020785', '2018-09-02T00:00:00.000+0000', 0)  on conflict (ck_id) do update set ck_class = excluded.ck_class, ck_attr = excluded.ck_attr, cv_value = excluded.cv_value, ck_user = excluded.ck_user, ct_change = excluded.ct_change, cl_required = excluded.cl_required;
INSERT INTO s_mt.t_class_attr(ck_id, ck_class, ck_attr, cv_value, ck_user, ct_change, cl_required) VALUES ('38172', '8457', 'required', 'false', '10020785', '2018-07-09T00:00:00.000+0000', 0)  on conflict (ck_id) do update set ck_class = excluded.ck_class, ck_attr = excluded.ck_attr, cv_value = excluded.cv_value, ck_user = excluded.ck_user, ct_change = excluded.ct_change, cl_required = excluded.cl_required;
INSERT INTO s_mt.t_class_attr(ck_id, ck_class, ck_attr, cv_value, ck_user, ct_change, cl_required) VALUES ('43184', '8457', 'requiredrules', null, '10028610', '2019-02-05T00:00:00.000+0000', 0)  on conflict (ck_id) do update set ck_class = excluded.ck_class, ck_attr = excluded.ck_attr, cv_value = excluded.cv_value, ck_user = excluded.ck_user, ct_change = excluded.ct_change, cl_required = excluded.cl_required;
INSERT INTO s_mt.t_class_attr(ck_id, ck_class, ck_attr, cv_value, ck_user, ct_change, cl_required) VALUES ('38187', '8457', 'setglobal', null, '10020785', '2018-07-09T00:00:00.000+0000', 0)  on conflict (ck_id) do update set ck_class = excluded.ck_class, ck_attr = excluded.ck_attr, cv_value = excluded.cv_value, ck_user = excluded.ck_user, ct_change = excluded.ct_change, cl_required = excluded.cl_required;
INSERT INTO s_mt.t_class_attr(ck_id, ck_class, ck_attr, cv_value, ck_user, ct_change, cl_required) VALUES ('38170', '8457', 'type', 'IFIELD', '10020785', '2018-07-09T00:00:00.000+0000', 1)  on conflict (ck_id) do update set ck_class = excluded.ck_class, ck_attr = excluded.ck_attr, cv_value = excluded.cv_value, ck_user = excluded.ck_user, ct_change = excluded.ct_change, cl_required = excluded.cl_required;
INSERT INTO s_mt.t_class_attr(ck_id, ck_class, ck_attr, cv_value, ck_user, ct_change, cl_required) VALUES ('38175', '8457', 'visibileinwindow', 'false', '10020785', '2018-09-02T00:00:00.000+0000', 0)  on conflict (ck_id) do update set ck_class = excluded.ck_class, ck_attr = excluded.ck_attr, cv_value = excluded.cv_value, ck_user = excluded.ck_user, ct_change = excluded.ct_change, cl_required = excluded.cl_required;
INSERT INTO s_mt.t_class_attr(ck_id, ck_class, ck_attr, cv_value, ck_user, ct_change, cl_required) VALUES ('38174', '8457', 'width', null, '10020785', '2018-09-02T00:00:00.000+0000', 0)  on conflict (ck_id) do update set ck_class = excluded.ck_class, ck_attr = excluded.ck_attr, cv_value = excluded.cv_value, ck_user = excluded.ck_user, ct_change = excluded.ct_change, cl_required = excluded.cl_required;
select pkg_patcher.p_clear_attr('8457'::varchar, '["column","datatype","defaultvalue","disabled","disabledrules","editmode","getglobal","hidden","hiddenrules","imask","info","maxsize","regexp","reqsel","required","requiredrules","setglobal","type","visibileinwindow","width"]'::jsonb);
INSERT INTO s_mt.t_class(ck_id, cv_name, cv_description, cl_final, cl_dataset, ck_user, ct_change) VALUES ('97', 'Field Period Date', 'Поле "Период" (с/по)', 0, 0, '10020786', '2018-04-08T00:00:00.000+0000')  on conflict (ck_id) do update set cv_name = excluded.cv_name, cv_description = excluded.cv_description, cl_final = excluded.cl_final, cl_dataset = excluded.cl_dataset, ck_user = excluded.ck_user, ct_change = excluded.ct_change;
INSERT INTO s_mt.t_class_attr(ck_id, ck_class, ck_attr, cv_value, ck_user, ct_change, cl_required) VALUES ('50169', '97', 'childs', null, '10028610', '2019-03-10T00:00:00.000+0000', 0)  on conflict (ck_id) do update set ck_class = excluded.ck_class, ck_attr = excluded.ck_attr, cv_value = excluded.cv_value, ck_user = excluded.ck_user, ct_change = excluded.ct_change, cl_required = excluded.cl_required;
INSERT INTO s_mt.t_class_attr(ck_id, ck_class, ck_attr, cv_value, ck_user, ct_change, cl_required) VALUES ('498', '97', 'columnend', null, '10020848', '2018-09-10T00:00:00.000+0000', 1)  on conflict (ck_id) do update set ck_class = excluded.ck_class, ck_attr = excluded.ck_attr, cv_value = excluded.cv_value, ck_user = excluded.ck_user, ct_change = excluded.ct_change, cl_required = excluded.cl_required;
INSERT INTO s_mt.t_class_attr(ck_id, ck_class, ck_attr, cv_value, ck_user, ct_change, cl_required) VALUES ('497', '97', 'columnstart', null, '10020848', '2018-09-10T00:00:00.000+0000', 1)  on conflict (ck_id) do update set ck_class = excluded.ck_class, ck_attr = excluded.ck_attr, cv_value = excluded.cv_value, ck_user = excluded.ck_user, ct_change = excluded.ct_change, cl_required = excluded.cl_required;
INSERT INTO s_mt.t_class_attr(ck_id, ck_class, ck_attr, cv_value, ck_user, ct_change, cl_required) VALUES ('1999', '97', 'datatype', 'date', '10020848', '2018-09-10T00:00:00.000+0000', 1)  on conflict (ck_id) do update set ck_class = excluded.ck_class, ck_attr = excluded.ck_attr, cv_value = excluded.cv_value, ck_user = excluded.ck_user, ct_change = excluded.ct_change, cl_required = excluded.cl_required;
INSERT INTO s_mt.t_class_attr(ck_id, ck_class, ck_attr, cv_value, ck_user, ct_change, cl_required) VALUES ('897', '97', 'disabled', null, '10020848', '2018-09-10T00:00:00.000+0000', 0)  on conflict (ck_id) do update set ck_class = excluded.ck_class, ck_attr = excluded.ck_attr, cv_value = excluded.cv_value, ck_user = excluded.ck_user, ct_change = excluded.ct_change, cl_required = excluded.cl_required;
INSERT INTO s_mt.t_class_attr(ck_id, ck_class, ck_attr, cv_value, ck_user, ct_change, cl_required) VALUES ('1266', '97', 'disabledrules', null, '10020848', '2018-09-10T00:00:00.000+0000', 0)  on conflict (ck_id) do update set ck_class = excluded.ck_class, ck_attr = excluded.ck_attr, cv_value = excluded.cv_value, ck_user = excluded.ck_user, ct_change = excluded.ct_change, cl_required = excluded.cl_required;
INSERT INTO s_mt.t_class_attr(ck_id, ck_class, ck_attr, cv_value, ck_user, ct_change, cl_required) VALUES ('40183', '97', 'editmode', null, '20785', '2019-01-24T00:00:00.000+0000', 0)  on conflict (ck_id) do update set ck_class = excluded.ck_class, ck_attr = excluded.ck_attr, cv_value = excluded.cv_value, ck_user = excluded.ck_user, ct_change = excluded.ct_change, cl_required = excluded.cl_required;
INSERT INTO s_mt.t_class_attr(ck_id, ck_class, ck_attr, cv_value, ck_user, ct_change, cl_required) VALUES ('508', '97', 'format', '3', '20780', '2019-03-11T00:00:00.000+0000', 0)  on conflict (ck_id) do update set ck_class = excluded.ck_class, ck_attr = excluded.ck_attr, cv_value = excluded.cv_value, ck_user = excluded.ck_user, ct_change = excluded.ct_change, cl_required = excluded.cl_required;
INSERT INTO s_mt.t_class_attr(ck_id, ck_class, ck_attr, cv_value, ck_user, ct_change, cl_required) VALUES ('1187', '97', 'getglobal', null, '10020848', '2018-09-10T00:00:00.000+0000', 0)  on conflict (ck_id) do update set ck_class = excluded.ck_class, ck_attr = excluded.ck_attr, cv_value = excluded.cv_value, ck_user = excluded.ck_user, ct_change = excluded.ct_change, cl_required = excluded.cl_required;
INSERT INTO s_mt.t_class_attr(ck_id, ck_class, ck_attr, cv_value, ck_user, ct_change, cl_required) VALUES ('898', '97', 'hidden', null, '10020848', '2018-09-10T00:00:00.000+0000', 0)  on conflict (ck_id) do update set ck_class = excluded.ck_class, ck_attr = excluded.ck_attr, cv_value = excluded.cv_value, ck_user = excluded.ck_user, ct_change = excluded.ct_change, cl_required = excluded.cl_required;
INSERT INTO s_mt.t_class_attr(ck_id, ck_class, ck_attr, cv_value, ck_user, ct_change, cl_required) VALUES ('1310', '97', 'hiddenrules', null, '10020848', '2018-09-10T00:00:00.000+0000', 0)  on conflict (ck_id) do update set ck_class = excluded.ck_class, ck_attr = excluded.ck_attr, cv_value = excluded.cv_value, ck_user = excluded.ck_user, ct_change = excluded.ct_change, cl_required = excluded.cl_required;
INSERT INTO s_mt.t_class_attr(ck_id, ck_class, ck_attr, cv_value, ck_user, ct_change, cl_required) VALUES ('1395', '97', 'info', null, '10020848', '2018-09-10T00:00:00.000+0000', 0)  on conflict (ck_id) do update set ck_class = excluded.ck_class, ck_attr = excluded.ck_attr, cv_value = excluded.cv_value, ck_user = excluded.ck_user, ct_change = excluded.ct_change, cl_required = excluded.cl_required;
INSERT INTO s_mt.t_class_attr(ck_id, ck_class, ck_attr, cv_value, ck_user, ct_change, cl_required) VALUES ('1023', '97', 'reqsel', null, '10020848', '2018-09-10T00:00:00.000+0000', 0)  on conflict (ck_id) do update set ck_class = excluded.ck_class, ck_attr = excluded.ck_attr, cv_value = excluded.cv_value, ck_user = excluded.ck_user, ct_change = excluded.ct_change, cl_required = excluded.cl_required;
INSERT INTO s_mt.t_class_attr(ck_id, ck_class, ck_attr, cv_value, ck_user, ct_change, cl_required) VALUES ('504', '97', 'required', 'false', '10020848', '2018-09-10T00:00:00.000+0000', 0)  on conflict (ck_id) do update set ck_class = excluded.ck_class, ck_attr = excluded.ck_attr, cv_value = excluded.cv_value, ck_user = excluded.ck_user, ct_change = excluded.ct_change, cl_required = excluded.cl_required;
INSERT INTO s_mt.t_class_attr(ck_id, ck_class, ck_attr, cv_value, ck_user, ct_change, cl_required) VALUES ('43185', '97', 'requiredrules', null, '10028610', '2019-02-05T00:00:00.000+0000', 0)  on conflict (ck_id) do update set ck_class = excluded.ck_class, ck_attr = excluded.ck_attr, cv_value = excluded.cv_value, ck_user = excluded.ck_user, ct_change = excluded.ct_change, cl_required = excluded.cl_required;
INSERT INTO s_mt.t_class_attr(ck_id, ck_class, ck_attr, cv_value, ck_user, ct_change, cl_required) VALUES ('1217', '97', 'setglobal', null, '10020848', '2018-09-10T00:00:00.000+0000', 0)  on conflict (ck_id) do update set ck_class = excluded.ck_class, ck_attr = excluded.ck_attr, cv_value = excluded.cv_value, ck_user = excluded.ck_user, ct_change = excluded.ct_change, cl_required = excluded.cl_required;
INSERT INTO s_mt.t_class_attr(ck_id, ck_class, ck_attr, cv_value, ck_user, ct_change, cl_required) VALUES ('499', '97', 'type', 'IPERIOD', '10020848', '2018-09-10T00:00:00.000+0000', 1)  on conflict (ck_id) do update set ck_class = excluded.ck_class, ck_attr = excluded.ck_attr, cv_value = excluded.cv_value, ck_user = excluded.ck_user, ct_change = excluded.ct_change, cl_required = excluded.cl_required;
INSERT INTO s_mt.t_class_attr(ck_id, ck_class, ck_attr, cv_value, ck_user, ct_change, cl_required) VALUES ('501', '97', 'width', null, '10020785', '2018-09-02T00:00:00.000+0000', 0)  on conflict (ck_id) do update set ck_class = excluded.ck_class, ck_attr = excluded.ck_attr, cv_value = excluded.cv_value, ck_user = excluded.ck_user, ct_change = excluded.ct_change, cl_required = excluded.cl_required;
select pkg_patcher.p_clear_attr('97'::varchar, '["childs","columnend","columnstart","datatype","disabled","disabledrules","editmode","format","getglobal","hidden","hiddenrules","info","reqsel","required","requiredrules","setglobal","type","width"]'::jsonb);
INSERT INTO s_mt.t_class(ck_id, cv_name, cv_description, cl_final, cl_dataset, ck_user, ct_change) VALUES ('8D547C621A02626CE053809BA8C0882B', 'Field Radio Group', 'Группа радиобаттонов', 0, 1, '20785', '2019-07-15T00:00:00.000+0000')  on conflict (ck_id) do update set cv_name = excluded.cv_name, cv_description = excluded.cv_description, cl_final = excluded.cl_final, cl_dataset = excluded.cl_dataset, ck_user = excluded.ck_user, ct_change = excluded.ct_change;
INSERT INTO s_mt.t_class_attr(ck_id, ck_class, ck_attr, cv_value, ck_user, ct_change, cl_required) VALUES ('8E96280A12EC80E3E053809BA8C0CF8D', '8D547C621A02626CE053809BA8C0882B', 'autoload', 'true', '20785', '2019-07-28T00:00:00.000+0000', 0)  on conflict (ck_id) do update set ck_class = excluded.ck_class, ck_attr = excluded.ck_attr, cv_value = excluded.cv_value, ck_user = excluded.ck_user, ct_change = excluded.ct_change, cl_required = excluded.cl_required;
INSERT INTO s_mt.t_class_attr(ck_id, ck_class, ck_attr, cv_value, ck_user, ct_change, cl_required) VALUES ('8D3A50B6DE906276E053809BA8C0911C', '8D547C621A02626CE053809BA8C0882B', 'column', null, '20785', '2019-07-13T00:00:00.000+0000', 0)  on conflict (ck_id) do update set ck_class = excluded.ck_class, ck_attr = excluded.ck_attr, cv_value = excluded.cv_value, ck_user = excluded.ck_user, ct_change = excluded.ct_change, cl_required = excluded.cl_required;
INSERT INTO s_mt.t_class_attr(ck_id, ck_class, ck_attr, cv_value, ck_user, ct_change, cl_required) VALUES ('8D2BA0EF36FE627EE053809BA8C0076B', '8D547C621A02626CE053809BA8C0882B', 'contentview', null, '20785', '2019-07-13T00:00:00.000+0000', 0)  on conflict (ck_id) do update set ck_class = excluded.ck_class, ck_attr = excluded.ck_attr, cv_value = excluded.cv_value, ck_user = excluded.ck_user, ct_change = excluded.ct_change, cl_required = excluded.cl_required;
INSERT INTO s_mt.t_class_attr(ck_id, ck_class, ck_attr, cv_value, ck_user, ct_change, cl_required) VALUES ('8FE6D5F194F92655E053809BA8C008C3', '8D547C621A02626CE053809BA8C0882B', 'contentwidth', null, '20785', '2019-08-11T00:00:00.000+0000', 0)  on conflict (ck_id) do update set ck_class = excluded.ck_class, ck_attr = excluded.ck_attr, cv_value = excluded.cv_value, ck_user = excluded.ck_user, ct_change = excluded.ct_change, cl_required = excluded.cl_required;
INSERT INTO s_mt.t_class_attr(ck_id, ck_class, ck_attr, cv_value, ck_user, ct_change, cl_required) VALUES ('8D3A50B6DE916276E053809BA8C0911C', '8D547C621A02626CE053809BA8C0882B', 'datatype', 'radio', '20785', '2019-07-13T00:00:00.000+0000', 1)  on conflict (ck_id) do update set ck_class = excluded.ck_class, ck_attr = excluded.ck_attr, cv_value = excluded.cv_value, ck_user = excluded.ck_user, ct_change = excluded.ct_change, cl_required = excluded.cl_required;
INSERT INTO s_mt.t_class_attr(ck_id, ck_class, ck_attr, cv_value, ck_user, ct_change, cl_required) VALUES ('8D3A50B6DE936276E053809BA8C0911C', '8D547C621A02626CE053809BA8C0882B', 'defaultvalue', null, '20785', '2019-07-13T00:00:00.000+0000', 0)  on conflict (ck_id) do update set ck_class = excluded.ck_class, ck_attr = excluded.ck_attr, cv_value = excluded.cv_value, ck_user = excluded.ck_user, ct_change = excluded.ct_change, cl_required = excluded.cl_required;
INSERT INTO s_mt.t_class_attr(ck_id, ck_class, ck_attr, cv_value, ck_user, ct_change, cl_required) VALUES ('8D2BA0EF36FF627EE053809BA8C0076B', '8D547C621A02626CE053809BA8C0882B', 'disabled', null, '20785', '2019-07-13T00:00:00.000+0000', 0)  on conflict (ck_id) do update set ck_class = excluded.ck_class, ck_attr = excluded.ck_attr, cv_value = excluded.cv_value, ck_user = excluded.ck_user, ct_change = excluded.ct_change, cl_required = excluded.cl_required;
INSERT INTO s_mt.t_class_attr(ck_id, ck_class, ck_attr, cv_value, ck_user, ct_change, cl_required) VALUES ('8D547C621A04626CE053809BA8C0882B', '8D547C621A02626CE053809BA8C0882B', 'disabledrules', null, '20785', '2019-07-13T00:00:00.000+0000', 0)  on conflict (ck_id) do update set ck_class = excluded.ck_class, ck_attr = excluded.ck_attr, cv_value = excluded.cv_value, ck_user = excluded.ck_user, ct_change = excluded.ct_change, cl_required = excluded.cl_required;
INSERT INTO s_mt.t_class_attr(ck_id, ck_class, ck_attr, cv_value, ck_user, ct_change, cl_required) VALUES ('8D4FD9E32883628AE053809BA8C080EB', '8D547C621A02626CE053809BA8C0882B', 'displayfield', null, '20785', '2019-07-13T00:00:00.000+0000', 0)  on conflict (ck_id) do update set ck_class = excluded.ck_class, ck_attr = excluded.ck_attr, cv_value = excluded.cv_value, ck_user = excluded.ck_user, ct_change = excluded.ct_change, cl_required = excluded.cl_required;
INSERT INTO s_mt.t_class_attr(ck_id, ck_class, ck_attr, cv_value, ck_user, ct_change, cl_required) VALUES ('8D547C621A05626CE053809BA8C0882B', '8D547C621A02626CE053809BA8C0882B', 'getglobal', null, '20785', '2019-07-13T00:00:00.000+0000', 0)  on conflict (ck_id) do update set ck_class = excluded.ck_class, ck_attr = excluded.ck_attr, cv_value = excluded.cv_value, ck_user = excluded.ck_user, ct_change = excluded.ct_change, cl_required = excluded.cl_required;
INSERT INTO s_mt.t_class_attr(ck_id, ck_class, ck_attr, cv_value, ck_user, ct_change, cl_required) VALUES ('8FE7CBE0BC1C2651E053809BA8C0F192', '8D547C621A02626CE053809BA8C0882B', 'height', null, '20785', '2019-08-11T00:00:00.000+0000', 0)  on conflict (ck_id) do update set ck_class = excluded.ck_class, ck_attr = excluded.ck_attr, cv_value = excluded.cv_value, ck_user = excluded.ck_user, ct_change = excluded.ct_change, cl_required = excluded.cl_required;
INSERT INTO s_mt.t_class_attr(ck_id, ck_class, ck_attr, cv_value, ck_user, ct_change, cl_required) VALUES ('8D4FD9E32884628AE053809BA8C080EB', '8D547C621A02626CE053809BA8C0882B', 'hidden', null, '20785', '2019-07-13T00:00:00.000+0000', 0)  on conflict (ck_id) do update set ck_class = excluded.ck_class, ck_attr = excluded.ck_attr, cv_value = excluded.cv_value, ck_user = excluded.ck_user, ct_change = excluded.ct_change, cl_required = excluded.cl_required;
INSERT INTO s_mt.t_class_attr(ck_id, ck_class, ck_attr, cv_value, ck_user, ct_change, cl_required) VALUES ('8D3A50B6DE956276E053809BA8C0911C', '8D547C621A02626CE053809BA8C0882B', 'hiddenrules', null, '20785', '2019-07-13T00:00:00.000+0000', 0)  on conflict (ck_id) do update set ck_class = excluded.ck_class, ck_attr = excluded.ck_attr, cv_value = excluded.cv_value, ck_user = excluded.ck_user, ct_change = excluded.ct_change, cl_required = excluded.cl_required;
INSERT INTO s_mt.t_class_attr(ck_id, ck_class, ck_attr, cv_value, ck_user, ct_change, cl_required) VALUES ('8D547C621A06626CE053809BA8C0882B', '8D547C621A02626CE053809BA8C0882B', 'noglobalmask', 'true', '20785', '2019-07-13T00:00:00.000+0000', 0)  on conflict (ck_id) do update set ck_class = excluded.ck_class, ck_attr = excluded.ck_attr, cv_value = excluded.cv_value, ck_user = excluded.ck_user, ct_change = excluded.ct_change, cl_required = excluded.cl_required;
INSERT INTO s_mt.t_class_attr(ck_id, ck_class, ck_attr, cv_value, ck_user, ct_change, cl_required) VALUES ('8D2BA0EF3700627EE053809BA8C0076B', '8D547C621A02626CE053809BA8C0882B', 'reqsel', null, '20785', '2019-07-13T00:00:00.000+0000', 0)  on conflict (ck_id) do update set ck_class = excluded.ck_class, ck_attr = excluded.ck_attr, cv_value = excluded.cv_value, ck_user = excluded.ck_user, ct_change = excluded.ct_change, cl_required = excluded.cl_required;
INSERT INTO s_mt.t_class_attr(ck_id, ck_class, ck_attr, cv_value, ck_user, ct_change, cl_required) VALUES ('8D547C621A07626CE053809BA8C0882B', '8D547C621A02626CE053809BA8C0882B', 'required', null, '20785', '2019-07-13T00:00:00.000+0000', 0)  on conflict (ck_id) do update set ck_class = excluded.ck_class, ck_attr = excluded.ck_attr, cv_value = excluded.cv_value, ck_user = excluded.ck_user, ct_change = excluded.ct_change, cl_required = excluded.cl_required;
INSERT INTO s_mt.t_class_attr(ck_id, ck_class, ck_attr, cv_value, ck_user, ct_change, cl_required) VALUES ('8D547C621A08626CE053809BA8C0882B', '8D547C621A02626CE053809BA8C0882B', 'requiredrules', null, '20785', '2019-07-13T00:00:00.000+0000', 0)  on conflict (ck_id) do update set ck_class = excluded.ck_class, ck_attr = excluded.ck_attr, cv_value = excluded.cv_value, ck_user = excluded.ck_user, ct_change = excluded.ct_change, cl_required = excluded.cl_required;
INSERT INTO s_mt.t_class_attr(ck_id, ck_class, ck_attr, cv_value, ck_user, ct_change, cl_required) VALUES ('8D4FD9E32886628AE053809BA8C080EB', '8D547C621A02626CE053809BA8C0882B', 'setglobal', null, '20785', '2019-07-13T00:00:00.000+0000', 0)  on conflict (ck_id) do update set ck_class = excluded.ck_class, ck_attr = excluded.ck_attr, cv_value = excluded.cv_value, ck_user = excluded.ck_user, ct_change = excluded.ct_change, cl_required = excluded.cl_required;
INSERT INTO s_mt.t_class_attr(ck_id, ck_class, ck_attr, cv_value, ck_user, ct_change, cl_required) VALUES ('8D547C621A03626CE053809BA8C0882B', '8D547C621A02626CE053809BA8C0882B', 'type', 'IFIELD', '20785', '2019-07-13T00:00:00.000+0000', 1)  on conflict (ck_id) do update set ck_class = excluded.ck_class, ck_attr = excluded.ck_attr, cv_value = excluded.cv_value, ck_user = excluded.ck_user, ct_change = excluded.ct_change, cl_required = excluded.cl_required;
INSERT INTO s_mt.t_class_attr(ck_id, ck_class, ck_attr, cv_value, ck_user, ct_change, cl_required) VALUES ('8D3A50B6DE926276E053809BA8C0911C', '8D547C621A02626CE053809BA8C0882B', 'valuefield', null, '20785', '2019-07-13T00:00:00.000+0000', 0)  on conflict (ck_id) do update set ck_class = excluded.ck_class, ck_attr = excluded.ck_attr, cv_value = excluded.cv_value, ck_user = excluded.ck_user, ct_change = excluded.ct_change, cl_required = excluded.cl_required;
INSERT INTO s_mt.t_class_attr(ck_id, ck_class, ck_attr, cv_value, ck_user, ct_change, cl_required) VALUES ('8D2BA0EF3701627EE053809BA8C0076B', '8D547C621A02626CE053809BA8C0882B', 'visibileinwindow', 'false', '20785', '2019-07-13T00:00:00.000+0000', 0)  on conflict (ck_id) do update set ck_class = excluded.ck_class, ck_attr = excluded.ck_attr, cv_value = excluded.cv_value, ck_user = excluded.ck_user, ct_change = excluded.ct_change, cl_required = excluded.cl_required;
INSERT INTO s_mt.t_class_attr(ck_id, ck_class, ck_attr, cv_value, ck_user, ct_change, cl_required) VALUES ('8D547C621A09626CE053809BA8C0882B', '8D547C621A02626CE053809BA8C0882B', 'width', null, '20785', '2019-07-13T00:00:00.000+0000', 0)  on conflict (ck_id) do update set ck_class = excluded.ck_class, ck_attr = excluded.ck_attr, cv_value = excluded.cv_value, ck_user = excluded.ck_user, ct_change = excluded.ct_change, cl_required = excluded.cl_required;
select pkg_patcher.p_clear_attr('8D547C621A02626CE053809BA8C0882B'::varchar, '["autoload","column","contentview","contentwidth","datatype","defaultvalue","disabled","disabledrules","displayfield","getglobal","height","hidden","hiddenrules","noglobalmask","reqsel","required","requiredrules","setglobal","type","valuefield","visibileinwindow","width"]'::jsonb);
INSERT INTO s_mt.t_class(ck_id, cv_name, cv_description, cl_final, cl_dataset, ck_user, ct_change) VALUES ('417', 'Field Set', 'Логическое объединение нескольких полей ввода в массив (например, используется для группировок в Panel Dynamic)', 1, 0, '10020786', '2018-03-05T00:00:00.000+0000')  on conflict (ck_id) do update set cv_name = excluded.cv_name, cv_description = excluded.cv_description, cl_final = excluded.cl_final, cl_dataset = excluded.cl_dataset, ck_user = excluded.ck_user, ct_change = excluded.ct_change;
INSERT INTO s_mt.t_class_attr(ck_id, ck_class, ck_attr, cv_value, ck_user, ct_change, cl_required) VALUES ('1850', '417', 'childs', null, '10020785', '2018-09-02T00:00:00.000+0000', 0)  on conflict (ck_id) do update set ck_class = excluded.ck_class, ck_attr = excluded.ck_attr, cv_value = excluded.cv_value, ck_user = excluded.ck_user, ct_change = excluded.ct_change, cl_required = excluded.cl_required;
INSERT INTO s_mt.t_class_attr(ck_id, ck_class, ck_attr, cv_value, ck_user, ct_change, cl_required) VALUES ('1860', '417', 'contentview', 'hbox', '10020785', '2018-09-26T00:00:00.000+0000', 0)  on conflict (ck_id) do update set ck_class = excluded.ck_class, ck_attr = excluded.ck_attr, cv_value = excluded.cv_value, ck_user = excluded.ck_user, ct_change = excluded.ct_change, cl_required = excluded.cl_required;
INSERT INTO s_mt.t_class_attr(ck_id, ck_class, ck_attr, cv_value, ck_user, ct_change, cl_required) VALUES ('1865', '417', 'disabled', null, '10020785', '2018-09-02T00:00:00.000+0000', 0)  on conflict (ck_id) do update set ck_class = excluded.ck_class, ck_attr = excluded.ck_attr, cv_value = excluded.cv_value, ck_user = excluded.ck_user, ct_change = excluded.ct_change, cl_required = excluded.cl_required;
INSERT INTO s_mt.t_class_attr(ck_id, ck_class, ck_attr, cv_value, ck_user, ct_change, cl_required) VALUES ('1852', '417', 'disabledrules', null, '10020785', '2018-09-02T00:00:00.000+0000', 0)  on conflict (ck_id) do update set ck_class = excluded.ck_class, ck_attr = excluded.ck_attr, cv_value = excluded.cv_value, ck_user = excluded.ck_user, ct_change = excluded.ct_change, cl_required = excluded.cl_required;
INSERT INTO s_mt.t_class_attr(ck_id, ck_class, ck_attr, cv_value, ck_user, ct_change, cl_required) VALUES ('40184', '417', 'editmode', null, '20785', '2019-01-24T00:00:00.000+0000', 0)  on conflict (ck_id) do update set ck_class = excluded.ck_class, ck_attr = excluded.ck_attr, cv_value = excluded.cv_value, ck_user = excluded.ck_user, ct_change = excluded.ct_change, cl_required = excluded.cl_required;
INSERT INTO s_mt.t_class_attr(ck_id, ck_class, ck_attr, cv_value, ck_user, ct_change, cl_required) VALUES ('1864', '417', 'hidden', null, '10020785', '2018-09-02T00:00:00.000+0000', 0)  on conflict (ck_id) do update set ck_class = excluded.ck_class, ck_attr = excluded.ck_attr, cv_value = excluded.cv_value, ck_user = excluded.ck_user, ct_change = excluded.ct_change, cl_required = excluded.cl_required;
INSERT INTO s_mt.t_class_attr(ck_id, ck_class, ck_attr, cv_value, ck_user, ct_change, cl_required) VALUES ('1853', '417', 'hiddenrules', null, '10020785', '2018-09-02T00:00:00.000+0000', 0)  on conflict (ck_id) do update set ck_class = excluded.ck_class, ck_attr = excluded.ck_attr, cv_value = excluded.cv_value, ck_user = excluded.ck_user, ct_change = excluded.ct_change, cl_required = excluded.cl_required;
INSERT INTO s_mt.t_class_attr(ck_id, ck_class, ck_attr, cv_value, ck_user, ct_change, cl_required) VALUES ('1855', '417', 'reqsel', 'true', '10020785', '2018-09-02T00:00:00.000+0000', 0)  on conflict (ck_id) do update set ck_class = excluded.ck_class, ck_attr = excluded.ck_attr, cv_value = excluded.cv_value, ck_user = excluded.ck_user, ct_change = excluded.ct_change, cl_required = excluded.cl_required;
INSERT INTO s_mt.t_class_attr(ck_id, ck_class, ck_attr, cv_value, ck_user, ct_change, cl_required) VALUES ('1849', '417', 'type', 'FIELDSET', '10020785', '2018-09-02T00:00:00.000+0000', 0)  on conflict (ck_id) do update set ck_class = excluded.ck_class, ck_attr = excluded.ck_attr, cv_value = excluded.cv_value, ck_user = excluded.ck_user, ct_change = excluded.ct_change, cl_required = excluded.cl_required;
select pkg_patcher.p_clear_attr('417'::varchar, '["childs","contentview","disabled","disabledrules","editmode","hidden","hiddenrules","reqsel","type"]'::jsonb);
INSERT INTO s_mt.t_class(ck_id, cv_name, cv_description, cl_final, cl_dataset, ck_user, ct_change) VALUES ('26', 'Field Text', 'Поле "Текст"', 0, 0, '-11', '2018-02-22T00:00:00.000+0000')  on conflict (ck_id) do update set cv_name = excluded.cv_name, cv_description = excluded.cv_description, cl_final = excluded.cl_final, cl_dataset = excluded.cl_dataset, ck_user = excluded.ck_user, ct_change = excluded.ct_change;
INSERT INTO s_mt.t_class_attr(ck_id, ck_class, ck_attr, cv_value, ck_user, ct_change, cl_required) VALUES ('86', '26', 'column', null, '10020785', '2018-07-09T00:00:00.000+0000', 1)  on conflict (ck_id) do update set ck_class = excluded.ck_class, ck_attr = excluded.ck_attr, cv_value = excluded.cv_value, ck_user = excluded.ck_user, ct_change = excluded.ct_change, cl_required = excluded.cl_required;
INSERT INTO s_mt.t_class_attr(ck_id, ck_class, ck_attr, cv_value, ck_user, ct_change, cl_required) VALUES ('39178', '26', 'columnsfilter', null, '20785', '2019-01-16T00:00:00.000+0000', 0)  on conflict (ck_id) do update set ck_class = excluded.ck_class, ck_attr = excluded.ck_attr, cv_value = excluded.cv_value, ck_user = excluded.ck_user, ct_change = excluded.ct_change, cl_required = excluded.cl_required;
INSERT INTO s_mt.t_class_attr(ck_id, ck_class, ck_attr, cv_value, ck_user, ct_change, cl_required) VALUES ('64', '26', 'datatype', 'text', '10020785', '2018-07-09T00:00:00.000+0000', 1)  on conflict (ck_id) do update set ck_class = excluded.ck_class, ck_attr = excluded.ck_attr, cv_value = excluded.cv_value, ck_user = excluded.ck_user, ct_change = excluded.ct_change, cl_required = excluded.cl_required;
INSERT INTO s_mt.t_class_attr(ck_id, ck_class, ck_attr, cv_value, ck_user, ct_change, cl_required) VALUES ('879', '26', 'defaultvalue', null, '10020785', '2018-07-09T00:00:00.000+0000', 0)  on conflict (ck_id) do update set ck_class = excluded.ck_class, ck_attr = excluded.ck_attr, cv_value = excluded.cv_value, ck_user = excluded.ck_user, ct_change = excluded.ct_change, cl_required = excluded.cl_required;
INSERT INTO s_mt.t_class_attr(ck_id, ck_class, ck_attr, cv_value, ck_user, ct_change, cl_required) VALUES ('899', '26', 'disabled', null, '10020785', '2018-07-09T00:00:00.000+0000', 0)  on conflict (ck_id) do update set ck_class = excluded.ck_class, ck_attr = excluded.ck_attr, cv_value = excluded.cv_value, ck_user = excluded.ck_user, ct_change = excluded.ct_change, cl_required = excluded.cl_required;
INSERT INTO s_mt.t_class_attr(ck_id, ck_class, ck_attr, cv_value, ck_user, ct_change, cl_required) VALUES ('1250', '26', 'disabledrules', null, '10020785', '2018-07-09T00:00:00.000+0000', 0)  on conflict (ck_id) do update set ck_class = excluded.ck_class, ck_attr = excluded.ck_attr, cv_value = excluded.cv_value, ck_user = excluded.ck_user, ct_change = excluded.ct_change, cl_required = excluded.cl_required;
INSERT INTO s_mt.t_class_attr(ck_id, ck_class, ck_attr, cv_value, ck_user, ct_change, cl_required) VALUES ('39179', '26', 'editmode', null, '20785', '2019-01-16T00:00:00.000+0000', 0)  on conflict (ck_id) do update set ck_class = excluded.ck_class, ck_attr = excluded.ck_attr, cv_value = excluded.cv_value, ck_user = excluded.ck_user, ct_change = excluded.ct_change, cl_required = excluded.cl_required;
INSERT INTO s_mt.t_class_attr(ck_id, ck_class, ck_attr, cv_value, ck_user, ct_change, cl_required) VALUES ('1160', '26', 'getglobal', null, '10020785', '2018-07-09T00:00:00.000+0000', 0)  on conflict (ck_id) do update set ck_class = excluded.ck_class, ck_attr = excluded.ck_attr, cv_value = excluded.cv_value, ck_user = excluded.ck_user, ct_change = excluded.ct_change, cl_required = excluded.cl_required;
INSERT INTO s_mt.t_class_attr(ck_id, ck_class, ck_attr, cv_value, ck_user, ct_change, cl_required) VALUES ('900', '26', 'hidden', null, '10020785', '2018-07-09T00:00:00.000+0000', 0)  on conflict (ck_id) do update set ck_class = excluded.ck_class, ck_attr = excluded.ck_attr, cv_value = excluded.cv_value, ck_user = excluded.ck_user, ct_change = excluded.ct_change, cl_required = excluded.cl_required;
INSERT INTO s_mt.t_class_attr(ck_id, ck_class, ck_attr, cv_value, ck_user, ct_change, cl_required) VALUES ('1294', '26', 'hiddenrules', null, '10020785', '2018-07-09T00:00:00.000+0000', 0)  on conflict (ck_id) do update set ck_class = excluded.ck_class, ck_attr = excluded.ck_attr, cv_value = excluded.cv_value, ck_user = excluded.ck_user, ct_change = excluded.ct_change, cl_required = excluded.cl_required;
INSERT INTO s_mt.t_class_attr(ck_id, ck_class, ck_attr, cv_value, ck_user, ct_change, cl_required) VALUES ('62', '26', 'imask', null, '10020785', '2018-07-09T00:00:00.000+0000', 0)  on conflict (ck_id) do update set ck_class = excluded.ck_class, ck_attr = excluded.ck_attr, cv_value = excluded.cv_value, ck_user = excluded.ck_user, ct_change = excluded.ct_change, cl_required = excluded.cl_required;
INSERT INTO s_mt.t_class_attr(ck_id, ck_class, ck_attr, cv_value, ck_user, ct_change, cl_required) VALUES ('1370', '26', 'info', null, '10020785', '2018-07-09T00:00:00.000+0000', 0)  on conflict (ck_id) do update set ck_class = excluded.ck_class, ck_attr = excluded.ck_attr, cv_value = excluded.cv_value, ck_user = excluded.ck_user, ct_change = excluded.ct_change, cl_required = excluded.cl_required;
INSERT INTO s_mt.t_class_attr(ck_id, ck_class, ck_attr, cv_value, ck_user, ct_change, cl_required) VALUES ('408', '26', 'maxsize', '120', '10020785', '2018-07-09T00:00:00.000+0000', 0)  on conflict (ck_id) do update set ck_class = excluded.ck_class, ck_attr = excluded.ck_attr, cv_value = excluded.cv_value, ck_user = excluded.ck_user, ct_change = excluded.ct_change, cl_required = excluded.cl_required;
INSERT INTO s_mt.t_class_attr(ck_id, ck_class, ck_attr, cv_value, ck_user, ct_change, cl_required) VALUES ('39176', '26', 'redirecturl', null, '20785', '2019-01-16T00:00:00.000+0000', 0)  on conflict (ck_id) do update set ck_class = excluded.ck_class, ck_attr = excluded.ck_attr, cv_value = excluded.cv_value, ck_user = excluded.ck_user, ct_change = excluded.ct_change, cl_required = excluded.cl_required;
INSERT INTO s_mt.t_class_attr(ck_id, ck_class, ck_attr, cv_value, ck_user, ct_change, cl_required) VALUES ('39177', '26', 'redirectusequery', null, '20785', '2019-01-16T00:00:00.000+0000', 0)  on conflict (ck_id) do update set ck_class = excluded.ck_class, ck_attr = excluded.ck_attr, cv_value = excluded.cv_value, ck_user = excluded.ck_user, ct_change = excluded.ct_change, cl_required = excluded.cl_required;
INSERT INTO s_mt.t_class_attr(ck_id, ck_class, ck_attr, cv_value, ck_user, ct_change, cl_required) VALUES ('61', '26', 'regexp', null, '10020785', '2018-07-09T00:00:00.000+0000', 0)  on conflict (ck_id) do update set ck_class = excluded.ck_class, ck_attr = excluded.ck_attr, cv_value = excluded.cv_value, ck_user = excluded.ck_user, ct_change = excluded.ct_change, cl_required = excluded.cl_required;
INSERT INTO s_mt.t_class_attr(ck_id, ck_class, ck_attr, cv_value, ck_user, ct_change, cl_required) VALUES ('1024', '26', 'reqsel', null, '10020785', '2018-09-02T00:00:00.000+0000', 0)  on conflict (ck_id) do update set ck_class = excluded.ck_class, ck_attr = excluded.ck_attr, cv_value = excluded.cv_value, ck_user = excluded.ck_user, ct_change = excluded.ct_change, cl_required = excluded.cl_required;
INSERT INTO s_mt.t_class_attr(ck_id, ck_class, ck_attr, cv_value, ck_user, ct_change, cl_required) VALUES ('73', '26', 'required', 'false', '10020785', '2018-07-09T00:00:00.000+0000', 0)  on conflict (ck_id) do update set ck_class = excluded.ck_class, ck_attr = excluded.ck_attr, cv_value = excluded.cv_value, ck_user = excluded.ck_user, ct_change = excluded.ct_change, cl_required = excluded.cl_required;
INSERT INTO s_mt.t_class_attr(ck_id, ck_class, ck_attr, cv_value, ck_user, ct_change, cl_required) VALUES ('43169', '26', 'requiredrules', null, '10028610', '2019-02-05T00:00:00.000+0000', 0)  on conflict (ck_id) do update set ck_class = excluded.ck_class, ck_attr = excluded.ck_attr, cv_value = excluded.cv_value, ck_user = excluded.ck_user, ct_change = excluded.ct_change, cl_required = excluded.cl_required;
INSERT INTO s_mt.t_class_attr(ck_id, ck_class, ck_attr, cv_value, ck_user, ct_change, cl_required) VALUES ('1190', '26', 'setglobal', null, '10020785', '2018-07-09T00:00:00.000+0000', 0)  on conflict (ck_id) do update set ck_class = excluded.ck_class, ck_attr = excluded.ck_attr, cv_value = excluded.cv_value, ck_user = excluded.ck_user, ct_change = excluded.ct_change, cl_required = excluded.cl_required;
INSERT INTO s_mt.t_class_attr(ck_id, ck_class, ck_attr, cv_value, ck_user, ct_change, cl_required) VALUES ('63', '26', 'type', 'IFIELD', '10020785', '2018-07-09T00:00:00.000+0000', 1)  on conflict (ck_id) do update set ck_class = excluded.ck_class, ck_attr = excluded.ck_attr, cv_value = excluded.cv_value, ck_user = excluded.ck_user, ct_change = excluded.ct_change, cl_required = excluded.cl_required;
INSERT INTO s_mt.t_class_attr(ck_id, ck_class, ck_attr, cv_value, ck_user, ct_change, cl_required) VALUES ('1078', '26', 'visibileinwindow', 'false', '10020785', '2018-09-02T00:00:00.000+0000', 0)  on conflict (ck_id) do update set ck_class = excluded.ck_class, ck_attr = excluded.ck_attr, cv_value = excluded.cv_value, ck_user = excluded.ck_user, ct_change = excluded.ct_change, cl_required = excluded.cl_required;
INSERT INTO s_mt.t_class_attr(ck_id, ck_class, ck_attr, cv_value, ck_user, ct_change, cl_required) VALUES ('1054', '26', 'width', null, '20788', '2019-01-17T00:00:00.000+0000', 0)  on conflict (ck_id) do update set ck_class = excluded.ck_class, ck_attr = excluded.ck_attr, cv_value = excluded.cv_value, ck_user = excluded.ck_user, ct_change = excluded.ct_change, cl_required = excluded.cl_required;
select pkg_patcher.p_clear_attr('26'::varchar, '["column","columnsfilter","datatype","defaultvalue","disabled","disabledrules","editmode","getglobal","hidden","hiddenrules","imask","info","maxsize","redirecturl","redirectusequery","regexp","reqsel","required","requiredrules","setglobal","type","visibileinwindow","width"]'::jsonb);
INSERT INTO s_mt.t_class(ck_id, cv_name, cv_description, cl_final, cl_dataset, ck_user, ct_change) VALUES ('10457', 'Field Textarea', 'Поле,  в которое можно вводить несколько строк текста.', 0, 0, '30021381', '2019-01-24T00:00:00.000+0000')  on conflict (ck_id) do update set cv_name = excluded.cv_name, cv_description = excluded.cv_description, cl_final = excluded.cl_final, cl_dataset = excluded.cl_dataset, ck_user = excluded.ck_user, ct_change = excluded.ct_change;
INSERT INTO s_mt.t_class_attr(ck_id, ck_class, ck_attr, cv_value, ck_user, ct_change, cl_required) VALUES ('40190', '10457', 'column', null, '30021381', '2019-01-24T00:00:00.000+0000', 1)  on conflict (ck_id) do update set ck_class = excluded.ck_class, ck_attr = excluded.ck_attr, cv_value = excluded.cv_value, ck_user = excluded.ck_user, ct_change = excluded.ct_change, cl_required = excluded.cl_required;
INSERT INTO s_mt.t_class_attr(ck_id, ck_class, ck_attr, cv_value, ck_user, ct_change, cl_required) VALUES ('40191', '10457', 'columnsfilter', null, '30021381', '2019-01-24T00:00:00.000+0000', 0)  on conflict (ck_id) do update set ck_class = excluded.ck_class, ck_attr = excluded.ck_attr, cv_value = excluded.cv_value, ck_user = excluded.ck_user, ct_change = excluded.ct_change, cl_required = excluded.cl_required;
INSERT INTO s_mt.t_class_attr(ck_id, ck_class, ck_attr, cv_value, ck_user, ct_change, cl_required) VALUES ('40187', '10457', 'datatype', 'textarea', '30021381', '2019-01-29T00:00:00.000+0000', 1)  on conflict (ck_id) do update set ck_class = excluded.ck_class, ck_attr = excluded.ck_attr, cv_value = excluded.cv_value, ck_user = excluded.ck_user, ct_change = excluded.ct_change, cl_required = excluded.cl_required;
INSERT INTO s_mt.t_class_attr(ck_id, ck_class, ck_attr, cv_value, ck_user, ct_change, cl_required) VALUES ('40192', '10457', 'defaultvalue', null, '30021381', '2019-01-24T00:00:00.000+0000', 0)  on conflict (ck_id) do update set ck_class = excluded.ck_class, ck_attr = excluded.ck_attr, cv_value = excluded.cv_value, ck_user = excluded.ck_user, ct_change = excluded.ct_change, cl_required = excluded.cl_required;
INSERT INTO s_mt.t_class_attr(ck_id, ck_class, ck_attr, cv_value, ck_user, ct_change, cl_required) VALUES ('40193', '10457', 'disabled', null, '30021381', '2019-01-24T00:00:00.000+0000', 0)  on conflict (ck_id) do update set ck_class = excluded.ck_class, ck_attr = excluded.ck_attr, cv_value = excluded.cv_value, ck_user = excluded.ck_user, ct_change = excluded.ct_change, cl_required = excluded.cl_required;
INSERT INTO s_mt.t_class_attr(ck_id, ck_class, ck_attr, cv_value, ck_user, ct_change, cl_required) VALUES ('40194', '10457', 'disabledrules', null, '30021381', '2019-01-24T00:00:00.000+0000', 0)  on conflict (ck_id) do update set ck_class = excluded.ck_class, ck_attr = excluded.ck_attr, cv_value = excluded.cv_value, ck_user = excluded.ck_user, ct_change = excluded.ct_change, cl_required = excluded.cl_required;
INSERT INTO s_mt.t_class_attr(ck_id, ck_class, ck_attr, cv_value, ck_user, ct_change, cl_required) VALUES ('40195', '10457', 'editmode', null, '30021381', '2019-01-24T00:00:00.000+0000', 0)  on conflict (ck_id) do update set ck_class = excluded.ck_class, ck_attr = excluded.ck_attr, cv_value = excluded.cv_value, ck_user = excluded.ck_user, ct_change = excluded.ct_change, cl_required = excluded.cl_required;
INSERT INTO s_mt.t_class_attr(ck_id, ck_class, ck_attr, cv_value, ck_user, ct_change, cl_required) VALUES ('40196', '10457', 'getglobal', null, '30021381', '2019-01-24T00:00:00.000+0000', 0)  on conflict (ck_id) do update set ck_class = excluded.ck_class, ck_attr = excluded.ck_attr, cv_value = excluded.cv_value, ck_user = excluded.ck_user, ct_change = excluded.ct_change, cl_required = excluded.cl_required;
INSERT INTO s_mt.t_class_attr(ck_id, ck_class, ck_attr, cv_value, ck_user, ct_change, cl_required) VALUES ('40197', '10457', 'hidden', null, '30021381', '2019-01-24T00:00:00.000+0000', 0)  on conflict (ck_id) do update set ck_class = excluded.ck_class, ck_attr = excluded.ck_attr, cv_value = excluded.cv_value, ck_user = excluded.ck_user, ct_change = excluded.ct_change, cl_required = excluded.cl_required;
INSERT INTO s_mt.t_class_attr(ck_id, ck_class, ck_attr, cv_value, ck_user, ct_change, cl_required) VALUES ('40198', '10457', 'hiddenrules', null, '30021381', '2019-01-24T00:00:00.000+0000', 0)  on conflict (ck_id) do update set ck_class = excluded.ck_class, ck_attr = excluded.ck_attr, cv_value = excluded.cv_value, ck_user = excluded.ck_user, ct_change = excluded.ct_change, cl_required = excluded.cl_required;
INSERT INTO s_mt.t_class_attr(ck_id, ck_class, ck_attr, cv_value, ck_user, ct_change, cl_required) VALUES ('40199', '10457', 'imask', null, '30021381', '2019-01-24T00:00:00.000+0000', 0)  on conflict (ck_id) do update set ck_class = excluded.ck_class, ck_attr = excluded.ck_attr, cv_value = excluded.cv_value, ck_user = excluded.ck_user, ct_change = excluded.ct_change, cl_required = excluded.cl_required;
INSERT INTO s_mt.t_class_attr(ck_id, ck_class, ck_attr, cv_value, ck_user, ct_change, cl_required) VALUES ('40200', '10457', 'info', null, '30021381', '2019-01-24T00:00:00.000+0000', 0)  on conflict (ck_id) do update set ck_class = excluded.ck_class, ck_attr = excluded.ck_attr, cv_value = excluded.cv_value, ck_user = excluded.ck_user, ct_change = excluded.ct_change, cl_required = excluded.cl_required;
INSERT INTO s_mt.t_class_attr(ck_id, ck_class, ck_attr, cv_value, ck_user, ct_change, cl_required) VALUES ('94830285D1B64138A700C8DD6E904F6E', '10457', 'maxheight', null, '4fd05ca9-3a9e-4d66-82df-886dfa082113', '2019-11-01T00:00:00.000+0000', 0)  on conflict (ck_id) do update set ck_class = excluded.ck_class, ck_attr = excluded.ck_attr, cv_value = excluded.cv_value, ck_user = excluded.ck_user, ct_change = excluded.ct_change, cl_required = excluded.cl_required;
INSERT INTO s_mt.t_class_attr(ck_id, ck_class, ck_attr, cv_value, ck_user, ct_change, cl_required) VALUES ('40201', '10457', 'maxsize', null, '30021381', '2019-01-27T00:00:00.000+0000', 0)  on conflict (ck_id) do update set ck_class = excluded.ck_class, ck_attr = excluded.ck_attr, cv_value = excluded.cv_value, ck_user = excluded.ck_user, ct_change = excluded.ct_change, cl_required = excluded.cl_required;
INSERT INTO s_mt.t_class_attr(ck_id, ck_class, ck_attr, cv_value, ck_user, ct_change, cl_required) VALUES ('008661D1B2CC423BA3DD8F88BBFB1C41', '10457', 'minheight', null, '4fd05ca9-3a9e-4d66-82df-886dfa082113', '2019-11-01T00:00:00.000+0000', 0)  on conflict (ck_id) do update set ck_class = excluded.ck_class, ck_attr = excluded.ck_attr, cv_value = excluded.cv_value, ck_user = excluded.ck_user, ct_change = excluded.ct_change, cl_required = excluded.cl_required;
INSERT INTO s_mt.t_class_attr(ck_id, ck_class, ck_attr, cv_value, ck_user, ct_change, cl_required) VALUES ('40203', '10457', 'redirecturl', null, '30021381', '2019-01-24T00:00:00.000+0000', 0)  on conflict (ck_id) do update set ck_class = excluded.ck_class, ck_attr = excluded.ck_attr, cv_value = excluded.cv_value, ck_user = excluded.ck_user, ct_change = excluded.ct_change, cl_required = excluded.cl_required;
INSERT INTO s_mt.t_class_attr(ck_id, ck_class, ck_attr, cv_value, ck_user, ct_change, cl_required) VALUES ('40204', '10457', 'redirectusequery', null, '30021381', '2019-01-24T00:00:00.000+0000', 0)  on conflict (ck_id) do update set ck_class = excluded.ck_class, ck_attr = excluded.ck_attr, cv_value = excluded.cv_value, ck_user = excluded.ck_user, ct_change = excluded.ct_change, cl_required = excluded.cl_required;
INSERT INTO s_mt.t_class_attr(ck_id, ck_class, ck_attr, cv_value, ck_user, ct_change, cl_required) VALUES ('40205', '10457', 'regexp', null, '30021381', '2019-01-24T00:00:00.000+0000', 0)  on conflict (ck_id) do update set ck_class = excluded.ck_class, ck_attr = excluded.ck_attr, cv_value = excluded.cv_value, ck_user = excluded.ck_user, ct_change = excluded.ct_change, cl_required = excluded.cl_required;
INSERT INTO s_mt.t_class_attr(ck_id, ck_class, ck_attr, cv_value, ck_user, ct_change, cl_required) VALUES ('40206', '10457', 'reqsel', null, '30021381', '2019-01-24T00:00:00.000+0000', 0)  on conflict (ck_id) do update set ck_class = excluded.ck_class, ck_attr = excluded.ck_attr, cv_value = excluded.cv_value, ck_user = excluded.ck_user, ct_change = excluded.ct_change, cl_required = excluded.cl_required;
INSERT INTO s_mt.t_class_attr(ck_id, ck_class, ck_attr, cv_value, ck_user, ct_change, cl_required) VALUES ('40207', '10457', 'required', null, '30021381', '2019-01-24T00:00:00.000+0000', 0)  on conflict (ck_id) do update set ck_class = excluded.ck_class, ck_attr = excluded.ck_attr, cv_value = excluded.cv_value, ck_user = excluded.ck_user, ct_change = excluded.ct_change, cl_required = excluded.cl_required;
INSERT INTO s_mt.t_class_attr(ck_id, ck_class, ck_attr, cv_value, ck_user, ct_change, cl_required) VALUES ('43186', '10457', 'requiredrules', null, '10028610', '2019-02-05T00:00:00.000+0000', 0)  on conflict (ck_id) do update set ck_class = excluded.ck_class, ck_attr = excluded.ck_attr, cv_value = excluded.cv_value, ck_user = excluded.ck_user, ct_change = excluded.ct_change, cl_required = excluded.cl_required;
INSERT INTO s_mt.t_class_attr(ck_id, ck_class, ck_attr, cv_value, ck_user, ct_change, cl_required) VALUES ('40208', '10457', 'setglobal', null, '30021381', '2019-01-24T00:00:00.000+0000', 0)  on conflict (ck_id) do update set ck_class = excluded.ck_class, ck_attr = excluded.ck_attr, cv_value = excluded.cv_value, ck_user = excluded.ck_user, ct_change = excluded.ct_change, cl_required = excluded.cl_required;
INSERT INTO s_mt.t_class_attr(ck_id, ck_class, ck_attr, cv_value, ck_user, ct_change, cl_required) VALUES ('40189', '10457', 'type', 'IFIELD', '30021381', '2019-01-24T00:00:00.000+0000', 1)  on conflict (ck_id) do update set ck_class = excluded.ck_class, ck_attr = excluded.ck_attr, cv_value = excluded.cv_value, ck_user = excluded.ck_user, ct_change = excluded.ct_change, cl_required = excluded.cl_required;
INSERT INTO s_mt.t_class_attr(ck_id, ck_class, ck_attr, cv_value, ck_user, ct_change, cl_required) VALUES ('40209', '10457', 'visibileinwindow', 'false', '30021381', '2019-01-24T00:00:00.000+0000', 0)  on conflict (ck_id) do update set ck_class = excluded.ck_class, ck_attr = excluded.ck_attr, cv_value = excluded.cv_value, ck_user = excluded.ck_user, ct_change = excluded.ct_change, cl_required = excluded.cl_required;
INSERT INTO s_mt.t_class_attr(ck_id, ck_class, ck_attr, cv_value, ck_user, ct_change, cl_required) VALUES ('40210', '10457', 'width', null, '30021381', '2019-01-24T00:00:00.000+0000', 0)  on conflict (ck_id) do update set ck_class = excluded.ck_class, ck_attr = excluded.ck_attr, cv_value = excluded.cv_value, ck_user = excluded.ck_user, ct_change = excluded.ct_change, cl_required = excluded.cl_required;
select pkg_patcher.p_clear_attr('10457'::varchar, '["column","columnsfilter","datatype","defaultvalue","disabled","disabledrules","editmode","getglobal","hidden","hiddenrules","imask","info","maxheight","maxsize","minheight","redirecturl","redirectusequery","regexp","reqsel","required","requiredrules","setglobal","type","visibileinwindow","width"]'::jsonb);
INSERT INTO s_mt.t_class(ck_id, cv_name, cv_description, cl_final, cl_dataset, ck_user, ct_change) VALUES ('58', 'Filter Panel', 'Панель с фильтрами', 1, 0, '20780', '2019-06-27T00:00:00.000+0000')  on conflict (ck_id) do update set cv_name = excluded.cv_name, cv_description = excluded.cv_description, cl_final = excluded.cl_final, cl_dataset = excluded.cl_dataset, ck_user = excluded.ck_user, ct_change = excluded.ct_change;
INSERT INTO s_mt.t_class_attr(ck_id, ck_class, ck_attr, cv_value, ck_user, ct_change, cl_required) VALUES ('382', '58', 'childs', null, '10020785', '2018-07-09T00:00:00.000+0000', 1)  on conflict (ck_id) do update set ck_class = excluded.ck_class, ck_attr = excluded.ck_attr, cv_value = excluded.cv_value, ck_user = excluded.ck_user, ct_change = excluded.ct_change, cl_required = excluded.cl_required;
INSERT INTO s_mt.t_class_attr(ck_id, ck_class, ck_attr, cv_value, ck_user, ct_change, cl_required) VALUES ('789', '58', 'collapsed', 'false', '10020785', '2018-09-04T00:00:00.000+0000', 0)  on conflict (ck_id) do update set ck_class = excluded.ck_class, ck_attr = excluded.ck_attr, cv_value = excluded.cv_value, ck_user = excluded.ck_user, ct_change = excluded.ct_change, cl_required = excluded.cl_required;
INSERT INTO s_mt.t_class_attr(ck_id, ck_class, ck_attr, cv_value, ck_user, ct_change, cl_required) VALUES ('642', '58', 'dynamicfilter', 'false', '10020785', '2018-07-09T00:00:00.000+0000', 0)  on conflict (ck_id) do update set ck_class = excluded.ck_class, ck_attr = excluded.ck_attr, cv_value = excluded.cv_value, ck_user = excluded.ck_user, ct_change = excluded.ct_change, cl_required = excluded.cl_required;
INSERT INTO s_mt.t_class_attr(ck_id, ck_class, ck_attr, cv_value, ck_user, ct_change, cl_required) VALUES ('7169', '58', 'filtervaluessave', 'true', '10020785', '2018-07-19T00:00:00.000+0000', 1)  on conflict (ck_id) do update set ck_class = excluded.ck_class, ck_attr = excluded.ck_attr, cv_value = excluded.cv_value, ck_user = excluded.ck_user, ct_change = excluded.ct_change, cl_required = excluded.cl_required;
INSERT INTO s_mt.t_class_attr(ck_id, ck_class, ck_attr, cv_value, ck_user, ct_change, cl_required) VALUES ('3169', '58', 'setglobal', null, '10020785', '2018-07-09T00:00:00.000+0000', 0)  on conflict (ck_id) do update set ck_class = excluded.ck_class, ck_attr = excluded.ck_attr, cv_value = excluded.cv_value, ck_user = excluded.ck_user, ct_change = excluded.ct_change, cl_required = excluded.cl_required;
INSERT INTO s_mt.t_class_attr(ck_id, ck_class, ck_attr, cv_value, ck_user, ct_change, cl_required) VALUES ('17178', '58', 'timeout', null, '10020785', '2018-09-02T00:00:00.000+0000', 0)  on conflict (ck_id) do update set ck_class = excluded.ck_class, ck_attr = excluded.ck_attr, cv_value = excluded.cv_value, ck_user = excluded.ck_user, ct_change = excluded.ct_change, cl_required = excluded.cl_required;
INSERT INTO s_mt.t_class_attr(ck_id, ck_class, ck_attr, cv_value, ck_user, ct_change, cl_required) VALUES ('13169', '58', 'topbtn', null, '10020785', '2018-07-30T00:00:00.000+0000', 0)  on conflict (ck_id) do update set ck_class = excluded.ck_class, ck_attr = excluded.ck_attr, cv_value = excluded.cv_value, ck_user = excluded.ck_user, ct_change = excluded.ct_change, cl_required = excluded.cl_required;
INSERT INTO s_mt.t_class_attr(ck_id, ck_class, ck_attr, cv_value, ck_user, ct_change, cl_required) VALUES ('381', '58', 'type', 'FILTERPANEL', '10020785', '2018-07-09T00:00:00.000+0000', 1)  on conflict (ck_id) do update set ck_class = excluded.ck_class, ck_attr = excluded.ck_attr, cv_value = excluded.cv_value, ck_user = excluded.ck_user, ct_change = excluded.ct_change, cl_required = excluded.cl_required;
select pkg_patcher.p_clear_attr('58'::varchar, '["childs","collapsed","dynamicfilter","filtervaluessave","setglobal","timeout","topbtn","type"]'::jsonb);
INSERT INTO s_mt.t_class(ck_id, cv_name, cv_description, cl_final, cl_dataset, ck_user, ct_change) VALUES ('4BA159E82B434939AAD293411854ED95', 'Filter Panel Extended', 'Расширенная панель для фильтра', 0, 0, '4fd05ca9-3a9e-4d66-82df-886dfa082113', '2019-09-20T00:00:00.000+0000')  on conflict (ck_id) do update set cv_name = excluded.cv_name, cv_description = excluded.cv_description, cl_final = excluded.cl_final, cl_dataset = excluded.cl_dataset, ck_user = excluded.ck_user, ct_change = excluded.ct_change;
INSERT INTO s_mt.t_class_attr(ck_id, ck_class, ck_attr, cv_value, ck_user, ct_change, cl_required) VALUES ('53F747643BEE49B795CA755F3532E598', '4BA159E82B434939AAD293411854ED95', 'childs', null, '4fd05ca9-3a9e-4d66-82df-886dfa082113', '2019-09-20T00:00:00.000+0000', 0)  on conflict (ck_id) do update set ck_class = excluded.ck_class, ck_attr = excluded.ck_attr, cv_value = excluded.cv_value, ck_user = excluded.ck_user, ct_change = excluded.ct_change, cl_required = excluded.cl_required;
INSERT INTO s_mt.t_class_attr(ck_id, ck_class, ck_attr, cv_value, ck_user, ct_change, cl_required) VALUES ('A1E0CA6DCC7C41008A1EBF65B782E066', '4BA159E82B434939AAD293411854ED95', 'collapsed', null, '4fd05ca9-3a9e-4d66-82df-886dfa082113', '2019-09-20T00:00:00.000+0000', 0)  on conflict (ck_id) do update set ck_class = excluded.ck_class, ck_attr = excluded.ck_attr, cv_value = excluded.cv_value, ck_user = excluded.ck_user, ct_change = excluded.ct_change, cl_required = excluded.cl_required;
INSERT INTO s_mt.t_class_attr(ck_id, ck_class, ck_attr, cv_value, ck_user, ct_change, cl_required) VALUES ('5087C7FA59AA4AEE94F6B0B31C6FE127', '4BA159E82B434939AAD293411854ED95', 'type', 'FILTER_PANEL_EXTENDED', '4fd05ca9-3a9e-4d66-82df-886dfa082113', '2019-09-20T00:00:00.000+0000', 1)  on conflict (ck_id) do update set ck_class = excluded.ck_class, ck_attr = excluded.ck_attr, cv_value = excluded.cv_value, ck_user = excluded.ck_user, ct_change = excluded.ct_change, cl_required = excluded.cl_required;
select pkg_patcher.p_clear_attr('4BA159E82B434939AAD293411854ED95'::varchar, '["childs","collapsed","type"]'::jsonb);
INSERT INTO s_mt.t_class(ck_id, cv_name, cv_description, cl_final, cl_dataset, ck_user, ct_change) VALUES ('871CB755C589248AE053809BA8C0F31E', 'FormPanel', 'Форма для работы с глобальными данными', 0, 0, '20785', '2019-05-15T00:00:00.000+0000')  on conflict (ck_id) do update set cv_name = excluded.cv_name, cv_description = excluded.cv_description, cl_final = excluded.cl_final, cl_dataset = excluded.cl_dataset, ck_user = excluded.ck_user, ct_change = excluded.ct_change;
INSERT INTO s_mt.t_class_attr(ck_id, ck_class, ck_attr, cv_value, ck_user, ct_change, cl_required) VALUES ('BAD0F50DA67C43B0BD0AF2064E5CB974', '871CB755C589248AE053809BA8C0F31E', 'align', null, '4fd05ca9-3a9e-4d66-82df-886dfa082113', '2019-10-28T00:00:00.000+0000', 0)  on conflict (ck_id) do update set ck_class = excluded.ck_class, ck_attr = excluded.ck_attr, cv_value = excluded.cv_value, ck_user = excluded.ck_user, ct_change = excluded.ct_change, cl_required = excluded.cl_required;
INSERT INTO s_mt.t_class_attr(ck_id, ck_class, ck_attr, cv_value, ck_user, ct_change, cl_required) VALUES ('876936326A5213F3E053809BA8C0487C', '871CB755C589248AE053809BA8C0F31E', 'childs', null, '20785', '2019-05-15T00:00:00.000+0000', 1)  on conflict (ck_id) do update set ck_class = excluded.ck_class, ck_attr = excluded.ck_attr, cv_value = excluded.cv_value, ck_user = excluded.ck_user, ct_change = excluded.ct_change, cl_required = excluded.cl_required;
INSERT INTO s_mt.t_class_attr(ck_id, ck_class, ck_attr, cv_value, ck_user, ct_change, cl_required) VALUES ('68E51904C436427A9DC7A1A31352E5E8', '871CB755C589248AE053809BA8C0F31E', 'contentview', null, '4fd05ca9-3a9e-4d66-82df-886dfa082113', '2019-10-28T00:00:00.000+0000', 0)  on conflict (ck_id) do update set ck_class = excluded.ck_class, ck_attr = excluded.ck_attr, cv_value = excluded.cv_value, ck_user = excluded.ck_user, ct_change = excluded.ct_change, cl_required = excluded.cl_required;
INSERT INTO s_mt.t_class_attr(ck_id, ck_class, ck_attr, cv_value, ck_user, ct_change, cl_required) VALUES ('871CB755C58B248AE053809BA8C0F31E', '871CB755C589248AE053809BA8C0F31E', 'getglobal', null, '20785', '2019-05-16T00:00:00.000+0000', 0)  on conflict (ck_id) do update set ck_class = excluded.ck_class, ck_attr = excluded.ck_attr, cv_value = excluded.cv_value, ck_user = excluded.ck_user, ct_change = excluded.ct_change, cl_required = excluded.cl_required;
INSERT INTO s_mt.t_class_attr(ck_id, ck_class, ck_attr, cv_value, ck_user, ct_change, cl_required) VALUES ('871CB755C58A248AE053809BA8C0F31E', '871CB755C589248AE053809BA8C0F31E', 'setglobal', null, '20785', '2019-05-16T00:00:00.000+0000', 0)  on conflict (ck_id) do update set ck_class = excluded.ck_class, ck_attr = excluded.ck_attr, cv_value = excluded.cv_value, ck_user = excluded.ck_user, ct_change = excluded.ct_change, cl_required = excluded.cl_required;
INSERT INTO s_mt.t_class_attr(ck_id, ck_class, ck_attr, cv_value, ck_user, ct_change, cl_required) VALUES ('87BF581B392C242FE053809BA8C0461B', '871CB755C589248AE053809BA8C0F31E', 'type', 'FORMPANEL', '20785', '2019-05-15T00:00:00.000+0000', 1)  on conflict (ck_id) do update set ck_class = excluded.ck_class, ck_attr = excluded.ck_attr, cv_value = excluded.cv_value, ck_user = excluded.ck_user, ct_change = excluded.ct_change, cl_required = excluded.cl_required;
INSERT INTO s_mt.t_class_attr(ck_id, ck_class, ck_attr, cv_value, ck_user, ct_change, cl_required) VALUES ('876936326A5713F3E053809BA8C0487C', '871CB755C589248AE053809BA8C0F31E', 'updateglobal', null, '20785', '2019-05-16T00:00:00.000+0000', 0)  on conflict (ck_id) do update set ck_class = excluded.ck_class, ck_attr = excluded.ck_attr, cv_value = excluded.cv_value, ck_user = excluded.ck_user, ct_change = excluded.ct_change, cl_required = excluded.cl_required;
INSERT INTO s_mt.t_class_attr(ck_id, ck_class, ck_attr, cv_value, ck_user, ct_change, cl_required) VALUES ('902090BB29794B2CB869BEB12AA3E11C', '871CB755C589248AE053809BA8C0F31E', 'width', null, '4fd05ca9-3a9e-4d66-82df-886dfa082113', '2019-10-28T00:00:00.000+0000', 0)  on conflict (ck_id) do update set ck_class = excluded.ck_class, ck_attr = excluded.ck_attr, cv_value = excluded.cv_value, ck_user = excluded.ck_user, ct_change = excluded.ct_change, cl_required = excluded.cl_required;
select pkg_patcher.p_clear_attr('871CB755C589248AE053809BA8C0F31E'::varchar, '["align","childs","contentview","getglobal","setglobal","type","updateglobal","width"]'::jsonb);
INSERT INTO s_mt.t_class(ck_id, cv_name, cv_description, cl_final, cl_dataset, ck_user, ct_change) VALUES ('8', 'Grid', 'Грид для отображения данных', 1, 1, '-11', '2018-02-22T00:00:00.000+0000')  on conflict (ck_id) do update set cv_name = excluded.cv_name, cv_description = excluded.cv_description, cl_final = excluded.cl_final, cl_dataset = excluded.cl_dataset, ck_user = excluded.ck_user, ct_change = excluded.ct_change;
INSERT INTO s_mt.t_class_attr(ck_id, ck_class, ck_attr, cv_value, ck_user, ct_change, cl_required) VALUES ('572', '8', 'autoload', 'true', '10020848', '2018-06-04T00:00:00.000+0000', 0)  on conflict (ck_id) do update set ck_class = excluded.ck_class, ck_attr = excluded.ck_attr, cv_value = excluded.cv_value, ck_user = excluded.ck_user, ct_change = excluded.ct_change, cl_required = excluded.cl_required;
INSERT INTO s_mt.t_class_attr(ck_id, ck_class, ck_attr, cv_value, ck_user, ct_change, cl_required) VALUES ('1753', '8', 'autoselectidentity', 'ck_id', '10020848', '2018-09-09T00:00:00.000+0000', 0)  on conflict (ck_id) do update set ck_class = excluded.ck_class, ck_attr = excluded.ck_attr, cv_value = excluded.cv_value, ck_user = excluded.ck_user, ct_change = excluded.ct_change, cl_required = excluded.cl_required;
INSERT INTO s_mt.t_class_attr(ck_id, ck_class, ck_attr, cv_value, ck_user, ct_change, cl_required) VALUES ('1440', '8', 'btnaudit', 'true', '10020848', '2018-06-04T00:00:00.000+0000', 0)  on conflict (ck_id) do update set ck_class = excluded.ck_class, ck_attr = excluded.ck_attr, cv_value = excluded.cv_value, ck_user = excluded.ck_user, ct_change = excluded.ct_change, cl_required = excluded.cl_required;
INSERT INTO s_mt.t_class_attr(ck_id, ck_class, ck_attr, cv_value, ck_user, ct_change, cl_required) VALUES ('1643', '8', 'btndelete', 'true', '10020848', '2018-06-04T00:00:00.000+0000', 0)  on conflict (ck_id) do update set ck_class = excluded.ck_class, ck_attr = excluded.ck_attr, cv_value = excluded.cv_value, ck_user = excluded.ck_user, ct_change = excluded.ct_change, cl_required = excluded.cl_required;
INSERT INTO s_mt.t_class_attr(ck_id, ck_class, ck_attr, cv_value, ck_user, ct_change, cl_required) VALUES ('1449', '8', 'btnexcel', 'true', '10020848', '2018-09-09T00:00:00.000+0000', 0)  on conflict (ck_id) do update set ck_class = excluded.ck_class, ck_attr = excluded.ck_attr, cv_value = excluded.cv_value, ck_user = excluded.ck_user, ct_change = excluded.ct_change, cl_required = excluded.cl_required;
INSERT INTO s_mt.t_class_attr(ck_id, ck_class, ck_attr, cv_value, ck_user, ct_change, cl_required) VALUES ('1450', '8', 'btnrefresh', 'true', '10020848', '2018-06-04T00:00:00.000+0000', 0)  on conflict (ck_id) do update set ck_class = excluded.ck_class, ck_attr = excluded.ck_attr, cv_value = excluded.cv_value, ck_user = excluded.ck_user, ct_change = excluded.ct_change, cl_required = excluded.cl_required;
INSERT INTO s_mt.t_class_attr(ck_id, ck_class, ck_attr, cv_value, ck_user, ct_change, cl_required) VALUES ('8D547C621A1D626CE053809BA8C0882B', '8', 'btnsettings', 'true', '20785', '2019-07-16T00:00:00.000+0000', 0)  on conflict (ck_id) do update set ck_class = excluded.ck_class, ck_attr = excluded.ck_attr, cv_value = excluded.cv_value, ck_user = excluded.ck_user, ct_change = excluded.ct_change, cl_required = excluded.cl_required;
INSERT INTO s_mt.t_class_attr(ck_id, ck_class, ck_attr, cv_value, ck_user, ct_change, cl_required) VALUES ('1661', '8', 'checkaddmore', 'true', '10020785', '2018-07-09T00:00:00.000+0000', 0)  on conflict (ck_id) do update set ck_class = excluded.ck_class, ck_attr = excluded.ck_attr, cv_value = excluded.cv_value, ck_user = excluded.ck_user, ct_change = excluded.ct_change, cl_required = excluded.cl_required;
INSERT INTO s_mt.t_class_attr(ck_id, ck_class, ck_attr, cv_value, ck_user, ct_change, cl_required) VALUES ('54', '8', 'childwindow', null, '10020848', '2018-06-04T00:00:00.000+0000', 0)  on conflict (ck_id) do update set ck_class = excluded.ck_class, ck_attr = excluded.ck_attr, cv_value = excluded.cv_value, ck_user = excluded.ck_user, ct_change = excluded.ct_change, cl_required = excluded.cl_required;
INSERT INTO s_mt.t_class_attr(ck_id, ck_class, ck_attr, cv_value, ck_user, ct_change, cl_required) VALUES ('26173', '8', 'collectionvalues', null, '10020785', '2018-10-07T00:00:00.000+0000', 0)  on conflict (ck_id) do update set ck_class = excluded.ck_class, ck_attr = excluded.ck_attr, cv_value = excluded.cv_value, ck_user = excluded.ck_user, ct_change = excluded.ct_change, cl_required = excluded.cl_required;
INSERT INTO s_mt.t_class_attr(ck_id, ck_class, ck_attr, cv_value, ck_user, ct_change, cl_required) VALUES ('8', '8', 'columns', null, '10020848', '2018-06-04T00:00:00.000+0000', 0)  on conflict (ck_id) do update set ck_class = excluded.ck_class, ck_attr = excluded.ck_attr, cv_value = excluded.cv_value, ck_user = excluded.ck_user, ct_change = excluded.ct_change, cl_required = excluded.cl_required;
INSERT INTO s_mt.t_class_attr(ck_id, ck_class, ck_attr, cv_value, ck_user, ct_change, cl_required) VALUES ('974', '8', 'contextmenus', null, '10020785', '2018-07-09T00:00:00.000+0000', 0)  on conflict (ck_id) do update set ck_class = excluded.ck_class, ck_attr = excluded.ck_attr, cv_value = excluded.cv_value, ck_user = excluded.ck_user, ct_change = excluded.ct_change, cl_required = excluded.cl_required;
INSERT INTO s_mt.t_class_attr(ck_id, ck_class, ck_attr, cv_value, ck_user, ct_change, cl_required) VALUES ('37169', '8', 'defaultvalue', null, '20785', '2018-12-18T00:00:00.000+0000', 0)  on conflict (ck_id) do update set ck_class = excluded.ck_class, ck_attr = excluded.ck_attr, cv_value = excluded.cv_value, ck_user = excluded.ck_user, ct_change = excluded.ct_change, cl_required = excluded.cl_required;
INSERT INTO s_mt.t_class_attr(ck_id, ck_class, ck_attr, cv_value, ck_user, ct_change, cl_required) VALUES ('36174', '8', 'detail', null, '20785', '2018-12-11T00:00:00.000+0000', 0)  on conflict (ck_id) do update set ck_class = excluded.ck_class, ck_attr = excluded.ck_attr, cv_value = excluded.cv_value, ck_user = excluded.ck_user, ct_change = excluded.ct_change, cl_required = excluded.cl_required;
INSERT INTO s_mt.t_class_attr(ck_id, ck_class, ck_attr, cv_value, ck_user, ct_change, cl_required) VALUES ('1236', '8', 'disabledrules', null, '10020848', '2018-09-09T00:00:00.000+0000', 0)  on conflict (ck_id) do update set ck_class = excluded.ck_class, ck_attr = excluded.ck_attr, cv_value = excluded.cv_value, ck_user = excluded.ck_user, ct_change = excluded.ct_change, cl_required = excluded.cl_required;
INSERT INTO s_mt.t_class_attr(ck_id, ck_class, ck_attr, cv_value, ck_user, ct_change, cl_required) VALUES ('407', '8', 'edittype', 'inline', '10020848', '2018-09-09T00:00:00.000+0000', 0)  on conflict (ck_id) do update set ck_class = excluded.ck_class, ck_attr = excluded.ck_attr, cv_value = excluded.cv_value, ck_user = excluded.ck_user, ct_change = excluded.ct_change, cl_required = excluded.cl_required;
INSERT INTO s_mt.t_class_attr(ck_id, ck_class, ck_attr, cv_value, ck_user, ct_change, cl_required) VALUES ('1915', '8', 'extraplugingate', null, '10020848', '2018-09-09T00:00:00.000+0000', 0)  on conflict (ck_id) do update set ck_class = excluded.ck_class, ck_attr = excluded.ck_attr, cv_value = excluded.cv_value, ck_user = excluded.ck_user, ct_change = excluded.ct_change, cl_required = excluded.cl_required;
INSERT INTO s_mt.t_class_attr(ck_id, ck_class, ck_attr, cv_value, ck_user, ct_change, cl_required) VALUES ('391', '8', 'filters', null, '10020785', '2018-07-09T00:00:00.000+0000', 1)  on conflict (ck_id) do update set ck_class = excluded.ck_class, ck_attr = excluded.ck_attr, cv_value = excluded.cv_value, ck_user = excluded.ck_user, ct_change = excluded.ct_change, cl_required = excluded.cl_required;
INSERT INTO s_mt.t_class_attr(ck_id, ck_class, ck_attr, cv_value, ck_user, ct_change, cl_required) VALUES ('1174', '8', 'getglobal', null, '10020848', '2018-09-09T00:00:00.000+0000', 0)  on conflict (ck_id) do update set ck_class = excluded.ck_class, ck_attr = excluded.ck_attr, cv_value = excluded.cv_value, ck_user = excluded.ck_user, ct_change = excluded.ct_change, cl_required = excluded.cl_required;
INSERT INTO s_mt.t_class_attr(ck_id, ck_class, ck_attr, cv_value, ck_user, ct_change, cl_required) VALUES ('1223', '8', 'getglobaltostore', null, '10020848', '2018-09-09T00:00:00.000+0000', 0)  on conflict (ck_id) do update set ck_class = excluded.ck_class, ck_attr = excluded.ck_attr, cv_value = excluded.cv_value, ck_user = excluded.ck_user, ct_change = excluded.ct_change, cl_required = excluded.cl_required;
INSERT INTO s_mt.t_class_attr(ck_id, ck_class, ck_attr, cv_value, ck_user, ct_change, cl_required) VALUES ('1600', '8', 'height', null, '10020848', '2018-06-04T00:00:00.000+0000', 0)  on conflict (ck_id) do update set ck_class = excluded.ck_class, ck_attr = excluded.ck_attr, cv_value = excluded.cv_value, ck_user = excluded.ck_user, ct_change = excluded.ct_change, cl_required = excluded.cl_required;
INSERT INTO s_mt.t_class_attr(ck_id, ck_class, ck_attr, cv_value, ck_user, ct_change, cl_required) VALUES ('1280', '8', 'hiddenrules', null, '10020848', '2018-09-09T00:00:00.000+0000', 0)  on conflict (ck_id) do update set ck_class = excluded.ck_class, ck_attr = excluded.ck_attr, cv_value = excluded.cv_value, ck_user = excluded.ck_user, ct_change = excluded.ct_change, cl_required = excluded.cl_required;
INSERT INTO s_mt.t_class_attr(ck_id, ck_class, ck_attr, cv_value, ck_user, ct_change, cl_required) VALUES ('2169', '8', 'hideactions', 'false', '10020848', '2018-09-09T00:00:00.000+0000', 0)  on conflict (ck_id) do update set ck_class = excluded.ck_class, ck_attr = excluded.ck_attr, cv_value = excluded.cv_value, ck_user = excluded.ck_user, ct_change = excluded.ct_change, cl_required = excluded.cl_required;
INSERT INTO s_mt.t_class_attr(ck_id, ck_class, ck_attr, cv_value, ck_user, ct_change, cl_required) VALUES ('823', '8', 'noglobalmask', null, '10020848', '2018-09-09T00:00:00.000+0000', 0)  on conflict (ck_id) do update set ck_class = excluded.ck_class, ck_attr = excluded.ck_attr, cv_value = excluded.cv_value, ck_user = excluded.ck_user, ct_change = excluded.ct_change, cl_required = excluded.cl_required;
INSERT INTO s_mt.t_class_attr(ck_id, ck_class, ck_attr, cv_value, ck_user, ct_change, cl_required) VALUES ('853', '8', 'orderdirection', null, '10020848', '2018-06-04T00:00:00.000+0000', 0)  on conflict (ck_id) do update set ck_class = excluded.ck_class, ck_attr = excluded.ck_attr, cv_value = excluded.cv_value, ck_user = excluded.ck_user, ct_change = excluded.ct_change, cl_required = excluded.cl_required;
INSERT INTO s_mt.t_class_attr(ck_id, ck_class, ck_attr, cv_value, ck_user, ct_change, cl_required) VALUES ('852', '8', 'orderproperty', null, '10020848', '2018-06-04T00:00:00.000+0000', 0)  on conflict (ck_id) do update set ck_class = excluded.ck_class, ck_attr = excluded.ck_attr, cv_value = excluded.cv_value, ck_user = excluded.ck_user, ct_change = excluded.ct_change, cl_required = excluded.cl_required;
INSERT INTO s_mt.t_class_attr(ck_id, ck_class, ck_attr, cv_value, ck_user, ct_change, cl_required) VALUES ('401', '8', 'pagesize', null, '10020848', '2018-06-04T00:00:00.000+0000', 0)  on conflict (ck_id) do update set ck_class = excluded.ck_class, ck_attr = excluded.ck_attr, cv_value = excluded.cv_value, ck_user = excluded.ck_user, ct_change = excluded.ct_change, cl_required = excluded.cl_required;
INSERT INTO s_mt.t_class_attr(ck_id, ck_class, ck_attr, cv_value, ck_user, ct_change, cl_required) VALUES ('10178', '8', 'readonlyrules', null, '10020848', '2018-09-09T00:00:00.000+0000', 0)  on conflict (ck_id) do update set ck_class = excluded.ck_class, ck_attr = excluded.ck_attr, cv_value = excluded.cv_value, ck_user = excluded.ck_user, ct_change = excluded.ct_change, cl_required = excluded.cl_required;
INSERT INTO s_mt.t_class_attr(ck_id, ck_class, ck_attr, cv_value, ck_user, ct_change, cl_required) VALUES ('28169', '8', 'refreshallrecords', 'false', '10020785', '2018-10-16T00:00:00.000+0000', 0)  on conflict (ck_id) do update set ck_class = excluded.ck_class, ck_attr = excluded.ck_attr, cv_value = excluded.cv_value, ck_user = excluded.ck_user, ct_change = excluded.ct_change, cl_required = excluded.cl_required;
INSERT INTO s_mt.t_class_attr(ck_id, ck_class, ck_attr, cv_value, ck_user, ct_change, cl_required) VALUES ('12169', '8', 'reloadmaster', null, '10020848', '2018-09-09T00:00:00.000+0000', 0)  on conflict (ck_id) do update set ck_class = excluded.ck_class, ck_attr = excluded.ck_attr, cv_value = excluded.cv_value, ck_user = excluded.ck_user, ct_change = excluded.ct_change, cl_required = excluded.cl_required;
INSERT INTO s_mt.t_class_attr(ck_id, ck_class, ck_attr, cv_value, ck_user, ct_change, cl_required) VALUES ('1326', '8', 'reqsel', 'true', '10020848', '2018-06-04T00:00:00.000+0000', 0)  on conflict (ck_id) do update set ck_class = excluded.ck_class, ck_attr = excluded.ck_attr, cv_value = excluded.cv_value, ck_user = excluded.ck_user, ct_change = excluded.ct_change, cl_required = excluded.cl_required;
INSERT INTO s_mt.t_class_attr(ck_id, ck_class, ck_attr, cv_value, ck_user, ct_change, cl_required) VALUES ('1233', '8', 'selmode', 'SINGLE', '10020785', '2018-09-12T00:00:00.000+0000', 0)  on conflict (ck_id) do update set ck_class = excluded.ck_class, ck_attr = excluded.ck_attr, cv_value = excluded.cv_value, ck_user = excluded.ck_user, ct_change = excluded.ct_change, cl_required = excluded.cl_required;
INSERT INTO s_mt.t_class_attr(ck_id, ck_class, ck_attr, cv_value, ck_user, ct_change, cl_required) VALUES ('1204', '8', 'setglobal', null, '10020848', '2018-09-09T00:00:00.000+0000', 0)  on conflict (ck_id) do update set ck_class = excluded.ck_class, ck_attr = excluded.ck_attr, cv_value = excluded.cv_value, ck_user = excluded.ck_user, ct_change = excluded.ct_change, cl_required = excluded.cl_required;
INSERT INTO s_mt.t_class_attr(ck_id, ck_class, ck_attr, cv_value, ck_user, ct_change, cl_required) VALUES ('44173', '8', 'spliter', 'true', '10028610', '2019-02-12T00:00:00.000+0000', 0)  on conflict (ck_id) do update set ck_class = excluded.ck_class, ck_attr = excluded.ck_attr, cv_value = excluded.cv_value, ck_user = excluded.ck_user, ct_change = excluded.ct_change, cl_required = excluded.cl_required;
INSERT INTO s_mt.t_class_attr(ck_id, ck_class, ck_attr, cv_value, ck_user, ct_change, cl_required) VALUES ('1680', '8', 'stepname', null, '10020848', '2018-09-09T00:00:00.000+0000', 0)  on conflict (ck_id) do update set ck_class = excluded.ck_class, ck_attr = excluded.ck_attr, cv_value = excluded.cv_value, ck_user = excluded.ck_user, ct_change = excluded.ct_change, cl_required = excluded.cl_required;
INSERT INTO s_mt.t_class_attr(ck_id, ck_class, ck_attr, cv_value, ck_user, ct_change, cl_required) VALUES ('1681', '8', 'stepnamenext', null, '10020848', '2018-09-09T00:00:00.000+0000', 0)  on conflict (ck_id) do update set ck_class = excluded.ck_class, ck_attr = excluded.ck_attr, cv_value = excluded.cv_value, ck_user = excluded.ck_user, ct_change = excluded.ct_change, cl_required = excluded.cl_required;
INSERT INTO s_mt.t_class_attr(ck_id, ck_class, ck_attr, cv_value, ck_user, ct_change, cl_required) VALUES ('17180', '8', 'timeout', null, '10020848', '2018-09-09T00:00:00.000+0000', 0)  on conflict (ck_id) do update set ck_class = excluded.ck_class, ck_attr = excluded.ck_attr, cv_value = excluded.cv_value, ck_user = excluded.ck_user, ct_change = excluded.ct_change, cl_required = excluded.cl_required;
INSERT INTO s_mt.t_class_attr(ck_id, ck_class, ck_attr, cv_value, ck_user, ct_change, cl_required) VALUES ('9', '8', 'title', null, '10020848', '2018-09-09T00:00:00.000+0000', 0)  on conflict (ck_id) do update set ck_class = excluded.ck_class, ck_attr = excluded.ck_attr, cv_value = excluded.cv_value, ck_user = excluded.ck_user, ct_change = excluded.ct_change, cl_required = excluded.cl_required;
INSERT INTO s_mt.t_class_attr(ck_id, ck_class, ck_attr, cv_value, ck_user, ct_change, cl_required) VALUES ('30', '8', 'topbtn', null, '10020848', '2018-06-04T00:00:00.000+0000', 0)  on conflict (ck_id) do update set ck_class = excluded.ck_class, ck_attr = excluded.ck_attr, cv_value = excluded.cv_value, ck_user = excluded.ck_user, ct_change = excluded.ct_change, cl_required = excluded.cl_required;
INSERT INTO s_mt.t_class_attr(ck_id, ck_class, ck_attr, cv_value, ck_user, ct_change, cl_required) VALUES ('11', '8', 'type', 'GRID', '10020848', '2018-09-09T00:00:00.000+0000', 1)  on conflict (ck_id) do update set ck_class = excluded.ck_class, ck_attr = excluded.ck_attr, cv_value = excluded.cv_value, ck_user = excluded.ck_user, ct_change = excluded.ct_change, cl_required = excluded.cl_required;
INSERT INTO s_mt.t_class_attr(ck_id, ck_class, ck_attr, cv_value, ck_user, ct_change, cl_required) VALUES ('1971', '8', 'valuefield', 'ck_id', '10020848', '2018-09-09T00:00:00.000+0000', 0)  on conflict (ck_id) do update set ck_class = excluded.ck_class, ck_attr = excluded.ck_attr, cv_value = excluded.cv_value, ck_user = excluded.ck_user, ct_change = excluded.ct_change, cl_required = excluded.cl_required;
INSERT INTO s_mt.t_class_attr(ck_id, ck_class, ck_attr, cv_value, ck_user, ct_change, cl_required) VALUES ('1491', '8', 'winreloadstores', 'false', '10020848', '2018-09-09T00:00:00.000+0000', 0)  on conflict (ck_id) do update set ck_class = excluded.ck_class, ck_attr = excluded.ck_attr, cv_value = excluded.cv_value, ck_user = excluded.ck_user, ct_change = excluded.ct_change, cl_required = excluded.cl_required;
INSERT INTO s_mt.t_class_attr(ck_id, ck_class, ck_attr, cv_value, ck_user, ct_change, cl_required) VALUES ('1809', '8', 'wintype', 'default', '10020848', '2018-09-09T00:00:00.000+0000', 0)  on conflict (ck_id) do update set ck_class = excluded.ck_class, ck_attr = excluded.ck_attr, cv_value = excluded.cv_value, ck_user = excluded.ck_user, ct_change = excluded.ct_change, cl_required = excluded.cl_required;
select pkg_patcher.p_clear_attr('8'::varchar, '["autoload","autoselectidentity","btnaudit","btndelete","btnexcel","btnrefresh","btnsettings","checkaddmore","childwindow","collectionvalues","columns","contextmenus","defaultvalue","detail","disabledrules","edittype","extraplugingate","filters","getglobal","getglobaltostore","height","hiddenrules","hideactions","noglobalmask","orderdirection","orderproperty","pagesize","readonlyrules","refreshallrecords","reloadmaster","reqsel","selmode","setglobal","spliter","stepname","stepnamenext","timeout","title","topbtn","type","valuefield","winreloadstores","wintype"]'::jsonb);
INSERT INTO s_mt.t_class(ck_id, cv_name, cv_description, cl_final, cl_dataset, ck_user, ct_change) VALUES ('18', 'Grid Tree', 'Грид-дерево для отображения данных', 1, 1, '-11', '2018-02-22T00:00:00.000+0000')  on conflict (ck_id) do update set cv_name = excluded.cv_name, cv_description = excluded.cv_description, cl_final = excluded.cl_final, cl_dataset = excluded.cl_dataset, ck_user = excluded.ck_user, ct_change = excluded.ct_change;
INSERT INTO s_mt.t_class_attr(ck_id, ck_class, ck_attr, cv_value, ck_user, ct_change, cl_required) VALUES ('573', '18', 'autoload', 'true', '10020785', '2018-07-09T00:00:00.000+0000', 0)  on conflict (ck_id) do update set ck_class = excluded.ck_class, ck_attr = excluded.ck_attr, cv_value = excluded.cv_value, ck_user = excluded.ck_user, ct_change = excluded.ct_change, cl_required = excluded.cl_required;
INSERT INTO s_mt.t_class_attr(ck_id, ck_class, ck_attr, cv_value, ck_user, ct_change, cl_required) VALUES ('1933', '18', 'autoselectidentity', 'ck_id', '10020848', '2018-09-09T00:00:00.000+0000', 0)  on conflict (ck_id) do update set ck_class = excluded.ck_class, ck_attr = excluded.ck_attr, cv_value = excluded.cv_value, ck_user = excluded.ck_user, ct_change = excluded.ct_change, cl_required = excluded.cl_required;
INSERT INTO s_mt.t_class_attr(ck_id, ck_class, ck_attr, cv_value, ck_user, ct_change, cl_required) VALUES ('1441', '18', 'btnaudit', 'true', '10020785', '2018-07-09T00:00:00.000+0000', 0)  on conflict (ck_id) do update set ck_class = excluded.ck_class, ck_attr = excluded.ck_attr, cv_value = excluded.cv_value, ck_user = excluded.ck_user, ct_change = excluded.ct_change, cl_required = excluded.cl_required;
INSERT INTO s_mt.t_class_attr(ck_id, ck_class, ck_attr, cv_value, ck_user, ct_change, cl_required) VALUES ('1644', '18', 'btndelete', 'true', '10020785', '2018-07-09T00:00:00.000+0000', 0)  on conflict (ck_id) do update set ck_class = excluded.ck_class, ck_attr = excluded.ck_attr, cv_value = excluded.cv_value, ck_user = excluded.ck_user, ct_change = excluded.ct_change, cl_required = excluded.cl_required;
INSERT INTO s_mt.t_class_attr(ck_id, ck_class, ck_attr, cv_value, ck_user, ct_change, cl_required) VALUES ('1451', '18', 'btnexcel', 'false', '10020785', '2018-09-02T00:00:00.000+0000', 0)  on conflict (ck_id) do update set ck_class = excluded.ck_class, ck_attr = excluded.ck_attr, cv_value = excluded.cv_value, ck_user = excluded.ck_user, ct_change = excluded.ct_change, cl_required = excluded.cl_required;
INSERT INTO s_mt.t_class_attr(ck_id, ck_class, ck_attr, cv_value, ck_user, ct_change, cl_required) VALUES ('1452', '18', 'btnrefresh', 'true', '10020785', '2018-07-09T00:00:00.000+0000', 0)  on conflict (ck_id) do update set ck_class = excluded.ck_class, ck_attr = excluded.ck_attr, cv_value = excluded.cv_value, ck_user = excluded.ck_user, ct_change = excluded.ct_change, cl_required = excluded.cl_required;
INSERT INTO s_mt.t_class_attr(ck_id, ck_class, ck_attr, cv_value, ck_user, ct_change, cl_required) VALUES ('8D55C5D933216250E053809BA8C0AD33', '18', 'btnsettings', 'true', '20785', '2019-07-16T00:00:00.000+0000', 0)  on conflict (ck_id) do update set ck_class = excluded.ck_class, ck_attr = excluded.ck_attr, cv_value = excluded.cv_value, ck_user = excluded.ck_user, ct_change = excluded.ct_change, cl_required = excluded.cl_required;
INSERT INTO s_mt.t_class_attr(ck_id, ck_class, ck_attr, cv_value, ck_user, ct_change, cl_required) VALUES ('1660', '18', 'checkaddmore', 'true', '10020785', '2018-07-09T00:00:00.000+0000', 0)  on conflict (ck_id) do update set ck_class = excluded.ck_class, ck_attr = excluded.ck_attr, cv_value = excluded.cv_value, ck_user = excluded.ck_user, ct_change = excluded.ct_change, cl_required = excluded.cl_required;
INSERT INTO s_mt.t_class_attr(ck_id, ck_class, ck_attr, cv_value, ck_user, ct_change, cl_required) VALUES ('55', '18', 'childwindow', null, '10020785', '2018-07-09T00:00:00.000+0000', 0)  on conflict (ck_id) do update set ck_class = excluded.ck_class, ck_attr = excluded.ck_attr, cv_value = excluded.cv_value, ck_user = excluded.ck_user, ct_change = excluded.ct_change, cl_required = excluded.cl_required;
INSERT INTO s_mt.t_class_attr(ck_id, ck_class, ck_attr, cv_value, ck_user, ct_change, cl_required) VALUES ('16169', '18', 'collectionvalues', null, '10020785', '2018-09-02T00:00:00.000+0000', 0)  on conflict (ck_id) do update set ck_class = excluded.ck_class, ck_attr = excluded.ck_attr, cv_value = excluded.cv_value, ck_user = excluded.ck_user, ct_change = excluded.ct_change, cl_required = excluded.cl_required;
INSERT INTO s_mt.t_class_attr(ck_id, ck_class, ck_attr, cv_value, ck_user, ct_change, cl_required) VALUES ('1972', '18', 'column', null, '10020785', '2018-07-09T00:00:00.000+0000', 0)  on conflict (ck_id) do update set ck_class = excluded.ck_class, ck_attr = excluded.ck_attr, cv_value = excluded.cv_value, ck_user = excluded.ck_user, ct_change = excluded.ct_change, cl_required = excluded.cl_required;
INSERT INTO s_mt.t_class_attr(ck_id, ck_class, ck_attr, cv_value, ck_user, ct_change, cl_required) VALUES ('27', '18', 'columns', null, '10020785', '2018-07-09T00:00:00.000+0000', 1)  on conflict (ck_id) do update set ck_class = excluded.ck_class, ck_attr = excluded.ck_attr, cv_value = excluded.cv_value, ck_user = excluded.ck_user, ct_change = excluded.ct_change, cl_required = excluded.cl_required;
INSERT INTO s_mt.t_class_attr(ck_id, ck_class, ck_attr, cv_value, ck_user, ct_change, cl_required) VALUES ('977', '18', 'contextmenus', null, '10020785', '2018-07-09T00:00:00.000+0000', 0)  on conflict (ck_id) do update set ck_class = excluded.ck_class, ck_attr = excluded.ck_attr, cv_value = excluded.cv_value, ck_user = excluded.ck_user, ct_change = excluded.ct_change, cl_required = excluded.cl_required;
INSERT INTO s_mt.t_class_attr(ck_id, ck_class, ck_attr, cv_value, ck_user, ct_change, cl_required) VALUES ('1243', '18', 'disabledrules', null, '10020785', '2018-07-09T00:00:00.000+0000', 0)  on conflict (ck_id) do update set ck_class = excluded.ck_class, ck_attr = excluded.ck_attr, cv_value = excluded.cv_value, ck_user = excluded.ck_user, ct_change = excluded.ct_change, cl_required = excluded.cl_required;
INSERT INTO s_mt.t_class_attr(ck_id, ck_class, ck_attr, cv_value, ck_user, ct_change, cl_required) VALUES ('1916', '18', 'extraplugingate', null, '10020785', '2018-09-02T00:00:00.000+0000', 0)  on conflict (ck_id) do update set ck_class = excluded.ck_class, ck_attr = excluded.ck_attr, cv_value = excluded.cv_value, ck_user = excluded.ck_user, ct_change = excluded.ct_change, cl_required = excluded.cl_required;
INSERT INTO s_mt.t_class_attr(ck_id, ck_class, ck_attr, cv_value, ck_user, ct_change, cl_required) VALUES ('392', '18', 'filters', null, '10020785', '2018-07-09T00:00:00.000+0000', 0)  on conflict (ck_id) do update set ck_class = excluded.ck_class, ck_attr = excluded.ck_attr, cv_value = excluded.cv_value, ck_user = excluded.ck_user, ct_change = excluded.ct_change, cl_required = excluded.cl_required;
INSERT INTO s_mt.t_class_attr(ck_id, ck_class, ck_attr, cv_value, ck_user, ct_change, cl_required) VALUES ('1181', '18', 'getglobal', null, '10020785', '2018-07-09T00:00:00.000+0000', 0)  on conflict (ck_id) do update set ck_class = excluded.ck_class, ck_attr = excluded.ck_attr, cv_value = excluded.cv_value, ck_user = excluded.ck_user, ct_change = excluded.ct_change, cl_required = excluded.cl_required;
INSERT INTO s_mt.t_class_attr(ck_id, ck_class, ck_attr, cv_value, ck_user, ct_change, cl_required) VALUES ('1224', '18', 'getglobaltostore', null, '10020785', '2018-07-09T00:00:00.000+0000', 0)  on conflict (ck_id) do update set ck_class = excluded.ck_class, ck_attr = excluded.ck_attr, cv_value = excluded.cv_value, ck_user = excluded.ck_user, ct_change = excluded.ct_change, cl_required = excluded.cl_required;
INSERT INTO s_mt.t_class_attr(ck_id, ck_class, ck_attr, cv_value, ck_user, ct_change, cl_required) VALUES ('1607', '18', 'height', null, '10020785', '2018-09-02T00:00:00.000+0000', 0)  on conflict (ck_id) do update set ck_class = excluded.ck_class, ck_attr = excluded.ck_attr, cv_value = excluded.cv_value, ck_user = excluded.ck_user, ct_change = excluded.ct_change, cl_required = excluded.cl_required;
INSERT INTO s_mt.t_class_attr(ck_id, ck_class, ck_attr, cv_value, ck_user, ct_change, cl_required) VALUES ('1287', '18', 'hiddenrules', null, '10020785', '2018-07-09T00:00:00.000+0000', 0)  on conflict (ck_id) do update set ck_class = excluded.ck_class, ck_attr = excluded.ck_attr, cv_value = excluded.cv_value, ck_user = excluded.ck_user, ct_change = excluded.ct_change, cl_required = excluded.cl_required;
INSERT INTO s_mt.t_class_attr(ck_id, ck_class, ck_attr, cv_value, ck_user, ct_change, cl_required) VALUES ('2170', '18', 'hideactions', 'false', '10020785', '2018-07-09T00:00:00.000+0000', 0)  on conflict (ck_id) do update set ck_class = excluded.ck_class, ck_attr = excluded.ck_attr, cv_value = excluded.cv_value, ck_user = excluded.ck_user, ct_change = excluded.ct_change, cl_required = excluded.cl_required;
INSERT INTO s_mt.t_class_attr(ck_id, ck_class, ck_attr, cv_value, ck_user, ct_change, cl_required) VALUES ('824', '18', 'noglobalmask', null, '10020785', '2018-07-09T00:00:00.000+0000', 0)  on conflict (ck_id) do update set ck_class = excluded.ck_class, ck_attr = excluded.ck_attr, cv_value = excluded.cv_value, ck_user = excluded.ck_user, ct_change = excluded.ct_change, cl_required = excluded.cl_required;
INSERT INTO s_mt.t_class_attr(ck_id, ck_class, ck_attr, cv_value, ck_user, ct_change, cl_required) VALUES ('855', '18', 'orderdirection', null, '10020785', '2018-07-09T00:00:00.000+0000', 1)  on conflict (ck_id) do update set ck_class = excluded.ck_class, ck_attr = excluded.ck_attr, cv_value = excluded.cv_value, ck_user = excluded.ck_user, ct_change = excluded.ct_change, cl_required = excluded.cl_required;
INSERT INTO s_mt.t_class_attr(ck_id, ck_class, ck_attr, cv_value, ck_user, ct_change, cl_required) VALUES ('854', '18', 'orderproperty', null, '10020785', '2018-07-09T00:00:00.000+0000', 1)  on conflict (ck_id) do update set ck_class = excluded.ck_class, ck_attr = excluded.ck_attr, cv_value = excluded.cv_value, ck_user = excluded.ck_user, ct_change = excluded.ct_change, cl_required = excluded.cl_required;
INSERT INTO s_mt.t_class_attr(ck_id, ck_class, ck_attr, cv_value, ck_user, ct_change, cl_required) VALUES ('10177', '18', 'readonlyrules', null, '10020785', '2018-09-02T00:00:00.000+0000', 0)  on conflict (ck_id) do update set ck_class = excluded.ck_class, ck_attr = excluded.ck_attr, cv_value = excluded.cv_value, ck_user = excluded.ck_user, ct_change = excluded.ct_change, cl_required = excluded.cl_required;
INSERT INTO s_mt.t_class_attr(ck_id, ck_class, ck_attr, cv_value, ck_user, ct_change, cl_required) VALUES ('28170', '18', 'refreshallrecords', 'true', '10020785', '2018-10-16T00:00:00.000+0000', 0)  on conflict (ck_id) do update set ck_class = excluded.ck_class, ck_attr = excluded.ck_attr, cv_value = excluded.cv_value, ck_user = excluded.ck_user, ct_change = excluded.ct_change, cl_required = excluded.cl_required;
INSERT INTO s_mt.t_class_attr(ck_id, ck_class, ck_attr, cv_value, ck_user, ct_change, cl_required) VALUES ('1327', '18', 'reqsel', 'true', '10020785', '2018-07-09T00:00:00.000+0000', 0)  on conflict (ck_id) do update set ck_class = excluded.ck_class, ck_attr = excluded.ck_attr, cv_value = excluded.cv_value, ck_user = excluded.ck_user, ct_change = excluded.ct_change, cl_required = excluded.cl_required;
INSERT INTO s_mt.t_class_attr(ck_id, ck_class, ck_attr, cv_value, ck_user, ct_change, cl_required) VALUES ('167', '18', 'rootvisible', 'false', '10020785', '2018-07-09T00:00:00.000+0000', 0)  on conflict (ck_id) do update set ck_class = excluded.ck_class, ck_attr = excluded.ck_attr, cv_value = excluded.cv_value, ck_user = excluded.ck_user, ct_change = excluded.ct_change, cl_required = excluded.cl_required;
INSERT INTO s_mt.t_class_attr(ck_id, ck_class, ck_attr, cv_value, ck_user, ct_change, cl_required) VALUES ('1234', '18', 'selmode', 'SINGLE', '10020785', '2018-09-02T00:00:00.000+0000', 0)  on conflict (ck_id) do update set ck_class = excluded.ck_class, ck_attr = excluded.ck_attr, cv_value = excluded.cv_value, ck_user = excluded.ck_user, ct_change = excluded.ct_change, cl_required = excluded.cl_required;
INSERT INTO s_mt.t_class_attr(ck_id, ck_class, ck_attr, cv_value, ck_user, ct_change, cl_required) VALUES ('1211', '18', 'setglobal', null, '10020785', '2018-07-09T00:00:00.000+0000', 0)  on conflict (ck_id) do update set ck_class = excluded.ck_class, ck_attr = excluded.ck_attr, cv_value = excluded.cv_value, ck_user = excluded.ck_user, ct_change = excluded.ct_change, cl_required = excluded.cl_required;
INSERT INTO s_mt.t_class_attr(ck_id, ck_class, ck_attr, cv_value, ck_user, ct_change, cl_required) VALUES ('44174', '18', 'spliter', 'true', '10028610', '2019-02-12T00:00:00.000+0000', 0)  on conflict (ck_id) do update set ck_class = excluded.ck_class, ck_attr = excluded.ck_attr, cv_value = excluded.cv_value, ck_user = excluded.ck_user, ct_change = excluded.ct_change, cl_required = excluded.cl_required;
INSERT INTO s_mt.t_class_attr(ck_id, ck_class, ck_attr, cv_value, ck_user, ct_change, cl_required) VALUES ('1909', '18', 'stepname', null, '10020785', '2018-07-09T00:00:00.000+0000', 0)  on conflict (ck_id) do update set ck_class = excluded.ck_class, ck_attr = excluded.ck_attr, cv_value = excluded.cv_value, ck_user = excluded.ck_user, ct_change = excluded.ct_change, cl_required = excluded.cl_required;
INSERT INTO s_mt.t_class_attr(ck_id, ck_class, ck_attr, cv_value, ck_user, ct_change, cl_required) VALUES ('1910', '18', 'stepnamenext', null, '20848', '2018-10-16T00:00:00.000+0000', 0)  on conflict (ck_id) do update set ck_class = excluded.ck_class, ck_attr = excluded.ck_attr, cv_value = excluded.cv_value, ck_user = excluded.ck_user, ct_change = excluded.ct_change, cl_required = excluded.cl_required;
INSERT INTO s_mt.t_class_attr(ck_id, ck_class, ck_attr, cv_value, ck_user, ct_change, cl_required) VALUES ('17179', '18', 'timeout', null, '10020785', '2018-09-02T00:00:00.000+0000', 0)  on conflict (ck_id) do update set ck_class = excluded.ck_class, ck_attr = excluded.ck_attr, cv_value = excluded.cv_value, ck_user = excluded.ck_user, ct_change = excluded.ct_change, cl_required = excluded.cl_required;
INSERT INTO s_mt.t_class_attr(ck_id, ck_class, ck_attr, cv_value, ck_user, ct_change, cl_required) VALUES ('31', '18', 'topbtn', null, '10020785', '2018-07-09T00:00:00.000+0000', 0)  on conflict (ck_id) do update set ck_class = excluded.ck_class, ck_attr = excluded.ck_attr, cv_value = excluded.cv_value, ck_user = excluded.ck_user, ct_change = excluded.ct_change, cl_required = excluded.cl_required;
INSERT INTO s_mt.t_class_attr(ck_id, ck_class, ck_attr, cv_value, ck_user, ct_change, cl_required) VALUES ('16', '18', 'type', 'TREEGRID', '10020785', '2018-07-09T00:00:00.000+0000', 1)  on conflict (ck_id) do update set ck_class = excluded.ck_class, ck_attr = excluded.ck_attr, cv_value = excluded.cv_value, ck_user = excluded.ck_user, ct_change = excluded.ct_change, cl_required = excluded.cl_required;
INSERT INTO s_mt.t_class_attr(ck_id, ck_class, ck_attr, cv_value, ck_user, ct_change, cl_required) VALUES ('1973', '18', 'valuefield', 'ck_id', '10020785', '2018-07-09T00:00:00.000+0000', 0)  on conflict (ck_id) do update set ck_class = excluded.ck_class, ck_attr = excluded.ck_attr, cv_value = excluded.cv_value, ck_user = excluded.ck_user, ct_change = excluded.ct_change, cl_required = excluded.cl_required;
INSERT INTO s_mt.t_class_attr(ck_id, ck_class, ck_attr, cv_value, ck_user, ct_change, cl_required) VALUES ('1492', '18', 'winreloadstores', 'false', '10020785', '2018-09-02T00:00:00.000+0000', 0)  on conflict (ck_id) do update set ck_class = excluded.ck_class, ck_attr = excluded.ck_attr, cv_value = excluded.cv_value, ck_user = excluded.ck_user, ct_change = excluded.ct_change, cl_required = excluded.cl_required;
select pkg_patcher.p_clear_attr('18'::varchar, '["autoload","autoselectidentity","btnaudit","btndelete","btnexcel","btnrefresh","btnsettings","checkaddmore","childwindow","collectionvalues","column","columns","contextmenus","disabledrules","extraplugingate","filters","getglobal","getglobaltostore","height","hiddenrules","hideactions","noglobalmask","orderdirection","orderproperty","readonlyrules","refreshallrecords","reqsel","rootvisible","selmode","setglobal","spliter","stepname","stepnamenext","timeout","topbtn","type","valuefield","winreloadstores"]'::jsonb);
INSERT INTO s_mt.t_class(ck_id, cv_name, cv_description, cl_final, cl_dataset, ck_user, ct_change) VALUES ('8FFC6C4564B84157E053809BA8C00266', 'IFrame', 'Элемент для отображения внешнего сайта по ссылке', 1, 1, '20785', '2019-08-21T00:00:00.000+0000')  on conflict (ck_id) do update set cv_name = excluded.cv_name, cv_description = excluded.cv_description, cl_final = excluded.cl_final, cl_dataset = excluded.cl_dataset, ck_user = excluded.ck_user, ct_change = excluded.ct_change;
INSERT INTO s_mt.t_class_attr(ck_id, ck_class, ck_attr, cv_value, ck_user, ct_change, cl_required) VALUES ('8FED45342C2D41A1E053809BA8C04341', '8FFC6C4564B84157E053809BA8C00266', 'autoload', 'true', '20785', '2019-08-13T00:00:00.000+0000', 0)  on conflict (ck_id) do update set ck_class = excluded.ck_class, ck_attr = excluded.ck_attr, cv_value = excluded.cv_value, ck_user = excluded.ck_user, ct_change = excluded.ct_change, cl_required = excluded.cl_required;
INSERT INTO s_mt.t_class_attr(ck_id, ck_class, ck_attr, cv_value, ck_user, ct_change, cl_required) VALUES ('8FFF734D4DBA414BE053809BA8C08F58', '8FFC6C4564B84157E053809BA8C00266', 'column', null, '20785', '2019-08-13T00:00:00.000+0000', 1)  on conflict (ck_id) do update set ck_class = excluded.ck_class, ck_attr = excluded.ck_attr, cv_value = excluded.cv_value, ck_user = excluded.ck_user, ct_change = excluded.ct_change, cl_required = excluded.cl_required;
INSERT INTO s_mt.t_class_attr(ck_id, ck_class, ck_attr, cv_value, ck_user, ct_change, cl_required) VALUES ('11DE7C7D0AF54B3A93692595D61DF7BE', '8FFC6C4564B84157E053809BA8C00266', 'disabledrules', null, '4fd05ca9-3a9e-4d66-82df-886dfa082113', '2019-09-11T00:00:00.000+0000', 0)  on conflict (ck_id) do update set ck_class = excluded.ck_class, ck_attr = excluded.ck_attr, cv_value = excluded.cv_value, ck_user = excluded.ck_user, ct_change = excluded.ct_change, cl_required = excluded.cl_required;
INSERT INTO s_mt.t_class_attr(ck_id, ck_class, ck_attr, cv_value, ck_user, ct_change, cl_required) VALUES ('8FEE27121C844165E053809BA8C091E5', '8FFC6C4564B84157E053809BA8C00266', 'getglobaltostore', null, '20785', '2019-08-13T00:00:00.000+0000', 0)  on conflict (ck_id) do update set ck_class = excluded.ck_class, ck_attr = excluded.ck_attr, cv_value = excluded.cv_value, ck_user = excluded.ck_user, ct_change = excluded.ct_change, cl_required = excluded.cl_required;
INSERT INTO s_mt.t_class_attr(ck_id, ck_class, ck_attr, cv_value, ck_user, ct_change, cl_required) VALUES ('8FFF734D4DBB414BE053809BA8C08F58', '8FFC6C4564B84157E053809BA8C00266', 'height', null, '20785', '2019-08-13T00:00:00.000+0000', 1)  on conflict (ck_id) do update set ck_class = excluded.ck_class, ck_attr = excluded.ck_attr, cv_value = excluded.cv_value, ck_user = excluded.ck_user, ct_change = excluded.ct_change, cl_required = excluded.cl_required;
INSERT INTO s_mt.t_class_attr(ck_id, ck_class, ck_attr, cv_value, ck_user, ct_change, cl_required) VALUES ('40963E17B1B240ACA3F48355270A7DB0', '8FFC6C4564B84157E053809BA8C00266', 'hiddenrules', null, '4fd05ca9-3a9e-4d66-82df-886dfa082113', '2019-09-11T00:00:00.000+0000', 0)  on conflict (ck_id) do update set ck_class = excluded.ck_class, ck_attr = excluded.ck_attr, cv_value = excluded.cv_value, ck_user = excluded.ck_user, ct_change = excluded.ct_change, cl_required = excluded.cl_required;
INSERT INTO s_mt.t_class_attr(ck_id, ck_class, ck_attr, cv_value, ck_user, ct_change, cl_required) VALUES ('F4C4919904E44AAB964BAFC3594F6B3D', '8FFC6C4564B84157E053809BA8C00266', 'noglobalmask', 'true', '4fd05ca9-3a9e-4d66-82df-886dfa082113', '2019-09-17T00:00:00.000+0000', 0)  on conflict (ck_id) do update set ck_class = excluded.ck_class, ck_attr = excluded.ck_attr, cv_value = excluded.cv_value, ck_user = excluded.ck_user, ct_change = excluded.ct_change, cl_required = excluded.cl_required;
INSERT INTO s_mt.t_class_attr(ck_id, ck_class, ck_attr, cv_value, ck_user, ct_change, cl_required) VALUES ('8FED45342C2C41A1E053809BA8C04341', '8FFC6C4564B84157E053809BA8C00266', 'type', 'IFRAME', '20785', '2019-08-13T00:00:00.000+0000', 1)  on conflict (ck_id) do update set ck_class = excluded.ck_class, ck_attr = excluded.ck_attr, cv_value = excluded.cv_value, ck_user = excluded.ck_user, ct_change = excluded.ct_change, cl_required = excluded.cl_required;
INSERT INTO s_mt.t_class_attr(ck_id, ck_class, ck_attr, cv_value, ck_user, ct_change, cl_required) VALUES ('8FFF734D4DBC414BE053809BA8C08F58', '8FFC6C4564B84157E053809BA8C00266', 'width', '100%', '20785', '2019-08-14T00:00:00.000+0000', 0)  on conflict (ck_id) do update set ck_class = excluded.ck_class, ck_attr = excluded.ck_attr, cv_value = excluded.cv_value, ck_user = excluded.ck_user, ct_change = excluded.ct_change, cl_required = excluded.cl_required;
select pkg_patcher.p_clear_attr('8FFC6C4564B84157E053809BA8C00266'::varchar, '["autoload","column","disabledrules","getglobaltostore","height","hiddenrules","noglobalmask","type","width"]'::jsonb);
INSERT INTO s_mt.t_class(ck_id, cv_name, cv_description, cl_final, cl_dataset, ck_user, ct_change) VALUES ('257', 'Menu Redirect', 'Переход на другую страницу с фильтрацией', 0, 0, '-11', '2018-02-22T00:00:00.000+0000')  on conflict (ck_id) do update set cv_name = excluded.cv_name, cv_description = excluded.cv_description, cl_final = excluded.cl_final, cl_dataset = excluded.cl_dataset, ck_user = excluded.ck_user, ct_change = excluded.ct_change;
INSERT INTO s_mt.t_class_attr(ck_id, ck_class, ck_attr, cv_value, ck_user, ct_change, cl_required) VALUES ('970', '257', 'columnsfilter', null, '10020785', '2018-07-09T00:00:00.000+0000', 0)  on conflict (ck_id) do update set ck_class = excluded.ck_class, ck_attr = excluded.ck_attr, cv_value = excluded.cv_value, ck_user = excluded.ck_user, ct_change = excluded.ct_change, cl_required = excluded.cl_required;
INSERT INTO s_mt.t_class_attr(ck_id, ck_class, ck_attr, cv_value, ck_user, ct_change, cl_required) VALUES ('1275', '257', 'disabledrules', null, '10020785', '2018-07-09T00:00:00.000+0000', 0)  on conflict (ck_id) do update set ck_class = excluded.ck_class, ck_attr = excluded.ck_attr, cv_value = excluded.cv_value, ck_user = excluded.ck_user, ct_change = excluded.ct_change, cl_required = excluded.cl_required;
INSERT INTO s_mt.t_class_attr(ck_id, ck_class, ck_attr, cv_value, ck_user, ct_change, cl_required) VALUES ('1319', '257', 'hiddenrules', null, '10020785', '2018-07-09T00:00:00.000+0000', 0)  on conflict (ck_id) do update set ck_class = excluded.ck_class, ck_attr = excluded.ck_attr, cv_value = excluded.cv_value, ck_user = excluded.ck_user, ct_change = excluded.ct_change, cl_required = excluded.cl_required;
INSERT INTO s_mt.t_class_attr(ck_id, ck_class, ck_attr, cv_value, ck_user, ct_change, cl_required) VALUES ('10174', '257', 'readonlyrules', null, '10020785', '2018-09-02T00:00:00.000+0000', 0)  on conflict (ck_id) do update set ck_class = excluded.ck_class, ck_attr = excluded.ck_attr, cv_value = excluded.cv_value, ck_user = excluded.ck_user, ct_change = excluded.ct_change, cl_required = excluded.cl_required;
INSERT INTO s_mt.t_class_attr(ck_id, ck_class, ck_attr, cv_value, ck_user, ct_change, cl_required) VALUES ('972', '257', 'redirecturl', null, '10020785', '2018-07-09T00:00:00.000+0000', 1)  on conflict (ck_id) do update set ck_class = excluded.ck_class, ck_attr = excluded.ck_attr, cv_value = excluded.cv_value, ck_user = excluded.ck_user, ct_change = excluded.ct_change, cl_required = excluded.cl_required;
select pkg_patcher.p_clear_attr('257'::varchar, '["columnsfilter","disabledrules","hiddenrules","readonlyrules","redirecturl"]'::jsonb);
INSERT INTO s_mt.t_class(ck_id, cv_name, cv_description, cl_final, cl_dataset, ck_user, ct_change) VALUES ('C12028B0A13B4AE28E63CBB90F3428E1', 'Notification Tab Panel', 'Таб панель оповещений', 0, 0, '4fd05ca9-3a9e-4d66-82df-886dfa082113', '2019-10-21T00:00:00.000+0000')  on conflict (ck_id) do update set cv_name = excluded.cv_name, cv_description = excluded.cv_description, cl_final = excluded.cl_final, cl_dataset = excluded.cl_dataset, ck_user = excluded.ck_user, ct_change = excluded.ct_change;
INSERT INTO s_mt.t_class_attr(ck_id, ck_class, ck_attr, cv_value, ck_user, ct_change, cl_required) VALUES ('5CE6E945D0164CD49959C639DED4241F', 'C12028B0A13B4AE28E63CBB90F3428E1', 'childs', null, '4fd05ca9-3a9e-4d66-82df-886dfa082113', '2019-10-21T00:00:00.000+0000', 0)  on conflict (ck_id) do update set ck_class = excluded.ck_class, ck_attr = excluded.ck_attr, cv_value = excluded.cv_value, ck_user = excluded.ck_user, ct_change = excluded.ct_change, cl_required = excluded.cl_required;
INSERT INTO s_mt.t_class_attr(ck_id, ck_class, ck_attr, cv_value, ck_user, ct_change, cl_required) VALUES ('7D1A291C0DB34FC7B4CA4AE66B8F8505', 'C12028B0A13B4AE28E63CBB90F3428E1', 'type', 'NOTIFICATION_PANEL', '4fd05ca9-3a9e-4d66-82df-886dfa082113', '2019-10-21T00:00:00.000+0000', 0)  on conflict (ck_id) do update set ck_class = excluded.ck_class, ck_attr = excluded.ck_attr, cv_value = excluded.cv_value, ck_user = excluded.ck_user, ct_change = excluded.ct_change, cl_required = excluded.cl_required;
select pkg_patcher.p_clear_attr('C12028B0A13B4AE28E63CBB90F3428E1'::varchar, '["childs","type"]'::jsonb);
INSERT INTO s_mt.t_class(ck_id, cv_name, cv_description, cl_final, cl_dataset, ck_user, ct_change) VALUES ('16CD1F9A0789445AA23AC20DA565BFCC', 'Open Page Tabs', 'Вкладки открытых страниц', 0, 0, '4fd05ca9-3a9e-4d66-82df-886dfa082113', '2019-10-02T00:00:00.000+0000')  on conflict (ck_id) do update set cv_name = excluded.cv_name, cv_description = excluded.cv_description, cl_final = excluded.cl_final, cl_dataset = excluded.cl_dataset, ck_user = excluded.ck_user, ct_change = excluded.ct_change;
INSERT INTO s_mt.t_class_attr(ck_id, ck_class, ck_attr, cv_value, ck_user, ct_change, cl_required) VALUES ('5D38230388F8457BB6DFD870C7C7E924', '16CD1F9A0789445AA23AC20DA565BFCC', 'contentview', 'hbox', '4fd05ca9-3a9e-4d66-82df-886dfa082113', '2019-10-02T00:00:00.000+0000', 1)  on conflict (ck_id) do update set ck_class = excluded.ck_class, ck_attr = excluded.ck_attr, cv_value = excluded.cv_value, ck_user = excluded.ck_user, ct_change = excluded.ct_change, cl_required = excluded.cl_required;
INSERT INTO s_mt.t_class_attr(ck_id, ck_class, ck_attr, cv_value, ck_user, ct_change, cl_required) VALUES ('93731877298F4BBF8A931752BB439B9E', '16CD1F9A0789445AA23AC20DA565BFCC', 'height', null, '4fd05ca9-3a9e-4d66-82df-886dfa082113', '2019-10-02T00:00:00.000+0000', 0)  on conflict (ck_id) do update set ck_class = excluded.ck_class, ck_attr = excluded.ck_attr, cv_value = excluded.cv_value, ck_user = excluded.ck_user, ct_change = excluded.ct_change, cl_required = excluded.cl_required;
INSERT INTO s_mt.t_class_attr(ck_id, ck_class, ck_attr, cv_value, ck_user, ct_change, cl_required) VALUES ('4864200D95D0459DBBCAD663450EF955', '16CD1F9A0789445AA23AC20DA565BFCC', 'type', 'OPEN_PAGE_TABS', '4fd05ca9-3a9e-4d66-82df-886dfa082113', '2019-10-02T00:00:00.000+0000', 1)  on conflict (ck_id) do update set ck_class = excluded.ck_class, ck_attr = excluded.ck_attr, cv_value = excluded.cv_value, ck_user = excluded.ck_user, ct_change = excluded.ct_change, cl_required = excluded.cl_required;
INSERT INTO s_mt.t_class_attr(ck_id, ck_class, ck_attr, cv_value, ck_user, ct_change, cl_required) VALUES ('2BE24312010A4711AF1DE65E17E5A3BD', '16CD1F9A0789445AA23AC20DA565BFCC', 'width', null, '4fd05ca9-3a9e-4d66-82df-886dfa082113', '2019-10-02T00:00:00.000+0000', 0)  on conflict (ck_id) do update set ck_class = excluded.ck_class, ck_attr = excluded.ck_attr, cv_value = excluded.cv_value, ck_user = excluded.ck_user, ct_change = excluded.ct_change, cl_required = excluded.cl_required;
select pkg_patcher.p_clear_attr('16CD1F9A0789445AA23AC20DA565BFCC'::varchar, '["contentview","height","type","width"]'::jsonb);
INSERT INTO s_mt.t_class(ck_id, cv_name, cv_description, cl_final, cl_dataset, ck_user, ct_change) VALUES ('858DBC49DF354ECCA2F57F36DAF4E37A', 'Pager', 'Контейнер для отображения страницы', 1, 1, '4fd05ca9-3a9e-4d66-82df-886dfa082113', '2019-10-30T00:00:00.000+0000')  on conflict (ck_id) do update set cv_name = excluded.cv_name, cv_description = excluded.cv_description, cl_final = excluded.cl_final, cl_dataset = excluded.cl_dataset, ck_user = excluded.ck_user, ct_change = excluded.ct_change;
INSERT INTO s_mt.t_class_attr(ck_id, ck_class, ck_attr, cv_value, ck_user, ct_change, cl_required) VALUES ('5D452C8FE6BA470BAE3CB39A7E037524', '858DBC49DF354ECCA2F57F36DAF4E37A', 'defaultvalue', null, '4fd05ca9-3a9e-4d66-82df-886dfa082113', '2019-10-30T00:00:00.000+0000', 0)  on conflict (ck_id) do update set ck_class = excluded.ck_class, ck_attr = excluded.ck_attr, cv_value = excluded.cv_value, ck_user = excluded.ck_user, ct_change = excluded.ct_change, cl_required = excluded.cl_required;
INSERT INTO s_mt.t_class_attr(ck_id, ck_class, ck_attr, cv_value, ck_user, ct_change, cl_required) VALUES ('31015C5D1FE142F984A09751ED148B74', '858DBC49DF354ECCA2F57F36DAF4E37A', 'type', 'PAGER', '4fd05ca9-3a9e-4d66-82df-886dfa082113', '2019-10-30T00:00:00.000+0000', 1)  on conflict (ck_id) do update set ck_class = excluded.ck_class, ck_attr = excluded.ck_attr, cv_value = excluded.cv_value, ck_user = excluded.ck_user, ct_change = excluded.ct_change, cl_required = excluded.cl_required;
select pkg_patcher.p_clear_attr('858DBC49DF354ECCA2F57F36DAF4E37A'::varchar, '["defaultvalue","type"]'::jsonb);
INSERT INTO s_mt.t_class(ck_id, cv_name, cv_description, cl_final, cl_dataset, ck_user, ct_change) VALUES ('C3F1A4DE593B40FD81079A422C16070D', 'Pages', 'Контейнер для управления страницами', 0, 0, '4fd05ca9-3a9e-4d66-82df-886dfa082113', '2019-10-14T00:00:00.000+0000')  on conflict (ck_id) do update set cv_name = excluded.cv_name, cv_description = excluded.cv_description, cl_final = excluded.cl_final, cl_dataset = excluded.cl_dataset, ck_user = excluded.ck_user, ct_change = excluded.ct_change;
INSERT INTO s_mt.t_class_attr(ck_id, ck_class, ck_attr, cv_value, ck_user, ct_change, cl_required) VALUES ('2E558B9E3B754ADE9DF7A73C0179CBDA', 'C3F1A4DE593B40FD81079A422C16070D', 'type', 'PAGES', '4fd05ca9-3a9e-4d66-82df-886dfa082113', '2019-10-14T00:00:00.000+0000', 1)  on conflict (ck_id) do update set ck_class = excluded.ck_class, ck_attr = excluded.ck_attr, cv_value = excluded.cv_value, ck_user = excluded.ck_user, ct_change = excluded.ct_change, cl_required = excluded.cl_required;
select pkg_patcher.p_clear_attr('C3F1A4DE593B40FD81079A422C16070D'::varchar, '["type"]'::jsonb);
INSERT INTO s_mt.t_class(ck_id, cv_name, cv_description, cl_final, cl_dataset, ck_user, ct_change) VALUES ('39AB8EAF9DCD456197944E6B6321989D', 'Pages Tree', 'Дерево страниц в данном приложении', 1, 0, '4fd05ca9-3a9e-4d66-82df-886dfa082113', '2019-10-23T00:00:00.000+0000')  on conflict (ck_id) do update set cv_name = excluded.cv_name, cv_description = excluded.cv_description, cl_final = excluded.cl_final, cl_dataset = excluded.cl_dataset, ck_user = excluded.ck_user, ct_change = excluded.ct_change;
INSERT INTO s_mt.t_class_attr(ck_id, ck_class, ck_attr, cv_value, ck_user, ct_change, cl_required) VALUES ('35ACEA9475E04F15AE5EAC918380B30A', '39AB8EAF9DCD456197944E6B6321989D', 'type', 'PAGES_TREE', '4fd05ca9-3a9e-4d66-82df-886dfa082113', '2019-10-23T00:00:00.000+0000', 1)  on conflict (ck_id) do update set ck_class = excluded.ck_class, ck_attr = excluded.ck_attr, cv_value = excluded.cv_value, ck_user = excluded.ck_user, ct_change = excluded.ct_change, cl_required = excluded.cl_required;
select pkg_patcher.p_clear_attr('39AB8EAF9DCD456197944E6B6321989D'::varchar, '["type"]'::jsonb);
INSERT INTO s_mt.t_class(ck_id, cv_name, cv_description, cl_final, cl_dataset, ck_user, ct_change) VALUES ('137', 'Panel', 'Контейнер для объектов', 1, 1, '-11', '2018-02-22T00:00:00.000+0000')  on conflict (ck_id) do update set cv_name = excluded.cv_name, cv_description = excluded.cv_description, cl_final = excluded.cl_final, cl_dataset = excluded.cl_dataset, ck_user = excluded.ck_user, ct_change = excluded.ct_change;
INSERT INTO s_mt.t_class_attr(ck_id, ck_class, ck_attr, cv_value, ck_user, ct_change, cl_required) VALUES ('C9A51A66B87145B8BE47767DF5039AAC', '137', 'align', null, '4fd05ca9-3a9e-4d66-82df-886dfa082113', '2019-10-28T00:00:00.000+0000', 0)  on conflict (ck_id) do update set ck_class = excluded.ck_class, ck_attr = excluded.ck_attr, cv_value = excluded.cv_value, ck_user = excluded.ck_user, ct_change = excluded.ct_change, cl_required = excluded.cl_required;
INSERT INTO s_mt.t_class_attr(ck_id, ck_class, ck_attr, cv_value, ck_user, ct_change, cl_required) VALUES ('872ED025FFB6245FE053809BA8C09A3E', '137', 'autoload', null, '20786', '2019-04-28T00:00:00.000+0000', 0)  on conflict (ck_id) do update set ck_class = excluded.ck_class, ck_attr = excluded.ck_attr, cv_value = excluded.cv_value, ck_user = excluded.ck_user, ct_change = excluded.ct_change, cl_required = excluded.cl_required;
INSERT INTO s_mt.t_class_attr(ck_id, ck_class, ck_attr, cv_value, ck_user, ct_change, cl_required) VALUES ('621', '137', 'childs', null, '10020785', '2018-07-09T00:00:00.000+0000', 0)  on conflict (ck_id) do update set ck_class = excluded.ck_class, ck_attr = excluded.ck_attr, cv_value = excluded.cv_value, ck_user = excluded.ck_user, ct_change = excluded.ct_change, cl_required = excluded.cl_required;
INSERT INTO s_mt.t_class_attr(ck_id, ck_class, ck_attr, cv_value, ck_user, ct_change, cl_required) VALUES ('790', '137', 'collapsed', null, '10020785', '2018-09-04T00:00:00.000+0000', 0)  on conflict (ck_id) do update set ck_class = excluded.ck_class, ck_attr = excluded.ck_attr, cv_value = excluded.cv_value, ck_user = excluded.ck_user, ct_change = excluded.ct_change, cl_required = excluded.cl_required;
INSERT INTO s_mt.t_class_attr(ck_id, ck_class, ck_attr, cv_value, ck_user, ct_change, cl_required) VALUES ('614', '137', 'collapsible', null, '10020785', '2018-07-09T00:00:00.000+0000', 0)  on conflict (ck_id) do update set ck_class = excluded.ck_class, ck_attr = excluded.ck_attr, cv_value = excluded.cv_value, ck_user = excluded.ck_user, ct_change = excluded.ct_change, cl_required = excluded.cl_required;
INSERT INTO s_mt.t_class_attr(ck_id, ck_class, ck_attr, cv_value, ck_user, ct_change, cl_required) VALUES ('609', '137', 'contentview', 'hbox', '10020785', '2018-07-09T00:00:00.000+0000', 0)  on conflict (ck_id) do update set ck_class = excluded.ck_class, ck_attr = excluded.ck_attr, cv_value = excluded.cv_value, ck_user = excluded.ck_user, ct_change = excluded.ct_change, cl_required = excluded.cl_required;
INSERT INTO s_mt.t_class_attr(ck_id, ck_class, ck_attr, cv_value, ck_user, ct_change, cl_required) VALUES ('616', '137', 'disabled', null, '10020785', '2018-09-02T00:00:00.000+0000', 0)  on conflict (ck_id) do update set ck_class = excluded.ck_class, ck_attr = excluded.ck_attr, cv_value = excluded.cv_value, ck_user = excluded.ck_user, ct_change = excluded.ct_change, cl_required = excluded.cl_required;
INSERT INTO s_mt.t_class_attr(ck_id, ck_class, ck_attr, cv_value, ck_user, ct_change, cl_required) VALUES ('1268', '137', 'disabledrules', null, '10020785', '2018-09-02T00:00:00.000+0000', 0)  on conflict (ck_id) do update set ck_class = excluded.ck_class, ck_attr = excluded.ck_attr, cv_value = excluded.cv_value, ck_user = excluded.ck_user, ct_change = excluded.ct_change, cl_required = excluded.cl_required;
INSERT INTO s_mt.t_class_attr(ck_id, ck_class, ck_attr, cv_value, ck_user, ct_change, cl_required) VALUES ('632', '137', 'editmodepanel', null, '10020785', '2018-07-09T00:00:00.000+0000', 0)  on conflict (ck_id) do update set ck_class = excluded.ck_class, ck_attr = excluded.ck_attr, cv_value = excluded.cv_value, ck_user = excluded.ck_user, ct_change = excluded.ct_change, cl_required = excluded.cl_required;
INSERT INTO s_mt.t_class_attr(ck_id, ck_class, ck_attr, cv_value, ck_user, ct_change, cl_required) VALUES ('1913', '137', 'extraplugingate', null, '10020785', '2018-09-02T00:00:00.000+0000', 0)  on conflict (ck_id) do update set ck_class = excluded.ck_class, ck_attr = excluded.ck_attr, cv_value = excluded.cv_value, ck_user = excluded.ck_user, ct_change = excluded.ct_change, cl_required = excluded.cl_required;
INSERT INTO s_mt.t_class_attr(ck_id, ck_class, ck_attr, cv_value, ck_user, ct_change, cl_required) VALUES ('634', '137', 'filters', null, '10020785', '2018-07-09T00:00:00.000+0000', 0)  on conflict (ck_id) do update set ck_class = excluded.ck_class, ck_attr = excluded.ck_attr, cv_value = excluded.cv_value, ck_user = excluded.ck_user, ct_change = excluded.ct_change, cl_required = excluded.cl_required;
INSERT INTO s_mt.t_class_attr(ck_id, ck_class, ck_attr, cv_value, ck_user, ct_change, cl_required) VALUES ('1221', '137', 'getglobaltostore', null, '10020785', '2018-07-09T00:00:00.000+0000', 0)  on conflict (ck_id) do update set ck_class = excluded.ck_class, ck_attr = excluded.ck_attr, cv_value = excluded.cv_value, ck_user = excluded.ck_user, ct_change = excluded.ct_change, cl_required = excluded.cl_required;
INSERT INTO s_mt.t_class_attr(ck_id, ck_class, ck_attr, cv_value, ck_user, ct_change, cl_required) VALUES ('615', '137', 'hidden', null, '10020785', '2018-09-02T00:00:00.000+0000', 0)  on conflict (ck_id) do update set ck_class = excluded.ck_class, ck_attr = excluded.ck_attr, cv_value = excluded.cv_value, ck_user = excluded.ck_user, ct_change = excluded.ct_change, cl_required = excluded.cl_required;
INSERT INTO s_mt.t_class_attr(ck_id, ck_class, ck_attr, cv_value, ck_user, ct_change, cl_required) VALUES ('1312', '137', 'hiddenrules', null, '10020785', '2018-09-02T00:00:00.000+0000', 0)  on conflict (ck_id) do update set ck_class = excluded.ck_class, ck_attr = excluded.ck_attr, cv_value = excluded.cv_value, ck_user = excluded.ck_user, ct_change = excluded.ct_change, cl_required = excluded.cl_required;
INSERT INTO s_mt.t_class_attr(ck_id, ck_class, ck_attr, cv_value, ck_user, ct_change, cl_required) VALUES ('9079C2A7635F69DAE053809BA8C050C7', '137', 'hideactions', null, '20785', '2019-08-19T00:00:00.000+0000', 0)  on conflict (ck_id) do update set ck_class = excluded.ck_class, ck_attr = excluded.ck_attr, cv_value = excluded.cv_value, ck_user = excluded.ck_user, ct_change = excluded.ct_change, cl_required = excluded.cl_required;
INSERT INTO s_mt.t_class_attr(ck_id, ck_class, ck_attr, cv_value, ck_user, ct_change, cl_required) VALUES ('825', '137', 'noglobalmask', null, '10020785', '2018-07-09T00:00:00.000+0000', 0)  on conflict (ck_id) do update set ck_class = excluded.ck_class, ck_attr = excluded.ck_attr, cv_value = excluded.cv_value, ck_user = excluded.ck_user, ct_change = excluded.ct_change, cl_required = excluded.cl_required;
INSERT INTO s_mt.t_class_attr(ck_id, ck_class, ck_attr, cv_value, ck_user, ct_change, cl_required) VALUES ('10173', '137', 'readonlyrules', null, '10020786', '2018-07-23T00:00:00.000+0000', 0)  on conflict (ck_id) do update set ck_class = excluded.ck_class, ck_attr = excluded.ck_attr, cv_value = excluded.cv_value, ck_user = excluded.ck_user, ct_change = excluded.ct_change, cl_required = excluded.cl_required;
INSERT INTO s_mt.t_class_attr(ck_id, ck_class, ck_attr, cv_value, ck_user, ct_change, cl_required) VALUES ('1153', '137', 'reqsel', 'true', '10020785', '2018-09-02T00:00:00.000+0000', 0)  on conflict (ck_id) do update set ck_class = excluded.ck_class, ck_attr = excluded.ck_attr, cv_value = excluded.cv_value, ck_user = excluded.ck_user, ct_change = excluded.ct_change, cl_required = excluded.cl_required;
INSERT INTO s_mt.t_class_attr(ck_id, ck_class, ck_attr, cv_value, ck_user, ct_change, cl_required) VALUES ('8F0C9C8BAADA3294E053809BA8C0F300', '137', 'resizable', 'false', '20785', '2019-08-04T00:00:00.000+0000', 0)  on conflict (ck_id) do update set ck_class = excluded.ck_class, ck_attr = excluded.ck_attr, cv_value = excluded.cv_value, ck_user = excluded.ck_user, ct_change = excluded.ct_change, cl_required = excluded.cl_required;
INSERT INTO s_mt.t_class_attr(ck_id, ck_class, ck_attr, cv_value, ck_user, ct_change, cl_required) VALUES ('17171', '137', 'timeout', null, '10020785', '2018-09-02T00:00:00.000+0000', 0)  on conflict (ck_id) do update set ck_class = excluded.ck_class, ck_attr = excluded.ck_attr, cv_value = excluded.cv_value, ck_user = excluded.ck_user, ct_change = excluded.ct_change, cl_required = excluded.cl_required;
INSERT INTO s_mt.t_class_attr(ck_id, ck_class, ck_attr, cv_value, ck_user, ct_change, cl_required) VALUES ('619', '137', 'topbtn', null, '10020785', '2018-07-09T00:00:00.000+0000', 0)  on conflict (ck_id) do update set ck_class = excluded.ck_class, ck_attr = excluded.ck_attr, cv_value = excluded.cv_value, ck_user = excluded.ck_user, ct_change = excluded.ct_change, cl_required = excluded.cl_required;
INSERT INTO s_mt.t_class_attr(ck_id, ck_class, ck_attr, cv_value, ck_user, ct_change, cl_required) VALUES ('608', '137', 'type', 'PANEL', '10020785', '2018-07-09T00:00:00.000+0000', 1)  on conflict (ck_id) do update set ck_class = excluded.ck_class, ck_attr = excluded.ck_attr, cv_value = excluded.cv_value, ck_user = excluded.ck_user, ct_change = excluded.ct_change, cl_required = excluded.cl_required;
INSERT INTO s_mt.t_class_attr(ck_id, ck_class, ck_attr, cv_value, ck_user, ct_change, cl_required) VALUES ('C1F651BFD1BA4B3CA78AF765B050F41B', '137', 'width', null, '4fd05ca9-3a9e-4d66-82df-886dfa082113', '2019-10-28T00:00:00.000+0000', 0)  on conflict (ck_id) do update set ck_class = excluded.ck_class, ck_attr = excluded.ck_attr, cv_value = excluded.cv_value, ck_user = excluded.ck_user, ct_change = excluded.ct_change, cl_required = excluded.cl_required;
select pkg_patcher.p_clear_attr('137'::varchar, '["align","autoload","childs","collapsed","collapsible","contentview","disabled","disabledrules","editmodepanel","extraplugingate","filters","getglobaltostore","hidden","hiddenrules","hideactions","noglobalmask","readonlyrules","reqsel","resizable","timeout","topbtn","type","width"]'::jsonb);
INSERT INTO s_mt.t_class(ck_id, cv_name, cv_description, cl_final, cl_dataset, ck_user, ct_change) VALUES ('6457', 'Panel Detail', 'Панель детализации в таблице', 0, 0, '20785', '2018-12-11T00:00:00.000+0000')  on conflict (ck_id) do update set cv_name = excluded.cv_name, cv_description = excluded.cv_description, cl_final = excluded.cl_final, cl_dataset = excluded.cl_dataset, ck_user = excluded.ck_user, ct_change = excluded.ct_change;
INSERT INTO s_mt.t_class_attr(ck_id, ck_class, ck_attr, cv_value, ck_user, ct_change, cl_required) VALUES ('36173', '6457', 'childs', null, '20785', '2018-12-11T00:00:00.000+0000', 0)  on conflict (ck_id) do update set ck_class = excluded.ck_class, ck_attr = excluded.ck_attr, cv_value = excluded.cv_value, ck_user = excluded.ck_user, ct_change = excluded.ct_change, cl_required = excluded.cl_required;
INSERT INTO s_mt.t_class_attr(ck_id, ck_class, ck_attr, cv_value, ck_user, ct_change, cl_required) VALUES ('36177', '6457', 'contentview', null, '20785', '2018-12-12T00:00:00.000+0000', 0)  on conflict (ck_id) do update set ck_class = excluded.ck_class, ck_attr = excluded.ck_attr, cv_value = excluded.cv_value, ck_user = excluded.ck_user, ct_change = excluded.ct_change, cl_required = excluded.cl_required;
INSERT INTO s_mt.t_class_attr(ck_id, ck_class, ck_attr, cv_value, ck_user, ct_change, cl_required) VALUES ('36176', '6457', 'width', null, '20785', '2018-12-12T00:00:00.000+0000', 0)  on conflict (ck_id) do update set ck_class = excluded.ck_class, ck_attr = excluded.ck_attr, cv_value = excluded.cv_value, ck_user = excluded.ck_user, ct_change = excluded.ct_change, cl_required = excluded.cl_required;
select pkg_patcher.p_clear_attr('6457'::varchar, '["childs","contentview","width"]'::jsonb);
INSERT INTO s_mt.t_class(ck_id, cv_name, cv_description, cl_final, cl_dataset, ck_user, ct_change) VALUES ('337', 'Panel Dynamic', 'Контейнер для динамических объектов', 1, 1, '-11', '2018-02-22T00:00:00.000+0000')  on conflict (ck_id) do update set cv_name = excluded.cv_name, cv_description = excluded.cv_description, cl_final = excluded.cl_final, cl_dataset = excluded.cl_dataset, ck_user = excluded.ck_user, ct_change = excluded.ct_change;
INSERT INTO s_mt.t_class_attr(ck_id, ck_class, ck_attr, cv_value, ck_user, ct_change, cl_required) VALUES ('1355', '337', 'autoload', null, '10020848', '2018-06-17T00:00:00.000+0000', 0)  on conflict (ck_id) do update set ck_class = excluded.ck_class, ck_attr = excluded.ck_attr, cv_value = excluded.cv_value, ck_user = excluded.ck_user, ct_change = excluded.ct_change, cl_required = excluded.cl_required;
INSERT INTO s_mt.t_class_attr(ck_id, ck_class, ck_attr, cv_value, ck_user, ct_change, cl_required) VALUES ('1729', '337', 'childs', null, '10020848', '2018-06-17T00:00:00.000+0000', 0)  on conflict (ck_id) do update set ck_class = excluded.ck_class, ck_attr = excluded.ck_attr, cv_value = excluded.cv_value, ck_user = excluded.ck_user, ct_change = excluded.ct_change, cl_required = excluded.cl_required;
INSERT INTO s_mt.t_class_attr(ck_id, ck_class, ck_attr, cv_value, ck_user, ct_change, cl_required) VALUES ('1871', '337', 'disabledrules', null, '10020848', '2018-06-17T00:00:00.000+0000', 0)  on conflict (ck_id) do update set ck_class = excluded.ck_class, ck_attr = excluded.ck_attr, cv_value = excluded.cv_value, ck_user = excluded.ck_user, ct_change = excluded.ct_change, cl_required = excluded.cl_required;
INSERT INTO s_mt.t_class_attr(ck_id, ck_class, ck_attr, cv_value, ck_user, ct_change, cl_required) VALUES ('1919', '337', 'extraplugingate', null, '10020786', '2018-06-17T00:00:00.000+0000', 0)  on conflict (ck_id) do update set ck_class = excluded.ck_class, ck_attr = excluded.ck_attr, cv_value = excluded.cv_value, ck_user = excluded.ck_user, ct_change = excluded.ct_change, cl_required = excluded.cl_required;
INSERT INTO s_mt.t_class_attr(ck_id, ck_class, ck_attr, cv_value, ck_user, ct_change, cl_required) VALUES ('1358', '337', 'getglobaltostore', null, '10020848', '2018-06-17T00:00:00.000+0000', 0)  on conflict (ck_id) do update set ck_class = excluded.ck_class, ck_attr = excluded.ck_attr, cv_value = excluded.cv_value, ck_user = excluded.ck_user, ct_change = excluded.ct_change, cl_required = excluded.cl_required;
INSERT INTO s_mt.t_class_attr(ck_id, ck_class, ck_attr, cv_value, ck_user, ct_change, cl_required) VALUES ('1870', '337', 'hiddenrules', null, '10020848', '2018-06-17T00:00:00.000+0000', 0)  on conflict (ck_id) do update set ck_class = excluded.ck_class, ck_attr = excluded.ck_attr, cv_value = excluded.cv_value, ck_user = excluded.ck_user, ct_change = excluded.ct_change, cl_required = excluded.cl_required;
INSERT INTO s_mt.t_class_attr(ck_id, ck_class, ck_attr, cv_value, ck_user, ct_change, cl_required) VALUES ('10171', '337', 'readonlyrules', null, '10020786', '2018-07-23T00:00:00.000+0000', 0)  on conflict (ck_id) do update set ck_class = excluded.ck_class, ck_attr = excluded.ck_attr, cv_value = excluded.cv_value, ck_user = excluded.ck_user, ct_change = excluded.ct_change, cl_required = excluded.cl_required;
INSERT INTO s_mt.t_class_attr(ck_id, ck_class, ck_attr, cv_value, ck_user, ct_change, cl_required) VALUES ('1873', '337', 'reqsel', null, '10020848', '2018-06-17T00:00:00.000+0000', 0)  on conflict (ck_id) do update set ck_class = excluded.ck_class, ck_attr = excluded.ck_attr, cv_value = excluded.cv_value, ck_user = excluded.ck_user, ct_change = excluded.ct_change, cl_required = excluded.cl_required;
INSERT INTO s_mt.t_class_attr(ck_id, ck_class, ck_attr, cv_value, ck_user, ct_change, cl_required) VALUES ('17172', '337', 'timeout', null, '10020785', '2018-09-02T00:00:00.000+0000', 0)  on conflict (ck_id) do update set ck_class = excluded.ck_class, ck_attr = excluded.ck_attr, cv_value = excluded.cv_value, ck_user = excluded.ck_user, ct_change = excluded.ct_change, cl_required = excluded.cl_required;
INSERT INTO s_mt.t_class_attr(ck_id, ck_class, ck_attr, cv_value, ck_user, ct_change, cl_required) VALUES ('1353', '337', 'type', 'DYNAMICPANEL', '10020848', '2018-06-17T00:00:00.000+0000', 0)  on conflict (ck_id) do update set ck_class = excluded.ck_class, ck_attr = excluded.ck_attr, cv_value = excluded.cv_value, ck_user = excluded.ck_user, ct_change = excluded.ct_change, cl_required = excluded.cl_required;
select pkg_patcher.p_clear_attr('337'::varchar, '["autoload","childs","disabledrules","extraplugingate","getglobaltostore","hiddenrules","readonlyrules","reqsel","timeout","type"]'::jsonb);
INSERT INTO s_mt.t_class(ck_id, cv_name, cv_description, cl_final, cl_dataset, ck_user, ct_change) VALUES ('157', 'Panel File', 'Панель загрузки и отображения файлов', 1, 1, '-11', '2018-02-22T00:00:00.000+0000')  on conflict (ck_id) do update set cv_name = excluded.cv_name, cv_description = excluded.cv_description, cl_final = excluded.cl_final, cl_dataset = excluded.cl_dataset, ck_user = excluded.ck_user, ct_change = excluded.ct_change;
INSERT INTO s_mt.t_class_attr(ck_id, ck_class, ck_attr, cv_value, ck_user, ct_change, cl_required) VALUES ('903', '157', 'autoload', 'true', '20780', '2019-06-27T00:00:00.000+0000', 0)  on conflict (ck_id) do update set ck_class = excluded.ck_class, ck_attr = excluded.ck_attr, cv_value = excluded.cv_value, ck_user = excluded.ck_user, ct_change = excluded.ct_change, cl_required = excluded.cl_required;
INSERT INTO s_mt.t_class_attr(ck_id, ck_class, ck_attr, cv_value, ck_user, ct_change, cl_required) VALUES ('735', '157', 'childs', null, '10020785', '2018-07-09T00:00:00.000+0000', 0)  on conflict (ck_id) do update set ck_class = excluded.ck_class, ck_attr = excluded.ck_attr, cv_value = excluded.cv_value, ck_user = excluded.ck_user, ct_change = excluded.ct_change, cl_required = excluded.cl_required;
INSERT INTO s_mt.t_class_attr(ck_id, ck_class, ck_attr, cv_value, ck_user, ct_change, cl_required) VALUES ('1269', '157', 'disabledrules', null, '10020785', '2018-07-09T00:00:00.000+0000', 0)  on conflict (ck_id) do update set ck_class = excluded.ck_class, ck_attr = excluded.ck_attr, cv_value = excluded.cv_value, ck_user = excluded.ck_user, ct_change = excluded.ct_change, cl_required = excluded.cl_required;
INSERT INTO s_mt.t_class_attr(ck_id, ck_class, ck_attr, cv_value, ck_user, ct_change, cl_required) VALUES ('1921', '157', 'extraplugingate', null, '10020785', '2018-09-02T00:00:00.000+0000', 0)  on conflict (ck_id) do update set ck_class = excluded.ck_class, ck_attr = excluded.ck_attr, cv_value = excluded.cv_value, ck_user = excluded.ck_user, ct_change = excluded.ct_change, cl_required = excluded.cl_required;
INSERT INTO s_mt.t_class_attr(ck_id, ck_class, ck_attr, cv_value, ck_user, ct_change, cl_required) VALUES ('8ED0CAF4B5238D53E053809BA8C0BB01', '157', 'filemode', 'single', '20785', '2019-07-28T00:00:00.000+0000', 0)  on conflict (ck_id) do update set ck_class = excluded.ck_class, ck_attr = excluded.ck_attr, cv_value = excluded.cv_value, ck_user = excluded.ck_user, ct_change = excluded.ct_change, cl_required = excluded.cl_required;
INSERT INTO s_mt.t_class_attr(ck_id, ck_class, ck_attr, cv_value, ck_user, ct_change, cl_required) VALUES ('1229', '157', 'getglobaltostore', null, '10020785', '2018-07-09T00:00:00.000+0000', 0)  on conflict (ck_id) do update set ck_class = excluded.ck_class, ck_attr = excluded.ck_attr, cv_value = excluded.cv_value, ck_user = excluded.ck_user, ct_change = excluded.ct_change, cl_required = excluded.cl_required;
INSERT INTO s_mt.t_class_attr(ck_id, ck_class, ck_attr, cv_value, ck_user, ct_change, cl_required) VALUES ('1632', '157', 'height', null, '10020785', '2018-09-12T00:00:00.000+0000', 0)  on conflict (ck_id) do update set ck_class = excluded.ck_class, ck_attr = excluded.ck_attr, cv_value = excluded.cv_value, ck_user = excluded.ck_user, ct_change = excluded.ct_change, cl_required = excluded.cl_required;
INSERT INTO s_mt.t_class_attr(ck_id, ck_class, ck_attr, cv_value, ck_user, ct_change, cl_required) VALUES ('1313', '157', 'hiddenrules', null, '10020785', '2018-09-02T00:00:00.000+0000', 0)  on conflict (ck_id) do update set ck_class = excluded.ck_class, ck_attr = excluded.ck_attr, cv_value = excluded.cv_value, ck_user = excluded.ck_user, ct_change = excluded.ct_change, cl_required = excluded.cl_required;
INSERT INTO s_mt.t_class_attr(ck_id, ck_class, ck_attr, cv_value, ck_user, ct_change, cl_required) VALUES ('909', '157', 'idproperty', null, '10020785', '2018-07-09T00:00:00.000+0000', 0)  on conflict (ck_id) do update set ck_class = excluded.ck_class, ck_attr = excluded.ck_attr, cv_value = excluded.cv_value, ck_user = excluded.ck_user, ct_change = excluded.ct_change, cl_required = excluded.cl_required;
INSERT INTO s_mt.t_class_attr(ck_id, ck_class, ck_attr, cv_value, ck_user, ct_change, cl_required) VALUES ('31169', '157', 'maxfile', '5242880', '20786', '2018-11-05T00:00:00.000+0000', 0)  on conflict (ck_id) do update set ck_class = excluded.ck_class, ck_attr = excluded.ck_attr, cv_value = excluded.cv_value, ck_user = excluded.ck_user, ct_change = excluded.ct_change, cl_required = excluded.cl_required;
INSERT INTO s_mt.t_class_attr(ck_id, ck_class, ck_attr, cv_value, ck_user, ct_change, cl_required) VALUES ('1588', '157', 'maxheight', null, '10020785', '2018-09-12T00:00:00.000+0000', 0)  on conflict (ck_id) do update set ck_class = excluded.ck_class, ck_attr = excluded.ck_attr, cv_value = excluded.cv_value, ck_user = excluded.ck_user, ct_change = excluded.ct_change, cl_required = excluded.cl_required;
INSERT INTO s_mt.t_class_attr(ck_id, ck_class, ck_attr, cv_value, ck_user, ct_change, cl_required) VALUES ('1543', '157', 'minheight', null, '10020785', '2018-09-12T00:00:00.000+0000', 0)  on conflict (ck_id) do update set ck_class = excluded.ck_class, ck_attr = excluded.ck_attr, cv_value = excluded.cv_value, ck_user = excluded.ck_user, ct_change = excluded.ct_change, cl_required = excluded.cl_required;
INSERT INTO s_mt.t_class_attr(ck_id, ck_class, ck_attr, cv_value, ck_user, ct_change, cl_required) VALUES ('10170', '157', 'readonlyrules', null, '10020785', '2018-09-02T00:00:00.000+0000', 0)  on conflict (ck_id) do update set ck_class = excluded.ck_class, ck_attr = excluded.ck_attr, cv_value = excluded.cv_value, ck_user = excluded.ck_user, ct_change = excluded.ct_change, cl_required = excluded.cl_required;
INSERT INTO s_mt.t_class_attr(ck_id, ck_class, ck_attr, cv_value, ck_user, ct_change, cl_required) VALUES ('1154', '157', 'reqsel', 'true', '10020785', '2018-07-09T00:00:00.000+0000', 0)  on conflict (ck_id) do update set ck_class = excluded.ck_class, ck_attr = excluded.ck_attr, cv_value = excluded.cv_value, ck_user = excluded.ck_user, ct_change = excluded.ct_change, cl_required = excluded.cl_required;
INSERT INTO s_mt.t_class_attr(ck_id, ck_class, ck_attr, cv_value, ck_user, ct_change, cl_required) VALUES ('17174', '157', 'timeout', null, '10020785', '2018-09-02T00:00:00.000+0000', 0)  on conflict (ck_id) do update set ck_class = excluded.ck_class, ck_attr = excluded.ck_attr, cv_value = excluded.cv_value, ck_user = excluded.ck_user, ct_change = excluded.ct_change, cl_required = excluded.cl_required;
INSERT INTO s_mt.t_class_attr(ck_id, ck_class, ck_attr, cv_value, ck_user, ct_change, cl_required) VALUES ('36169', '157', 'topbtn', null, '20785', '2018-12-11T00:00:00.000+0000', 0)  on conflict (ck_id) do update set ck_class = excluded.ck_class, ck_attr = excluded.ck_attr, cv_value = excluded.cv_value, ck_user = excluded.ck_user, ct_change = excluded.ct_change, cl_required = excluded.cl_required;
INSERT INTO s_mt.t_class_attr(ck_id, ck_class, ck_attr, cv_value, ck_user, ct_change, cl_required) VALUES ('736', '157', 'type', 'FILEPANEL', '10020785', '2018-07-09T00:00:00.000+0000', 0)  on conflict (ck_id) do update set ck_class = excluded.ck_class, ck_attr = excluded.ck_attr, cv_value = excluded.cv_value, ck_user = excluded.ck_user, ct_change = excluded.ct_change, cl_required = excluded.cl_required;
INSERT INTO s_mt.t_class_attr(ck_id, ck_class, ck_attr, cv_value, ck_user, ct_change, cl_required) VALUES ('737', '157', 'updatequery', null, '10020785', '2018-07-09T00:00:00.000+0000', 0)  on conflict (ck_id) do update set ck_class = excluded.ck_class, ck_attr = excluded.ck_attr, cv_value = excluded.cv_value, ck_user = excluded.ck_user, ct_change = excluded.ct_change, cl_required = excluded.cl_required;
select pkg_patcher.p_clear_attr('157'::varchar, '["autoload","childs","disabledrules","extraplugingate","filemode","getglobaltostore","height","hiddenrules","idproperty","maxfile","maxheight","minheight","readonlyrules","reqsel","timeout","topbtn","type","updatequery"]'::jsonb);
INSERT INTO s_mt.t_class(ck_id, cv_name, cv_description, cl_final, cl_dataset, ck_user, ct_change) VALUES ('217', 'Panel History', 'Панель историчных данных', 1, 1, '-11', '2018-02-22T00:00:00.000+0000')  on conflict (ck_id) do update set cv_name = excluded.cv_name, cv_description = excluded.cv_description, cl_final = excluded.cl_final, cl_dataset = excluded.cl_dataset, ck_user = excluded.ck_user, ct_change = excluded.ct_change;
INSERT INTO s_mt.t_class_attr(ck_id, ck_class, ck_attr, cv_value, ck_user, ct_change, cl_required) VALUES ('84FB8E073BF9328DE053809BA8C0D5D2', '217', 'autoload', 'true', '20780', '2019-06-27T00:00:00.000+0000', 0)  on conflict (ck_id) do update set ck_class = excluded.ck_class, ck_attr = excluded.ck_attr, cv_value = excluded.cv_value, ck_user = excluded.ck_user, ct_change = excluded.ct_change, cl_required = excluded.cl_required;
INSERT INTO s_mt.t_class_attr(ck_id, ck_class, ck_attr, cv_value, ck_user, ct_change, cl_required) VALUES ('23169', '217', 'btnaudit', 'true', '4fd05ca9-3a9e-4d66-82df-886dfa082113', '2019-09-09T00:00:00.000+0000', 0)  on conflict (ck_id) do update set ck_class = excluded.ck_class, ck_attr = excluded.ck_attr, cv_value = excluded.cv_value, ck_user = excluded.ck_user, ct_change = excluded.ct_change, cl_required = excluded.cl_required;
INSERT INTO s_mt.t_class_attr(ck_id, ck_class, ck_attr, cv_value, ck_user, ct_change, cl_required) VALUES ('DFF4276153E24BEDB95AD0A635244A75', '217', 'btndelete', 'true', '4fd05ca9-3a9e-4d66-82df-886dfa082113', '2019-09-09T00:00:00.000+0000', 0)  on conflict (ck_id) do update set ck_class = excluded.ck_class, ck_attr = excluded.ck_attr, cv_value = excluded.cv_value, ck_user = excluded.ck_user, ct_change = excluded.ct_change, cl_required = excluded.cl_required;
INSERT INTO s_mt.t_class_attr(ck_id, ck_class, ck_attr, cv_value, ck_user, ct_change, cl_required) VALUES ('4FE5D0D2120B4D9AA1D242FCA0E6AFBA', '217', 'btnrefresh', 'true', '4fd05ca9-3a9e-4d66-82df-886dfa082113', '2019-09-09T00:00:00.000+0000', 0)  on conflict (ck_id) do update set ck_class = excluded.ck_class, ck_attr = excluded.ck_attr, cv_value = excluded.cv_value, ck_user = excluded.ck_user, ct_change = excluded.ct_change, cl_required = excluded.cl_required;
INSERT INTO s_mt.t_class_attr(ck_id, ck_class, ck_attr, cv_value, ck_user, ct_change, cl_required) VALUES ('829', '217', 'childs', null, '10020785', '2018-07-09T00:00:00.000+0000', 0)  on conflict (ck_id) do update set ck_class = excluded.ck_class, ck_attr = excluded.ck_attr, cv_value = excluded.cv_value, ck_user = excluded.ck_user, ct_change = excluded.ct_change, cl_required = excluded.cl_required;
INSERT INTO s_mt.t_class_attr(ck_id, ck_class, ck_attr, cv_value, ck_user, ct_change, cl_required) VALUES ('843', '217', 'collapsible', null, '10020785', '2018-07-09T00:00:00.000+0000', 0)  on conflict (ck_id) do update set ck_class = excluded.ck_class, ck_attr = excluded.ck_attr, cv_value = excluded.cv_value, ck_user = excluded.ck_user, ct_change = excluded.ct_change, cl_required = excluded.cl_required;
INSERT INTO s_mt.t_class_attr(ck_id, ck_class, ck_attr, cv_value, ck_user, ct_change, cl_required) VALUES ('838', '217', 'contentview', 'hbox', '10020785', '2018-07-09T00:00:00.000+0000', 0)  on conflict (ck_id) do update set ck_class = excluded.ck_class, ck_attr = excluded.ck_attr, cv_value = excluded.cv_value, ck_user = excluded.ck_user, ct_change = excluded.ct_change, cl_required = excluded.cl_required;
INSERT INTO s_mt.t_class_attr(ck_id, ck_class, ck_attr, cv_value, ck_user, ct_change, cl_required) VALUES ('845', '217', 'disabled', null, '10020785', '2018-07-09T00:00:00.000+0000', 0)  on conflict (ck_id) do update set ck_class = excluded.ck_class, ck_attr = excluded.ck_attr, cv_value = excluded.cv_value, ck_user = excluded.ck_user, ct_change = excluded.ct_change, cl_required = excluded.cl_required;
INSERT INTO s_mt.t_class_attr(ck_id, ck_class, ck_attr, cv_value, ck_user, ct_change, cl_required) VALUES ('1273', '217', 'disabledrules', null, '10020785', '2018-07-09T00:00:00.000+0000', 0)  on conflict (ck_id) do update set ck_class = excluded.ck_class, ck_attr = excluded.ck_attr, cv_value = excluded.cv_value, ck_user = excluded.ck_user, ct_change = excluded.ct_change, cl_required = excluded.cl_required;
INSERT INTO s_mt.t_class_attr(ck_id, ck_class, ck_attr, cv_value, ck_user, ct_change, cl_required) VALUES ('1914', '217', 'extraplugingate', null, '10020785', '2018-09-02T00:00:00.000+0000', 0)  on conflict (ck_id) do update set ck_class = excluded.ck_class, ck_attr = excluded.ck_attr, cv_value = excluded.cv_value, ck_user = excluded.ck_user, ct_change = excluded.ct_change, cl_required = excluded.cl_required;
INSERT INTO s_mt.t_class_attr(ck_id, ck_class, ck_attr, cv_value, ck_user, ct_change, cl_required) VALUES ('1222', '217', 'getglobaltostore', null, '10020785', '2018-07-09T00:00:00.000+0000', 0)  on conflict (ck_id) do update set ck_class = excluded.ck_class, ck_attr = excluded.ck_attr, cv_value = excluded.cv_value, ck_user = excluded.ck_user, ct_change = excluded.ct_change, cl_required = excluded.cl_required;
INSERT INTO s_mt.t_class_attr(ck_id, ck_class, ck_attr, cv_value, ck_user, ct_change, cl_required) VALUES ('844', '217', 'hidden', null, '10020785', '2018-09-02T00:00:00.000+0000', 0)  on conflict (ck_id) do update set ck_class = excluded.ck_class, ck_attr = excluded.ck_attr, cv_value = excluded.cv_value, ck_user = excluded.ck_user, ct_change = excluded.ct_change, cl_required = excluded.cl_required;
INSERT INTO s_mt.t_class_attr(ck_id, ck_class, ck_attr, cv_value, ck_user, ct_change, cl_required) VALUES ('1317', '217', 'hiddenrules', null, '10020785', '2018-09-02T00:00:00.000+0000', 0)  on conflict (ck_id) do update set ck_class = excluded.ck_class, ck_attr = excluded.ck_attr, cv_value = excluded.cv_value, ck_user = excluded.ck_user, ct_change = excluded.ct_change, cl_required = excluded.cl_required;
INSERT INTO s_mt.t_class_attr(ck_id, ck_class, ck_attr, cv_value, ck_user, ct_change, cl_required) VALUES ('851', '217', 'noglobalmask', null, '10020785', '2018-07-09T00:00:00.000+0000', 0)  on conflict (ck_id) do update set ck_class = excluded.ck_class, ck_attr = excluded.ck_attr, cv_value = excluded.cv_value, ck_user = excluded.ck_user, ct_change = excluded.ct_change, cl_required = excluded.cl_required;
INSERT INTO s_mt.t_class_attr(ck_id, ck_class, ck_attr, cv_value, ck_user, ct_change, cl_required) VALUES ('10169', '217', 'readonlyrules', null, '10020786', '2018-07-23T00:00:00.000+0000', 0)  on conflict (ck_id) do update set ck_class = excluded.ck_class, ck_attr = excluded.ck_attr, cv_value = excluded.cv_value, ck_user = excluded.ck_user, ct_change = excluded.ct_change, cl_required = excluded.cl_required;
INSERT INTO s_mt.t_class_attr(ck_id, ck_class, ck_attr, cv_value, ck_user, ct_change, cl_required) VALUES ('30169', '217', 'reloadmaster', null, '20785', '2018-10-30T00:00:00.000+0000', 0)  on conflict (ck_id) do update set ck_class = excluded.ck_class, ck_attr = excluded.ck_attr, cv_value = excluded.cv_value, ck_user = excluded.ck_user, ct_change = excluded.ct_change, cl_required = excluded.cl_required;
INSERT INTO s_mt.t_class_attr(ck_id, ck_class, ck_attr, cv_value, ck_user, ct_change, cl_required) VALUES ('1155', '217', 'reqsel', 'true', '10020785', '2018-07-09T00:00:00.000+0000', 0)  on conflict (ck_id) do update set ck_class = excluded.ck_class, ck_attr = excluded.ck_attr, cv_value = excluded.cv_value, ck_user = excluded.ck_user, ct_change = excluded.ct_change, cl_required = excluded.cl_required;
INSERT INTO s_mt.t_class_attr(ck_id, ck_class, ck_attr, cv_value, ck_user, ct_change, cl_required) VALUES ('9014B934C7CA09D5E053809BA8C0A4FF', '217', 'resizable', null, '20785', '2019-08-13T00:00:00.000+0000', 0)  on conflict (ck_id) do update set ck_class = excluded.ck_class, ck_attr = excluded.ck_attr, cv_value = excluded.cv_value, ck_user = excluded.ck_user, ct_change = excluded.ct_change, cl_required = excluded.cl_required;
INSERT INTO s_mt.t_class_attr(ck_id, ck_class, ck_attr, cv_value, ck_user, ct_change, cl_required) VALUES ('1683', '217', 'stepname', null, '10020785', '2018-07-09T00:00:00.000+0000', 0)  on conflict (ck_id) do update set ck_class = excluded.ck_class, ck_attr = excluded.ck_attr, cv_value = excluded.cv_value, ck_user = excluded.ck_user, ct_change = excluded.ct_change, cl_required = excluded.cl_required;
INSERT INTO s_mt.t_class_attr(ck_id, ck_class, ck_attr, cv_value, ck_user, ct_change, cl_required) VALUES ('1684', '217', 'stepnamenext', null, '20848', '2018-10-16T00:00:00.000+0000', 0)  on conflict (ck_id) do update set ck_class = excluded.ck_class, ck_attr = excluded.ck_attr, cv_value = excluded.cv_value, ck_user = excluded.ck_user, ct_change = excluded.ct_change, cl_required = excluded.cl_required;
INSERT INTO s_mt.t_class_attr(ck_id, ck_class, ck_attr, cv_value, ck_user, ct_change, cl_required) VALUES ('17173', '217', 'timeout', null, '10020785', '2018-09-02T00:00:00.000+0000', 0)  on conflict (ck_id) do update set ck_class = excluded.ck_class, ck_attr = excluded.ck_attr, cv_value = excluded.cv_value, ck_user = excluded.ck_user, ct_change = excluded.ct_change, cl_required = excluded.cl_required;
INSERT INTO s_mt.t_class_attr(ck_id, ck_class, ck_attr, cv_value, ck_user, ct_change, cl_required) VALUES ('830', '217', 'topbtn', null, '10020785', '2018-07-09T00:00:00.000+0000', 0)  on conflict (ck_id) do update set ck_class = excluded.ck_class, ck_attr = excluded.ck_attr, cv_value = excluded.cv_value, ck_user = excluded.ck_user, ct_change = excluded.ct_change, cl_required = excluded.cl_required;
INSERT INTO s_mt.t_class_attr(ck_id, ck_class, ck_attr, cv_value, ck_user, ct_change, cl_required) VALUES ('832', '217', 'type', 'HISTORYPANEL', '10020785', '2018-07-09T00:00:00.000+0000', 1)  on conflict (ck_id) do update set ck_class = excluded.ck_class, ck_attr = excluded.ck_attr, cv_value = excluded.cv_value, ck_user = excluded.ck_user, ct_change = excluded.ct_change, cl_required = excluded.cl_required;
INSERT INTO s_mt.t_class_attr(ck_id, ck_class, ck_attr, cv_value, ck_user, ct_change, cl_required) VALUES ('33169', '217', 'updatequery', null, '20785', '2018-11-08T00:00:00.000+0000', 0)  on conflict (ck_id) do update set ck_class = excluded.ck_class, ck_attr = excluded.ck_attr, cv_value = excluded.cv_value, ck_user = excluded.ck_user, ct_change = excluded.ct_change, cl_required = excluded.cl_required;
select pkg_patcher.p_clear_attr('217'::varchar, '["autoload","btnaudit","btndelete","btnrefresh","childs","collapsible","contentview","disabled","disabledrules","extraplugingate","getglobaltostore","hidden","hiddenrules","noglobalmask","readonlyrules","reloadmaster","reqsel","resizable","stepname","stepnamenext","timeout","topbtn","type","updatequery"]'::jsonb);
INSERT INTO s_mt.t_class(ck_id, cv_name, cv_description, cl_final, cl_dataset, ck_user, ct_change) VALUES ('D966BA30FBA3469FB5FEA82127B1ED6D', 'Panel Road Map', 'Пошаговая панель', 1, 0, '4fd05ca9-3a9e-4d66-82df-886dfa082113', '2019-09-27T00:00:00.000+0000')  on conflict (ck_id) do update set cv_name = excluded.cv_name, cv_description = excluded.cv_description, cl_final = excluded.cl_final, cl_dataset = excluded.cl_dataset, ck_user = excluded.ck_user, ct_change = excluded.ct_change;
INSERT INTO s_mt.t_class_attr(ck_id, ck_class, ck_attr, cv_value, ck_user, ct_change, cl_required) VALUES ('C4B1424E39EA4A1C954CBDEDDF662E6A', 'D966BA30FBA3469FB5FEA82127B1ED6D', 'align', 'center', '4fd05ca9-3a9e-4d66-82df-886dfa082113', '2019-10-31T00:00:00.000+0000', 0)  on conflict (ck_id) do update set ck_class = excluded.ck_class, ck_attr = excluded.ck_attr, cv_value = excluded.cv_value, ck_user = excluded.ck_user, ct_change = excluded.ct_change, cl_required = excluded.cl_required;
INSERT INTO s_mt.t_class_attr(ck_id, ck_class, ck_attr, cv_value, ck_user, ct_change, cl_required) VALUES ('4E50E23DE3C2473A8B41011A689EEC1F', 'D966BA30FBA3469FB5FEA82127B1ED6D', 'childs', null, '4fd05ca9-3a9e-4d66-82df-886dfa082113', '2019-09-20T00:00:00.000+0000', 0)  on conflict (ck_id) do update set ck_class = excluded.ck_class, ck_attr = excluded.ck_attr, cv_value = excluded.cv_value, ck_user = excluded.ck_user, ct_change = excluded.ct_change, cl_required = excluded.cl_required;
INSERT INTO s_mt.t_class_attr(ck_id, ck_class, ck_attr, cv_value, ck_user, ct_change, cl_required) VALUES ('D910BD59B2CE4895BE263B2FC12DA80D', 'D966BA30FBA3469FB5FEA82127B1ED6D', 'topbtn', null, '4fd05ca9-3a9e-4d66-82df-886dfa082113', '2019-09-27T00:00:00.000+0000', 0)  on conflict (ck_id) do update set ck_class = excluded.ck_class, ck_attr = excluded.ck_attr, cv_value = excluded.cv_value, ck_user = excluded.ck_user, ct_change = excluded.ct_change, cl_required = excluded.cl_required;
INSERT INTO s_mt.t_class_attr(ck_id, ck_class, ck_attr, cv_value, ck_user, ct_change, cl_required) VALUES ('36F126CB28094C1EAB2C81153BCB10E4', 'D966BA30FBA3469FB5FEA82127B1ED6D', 'type', 'ROADMAPPANEL', '4fd05ca9-3a9e-4d66-82df-886dfa082113', '2019-09-20T00:00:00.000+0000', 1)  on conflict (ck_id) do update set ck_class = excluded.ck_class, ck_attr = excluded.ck_attr, cv_value = excluded.cv_value, ck_user = excluded.ck_user, ct_change = excluded.ct_change, cl_required = excluded.cl_required;
select pkg_patcher.p_clear_attr('D966BA30FBA3469FB5FEA82127B1ED6D'::varchar, '["align","childs","topbtn","type"]'::jsonb);
INSERT INTO s_mt.t_class(ck_id, cv_name, cv_description, cl_final, cl_dataset, ck_user, ct_change) VALUES ('35', 'Tab Panel', 'Панель со вкладками', 1, 0, '-11', '2018-02-22T00:00:00.000+0000')  on conflict (ck_id) do update set cv_name = excluded.cv_name, cv_description = excluded.cv_description, cl_final = excluded.cl_final, cl_dataset = excluded.cl_dataset, ck_user = excluded.ck_user, ct_change = excluded.ct_change;
INSERT INTO s_mt.t_class_attr(ck_id, ck_class, ck_attr, cv_value, ck_user, ct_change, cl_required) VALUES ('0479D6A0F38845F68783FA5027D43822', '35', 'align', 'center', '4fd05ca9-3a9e-4d66-82df-886dfa082113', '2019-10-24T00:00:00.000+0000', 0)  on conflict (ck_id) do update set ck_class = excluded.ck_class, ck_attr = excluded.ck_attr, cv_value = excluded.cv_value, ck_user = excluded.ck_user, ct_change = excluded.ct_change, cl_required = excluded.cl_required;
INSERT INTO s_mt.t_class_attr(ck_id, ck_class, ck_attr, cv_value, ck_user, ct_change, cl_required) VALUES ('172', '35', 'childs', null, '10020785', '2018-07-09T00:00:00.000+0000', 0)  on conflict (ck_id) do update set ck_class = excluded.ck_class, ck_attr = excluded.ck_attr, cv_value = excluded.cv_value, ck_user = excluded.ck_user, ct_change = excluded.ct_change, cl_required = excluded.cl_required;
INSERT INTO s_mt.t_class_attr(ck_id, ck_class, ck_attr, cv_value, ck_user, ct_change, cl_required) VALUES ('BFF5322191624AE1B076D5BCF34BC9C8', '35', 'contentview', 'hbox', '4fd05ca9-3a9e-4d66-82df-886dfa082113', '2019-10-24T00:00:00.000+0000', 0)  on conflict (ck_id) do update set ck_class = excluded.ck_class, ck_attr = excluded.ck_attr, cv_value = excluded.cv_value, ck_user = excluded.ck_user, ct_change = excluded.ct_change, cl_required = excluded.cl_required;
INSERT INTO s_mt.t_class_attr(ck_id, ck_class, ck_attr, cv_value, ck_user, ct_change, cl_required) VALUES ('171', '35', 'disabled', 'false', '10020785', '2018-07-09T00:00:00.000+0000', 0)  on conflict (ck_id) do update set ck_class = excluded.ck_class, ck_attr = excluded.ck_attr, cv_value = excluded.cv_value, ck_user = excluded.ck_user, ct_change = excluded.ct_change, cl_required = excluded.cl_required;
INSERT INTO s_mt.t_class_attr(ck_id, ck_class, ck_attr, cv_value, ck_user, ct_change, cl_required) VALUES ('1258', '35', 'disabledrules', null, '10020785', '2018-07-09T00:00:00.000+0000', 0)  on conflict (ck_id) do update set ck_class = excluded.ck_class, ck_attr = excluded.ck_attr, cv_value = excluded.cv_value, ck_user = excluded.ck_user, ct_change = excluded.ct_change, cl_required = excluded.cl_required;
INSERT INTO s_mt.t_class_attr(ck_id, ck_class, ck_attr, cv_value, ck_user, ct_change, cl_required) VALUES ('1302', '35', 'hiddenrules', null, '10020785', '2018-09-02T00:00:00.000+0000', 0)  on conflict (ck_id) do update set ck_class = excluded.ck_class, ck_attr = excluded.ck_attr, cv_value = excluded.cv_value, ck_user = excluded.ck_user, ct_change = excluded.ct_change, cl_required = excluded.cl_required;
INSERT INTO s_mt.t_class_attr(ck_id, ck_class, ck_attr, cv_value, ck_user, ct_change, cl_required) VALUES ('1156', '35', 'reqsel', 'true', '10020785', '2018-07-09T00:00:00.000+0000', 0)  on conflict (ck_id) do update set ck_class = excluded.ck_class, ck_attr = excluded.ck_attr, cv_value = excluded.cv_value, ck_user = excluded.ck_user, ct_change = excluded.ct_change, cl_required = excluded.cl_required;
INSERT INTO s_mt.t_class_attr(ck_id, ck_class, ck_attr, cv_value, ck_user, ct_change, cl_required) VALUES ('174', '35', 'type', 'TABPANEL', '10020785', '2018-07-09T00:00:00.000+0000', 1)  on conflict (ck_id) do update set ck_class = excluded.ck_class, ck_attr = excluded.ck_attr, cv_value = excluded.cv_value, ck_user = excluded.ck_user, ct_change = excluded.ct_change, cl_required = excluded.cl_required;
select pkg_patcher.p_clear_attr('35'::varchar, '["align","childs","contentview","disabled","disabledrules","hiddenrules","reqsel","type"]'::jsonb);
INSERT INTO s_mt.t_class(ck_id, cv_name, cv_description, cl_final, cl_dataset, ck_user, ct_change) VALUES ('2BB74480D7E2455B97AED5B3A070FE35', 'Theme Combo', 'Выбор темы', 1, 1, '4fd05ca9-3a9e-4d66-82df-886dfa082113', '2019-10-24T00:00:00.000+0000')  on conflict (ck_id) do update set cv_name = excluded.cv_name, cv_description = excluded.cv_description, cl_final = excluded.cl_final, cl_dataset = excluded.cl_dataset, ck_user = excluded.ck_user, ct_change = excluded.ct_change;
INSERT INTO s_mt.t_class_attr(ck_id, ck_class, ck_attr, cv_value, ck_user, ct_change, cl_required) VALUES ('4CAA18EABF83432A80EC40445AC89D82', '2BB74480D7E2455B97AED5B3A070FE35', 'type', 'THEME_COMBO', '4fd05ca9-3a9e-4d66-82df-886dfa082113', '2019-10-24T00:00:00.000+0000', 1)  on conflict (ck_id) do update set ck_class = excluded.ck_class, ck_attr = excluded.ck_attr, cv_value = excluded.cv_value, ck_user = excluded.ck_user, ct_change = excluded.ct_change, cl_required = excluded.cl_required;
select pkg_patcher.p_clear_attr('2BB74480D7E2455B97AED5B3A070FE35'::varchar, '["type"]'::jsonb);
INSERT INTO s_mt.t_class(ck_id, cv_name, cv_description, cl_final, cl_dataset, ck_user, ct_change) VALUES ('BA125F895507411E8730C07D3AD26A3A', 'Tool Bar Panel', 'Контейнер меню', 1, 0, '4fd05ca9-3a9e-4d66-82df-886dfa082113', '2019-10-03T00:00:00.000+0000')  on conflict (ck_id) do update set cv_name = excluded.cv_name, cv_description = excluded.cv_description, cl_final = excluded.cl_final, cl_dataset = excluded.cl_dataset, ck_user = excluded.ck_user, ct_change = excluded.ct_change;
INSERT INTO s_mt.t_class_attr(ck_id, ck_class, ck_attr, cv_value, ck_user, ct_change, cl_required) VALUES ('0A71556DD08146C496C07ED8E2375751', 'BA125F895507411E8730C07D3AD26A3A', 'childs', null, '4fd05ca9-3a9e-4d66-82df-886dfa082113', '2019-10-03T00:00:00.000+0000', 0)  on conflict (ck_id) do update set ck_class = excluded.ck_class, ck_attr = excluded.ck_attr, cv_value = excluded.cv_value, ck_user = excluded.ck_user, ct_change = excluded.ct_change, cl_required = excluded.cl_required;
INSERT INTO s_mt.t_class_attr(ck_id, ck_class, ck_attr, cv_value, ck_user, ct_change, cl_required) VALUES ('76C3C787FB4340B68606E3BD6DEC6E64', 'BA125F895507411E8730C07D3AD26A3A', 'contentview', 'hbox', '4fd05ca9-3a9e-4d66-82df-886dfa082113', '2019-10-03T00:00:00.000+0000', 0)  on conflict (ck_id) do update set ck_class = excluded.ck_class, ck_attr = excluded.ck_attr, cv_value = excluded.cv_value, ck_user = excluded.ck_user, ct_change = excluded.ct_change, cl_required = excluded.cl_required;
INSERT INTO s_mt.t_class_attr(ck_id, ck_class, ck_attr, cv_value, ck_user, ct_change, cl_required) VALUES ('F735AFB542F74B408F52A184AA470E3E', 'BA125F895507411E8730C07D3AD26A3A', 'height', null, '4fd05ca9-3a9e-4d66-82df-886dfa082113', '2019-10-03T00:00:00.000+0000', 0)  on conflict (ck_id) do update set ck_class = excluded.ck_class, ck_attr = excluded.ck_attr, cv_value = excluded.cv_value, ck_user = excluded.ck_user, ct_change = excluded.ct_change, cl_required = excluded.cl_required;
INSERT INTO s_mt.t_class_attr(ck_id, ck_class, ck_attr, cv_value, ck_user, ct_change, cl_required) VALUES ('E103BDD26D2E46EDAD4EE0FBD0949464', 'BA125F895507411E8730C07D3AD26A3A', 'type', 'TOOL_BAR', '4fd05ca9-3a9e-4d66-82df-886dfa082113', '2019-10-04T00:00:00.000+0000', 0)  on conflict (ck_id) do update set ck_class = excluded.ck_class, ck_attr = excluded.ck_attr, cv_value = excluded.cv_value, ck_user = excluded.ck_user, ct_change = excluded.ct_change, cl_required = excluded.cl_required;
INSERT INTO s_mt.t_class_attr(ck_id, ck_class, ck_attr, cv_value, ck_user, ct_change, cl_required) VALUES ('5DD8186E3533490F8D377FFE1BD264AB', 'BA125F895507411E8730C07D3AD26A3A', 'width', null, '4fd05ca9-3a9e-4d66-82df-886dfa082113', '2019-10-03T00:00:00.000+0000', 0)  on conflict (ck_id) do update set ck_class = excluded.ck_class, ck_attr = excluded.ck_attr, cv_value = excluded.cv_value, ck_user = excluded.ck_user, ct_change = excluded.ct_change, cl_required = excluded.cl_required;
select pkg_patcher.p_clear_attr('BA125F895507411E8730C07D3AD26A3A'::varchar, '["childs","contentview","height","type","width"]'::jsonb);
INSERT INTO s_mt.t_class(ck_id, cv_name, cv_description, cl_final, cl_dataset, ck_user, ct_change) VALUES ('32', 'Window', 'Окно', 0, 0, '20848', '2019-08-18T00:00:00.000+0000')  on conflict (ck_id) do update set cv_name = excluded.cv_name, cv_description = excluded.cv_description, cl_final = excluded.cl_final, cl_dataset = excluded.cl_dataset, ck_user = excluded.ck_user, ct_change = excluded.ct_change;
INSERT INTO s_mt.t_class_attr(ck_id, ck_class, ck_attr, cv_value, ck_user, ct_change, cl_required) VALUES ('132', '32', 'bottombtn', null, '10020785', '2018-07-09T00:00:00.000+0000', 0)  on conflict (ck_id) do update set ck_class = excluded.ck_class, ck_attr = excluded.ck_attr, cv_value = excluded.cv_value, ck_user = excluded.ck_user, ct_change = excluded.ct_change, cl_required = excluded.cl_required;
INSERT INTO s_mt.t_class_attr(ck_id, ck_class, ck_attr, cv_value, ck_user, ct_change, cl_required) VALUES ('18169', '32', 'checkaddmore', null, '10020785', '2018-08-20T00:00:00.000+0000', 0)  on conflict (ck_id) do update set ck_class = excluded.ck_class, ck_attr = excluded.ck_attr, cv_value = excluded.cv_value, ck_user = excluded.ck_user, ct_change = excluded.ct_change, cl_required = excluded.cl_required;
INSERT INTO s_mt.t_class_attr(ck_id, ck_class, ck_attr, cv_value, ck_user, ct_change, cl_required) VALUES ('138', '32', 'childs', null, '10020785', '2018-07-09T00:00:00.000+0000', 0)  on conflict (ck_id) do update set ck_class = excluded.ck_class, ck_attr = excluded.ck_attr, cv_value = excluded.cv_value, ck_user = excluded.ck_user, ct_change = excluded.ct_change, cl_required = excluded.cl_required;
INSERT INTO s_mt.t_class_attr(ck_id, ck_class, ck_attr, cv_value, ck_user, ct_change, cl_required) VALUES ('1029', '32', 'ckwindow', null, '10020785', '2018-07-09T00:00:00.000+0000', 0)  on conflict (ck_id) do update set ck_class = excluded.ck_class, ck_attr = excluded.ck_attr, cv_value = excluded.cv_value, ck_user = excluded.ck_user, ct_change = excluded.ct_change, cl_required = excluded.cl_required;
INSERT INTO s_mt.t_class_attr(ck_id, ck_class, ck_attr, cv_value, ck_user, ct_change, cl_required) VALUES ('1969', '32', 'collectionvalues', 'object', '10020785', '2018-07-09T00:00:00.000+0000', 0)  on conflict (ck_id) do update set ck_class = excluded.ck_class, ck_attr = excluded.ck_attr, cv_value = excluded.cv_value, ck_user = excluded.ck_user, ct_change = excluded.ct_change, cl_required = excluded.cl_required;
INSERT INTO s_mt.t_class_attr(ck_id, ck_class, ck_attr, cv_value, ck_user, ct_change, cl_required) VALUES ('66ED889D917044D095AB3BD8B7376CE6', '32', 'datatype', 'WINDOW', '4fd05ca9-3a9e-4d66-82df-886dfa082113', '2019-10-17T00:00:00.000+0000', 0)  on conflict (ck_id) do update set ck_class = excluded.ck_class, ck_attr = excluded.ck_attr, cv_value = excluded.cv_value, ck_user = excluded.ck_user, ct_change = excluded.ct_change, cl_required = excluded.cl_required;
INSERT INTO s_mt.t_class_attr(ck_id, ck_class, ck_attr, cv_value, ck_user, ct_change, cl_required) VALUES ('1620', '32', 'height', null, '10020785', '2018-09-12T00:00:00.000+0000', 0)  on conflict (ck_id) do update set ck_class = excluded.ck_class, ck_attr = excluded.ck_attr, cv_value = excluded.cv_value, ck_user = excluded.ck_user, ct_change = excluded.ct_change, cl_required = excluded.cl_required;
INSERT INTO s_mt.t_class_attr(ck_id, ck_class, ck_attr, cv_value, ck_user, ct_change, cl_required) VALUES ('1575', '32', 'maxheight', null, '10020785', '2018-09-12T00:00:00.000+0000', 0)  on conflict (ck_id) do update set ck_class = excluded.ck_class, ck_attr = excluded.ck_attr, cv_value = excluded.cv_value, ck_user = excluded.ck_user, ct_change = excluded.ct_change, cl_required = excluded.cl_required;
INSERT INTO s_mt.t_class_attr(ck_id, ck_class, ck_attr, cv_value, ck_user, ct_change, cl_required) VALUES ('1530', '32', 'minheight', null, '10020785', '2018-09-12T00:00:00.000+0000', 0)  on conflict (ck_id) do update set ck_class = excluded.ck_class, ck_attr = excluded.ck_attr, cv_value = excluded.cv_value, ck_user = excluded.ck_user, ct_change = excluded.ct_change, cl_required = excluded.cl_required;
INSERT INTO s_mt.t_class_attr(ck_id, ck_class, ck_attr, cv_value, ck_user, ct_change, cl_required) VALUES ('130', '32', 'type', 'WIN', '10020785', '2018-07-09T00:00:00.000+0000', 1)  on conflict (ck_id) do update set ck_class = excluded.ck_class, ck_attr = excluded.ck_attr, cv_value = excluded.cv_value, ck_user = excluded.ck_user, ct_change = excluded.ct_change, cl_required = excluded.cl_required;
INSERT INTO s_mt.t_class_attr(ck_id, ck_class, ck_attr, cv_value, ck_user, ct_change, cl_required) VALUES ('146', '32', 'wintype', 'default', '10020785', '2018-07-09T00:00:00.000+0000', 0)  on conflict (ck_id) do update set ck_class = excluded.ck_class, ck_attr = excluded.ck_attr, cv_value = excluded.cv_value, ck_user = excluded.ck_user, ct_change = excluded.ct_change, cl_required = excluded.cl_required;
select pkg_patcher.p_clear_attr('32'::varchar, '["bottombtn","checkaddmore","childs","ckwindow","collectionvalues","datatype","height","maxheight","minheight","type","wintype"]'::jsonb);
INSERT INTO s_mt.t_class(ck_id, cv_name, cv_description, cl_final, cl_dataset, ck_user, ct_change) VALUES ('DF451F5CC0A54F8791C4DFAC12DAE42E', 'Window Drawer', 'Окно для открытия слева / справа в виде drawer', 0, 0, '4fd05ca9-3a9e-4d66-82df-886dfa082113', '2019-10-24T00:00:00.000+0000')  on conflict (ck_id) do update set cv_name = excluded.cv_name, cv_description = excluded.cv_description, cl_final = excluded.cl_final, cl_dataset = excluded.cl_dataset, ck_user = excluded.ck_user, ct_change = excluded.ct_change;
INSERT INTO s_mt.t_class_attr(ck_id, ck_class, ck_attr, cv_value, ck_user, ct_change, cl_required) VALUES ('FF9AC3D8E746481687532056DAB095AB', 'DF451F5CC0A54F8791C4DFAC12DAE42E', 'align', 'left', '4fd05ca9-3a9e-4d66-82df-886dfa082113', '2019-10-17T00:00:00.000+0000', 0)  on conflict (ck_id) do update set ck_class = excluded.ck_class, ck_attr = excluded.ck_attr, cv_value = excluded.cv_value, ck_user = excluded.ck_user, ct_change = excluded.ct_change, cl_required = excluded.cl_required;
INSERT INTO s_mt.t_class_attr(ck_id, ck_class, ck_attr, cv_value, ck_user, ct_change, cl_required) VALUES ('E2D0A96506384965A7B2666E5D2D1970', 'DF451F5CC0A54F8791C4DFAC12DAE42E', 'childs', null, '4fd05ca9-3a9e-4d66-82df-886dfa082113', '2019-10-21T00:00:00.000+0000', 0)  on conflict (ck_id) do update set ck_class = excluded.ck_class, ck_attr = excluded.ck_attr, cv_value = excluded.cv_value, ck_user = excluded.ck_user, ct_change = excluded.ct_change, cl_required = excluded.cl_required;
INSERT INTO s_mt.t_class_attr(ck_id, ck_class, ck_attr, cv_value, ck_user, ct_change, cl_required) VALUES ('EC07783AE2E8459EBE2E6772E439D782', 'DF451F5CC0A54F8791C4DFAC12DAE42E', 'ckwindow', null, '4fd05ca9-3a9e-4d66-82df-886dfa082113', '2019-10-17T00:00:00.000+0000', 0)  on conflict (ck_id) do update set ck_class = excluded.ck_class, ck_attr = excluded.ck_attr, cv_value = excluded.cv_value, ck_user = excluded.ck_user, ct_change = excluded.ct_change, cl_required = excluded.cl_required;
INSERT INTO s_mt.t_class_attr(ck_id, ck_class, ck_attr, cv_value, ck_user, ct_change, cl_required) VALUES ('FA27F0B951484FC881332EE953424E81', 'DF451F5CC0A54F8791C4DFAC12DAE42E', 'datatype', 'DRAWER', '4fd05ca9-3a9e-4d66-82df-886dfa082113', '2019-10-17T00:00:00.000+0000', 0)  on conflict (ck_id) do update set ck_class = excluded.ck_class, ck_attr = excluded.ck_attr, cv_value = excluded.cv_value, ck_user = excluded.ck_user, ct_change = excluded.ct_change, cl_required = excluded.cl_required;
INSERT INTO s_mt.t_class_attr(ck_id, ck_class, ck_attr, cv_value, ck_user, ct_change, cl_required) VALUES ('6145FC24CDCD49EE97C24B1A7AF17C19', 'DF451F5CC0A54F8791C4DFAC12DAE42E', 'height', '100%', '4fd05ca9-3a9e-4d66-82df-886dfa082113', '2019-10-17T00:00:00.000+0000', 0)  on conflict (ck_id) do update set ck_class = excluded.ck_class, ck_attr = excluded.ck_attr, cv_value = excluded.cv_value, ck_user = excluded.ck_user, ct_change = excluded.ct_change, cl_required = excluded.cl_required;
INSERT INTO s_mt.t_class_attr(ck_id, ck_class, ck_attr, cv_value, ck_user, ct_change, cl_required) VALUES ('864DA76926E944B58A1B903B1B5B6665', 'DF451F5CC0A54F8791C4DFAC12DAE42E', 'top', '45', '4fd05ca9-3a9e-4d66-82df-886dfa082113', '2019-10-17T00:00:00.000+0000', 0)  on conflict (ck_id) do update set ck_class = excluded.ck_class, ck_attr = excluded.ck_attr, cv_value = excluded.cv_value, ck_user = excluded.ck_user, ct_change = excluded.ct_change, cl_required = excluded.cl_required;
INSERT INTO s_mt.t_class_attr(ck_id, ck_class, ck_attr, cv_value, ck_user, ct_change, cl_required) VALUES ('31077E6F519A404E8D5DECE99EF9D2C3', 'DF451F5CC0A54F8791C4DFAC12DAE42E', 'type', 'WIN', '4fd05ca9-3a9e-4d66-82df-886dfa082113', '2019-10-17T00:00:00.000+0000', 0)  on conflict (ck_id) do update set ck_class = excluded.ck_class, ck_attr = excluded.ck_attr, cv_value = excluded.cv_value, ck_user = excluded.ck_user, ct_change = excluded.ct_change, cl_required = excluded.cl_required;
INSERT INTO s_mt.t_class_attr(ck_id, ck_class, ck_attr, cv_value, ck_user, ct_change, cl_required) VALUES ('8FFBC8F0C42E4CC2A108DE0AABD1A5A3', 'DF451F5CC0A54F8791C4DFAC12DAE42E', 'width', '30%', '4fd05ca9-3a9e-4d66-82df-886dfa082113', '2019-10-17T00:00:00.000+0000', 0)  on conflict (ck_id) do update set ck_class = excluded.ck_class, ck_attr = excluded.ck_attr, cv_value = excluded.cv_value, ck_user = excluded.ck_user, ct_change = excluded.ct_change, cl_required = excluded.cl_required;
select pkg_patcher.p_clear_attr('DF451F5CC0A54F8791C4DFAC12DAE42E'::varchar, '["align","childs","ckwindow","datatype","height","top","type","width"]'::jsonb);
INSERT INTO s_mt.t_class_hierarchy(ck_id, ck_class_parent, ck_class_child, ck_class_attr, ck_user, ct_change) VALUES ('1', '8', '9', '8', '-11', '2018-02-22T00:00:00.000+0000')  on conflict on constraint cin_c_class_hierarchy_1 do update set ck_class_parent = excluded.ck_class_parent, ck_class_child = excluded.ck_class_child, ck_class_attr = excluded.ck_class_attr, ck_user = excluded.ck_user, ct_change = excluded.ct_change;
INSERT INTO s_mt.t_class_hierarchy(ck_id, ck_class_parent, ck_class_child, ck_class_attr, ck_user, ct_change) VALUES ('10', '18', '9', '27', '-11', '2018-02-22T00:00:00.000+0000')  on conflict on constraint cin_c_class_hierarchy_1 do update set ck_class_parent = excluded.ck_class_parent, ck_class_child = excluded.ck_class_child, ck_class_attr = excluded.ck_class_attr, ck_user = excluded.ck_user, ct_change = excluded.ct_change;
INSERT INTO s_mt.t_class_hierarchy(ck_id, ck_class_parent, ck_class_child, ck_class_attr, ck_user, ct_change) VALUES ('105', '18', '57', '27', '-11', '2018-02-22T00:00:00.000+0000')  on conflict on constraint cin_c_class_hierarchy_1 do update set ck_class_parent = excluded.ck_class_parent, ck_class_child = excluded.ck_class_child, ck_class_attr = excluded.ck_class_attr, ck_user = excluded.ck_user, ct_change = excluded.ct_change;
INSERT INTO s_mt.t_class_hierarchy(ck_id, ck_class_parent, ck_class_child, ck_class_attr, ck_user, ct_change) VALUES ('106', '8', '57', '8', '-11', '2018-02-22T00:00:00.000+0000')  on conflict on constraint cin_c_class_hierarchy_1 do update set ck_class_parent = excluded.ck_class_parent, ck_class_child = excluded.ck_class_child, ck_class_attr = excluded.ck_class_attr, ck_user = excluded.ck_user, ct_change = excluded.ct_change;
INSERT INTO s_mt.t_class_hierarchy(ck_id, ck_class_parent, ck_class_child, ck_class_attr, ck_user, ct_change) VALUES ('107', '38', '57', '306', '-11', '2018-02-22T00:00:00.000+0000')  on conflict on constraint cin_c_class_hierarchy_1 do update set ck_class_parent = excluded.ck_class_parent, ck_class_child = excluded.ck_class_child, ck_class_attr = excluded.ck_class_attr, ck_user = excluded.ck_user, ct_change = excluded.ct_change;
INSERT INTO s_mt.t_class_hierarchy(ck_id, ck_class_parent, ck_class_child, ck_class_attr, ck_user, ct_change) VALUES ('108', '58', '29', '382', '-11', '2018-02-22T00:00:00.000+0000')  on conflict on constraint cin_c_class_hierarchy_1 do update set ck_class_parent = excluded.ck_class_parent, ck_class_child = excluded.ck_class_child, ck_class_attr = excluded.ck_class_attr, ck_user = excluded.ck_user, ct_change = excluded.ct_change;
INSERT INTO s_mt.t_class_hierarchy(ck_id, ck_class_parent, ck_class_child, ck_class_attr, ck_user, ct_change) VALUES ('109', '58', '31', '382', '-11', '2018-02-22T00:00:00.000+0000')  on conflict on constraint cin_c_class_hierarchy_1 do update set ck_class_parent = excluded.ck_class_parent, ck_class_child = excluded.ck_class_child, ck_class_attr = excluded.ck_class_attr, ck_user = excluded.ck_user, ct_change = excluded.ct_change;
INSERT INTO s_mt.t_class_hierarchy(ck_id, ck_class_parent, ck_class_child, ck_class_attr, ck_user, ct_change) VALUES ('11', '8', '19', '30', '-11', '2018-02-22T00:00:00.000+0000')  on conflict on constraint cin_c_class_hierarchy_1 do update set ck_class_parent = excluded.ck_class_parent, ck_class_child = excluded.ck_class_child, ck_class_attr = excluded.ck_class_attr, ck_user = excluded.ck_user, ct_change = excluded.ct_change;
INSERT INTO s_mt.t_class_hierarchy(ck_id, ck_class_parent, ck_class_child, ck_class_attr, ck_user, ct_change) VALUES ('110', '58', '30', '382', '-11', '2018-02-22T00:00:00.000+0000')  on conflict on constraint cin_c_class_hierarchy_1 do update set ck_class_parent = excluded.ck_class_parent, ck_class_child = excluded.ck_class_child, ck_class_attr = excluded.ck_class_attr, ck_user = excluded.ck_user, ct_change = excluded.ct_change;
INSERT INTO s_mt.t_class_hierarchy(ck_id, ck_class_parent, ck_class_child, ck_class_attr, ck_user, ct_change) VALUES ('111', '58', '38', '382', '-11', '2018-02-22T00:00:00.000+0000')  on conflict on constraint cin_c_class_hierarchy_1 do update set ck_class_parent = excluded.ck_class_parent, ck_class_child = excluded.ck_class_child, ck_class_attr = excluded.ck_class_attr, ck_user = excluded.ck_user, ct_change = excluded.ct_change;
INSERT INTO s_mt.t_class_hierarchy(ck_id, ck_class_parent, ck_class_child, ck_class_attr, ck_user, ct_change) VALUES ('112', '58', '27', '382', '-11', '2018-02-22T00:00:00.000+0000')  on conflict on constraint cin_c_class_hierarchy_1 do update set ck_class_parent = excluded.ck_class_parent, ck_class_child = excluded.ck_class_child, ck_class_attr = excluded.ck_class_attr, ck_user = excluded.ck_user, ct_change = excluded.ct_change;
INSERT INTO s_mt.t_class_hierarchy(ck_id, ck_class_parent, ck_class_child, ck_class_attr, ck_user, ct_change) VALUES ('113', '58', '28', '382', '-11', '2018-02-22T00:00:00.000+0000')  on conflict on constraint cin_c_class_hierarchy_1 do update set ck_class_parent = excluded.ck_class_parent, ck_class_child = excluded.ck_class_child, ck_class_attr = excluded.ck_class_attr, ck_user = excluded.ck_user, ct_change = excluded.ct_change;
INSERT INTO s_mt.t_class_hierarchy(ck_id, ck_class_parent, ck_class_child, ck_class_attr, ck_user, ct_change) VALUES ('114', '58', '37', '382', '-11', '2018-02-22T00:00:00.000+0000')  on conflict on constraint cin_c_class_hierarchy_1 do update set ck_class_parent = excluded.ck_class_parent, ck_class_child = excluded.ck_class_child, ck_class_attr = excluded.ck_class_attr, ck_user = excluded.ck_user, ct_change = excluded.ct_change;
INSERT INTO s_mt.t_class_hierarchy(ck_id, ck_class_parent, ck_class_child, ck_class_attr, ck_user, ct_change) VALUES ('115', '58', '26', '382', '-11', '2018-02-22T00:00:00.000+0000')  on conflict on constraint cin_c_class_hierarchy_1 do update set ck_class_parent = excluded.ck_class_parent, ck_class_child = excluded.ck_class_child, ck_class_attr = excluded.ck_class_attr, ck_user = excluded.ck_user, ct_change = excluded.ct_change;
INSERT INTO s_mt.t_class_hierarchy(ck_id, ck_class_parent, ck_class_child, ck_class_attr, ck_user, ct_change) VALUES ('116', '8', '58', '391', '-11', '2018-02-22T00:00:00.000+0000')  on conflict on constraint cin_c_class_hierarchy_1 do update set ck_class_parent = excluded.ck_class_parent, ck_class_child = excluded.ck_class_child, ck_class_attr = excluded.ck_class_attr, ck_user = excluded.ck_user, ct_change = excluded.ct_change;
INSERT INTO s_mt.t_class_hierarchy(ck_id, ck_class_parent, ck_class_child, ck_class_attr, ck_user, ct_change) VALUES ('117', '18', '58', '392', '-11', '2018-02-22T00:00:00.000+0000')  on conflict on constraint cin_c_class_hierarchy_1 do update set ck_class_parent = excluded.ck_class_parent, ck_class_child = excluded.ck_class_child, ck_class_attr = excluded.ck_class_attr, ck_user = excluded.ck_user, ct_change = excluded.ct_change;
INSERT INTO s_mt.t_class_hierarchy(ck_id, ck_class_parent, ck_class_child, ck_class_attr, ck_user, ct_change) VALUES ('125', '9', '38', '39', '-11', '2018-02-22T00:00:00.000+0000')  on conflict on constraint cin_c_class_hierarchy_1 do update set ck_class_parent = excluded.ck_class_parent, ck_class_child = excluded.ck_class_child, ck_class_attr = excluded.ck_class_attr, ck_user = excluded.ck_user, ct_change = excluded.ct_change;
INSERT INTO s_mt.t_class_hierarchy(ck_id, ck_class_parent, ck_class_child, ck_class_attr, ck_user, ct_change) VALUES ('126', '9', '37', '39', '-11', '2018-02-22T00:00:00.000+0000')  on conflict on constraint cin_c_class_hierarchy_1 do update set ck_class_parent = excluded.ck_class_parent, ck_class_child = excluded.ck_class_child, ck_class_attr = excluded.ck_class_attr, ck_user = excluded.ck_user, ct_change = excluded.ct_change;
INSERT INTO s_mt.t_class_hierarchy(ck_id, ck_class_parent, ck_class_child, ck_class_attr, ck_user, ct_change) VALUES ('127', '8', '77', '8', '-11', '2018-02-22T00:00:00.000+0000')  on conflict on constraint cin_c_class_hierarchy_1 do update set ck_class_parent = excluded.ck_class_parent, ck_class_child = excluded.ck_class_child, ck_class_attr = excluded.ck_class_attr, ck_user = excluded.ck_user, ct_change = excluded.ct_change;
INSERT INTO s_mt.t_class_hierarchy(ck_id, ck_class_parent, ck_class_child, ck_class_attr, ck_user, ct_change) VALUES ('128', '18', '77', '27', '-11', '2018-02-22T00:00:00.000+0000')  on conflict on constraint cin_c_class_hierarchy_1 do update set ck_class_parent = excluded.ck_class_parent, ck_class_child = excluded.ck_class_child, ck_class_attr = excluded.ck_class_attr, ck_user = excluded.ck_user, ct_change = excluded.ct_change;
INSERT INTO s_mt.t_class_hierarchy(ck_id, ck_class_parent, ck_class_child, ck_class_attr, ck_user, ct_change) VALUES ('129', '38', '77', '306', '-11', '2018-02-22T00:00:00.000+0000')  on conflict on constraint cin_c_class_hierarchy_1 do update set ck_class_parent = excluded.ck_class_parent, ck_class_child = excluded.ck_class_child, ck_class_attr = excluded.ck_class_attr, ck_user = excluded.ck_user, ct_change = excluded.ct_change;
INSERT INTO s_mt.t_class_hierarchy(ck_id, ck_class_parent, ck_class_child, ck_class_attr, ck_user, ct_change) VALUES ('13', '18', '19', '31', '-11', '2018-02-22T00:00:00.000+0000')  on conflict on constraint cin_c_class_hierarchy_1 do update set ck_class_parent = excluded.ck_class_parent, ck_class_child = excluded.ck_class_child, ck_class_attr = excluded.ck_class_attr, ck_user = excluded.ck_user, ct_change = excluded.ct_change;
INSERT INTO s_mt.t_class_hierarchy(ck_id, ck_class_parent, ck_class_child, ck_class_attr, ck_user, ct_change) VALUES ('130', '37', '77', '270', '-11', '2018-02-22T00:00:00.000+0000')  on conflict on constraint cin_c_class_hierarchy_1 do update set ck_class_parent = excluded.ck_class_parent, ck_class_child = excluded.ck_class_child, ck_class_attr = excluded.ck_class_attr, ck_user = excluded.ck_user, ct_change = excluded.ct_change;
INSERT INTO s_mt.t_class_hierarchy(ck_id, ck_class_parent, ck_class_child, ck_class_attr, ck_user, ct_change) VALUES ('131', '37', '11', '270', '-11', '2018-02-22T00:00:00.000+0000')  on conflict on constraint cin_c_class_hierarchy_1 do update set ck_class_parent = excluded.ck_class_parent, ck_class_child = excluded.ck_class_child, ck_class_attr = excluded.ck_class_attr, ck_user = excluded.ck_user, ct_change = excluded.ct_change;
INSERT INTO s_mt.t_class_hierarchy(ck_id, ck_class_parent, ck_class_child, ck_class_attr, ck_user, ct_change) VALUES ('132', '38', '36', '306', '-11', '2018-02-22T00:00:00.000+0000')  on conflict on constraint cin_c_class_hierarchy_1 do update set ck_class_parent = excluded.ck_class_parent, ck_class_child = excluded.ck_class_child, ck_class_attr = excluded.ck_class_attr, ck_user = excluded.ck_user, ct_change = excluded.ct_change;
INSERT INTO s_mt.t_class_hierarchy(ck_id, ck_class_parent, ck_class_child, ck_class_attr, ck_user, ct_change) VALUES ('133', '37', '36', '270', '-11', '2018-02-22T00:00:00.000+0000')  on conflict on constraint cin_c_class_hierarchy_1 do update set ck_class_parent = excluded.ck_class_parent, ck_class_child = excluded.ck_class_child, ck_class_attr = excluded.ck_class_attr, ck_user = excluded.ck_user, ct_change = excluded.ct_change;
INSERT INTO s_mt.t_class_hierarchy(ck_id, ck_class_parent, ck_class_child, ck_class_attr, ck_user, ct_change) VALUES ('145', '32', '97', '138', '-11', '2018-02-22T00:00:00.000+0000')  on conflict on constraint cin_c_class_hierarchy_1 do update set ck_class_parent = excluded.ck_class_parent, ck_class_child = excluded.ck_class_child, ck_class_attr = excluded.ck_class_attr, ck_user = excluded.ck_user, ct_change = excluded.ct_change;
INSERT INTO s_mt.t_class_hierarchy(ck_id, ck_class_parent, ck_class_child, ck_class_attr, ck_user, ct_change) VALUES ('146', '58', '97', '382', '-11', '2018-02-22T00:00:00.000+0000')  on conflict on constraint cin_c_class_hierarchy_1 do update set ck_class_parent = excluded.ck_class_parent, ck_class_child = excluded.ck_class_child, ck_class_attr = excluded.ck_class_attr, ck_user = excluded.ck_user, ct_change = excluded.ct_change;
INSERT INTO s_mt.t_class_hierarchy(ck_id, ck_class_parent, ck_class_child, ck_class_attr, ck_user, ct_change) VALUES ('147', '37', '58', '519', '-11', '2018-02-22T00:00:00.000+0000')  on conflict on constraint cin_c_class_hierarchy_1 do update set ck_class_parent = excluded.ck_class_parent, ck_class_child = excluded.ck_class_child, ck_class_attr = excluded.ck_class_attr, ck_user = excluded.ck_user, ct_change = excluded.ct_change;
INSERT INTO s_mt.t_class_hierarchy(ck_id, ck_class_parent, ck_class_child, ck_class_attr, ck_user, ct_change) VALUES ('148', '38', '58', '520', '-11', '2018-02-22T00:00:00.000+0000')  on conflict on constraint cin_c_class_hierarchy_1 do update set ck_class_parent = excluded.ck_class_parent, ck_class_child = excluded.ck_class_child, ck_class_attr = excluded.ck_class_attr, ck_user = excluded.ck_user, ct_change = excluded.ct_change;
INSERT INTO s_mt.t_class_hierarchy(ck_id, ck_class_parent, ck_class_child, ck_class_attr, ck_user, ct_change) VALUES ('149', '17', '26', '524', '-11', '2018-02-22T00:00:00.000+0000')  on conflict on constraint cin_c_class_hierarchy_1 do update set ck_class_parent = excluded.ck_class_parent, ck_class_child = excluded.ck_class_child, ck_class_attr = excluded.ck_class_attr, ck_user = excluded.ck_user, ct_change = excluded.ct_change;
INSERT INTO s_mt.t_class_hierarchy(ck_id, ck_class_parent, ck_class_child, ck_class_attr, ck_user, ct_change) VALUES ('150', '17', '37', '524', '-11', '2018-02-22T00:00:00.000+0000')  on conflict on constraint cin_c_class_hierarchy_1 do update set ck_class_parent = excluded.ck_class_parent, ck_class_child = excluded.ck_class_child, ck_class_attr = excluded.ck_class_attr, ck_user = excluded.ck_user, ct_change = excluded.ct_change;
INSERT INTO s_mt.t_class_hierarchy(ck_id, ck_class_parent, ck_class_child, ck_class_attr, ck_user, ct_change) VALUES ('151', '17', '38', '524', '-11', '2018-02-22T00:00:00.000+0000')  on conflict on constraint cin_c_class_hierarchy_1 do update set ck_class_parent = excluded.ck_class_parent, ck_class_child = excluded.ck_class_child, ck_class_attr = excluded.ck_class_attr, ck_user = excluded.ck_user, ct_change = excluded.ct_change;
INSERT INTO s_mt.t_class_hierarchy(ck_id, ck_class_parent, ck_class_child, ck_class_attr, ck_user, ct_change) VALUES ('197', '137', '19', '619', '-11', '2018-02-22T00:00:00.000+0000')  on conflict on constraint cin_c_class_hierarchy_1 do update set ck_class_parent = excluded.ck_class_parent, ck_class_child = excluded.ck_class_child, ck_class_attr = excluded.ck_class_attr, ck_user = excluded.ck_user, ct_change = excluded.ct_change;
INSERT INTO s_mt.t_class_hierarchy(ck_id, ck_class_parent, ck_class_child, ck_class_attr, ck_user, ct_change) VALUES ('2', '8', '10', '8', '-11', '2018-02-22T00:00:00.000+0000')  on conflict on constraint cin_c_class_hierarchy_1 do update set ck_class_parent = excluded.ck_class_parent, ck_class_child = excluded.ck_class_child, ck_class_attr = excluded.ck_class_attr, ck_user = excluded.ck_user, ct_change = excluded.ct_change;
INSERT INTO s_mt.t_class_hierarchy(ck_id, ck_class_parent, ck_class_child, ck_class_attr, ck_user, ct_change) VALUES ('202', '137', '1', '621', '-11', '2018-02-22T00:00:00.000+0000')  on conflict on constraint cin_c_class_hierarchy_1 do update set ck_class_parent = excluded.ck_class_parent, ck_class_child = excluded.ck_class_child, ck_class_attr = excluded.ck_class_attr, ck_user = excluded.ck_user, ct_change = excluded.ct_change;
INSERT INTO s_mt.t_class_hierarchy(ck_id, ck_class_parent, ck_class_child, ck_class_attr, ck_user, ct_change) VALUES ('203', '137', '8', '621', '-11', '2018-02-22T00:00:00.000+0000')  on conflict on constraint cin_c_class_hierarchy_1 do update set ck_class_parent = excluded.ck_class_parent, ck_class_child = excluded.ck_class_child, ck_class_attr = excluded.ck_class_attr, ck_user = excluded.ck_user, ct_change = excluded.ct_change;
INSERT INTO s_mt.t_class_hierarchy(ck_id, ck_class_parent, ck_class_child, ck_class_attr, ck_user, ct_change) VALUES ('204', '137', '18', '621', '-11', '2018-02-22T00:00:00.000+0000')  on conflict on constraint cin_c_class_hierarchy_1 do update set ck_class_parent = excluded.ck_class_parent, ck_class_child = excluded.ck_class_child, ck_class_attr = excluded.ck_class_attr, ck_user = excluded.ck_user, ct_change = excluded.ct_change;
INSERT INTO s_mt.t_class_hierarchy(ck_id, ck_class_parent, ck_class_child, ck_class_attr, ck_user, ct_change) VALUES ('205', '137', '35', '621', '-11', '2018-02-22T00:00:00.000+0000')  on conflict on constraint cin_c_class_hierarchy_1 do update set ck_class_parent = excluded.ck_class_parent, ck_class_child = excluded.ck_class_child, ck_class_attr = excluded.ck_class_attr, ck_user = excluded.ck_user, ct_change = excluded.ct_change;
INSERT INTO s_mt.t_class_hierarchy(ck_id, ck_class_parent, ck_class_child, ck_class_attr, ck_user, ct_change) VALUES ('206', '137', '29', '621', '-11', '2018-02-22T00:00:00.000+0000')  on conflict on constraint cin_c_class_hierarchy_1 do update set ck_class_parent = excluded.ck_class_parent, ck_class_child = excluded.ck_class_child, ck_class_attr = excluded.ck_class_attr, ck_user = excluded.ck_user, ct_change = excluded.ct_change;
INSERT INTO s_mt.t_class_hierarchy(ck_id, ck_class_parent, ck_class_child, ck_class_attr, ck_user, ct_change) VALUES ('207', '137', '31', '621', '-11', '2018-02-22T00:00:00.000+0000')  on conflict on constraint cin_c_class_hierarchy_1 do update set ck_class_parent = excluded.ck_class_parent, ck_class_child = excluded.ck_class_child, ck_class_attr = excluded.ck_class_attr, ck_user = excluded.ck_user, ct_change = excluded.ct_change;
INSERT INTO s_mt.t_class_hierarchy(ck_id, ck_class_parent, ck_class_child, ck_class_attr, ck_user, ct_change) VALUES ('208', '137', '30', '621', '-11', '2018-02-22T00:00:00.000+0000')  on conflict on constraint cin_c_class_hierarchy_1 do update set ck_class_parent = excluded.ck_class_parent, ck_class_child = excluded.ck_class_child, ck_class_attr = excluded.ck_class_attr, ck_user = excluded.ck_user, ct_change = excluded.ct_change;
INSERT INTO s_mt.t_class_hierarchy(ck_id, ck_class_parent, ck_class_child, ck_class_attr, ck_user, ct_change) VALUES ('209', '137', '38', '621', '-11', '2018-02-22T00:00:00.000+0000')  on conflict on constraint cin_c_class_hierarchy_1 do update set ck_class_parent = excluded.ck_class_parent, ck_class_child = excluded.ck_class_child, ck_class_attr = excluded.ck_class_attr, ck_user = excluded.ck_user, ct_change = excluded.ct_change;
INSERT INTO s_mt.t_class_hierarchy(ck_id, ck_class_parent, ck_class_child, ck_class_attr, ck_user, ct_change) VALUES ('210', '137', '33', '621', '-11', '2018-02-22T00:00:00.000+0000')  on conflict on constraint cin_c_class_hierarchy_1 do update set ck_class_parent = excluded.ck_class_parent, ck_class_child = excluded.ck_class_child, ck_class_attr = excluded.ck_class_attr, ck_user = excluded.ck_user, ct_change = excluded.ct_change;
INSERT INTO s_mt.t_class_hierarchy(ck_id, ck_class_parent, ck_class_child, ck_class_attr, ck_user, ct_change) VALUES ('211', '137', '27', '621', '-11', '2018-02-22T00:00:00.000+0000')  on conflict on constraint cin_c_class_hierarchy_1 do update set ck_class_parent = excluded.ck_class_parent, ck_class_child = excluded.ck_class_child, ck_class_attr = excluded.ck_class_attr, ck_user = excluded.ck_user, ct_change = excluded.ct_change;
INSERT INTO s_mt.t_class_hierarchy(ck_id, ck_class_parent, ck_class_child, ck_class_attr, ck_user, ct_change) VALUES ('212', '137', '28', '621', '-11', '2018-02-22T00:00:00.000+0000')  on conflict on constraint cin_c_class_hierarchy_1 do update set ck_class_parent = excluded.ck_class_parent, ck_class_child = excluded.ck_class_child, ck_class_attr = excluded.ck_class_attr, ck_user = excluded.ck_user, ct_change = excluded.ct_change;
INSERT INTO s_mt.t_class_hierarchy(ck_id, ck_class_parent, ck_class_child, ck_class_attr, ck_user, ct_change) VALUES ('213', '137', '97', '621', '-11', '2018-02-22T00:00:00.000+0000')  on conflict on constraint cin_c_class_hierarchy_1 do update set ck_class_parent = excluded.ck_class_parent, ck_class_child = excluded.ck_class_child, ck_class_attr = excluded.ck_class_attr, ck_user = excluded.ck_user, ct_change = excluded.ct_change;
INSERT INTO s_mt.t_class_hierarchy(ck_id, ck_class_parent, ck_class_child, ck_class_attr, ck_user, ct_change) VALUES ('214', '137', '26', '621', '-11', '2018-02-22T00:00:00.000+0000')  on conflict on constraint cin_c_class_hierarchy_1 do update set ck_class_parent = excluded.ck_class_parent, ck_class_child = excluded.ck_class_child, ck_class_attr = excluded.ck_class_attr, ck_user = excluded.ck_user, ct_change = excluded.ct_change;
INSERT INTO s_mt.t_class_hierarchy(ck_id, ck_class_parent, ck_class_child, ck_class_attr, ck_user, ct_change) VALUES ('215', '137', '37', '621', '-11', '2018-02-22T00:00:00.000+0000')  on conflict on constraint cin_c_class_hierarchy_1 do update set ck_class_parent = excluded.ck_class_parent, ck_class_child = excluded.ck_class_child, ck_class_attr = excluded.ck_class_attr, ck_user = excluded.ck_user, ct_change = excluded.ct_change;
INSERT INTO s_mt.t_class_hierarchy(ck_id, ck_class_parent, ck_class_child, ck_class_attr, ck_user, ct_change) VALUES ('216', '137', '137', '621', '-11', '2018-02-22T00:00:00.000+0000')  on conflict on constraint cin_c_class_hierarchy_1 do update set ck_class_parent = excluded.ck_class_parent, ck_class_child = excluded.ck_class_child, ck_class_attr = excluded.ck_class_attr, ck_user = excluded.ck_user, ct_change = excluded.ct_change;
INSERT INTO s_mt.t_class_hierarchy(ck_id, ck_class_parent, ck_class_child, ck_class_attr, ck_user, ct_change) VALUES ('217', '1', '1', '623', '-11', '2018-02-22T00:00:00.000+0000')  on conflict on constraint cin_c_class_hierarchy_1 do update set ck_class_parent = excluded.ck_class_parent, ck_class_child = excluded.ck_class_child, ck_class_attr = excluded.ck_class_attr, ck_user = excluded.ck_user, ct_change = excluded.ct_change;
INSERT INTO s_mt.t_class_hierarchy(ck_id, ck_class_parent, ck_class_child, ck_class_attr, ck_user, ct_change) VALUES ('218', '1', '137', '623', '-11', '2018-02-22T00:00:00.000+0000')  on conflict on constraint cin_c_class_hierarchy_1 do update set ck_class_parent = excluded.ck_class_parent, ck_class_child = excluded.ck_class_child, ck_class_attr = excluded.ck_class_attr, ck_user = excluded.ck_user, ct_change = excluded.ct_change;
INSERT INTO s_mt.t_class_hierarchy(ck_id, ck_class_parent, ck_class_child, ck_class_attr, ck_user, ct_change) VALUES ('219', '1', '35', '623', '-11', '2018-02-22T00:00:00.000+0000')  on conflict on constraint cin_c_class_hierarchy_1 do update set ck_class_parent = excluded.ck_class_parent, ck_class_child = excluded.ck_class_child, ck_class_attr = excluded.ck_class_attr, ck_user = excluded.ck_user, ct_change = excluded.ct_change;
INSERT INTO s_mt.t_class_hierarchy(ck_id, ck_class_parent, ck_class_child, ck_class_attr, ck_user, ct_change) VALUES ('220', '1', '8', '623', '-11', '2018-02-22T00:00:00.000+0000')  on conflict on constraint cin_c_class_hierarchy_1 do update set ck_class_parent = excluded.ck_class_parent, ck_class_child = excluded.ck_class_child, ck_class_attr = excluded.ck_class_attr, ck_user = excluded.ck_user, ct_change = excluded.ct_change;
INSERT INTO s_mt.t_class_hierarchy(ck_id, ck_class_parent, ck_class_child, ck_class_attr, ck_user, ct_change) VALUES ('221', '1', '18', '623', '-11', '2018-02-22T00:00:00.000+0000')  on conflict on constraint cin_c_class_hierarchy_1 do update set ck_class_parent = excluded.ck_class_parent, ck_class_child = excluded.ck_class_child, ck_class_attr = excluded.ck_class_attr, ck_user = excluded.ck_user, ct_change = excluded.ct_change;
INSERT INTO s_mt.t_class_hierarchy(ck_id, ck_class_parent, ck_class_child, ck_class_attr, ck_user, ct_change) VALUES ('222', '1', '29', '623', '-11', '2018-02-22T00:00:00.000+0000')  on conflict on constraint cin_c_class_hierarchy_1 do update set ck_class_parent = excluded.ck_class_parent, ck_class_child = excluded.ck_class_child, ck_class_attr = excluded.ck_class_attr, ck_user = excluded.ck_user, ct_change = excluded.ct_change;
INSERT INTO s_mt.t_class_hierarchy(ck_id, ck_class_parent, ck_class_child, ck_class_attr, ck_user, ct_change) VALUES ('223', '1', '31', '623', '-11', '2018-02-22T00:00:00.000+0000')  on conflict on constraint cin_c_class_hierarchy_1 do update set ck_class_parent = excluded.ck_class_parent, ck_class_child = excluded.ck_class_child, ck_class_attr = excluded.ck_class_attr, ck_user = excluded.ck_user, ct_change = excluded.ct_change;
INSERT INTO s_mt.t_class_hierarchy(ck_id, ck_class_parent, ck_class_child, ck_class_attr, ck_user, ct_change) VALUES ('224', '1', '30', '623', '-11', '2018-02-22T00:00:00.000+0000')  on conflict on constraint cin_c_class_hierarchy_1 do update set ck_class_parent = excluded.ck_class_parent, ck_class_child = excluded.ck_class_child, ck_class_attr = excluded.ck_class_attr, ck_user = excluded.ck_user, ct_change = excluded.ct_change;
INSERT INTO s_mt.t_class_hierarchy(ck_id, ck_class_parent, ck_class_child, ck_class_attr, ck_user, ct_change) VALUES ('225', '1', '38', '623', '-11', '2018-02-22T00:00:00.000+0000')  on conflict on constraint cin_c_class_hierarchy_1 do update set ck_class_parent = excluded.ck_class_parent, ck_class_child = excluded.ck_class_child, ck_class_attr = excluded.ck_class_attr, ck_user = excluded.ck_user, ct_change = excluded.ct_change;
INSERT INTO s_mt.t_class_hierarchy(ck_id, ck_class_parent, ck_class_child, ck_class_attr, ck_user, ct_change) VALUES ('226', '1', '33', '623', '-11', '2018-02-22T00:00:00.000+0000')  on conflict on constraint cin_c_class_hierarchy_1 do update set ck_class_parent = excluded.ck_class_parent, ck_class_child = excluded.ck_class_child, ck_class_attr = excluded.ck_class_attr, ck_user = excluded.ck_user, ct_change = excluded.ct_change;
INSERT INTO s_mt.t_class_hierarchy(ck_id, ck_class_parent, ck_class_child, ck_class_attr, ck_user, ct_change) VALUES ('227', '1', '27', '623', '-11', '2018-02-22T00:00:00.000+0000')  on conflict on constraint cin_c_class_hierarchy_1 do update set ck_class_parent = excluded.ck_class_parent, ck_class_child = excluded.ck_class_child, ck_class_attr = excluded.ck_class_attr, ck_user = excluded.ck_user, ct_change = excluded.ct_change;
INSERT INTO s_mt.t_class_hierarchy(ck_id, ck_class_parent, ck_class_child, ck_class_attr, ck_user, ct_change) VALUES ('228', '1', '28', '623', '-11', '2018-02-22T00:00:00.000+0000')  on conflict on constraint cin_c_class_hierarchy_1 do update set ck_class_parent = excluded.ck_class_parent, ck_class_child = excluded.ck_class_child, ck_class_attr = excluded.ck_class_attr, ck_user = excluded.ck_user, ct_change = excluded.ct_change;
INSERT INTO s_mt.t_class_hierarchy(ck_id, ck_class_parent, ck_class_child, ck_class_attr, ck_user, ct_change) VALUES ('229', '1', '97', '623', '-11', '2018-02-22T00:00:00.000+0000')  on conflict on constraint cin_c_class_hierarchy_1 do update set ck_class_parent = excluded.ck_class_parent, ck_class_child = excluded.ck_class_child, ck_class_attr = excluded.ck_class_attr, ck_user = excluded.ck_user, ct_change = excluded.ct_change;
INSERT INTO s_mt.t_class_hierarchy(ck_id, ck_class_parent, ck_class_child, ck_class_attr, ck_user, ct_change) VALUES ('230', '1', '26', '623', '-11', '2018-02-22T00:00:00.000+0000')  on conflict on constraint cin_c_class_hierarchy_1 do update set ck_class_parent = excluded.ck_class_parent, ck_class_child = excluded.ck_class_child, ck_class_attr = excluded.ck_class_attr, ck_user = excluded.ck_user, ct_change = excluded.ct_change;
INSERT INTO s_mt.t_class_hierarchy(ck_id, ck_class_parent, ck_class_child, ck_class_attr, ck_user, ct_change) VALUES ('231', '1', '37', '623', '-11', '2018-02-22T00:00:00.000+0000')  on conflict on constraint cin_c_class_hierarchy_1 do update set ck_class_parent = excluded.ck_class_parent, ck_class_child = excluded.ck_class_child, ck_class_attr = excluded.ck_class_attr, ck_user = excluded.ck_user, ct_change = excluded.ct_change;
INSERT INTO s_mt.t_class_hierarchy(ck_id, ck_class_parent, ck_class_child, ck_class_attr, ck_user, ct_change) VALUES ('232', '35', '137', '172', '-11', '2018-02-22T00:00:00.000+0000')  on conflict on constraint cin_c_class_hierarchy_1 do update set ck_class_parent = excluded.ck_class_parent, ck_class_child = excluded.ck_class_child, ck_class_attr = excluded.ck_class_attr, ck_user = excluded.ck_user, ct_change = excluded.ct_change;
INSERT INTO s_mt.t_class_hierarchy(ck_id, ck_class_parent, ck_class_child, ck_class_attr, ck_user, ct_change) VALUES ('233', '137', '58', '634', '-11', '2018-02-22T00:00:00.000+0000')  on conflict on constraint cin_c_class_hierarchy_1 do update set ck_class_parent = excluded.ck_class_parent, ck_class_child = excluded.ck_class_child, ck_class_attr = excluded.ck_class_attr, ck_user = excluded.ck_user, ct_change = excluded.ct_change;
INSERT INTO s_mt.t_class_hierarchy(ck_id, ck_class_parent, ck_class_child, ck_class_attr, ck_user, ct_change) VALUES ('234', '17', '31', '524', '-11', '2018-02-22T00:00:00.000+0000')  on conflict on constraint cin_c_class_hierarchy_1 do update set ck_class_parent = excluded.ck_class_parent, ck_class_child = excluded.ck_class_child, ck_class_attr = excluded.ck_class_attr, ck_user = excluded.ck_user, ct_change = excluded.ct_change;
INSERT INTO s_mt.t_class_hierarchy(ck_id, ck_class_parent, ck_class_child, ck_class_attr, ck_user, ct_change) VALUES ('245', '157', '29', '735', '-11', '2018-02-22T00:00:00.000+0000')  on conflict on constraint cin_c_class_hierarchy_1 do update set ck_class_parent = excluded.ck_class_parent, ck_class_child = excluded.ck_class_child, ck_class_attr = excluded.ck_class_attr, ck_user = excluded.ck_user, ct_change = excluded.ct_change;
INSERT INTO s_mt.t_class_hierarchy(ck_id, ck_class_parent, ck_class_child, ck_class_attr, ck_user, ct_change) VALUES ('246', '157', '31', '735', '-11', '2018-02-22T00:00:00.000+0000')  on conflict on constraint cin_c_class_hierarchy_1 do update set ck_class_parent = excluded.ck_class_parent, ck_class_child = excluded.ck_class_child, ck_class_attr = excluded.ck_class_attr, ck_user = excluded.ck_user, ct_change = excluded.ct_change;
INSERT INTO s_mt.t_class_hierarchy(ck_id, ck_class_parent, ck_class_child, ck_class_attr, ck_user, ct_change) VALUES ('247', '157', '30', '735', '-11', '2018-02-22T00:00:00.000+0000')  on conflict on constraint cin_c_class_hierarchy_1 do update set ck_class_parent = excluded.ck_class_parent, ck_class_child = excluded.ck_class_child, ck_class_attr = excluded.ck_class_attr, ck_user = excluded.ck_user, ct_change = excluded.ct_change;
INSERT INTO s_mt.t_class_hierarchy(ck_id, ck_class_parent, ck_class_child, ck_class_attr, ck_user, ct_change) VALUES ('248', '157', '38', '735', '-11', '2018-02-22T00:00:00.000+0000')  on conflict on constraint cin_c_class_hierarchy_1 do update set ck_class_parent = excluded.ck_class_parent, ck_class_child = excluded.ck_class_child, ck_class_attr = excluded.ck_class_attr, ck_user = excluded.ck_user, ct_change = excluded.ct_change;
INSERT INTO s_mt.t_class_hierarchy(ck_id, ck_class_parent, ck_class_child, ck_class_attr, ck_user, ct_change) VALUES ('249', '157', '27', '735', '-11', '2018-02-22T00:00:00.000+0000')  on conflict on constraint cin_c_class_hierarchy_1 do update set ck_class_parent = excluded.ck_class_parent, ck_class_child = excluded.ck_class_child, ck_class_attr = excluded.ck_class_attr, ck_user = excluded.ck_user, ct_change = excluded.ct_change;
INSERT INTO s_mt.t_class_hierarchy(ck_id, ck_class_parent, ck_class_child, ck_class_attr, ck_user, ct_change) VALUES ('252', '157', '37', '735', '-11', '2018-02-22T00:00:00.000+0000')  on conflict on constraint cin_c_class_hierarchy_1 do update set ck_class_parent = excluded.ck_class_parent, ck_class_child = excluded.ck_class_child, ck_class_attr = excluded.ck_class_attr, ck_user = excluded.ck_user, ct_change = excluded.ct_change;
INSERT INTO s_mt.t_class_hierarchy(ck_id, ck_class_parent, ck_class_child, ck_class_attr, ck_user, ct_change) VALUES ('253', '157', '28', '735', '-11', '2018-02-22T00:00:00.000+0000')  on conflict on constraint cin_c_class_hierarchy_1 do update set ck_class_parent = excluded.ck_class_parent, ck_class_child = excluded.ck_class_child, ck_class_attr = excluded.ck_class_attr, ck_user = excluded.ck_user, ct_change = excluded.ct_change;
INSERT INTO s_mt.t_class_hierarchy(ck_id, ck_class_parent, ck_class_child, ck_class_attr, ck_user, ct_change) VALUES ('254', '157', '97', '735', '-11', '2018-02-22T00:00:00.000+0000')  on conflict on constraint cin_c_class_hierarchy_1 do update set ck_class_parent = excluded.ck_class_parent, ck_class_child = excluded.ck_class_child, ck_class_attr = excluded.ck_class_attr, ck_user = excluded.ck_user, ct_change = excluded.ct_change;
INSERT INTO s_mt.t_class_hierarchy(ck_id, ck_class_parent, ck_class_child, ck_class_attr, ck_user, ct_change) VALUES ('255', '157', '26', '735', '-11', '2018-02-22T00:00:00.000+0000')  on conflict on constraint cin_c_class_hierarchy_1 do update set ck_class_parent = excluded.ck_class_parent, ck_class_child = excluded.ck_class_child, ck_class_attr = excluded.ck_class_attr, ck_user = excluded.ck_user, ct_change = excluded.ct_change;
INSERT INTO s_mt.t_class_hierarchy(ck_id, ck_class_parent, ck_class_child, ck_class_attr, ck_user, ct_change) VALUES ('256', '137', '157', '621', '-11', '2018-02-22T00:00:00.000+0000')  on conflict on constraint cin_c_class_hierarchy_1 do update set ck_class_parent = excluded.ck_class_parent, ck_class_child = excluded.ck_class_child, ck_class_attr = excluded.ck_class_attr, ck_user = excluded.ck_user, ct_change = excluded.ct_change;
INSERT INTO s_mt.t_class_hierarchy(ck_id, ck_class_parent, ck_class_child, ck_class_attr, ck_user, ct_change) VALUES ('258', '1', '157', '623', '-11', '2018-02-22T00:00:00.000+0000')  on conflict on constraint cin_c_class_hierarchy_1 do update set ck_class_parent = excluded.ck_class_parent, ck_class_child = excluded.ck_class_child, ck_class_attr = excluded.ck_class_attr, ck_user = excluded.ck_user, ct_change = excluded.ct_change;
INSERT INTO s_mt.t_class_hierarchy(ck_id, ck_class_parent, ck_class_child, ck_class_attr, ck_user, ct_change) VALUES ('259', '35', '157', '172', '-11', '2018-02-22T00:00:00.000+0000')  on conflict on constraint cin_c_class_hierarchy_1 do update set ck_class_parent = excluded.ck_class_parent, ck_class_child = excluded.ck_class_child, ck_class_attr = excluded.ck_class_attr, ck_user = excluded.ck_user, ct_change = excluded.ct_change;
INSERT INTO s_mt.t_class_hierarchy(ck_id, ck_class_parent, ck_class_child, ck_class_attr, ck_user, ct_change) VALUES ('269', '32', '1', '138', '-11', '2018-02-22T00:00:00.000+0000')  on conflict on constraint cin_c_class_hierarchy_1 do update set ck_class_parent = excluded.ck_class_parent, ck_class_child = excluded.ck_class_child, ck_class_attr = excluded.ck_class_attr, ck_user = excluded.ck_user, ct_change = excluded.ct_change;
INSERT INTO s_mt.t_class_hierarchy(ck_id, ck_class_parent, ck_class_child, ck_class_attr, ck_user, ct_change) VALUES ('270', '32', '137', '138', '-11', '2018-02-22T00:00:00.000+0000')  on conflict on constraint cin_c_class_hierarchy_1 do update set ck_class_parent = excluded.ck_class_parent, ck_class_child = excluded.ck_class_child, ck_class_attr = excluded.ck_class_attr, ck_user = excluded.ck_user, ct_change = excluded.ct_change;
INSERT INTO s_mt.t_class_hierarchy(ck_id, ck_class_parent, ck_class_child, ck_class_attr, ck_user, ct_change) VALUES ('285', '137', '197', '621', '-11', '2018-02-22T00:00:00.000+0000')  on conflict on constraint cin_c_class_hierarchy_1 do update set ck_class_parent = excluded.ck_class_parent, ck_class_child = excluded.ck_class_child, ck_class_attr = excluded.ck_class_attr, ck_user = excluded.ck_user, ct_change = excluded.ct_change;
INSERT INTO s_mt.t_class_hierarchy(ck_id, ck_class_parent, ck_class_child, ck_class_attr, ck_user, ct_change) VALUES ('286', '58', '197', '382', '-11', '2018-02-22T00:00:00.000+0000')  on conflict on constraint cin_c_class_hierarchy_1 do update set ck_class_parent = excluded.ck_class_parent, ck_class_child = excluded.ck_class_child, ck_class_attr = excluded.ck_class_attr, ck_user = excluded.ck_user, ct_change = excluded.ct_change;
INSERT INTO s_mt.t_class_hierarchy(ck_id, ck_class_parent, ck_class_child, ck_class_attr, ck_user, ct_change) VALUES ('287', '1', '197', '623', '-11', '2018-02-22T00:00:00.000+0000')  on conflict on constraint cin_c_class_hierarchy_1 do update set ck_class_parent = excluded.ck_class_parent, ck_class_child = excluded.ck_class_child, ck_class_attr = excluded.ck_class_attr, ck_user = excluded.ck_user, ct_change = excluded.ct_change;
INSERT INTO s_mt.t_class_hierarchy(ck_id, ck_class_parent, ck_class_child, ck_class_attr, ck_user, ct_change) VALUES ('288', '32', '197', '138', '-11', '2018-02-22T00:00:00.000+0000')  on conflict on constraint cin_c_class_hierarchy_1 do update set ck_class_parent = excluded.ck_class_parent, ck_class_child = excluded.ck_class_child, ck_class_attr = excluded.ck_class_attr, ck_user = excluded.ck_user, ct_change = excluded.ct_change;
INSERT INTO s_mt.t_class_hierarchy(ck_id, ck_class_parent, ck_class_child, ck_class_attr, ck_user, ct_change) VALUES ('289', '9', '197', '39', '-11', '2018-02-22T00:00:00.000+0000')  on conflict on constraint cin_c_class_hierarchy_1 do update set ck_class_parent = excluded.ck_class_parent, ck_class_child = excluded.ck_class_child, ck_class_attr = excluded.ck_class_attr, ck_user = excluded.ck_user, ct_change = excluded.ct_change;
INSERT INTO s_mt.t_class_hierarchy(ck_id, ck_class_parent, ck_class_child, ck_class_attr, ck_user, ct_change) VALUES ('3', '8', '11', '8', '-11', '2018-02-22T00:00:00.000+0000')  on conflict on constraint cin_c_class_hierarchy_1 do update set ck_class_parent = excluded.ck_class_parent, ck_class_child = excluded.ck_class_child, ck_class_attr = excluded.ck_class_attr, ck_user = excluded.ck_user, ct_change = excluded.ct_change;
INSERT INTO s_mt.t_class_hierarchy(ck_id, ck_class_parent, ck_class_child, ck_class_attr, ck_user, ct_change) VALUES ('305', '217', '1', '829', '-11', '2018-02-22T00:00:00.000+0000')  on conflict on constraint cin_c_class_hierarchy_1 do update set ck_class_parent = excluded.ck_class_parent, ck_class_child = excluded.ck_class_child, ck_class_attr = excluded.ck_class_attr, ck_user = excluded.ck_user, ct_change = excluded.ct_change;
INSERT INTO s_mt.t_class_hierarchy(ck_id, ck_class_parent, ck_class_child, ck_class_attr, ck_user, ct_change) VALUES ('306', '217', '137', '829', '-11', '2018-02-22T00:00:00.000+0000')  on conflict on constraint cin_c_class_hierarchy_1 do update set ck_class_parent = excluded.ck_class_parent, ck_class_child = excluded.ck_class_child, ck_class_attr = excluded.ck_class_attr, ck_user = excluded.ck_user, ct_change = excluded.ct_change;
INSERT INTO s_mt.t_class_hierarchy(ck_id, ck_class_parent, ck_class_child, ck_class_attr, ck_user, ct_change) VALUES ('308', '35', '217', '172', '-11', '2018-02-22T00:00:00.000+0000')  on conflict on constraint cin_c_class_hierarchy_1 do update set ck_class_parent = excluded.ck_class_parent, ck_class_child = excluded.ck_class_child, ck_class_attr = excluded.ck_class_attr, ck_user = excluded.ck_user, ct_change = excluded.ct_change;
INSERT INTO s_mt.t_class_hierarchy(ck_id, ck_class_parent, ck_class_child, ck_class_attr, ck_user, ct_change) VALUES ('345', '35', '35', '172', '-11', '2018-02-22T00:00:00.000+0000')  on conflict on constraint cin_c_class_hierarchy_1 do update set ck_class_parent = excluded.ck_class_parent, ck_class_child = excluded.ck_class_child, ck_class_attr = excluded.ck_class_attr, ck_user = excluded.ck_user, ct_change = excluded.ct_change;
INSERT INTO s_mt.t_class_hierarchy(ck_id, ck_class_parent, ck_class_child, ck_class_attr, ck_user, ct_change) VALUES ('35', '18', '32', '55', '-11', '2018-02-22T00:00:00.000+0000')  on conflict on constraint cin_c_class_hierarchy_1 do update set ck_class_parent = excluded.ck_class_parent, ck_class_child = excluded.ck_class_child, ck_class_attr = excluded.ck_class_attr, ck_user = excluded.ck_user, ct_change = excluded.ct_change;
INSERT INTO s_mt.t_class_hierarchy(ck_id, ck_class_parent, ck_class_child, ck_class_attr, ck_user, ct_change) VALUES ('36', '32', '26', '138', '-11', '2018-02-22T00:00:00.000+0000')  on conflict on constraint cin_c_class_hierarchy_1 do update set ck_class_parent = excluded.ck_class_parent, ck_class_child = excluded.ck_class_child, ck_class_attr = excluded.ck_class_attr, ck_user = excluded.ck_user, ct_change = excluded.ct_change;
INSERT INTO s_mt.t_class_hierarchy(ck_id, ck_class_parent, ck_class_child, ck_class_attr, ck_user, ct_change) VALUES ('37', '32', '27', '138', '-11', '2018-02-22T00:00:00.000+0000')  on conflict on constraint cin_c_class_hierarchy_1 do update set ck_class_parent = excluded.ck_class_parent, ck_class_child = excluded.ck_class_child, ck_class_attr = excluded.ck_class_attr, ck_user = excluded.ck_user, ct_change = excluded.ct_change;
INSERT INTO s_mt.t_class_hierarchy(ck_id, ck_class_parent, ck_class_child, ck_class_attr, ck_user, ct_change) VALUES ('38', '32', '28', '138', '-11', '2018-02-22T00:00:00.000+0000')  on conflict on constraint cin_c_class_hierarchy_1 do update set ck_class_parent = excluded.ck_class_parent, ck_class_child = excluded.ck_class_child, ck_class_attr = excluded.ck_class_attr, ck_user = excluded.ck_user, ct_change = excluded.ct_change;
INSERT INTO s_mt.t_class_hierarchy(ck_id, ck_class_parent, ck_class_child, ck_class_attr, ck_user, ct_change) VALUES ('39', '32', '29', '138', '-11', '2018-02-22T00:00:00.000+0000')  on conflict on constraint cin_c_class_hierarchy_1 do update set ck_class_parent = excluded.ck_class_parent, ck_class_child = excluded.ck_class_child, ck_class_attr = excluded.ck_class_attr, ck_user = excluded.ck_user, ct_change = excluded.ct_change;
INSERT INTO s_mt.t_class_hierarchy(ck_id, ck_class_parent, ck_class_child, ck_class_attr, ck_user, ct_change) VALUES ('40', '32', '30', '138', '-11', '2018-02-22T00:00:00.000+0000')  on conflict on constraint cin_c_class_hierarchy_1 do update set ck_class_parent = excluded.ck_class_parent, ck_class_child = excluded.ck_class_child, ck_class_attr = excluded.ck_class_attr, ck_user = excluded.ck_user, ct_change = excluded.ct_change;
INSERT INTO s_mt.t_class_hierarchy(ck_id, ck_class_parent, ck_class_child, ck_class_attr, ck_user, ct_change) VALUES ('41', '32', '31', '138', '-11', '2018-02-22T00:00:00.000+0000')  on conflict on constraint cin_c_class_hierarchy_1 do update set ck_class_parent = excluded.ck_class_parent, ck_class_child = excluded.ck_class_child, ck_class_attr = excluded.ck_class_attr, ck_user = excluded.ck_user, ct_change = excluded.ct_change;
INSERT INTO s_mt.t_class_hierarchy(ck_id, ck_class_parent, ck_class_child, ck_class_attr, ck_user, ct_change) VALUES ('42', '9', '26', '39', '-11', '2018-02-22T00:00:00.000+0000')  on conflict on constraint cin_c_class_hierarchy_1 do update set ck_class_parent = excluded.ck_class_parent, ck_class_child = excluded.ck_class_child, ck_class_attr = excluded.ck_class_attr, ck_user = excluded.ck_user, ct_change = excluded.ct_change;
INSERT INTO s_mt.t_class_hierarchy(ck_id, ck_class_parent, ck_class_child, ck_class_attr, ck_user, ct_change) VALUES ('43', '9', '27', '39', '-11', '2018-02-22T00:00:00.000+0000')  on conflict on constraint cin_c_class_hierarchy_1 do update set ck_class_parent = excluded.ck_class_parent, ck_class_child = excluded.ck_class_child, ck_class_attr = excluded.ck_class_attr, ck_user = excluded.ck_user, ct_change = excluded.ct_change;
INSERT INTO s_mt.t_class_hierarchy(ck_id, ck_class_parent, ck_class_child, ck_class_attr, ck_user, ct_change) VALUES ('44', '9', '28', '39', '-11', '2018-02-22T00:00:00.000+0000')  on conflict on constraint cin_c_class_hierarchy_1 do update set ck_class_parent = excluded.ck_class_parent, ck_class_child = excluded.ck_class_child, ck_class_attr = excluded.ck_class_attr, ck_user = excluded.ck_user, ct_change = excluded.ct_change;
INSERT INTO s_mt.t_class_hierarchy(ck_id, ck_class_parent, ck_class_child, ck_class_attr, ck_user, ct_change) VALUES ('446', '8', '257', '974', '-11', '2018-02-22T00:00:00.000+0000')  on conflict on constraint cin_c_class_hierarchy_1 do update set ck_class_parent = excluded.ck_class_parent, ck_class_child = excluded.ck_class_child, ck_class_attr = excluded.ck_class_attr, ck_user = excluded.ck_user, ct_change = excluded.ct_change;
INSERT INTO s_mt.t_class_hierarchy(ck_id, ck_class_parent, ck_class_child, ck_class_attr, ck_user, ct_change) VALUES ('447', '18', '257', '977', '-11', '2018-02-22T00:00:00.000+0000')  on conflict on constraint cin_c_class_hierarchy_1 do update set ck_class_parent = excluded.ck_class_parent, ck_class_child = excluded.ck_class_child, ck_class_attr = excluded.ck_class_attr, ck_user = excluded.ck_user, ct_change = excluded.ct_change;
INSERT INTO s_mt.t_class_hierarchy(ck_id, ck_class_parent, ck_class_child, ck_class_attr, ck_user, ct_change) VALUES ('45', '9', '29', '39', '-11', '2018-02-22T00:00:00.000+0000')  on conflict on constraint cin_c_class_hierarchy_1 do update set ck_class_parent = excluded.ck_class_parent, ck_class_child = excluded.ck_class_child, ck_class_attr = excluded.ck_class_attr, ck_user = excluded.ck_user, ct_change = excluded.ct_change;
INSERT INTO s_mt.t_class_hierarchy(ck_id, ck_class_parent, ck_class_child, ck_class_attr, ck_user, ct_change) VALUES ('46', '9', '30', '39', '-11', '2018-02-22T00:00:00.000+0000')  on conflict on constraint cin_c_class_hierarchy_1 do update set ck_class_parent = excluded.ck_class_parent, ck_class_child = excluded.ck_class_child, ck_class_attr = excluded.ck_class_attr, ck_user = excluded.ck_user, ct_change = excluded.ct_change;
INSERT INTO s_mt.t_class_hierarchy(ck_id, ck_class_parent, ck_class_child, ck_class_attr, ck_user, ct_change) VALUES ('47', '9', '31', '39', '-11', '2018-02-22T00:00:00.000+0000')  on conflict on constraint cin_c_class_hierarchy_1 do update set ck_class_parent = excluded.ck_class_parent, ck_class_child = excluded.ck_class_child, ck_class_attr = excluded.ck_class_attr, ck_user = excluded.ck_user, ct_change = excluded.ct_change;
INSERT INTO s_mt.t_class_hierarchy(ck_id, ck_class_parent, ck_class_child, ck_class_attr, ck_user, ct_change) VALUES ('48', '10', '26', '40', '-11', '2018-02-22T00:00:00.000+0000')  on conflict on constraint cin_c_class_hierarchy_1 do update set ck_class_parent = excluded.ck_class_parent, ck_class_child = excluded.ck_class_child, ck_class_attr = excluded.ck_class_attr, ck_user = excluded.ck_user, ct_change = excluded.ct_change;
INSERT INTO s_mt.t_class_hierarchy(ck_id, ck_class_parent, ck_class_child, ck_class_attr, ck_user, ct_change) VALUES ('49', '10', '27', '40', '-11', '2018-02-22T00:00:00.000+0000')  on conflict on constraint cin_c_class_hierarchy_1 do update set ck_class_parent = excluded.ck_class_parent, ck_class_child = excluded.ck_class_child, ck_class_attr = excluded.ck_class_attr, ck_user = excluded.ck_user, ct_change = excluded.ct_change;
INSERT INTO s_mt.t_class_hierarchy(ck_id, ck_class_parent, ck_class_child, ck_class_attr, ck_user, ct_change) VALUES ('50', '10', '28', '40', '-11', '2018-02-22T00:00:00.000+0000')  on conflict on constraint cin_c_class_hierarchy_1 do update set ck_class_parent = excluded.ck_class_parent, ck_class_child = excluded.ck_class_child, ck_class_attr = excluded.ck_class_attr, ck_user = excluded.ck_user, ct_change = excluded.ct_change;
INSERT INTO s_mt.t_class_hierarchy(ck_id, ck_class_parent, ck_class_child, ck_class_attr, ck_user, ct_change) VALUES ('51', '10', '29', '40', '-11', '2018-02-22T00:00:00.000+0000')  on conflict on constraint cin_c_class_hierarchy_1 do update set ck_class_parent = excluded.ck_class_parent, ck_class_child = excluded.ck_class_child, ck_class_attr = excluded.ck_class_attr, ck_user = excluded.ck_user, ct_change = excluded.ct_change;
INSERT INTO s_mt.t_class_hierarchy(ck_id, ck_class_parent, ck_class_child, ck_class_attr, ck_user, ct_change) VALUES ('52', '10', '30', '40', '-11', '2018-02-22T00:00:00.000+0000')  on conflict on constraint cin_c_class_hierarchy_1 do update set ck_class_parent = excluded.ck_class_parent, ck_class_child = excluded.ck_class_child, ck_class_attr = excluded.ck_class_attr, ck_user = excluded.ck_user, ct_change = excluded.ct_change;
INSERT INTO s_mt.t_class_hierarchy(ck_id, ck_class_parent, ck_class_child, ck_class_attr, ck_user, ct_change) VALUES ('53', '10', '31', '40', '-11', '2018-02-22T00:00:00.000+0000')  on conflict on constraint cin_c_class_hierarchy_1 do update set ck_class_parent = excluded.ck_class_parent, ck_class_child = excluded.ck_class_child, ck_class_attr = excluded.ck_class_attr, ck_user = excluded.ck_user, ct_change = excluded.ct_change;
INSERT INTO s_mt.t_class_hierarchy(ck_id, ck_class_parent, ck_class_child, ck_class_attr, ck_user, ct_change) VALUES ('54', '11', '31', '43', '-11', '2018-02-22T00:00:00.000+0000')  on conflict on constraint cin_c_class_hierarchy_1 do update set ck_class_parent = excluded.ck_class_parent, ck_class_child = excluded.ck_class_child, ck_class_attr = excluded.ck_class_attr, ck_user = excluded.ck_user, ct_change = excluded.ct_change;
INSERT INTO s_mt.t_class_hierarchy(ck_id, ck_class_parent, ck_class_child, ck_class_attr, ck_user, ct_change) VALUES ('55', '11', '30', '43', '-11', '2018-02-22T00:00:00.000+0000')  on conflict on constraint cin_c_class_hierarchy_1 do update set ck_class_parent = excluded.ck_class_parent, ck_class_child = excluded.ck_class_child, ck_class_attr = excluded.ck_class_attr, ck_user = excluded.ck_user, ct_change = excluded.ct_change;
INSERT INTO s_mt.t_class_hierarchy(ck_id, ck_class_parent, ck_class_child, ck_class_attr, ck_user, ct_change) VALUES ('56', '11', '29', '43', '-11', '2018-02-22T00:00:00.000+0000')  on conflict on constraint cin_c_class_hierarchy_1 do update set ck_class_parent = excluded.ck_class_parent, ck_class_child = excluded.ck_class_child, ck_class_attr = excluded.ck_class_attr, ck_user = excluded.ck_user, ct_change = excluded.ct_change;
INSERT INTO s_mt.t_class_hierarchy(ck_id, ck_class_parent, ck_class_child, ck_class_attr, ck_user, ct_change) VALUES ('565', '317', '8', '1149', '-11', '2018-02-22T00:00:00.000+0000')  on conflict on constraint cin_c_class_hierarchy_1 do update set ck_class_parent = excluded.ck_class_parent, ck_class_child = excluded.ck_class_child, ck_class_attr = excluded.ck_class_attr, ck_user = excluded.ck_user, ct_change = excluded.ct_change;
INSERT INTO s_mt.t_class_hierarchy(ck_id, ck_class_parent, ck_class_child, ck_class_attr, ck_user, ct_change) VALUES ('566', '137', '317', '621', '-11', '2018-02-22T00:00:00.000+0000')  on conflict on constraint cin_c_class_hierarchy_1 do update set ck_class_parent = excluded.ck_class_parent, ck_class_child = excluded.ck_class_child, ck_class_attr = excluded.ck_class_attr, ck_user = excluded.ck_user, ct_change = excluded.ct_change;
INSERT INTO s_mt.t_class_hierarchy(ck_id, ck_class_parent, ck_class_child, ck_class_attr, ck_user, ct_change) VALUES ('585', '58', '33', '382', '-11', '2018-02-22T00:00:00.000+0000')  on conflict on constraint cin_c_class_hierarchy_1 do update set ck_class_parent = excluded.ck_class_parent, ck_class_child = excluded.ck_class_child, ck_class_attr = excluded.ck_class_attr, ck_user = excluded.ck_user, ct_change = excluded.ct_change;
INSERT INTO s_mt.t_class_hierarchy(ck_id, ck_class_parent, ck_class_child, ck_class_attr, ck_user, ct_change) VALUES ('6', '18', '15', '27', '-11', '2018-02-22T00:00:00.000+0000')  on conflict on constraint cin_c_class_hierarchy_1 do update set ck_class_parent = excluded.ck_class_parent, ck_class_child = excluded.ck_class_child, ck_class_attr = excluded.ck_class_attr, ck_user = excluded.ck_user, ct_change = excluded.ct_change;
INSERT INTO s_mt.t_class_hierarchy(ck_id, ck_class_parent, ck_class_child, ck_class_attr, ck_user, ct_change) VALUES ('60', '32', '33', '138', '-11', '2018-02-22T00:00:00.000+0000')  on conflict on constraint cin_c_class_hierarchy_1 do update set ck_class_parent = excluded.ck_class_parent, ck_class_child = excluded.ck_class_child, ck_class_attr = excluded.ck_class_attr, ck_user = excluded.ck_user, ct_change = excluded.ct_change;
INSERT INTO s_mt.t_class_hierarchy(ck_id, ck_class_parent, ck_class_child, ck_class_attr, ck_user, ct_change) VALUES ('607', '77', '77', '450', '-11', '2018-02-22T00:00:00.000+0000')  on conflict on constraint cin_c_class_hierarchy_1 do update set ck_class_parent = excluded.ck_class_parent, ck_class_child = excluded.ck_class_child, ck_class_attr = excluded.ck_class_attr, ck_user = excluded.ck_user, ct_change = excluded.ct_change;
INSERT INTO s_mt.t_class_hierarchy(ck_id, ck_class_parent, ck_class_child, ck_class_attr, ck_user, ct_change) VALUES ('608', '77', '26', '450', '-11', '2018-02-22T00:00:00.000+0000')  on conflict on constraint cin_c_class_hierarchy_1 do update set ck_class_parent = excluded.ck_class_parent, ck_class_child = excluded.ck_class_child, ck_class_attr = excluded.ck_class_attr, ck_user = excluded.ck_user, ct_change = excluded.ct_change;
INSERT INTO s_mt.t_class_hierarchy(ck_id, ck_class_parent, ck_class_child, ck_class_attr, ck_user, ct_change) VALUES ('62', '35', '8', '172', '-11', '2018-02-22T00:00:00.000+0000')  on conflict on constraint cin_c_class_hierarchy_1 do update set ck_class_parent = excluded.ck_class_parent, ck_class_child = excluded.ck_class_child, ck_class_attr = excluded.ck_class_attr, ck_user = excluded.ck_user, ct_change = excluded.ct_change;
INSERT INTO s_mt.t_class_hierarchy(ck_id, ck_class_parent, ck_class_child, ck_class_attr, ck_user, ct_change) VALUES ('625', '77', '33', '450', '-11', '2018-02-22T00:00:00.000+0000')  on conflict on constraint cin_c_class_hierarchy_1 do update set ck_class_parent = excluded.ck_class_parent, ck_class_child = excluded.ck_class_child, ck_class_attr = excluded.ck_class_attr, ck_user = excluded.ck_user, ct_change = excluded.ct_change;
INSERT INTO s_mt.t_class_hierarchy(ck_id, ck_class_parent, ck_class_child, ck_class_attr, ck_user, ct_change) VALUES ('626', '10', '33', '40', '-11', '2018-02-22T00:00:00.000+0000')  on conflict on constraint cin_c_class_hierarchy_1 do update set ck_class_parent = excluded.ck_class_parent, ck_class_child = excluded.ck_class_child, ck_class_attr = excluded.ck_class_attr, ck_user = excluded.ck_user, ct_change = excluded.ct_change;
INSERT INTO s_mt.t_class_hierarchy(ck_id, ck_class_parent, ck_class_child, ck_class_attr, ck_user, ct_change) VALUES ('627', '9', '33', '39', '-11', '2018-02-22T00:00:00.000+0000')  on conflict on constraint cin_c_class_hierarchy_1 do update set ck_class_parent = excluded.ck_class_parent, ck_class_child = excluded.ck_class_child, ck_class_attr = excluded.ck_class_attr, ck_user = excluded.ck_user, ct_change = excluded.ct_change;
INSERT INTO s_mt.t_class_hierarchy(ck_id, ck_class_parent, ck_class_child, ck_class_attr, ck_user, ct_change) VALUES ('628', '17', '33', '524', '-11', '2018-02-22T00:00:00.000+0000')  on conflict on constraint cin_c_class_hierarchy_1 do update set ck_class_parent = excluded.ck_class_parent, ck_class_child = excluded.ck_class_child, ck_class_attr = excluded.ck_class_attr, ck_user = excluded.ck_user, ct_change = excluded.ct_change;
INSERT INTO s_mt.t_class_hierarchy(ck_id, ck_class_parent, ck_class_child, ck_class_attr, ck_user, ct_change) VALUES ('629', '11', '33', '43', '-11', '2018-02-22T00:00:00.000+0000')  on conflict on constraint cin_c_class_hierarchy_1 do update set ck_class_parent = excluded.ck_class_parent, ck_class_child = excluded.ck_class_child, ck_class_attr = excluded.ck_class_attr, ck_user = excluded.ck_user, ct_change = excluded.ct_change;
INSERT INTO s_mt.t_class_hierarchy(ck_id, ck_class_parent, ck_class_child, ck_class_attr, ck_user, ct_change) VALUES ('63', '35', '18', '172', '-11', '2018-02-22T00:00:00.000+0000')  on conflict on constraint cin_c_class_hierarchy_1 do update set ck_class_parent = excluded.ck_class_parent, ck_class_child = excluded.ck_class_child, ck_class_attr = excluded.ck_class_attr, ck_user = excluded.ck_user, ct_change = excluded.ct_change;
INSERT INTO s_mt.t_class_hierarchy(ck_id, ck_class_parent, ck_class_child, ck_class_attr, ck_user, ct_change) VALUES ('64', '8', '15', '8', '-11', '2018-02-22T00:00:00.000+0000')  on conflict on constraint cin_c_class_hierarchy_1 do update set ck_class_parent = excluded.ck_class_parent, ck_class_child = excluded.ck_class_child, ck_class_attr = excluded.ck_class_attr, ck_user = excluded.ck_user, ct_change = excluded.ct_change;
INSERT INTO s_mt.t_class_hierarchy(ck_id, ck_class_parent, ck_class_child, ck_class_attr, ck_user, ct_change) VALUES ('645', '137', '357', '621', '-11', '2018-02-22T00:00:00.000+0000')  on conflict on constraint cin_c_class_hierarchy_1 do update set ck_class_parent = excluded.ck_class_parent, ck_class_child = excluded.ck_class_child, ck_class_attr = excluded.ck_class_attr, ck_user = excluded.ck_user, ct_change = excluded.ct_change;
INSERT INTO s_mt.t_class_hierarchy(ck_id, ck_class_parent, ck_class_child, ck_class_attr, ck_user, ct_change) VALUES ('646', '157', '357', '735', '-11', '2018-02-22T00:00:00.000+0000')  on conflict on constraint cin_c_class_hierarchy_1 do update set ck_class_parent = excluded.ck_class_parent, ck_class_child = excluded.ck_class_child, ck_class_attr = excluded.ck_class_attr, ck_user = excluded.ck_user, ct_change = excluded.ct_change;
INSERT INTO s_mt.t_class_hierarchy(ck_id, ck_class_parent, ck_class_child, ck_class_attr, ck_user, ct_change) VALUES ('647', '1', '357', '623', '-11', '2018-02-22T00:00:00.000+0000')  on conflict on constraint cin_c_class_hierarchy_1 do update set ck_class_parent = excluded.ck_class_parent, ck_class_child = excluded.ck_class_child, ck_class_attr = excluded.ck_class_attr, ck_user = excluded.ck_user, ct_change = excluded.ct_change;
INSERT INTO s_mt.t_class_hierarchy(ck_id, ck_class_parent, ck_class_child, ck_class_attr, ck_user, ct_change) VALUES ('648', '9', '357', '39', '-11', '2018-02-22T00:00:00.000+0000')  on conflict on constraint cin_c_class_hierarchy_1 do update set ck_class_parent = excluded.ck_class_parent, ck_class_child = excluded.ck_class_child, ck_class_attr = excluded.ck_class_attr, ck_user = excluded.ck_user, ct_change = excluded.ct_change;
INSERT INTO s_mt.t_class_hierarchy(ck_id, ck_class_parent, ck_class_child, ck_class_attr, ck_user, ct_change) VALUES ('649', '58', '357', '382', '-11', '2018-02-22T00:00:00.000+0000')  on conflict on constraint cin_c_class_hierarchy_1 do update set ck_class_parent = excluded.ck_class_parent, ck_class_child = excluded.ck_class_child, ck_class_attr = excluded.ck_class_attr, ck_user = excluded.ck_user, ct_change = excluded.ct_change;
INSERT INTO s_mt.t_class_hierarchy(ck_id, ck_class_parent, ck_class_child, ck_class_attr, ck_user, ct_change) VALUES ('66', '8', '32', '54', '-11', '2018-02-22T00:00:00.000+0000')  on conflict on constraint cin_c_class_hierarchy_1 do update set ck_class_parent = excluded.ck_class_parent, ck_class_child = excluded.ck_class_child, ck_class_attr = excluded.ck_class_attr, ck_user = excluded.ck_user, ct_change = excluded.ct_change;
INSERT INTO s_mt.t_class_hierarchy(ck_id, ck_class_parent, ck_class_child, ck_class_attr, ck_user, ct_change) VALUES ('665', '38', '9', '306', '-11', '2018-02-22T00:00:00.000+0000')  on conflict on constraint cin_c_class_hierarchy_1 do update set ck_class_parent = excluded.ck_class_parent, ck_class_child = excluded.ck_class_child, ck_class_attr = excluded.ck_class_attr, ck_user = excluded.ck_user, ct_change = excluded.ct_change;
INSERT INTO s_mt.t_class_hierarchy(ck_id, ck_class_parent, ck_class_child, ck_class_attr, ck_user, ct_change) VALUES ('7', '18', '16', '27', '-11', '2018-02-22T00:00:00.000+0000')  on conflict on constraint cin_c_class_hierarchy_1 do update set ck_class_parent = excluded.ck_class_parent, ck_class_child = excluded.ck_class_child, ck_class_attr = excluded.ck_class_attr, ck_user = excluded.ck_user, ct_change = excluded.ct_change;
INSERT INTO s_mt.t_class_hierarchy(ck_id, ck_class_parent, ck_class_child, ck_class_attr, ck_user, ct_change) VALUES ('705', '1', '337', '623', '-11', '2018-02-22T00:00:00.000+0000')  on conflict on constraint cin_c_class_hierarchy_1 do update set ck_class_parent = excluded.ck_class_parent, ck_class_child = excluded.ck_class_child, ck_class_attr = excluded.ck_class_attr, ck_user = excluded.ck_user, ct_change = excluded.ct_change;
INSERT INTO s_mt.t_class_hierarchy(ck_id, ck_class_parent, ck_class_child, ck_class_attr, ck_user, ct_change) VALUES ('706', '137', '337', '621', '-11', '2018-02-22T00:00:00.000+0000')  on conflict on constraint cin_c_class_hierarchy_1 do update set ck_class_parent = excluded.ck_class_parent, ck_class_child = excluded.ck_class_child, ck_class_attr = excluded.ck_class_attr, ck_user = excluded.ck_user, ct_change = excluded.ct_change;
INSERT INTO s_mt.t_class_hierarchy(ck_id, ck_class_parent, ck_class_child, ck_class_attr, ck_user, ct_change) VALUES ('707', '32', '337', '138', '-11', '2018-02-22T00:00:00.000+0000')  on conflict on constraint cin_c_class_hierarchy_1 do update set ck_class_parent = excluded.ck_class_parent, ck_class_child = excluded.ck_class_child, ck_class_attr = excluded.ck_class_attr, ck_user = excluded.ck_user, ct_change = excluded.ct_change;
INSERT INTO s_mt.t_class_hierarchy(ck_id, ck_class_parent, ck_class_child, ck_class_attr, ck_user, ct_change) VALUES ('745', '137', '217', '621', '-11', '2018-02-22T00:00:00.000+0000')  on conflict on constraint cin_c_class_hierarchy_1 do update set ck_class_parent = excluded.ck_class_parent, ck_class_child = excluded.ck_class_child, ck_class_attr = excluded.ck_class_attr, ck_user = excluded.ck_user, ct_change = excluded.ct_change;
INSERT INTO s_mt.t_class_hierarchy(ck_id, ck_class_parent, ck_class_child, ck_class_attr, ck_user, ct_change) VALUES ('8', '8', '16', '8', '-11', '2018-02-22T00:00:00.000+0000')  on conflict on constraint cin_c_class_hierarchy_1 do update set ck_class_parent = excluded.ck_class_parent, ck_class_child = excluded.ck_class_child, ck_class_attr = excluded.ck_class_attr, ck_user = excluded.ck_user, ct_change = excluded.ct_change;
INSERT INTO s_mt.t_class_hierarchy(ck_id, ck_class_parent, ck_class_child, ck_class_attr, ck_user, ct_change) VALUES ('805', '10', '17', '40', '-11', '2018-02-22T00:00:00.000+0000')  on conflict on constraint cin_c_class_hierarchy_1 do update set ck_class_parent = excluded.ck_class_parent, ck_class_child = excluded.ck_class_child, ck_class_attr = excluded.ck_class_attr, ck_user = excluded.ck_user, ct_change = excluded.ct_change;
INSERT INTO s_mt.t_class_hierarchy(ck_id, ck_class_parent, ck_class_child, ck_class_attr, ck_user, ct_change) VALUES ('806', '10', '38', '40', '-11', '2018-02-22T00:00:00.000+0000')  on conflict on constraint cin_c_class_hierarchy_1 do update set ck_class_parent = excluded.ck_class_parent, ck_class_child = excluded.ck_class_child, ck_class_attr = excluded.ck_class_attr, ck_user = excluded.ck_user, ct_change = excluded.ct_change;
INSERT INTO s_mt.t_class_hierarchy(ck_id, ck_class_parent, ck_class_child, ck_class_attr, ck_user, ct_change) VALUES ('807', '77', '10', '450', '-11', '2018-02-22T00:00:00.000+0000')  on conflict on constraint cin_c_class_hierarchy_1 do update set ck_class_parent = excluded.ck_class_parent, ck_class_child = excluded.ck_class_child, ck_class_attr = excluded.ck_class_attr, ck_user = excluded.ck_user, ct_change = excluded.ct_change;
INSERT INTO s_mt.t_class_hierarchy(ck_id, ck_class_parent, ck_class_child, ck_class_attr, ck_user, ct_change) VALUES ('808', '77', '38', '450', '-11', '2018-02-22T00:00:00.000+0000')  on conflict on constraint cin_c_class_hierarchy_1 do update set ck_class_parent = excluded.ck_class_parent, ck_class_child = excluded.ck_class_child, ck_class_attr = excluded.ck_class_attr, ck_user = excluded.ck_user, ct_change = excluded.ct_change;
INSERT INTO s_mt.t_class_hierarchy(ck_id, ck_class_parent, ck_class_child, ck_class_attr, ck_user, ct_change) VALUES ('809', '77', '31', '450', '-11', '2018-02-22T00:00:00.000+0000')  on conflict on constraint cin_c_class_hierarchy_1 do update set ck_class_parent = excluded.ck_class_parent, ck_class_child = excluded.ck_class_child, ck_class_attr = excluded.ck_class_attr, ck_user = excluded.ck_user, ct_change = excluded.ct_change;
INSERT INTO s_mt.t_class_hierarchy(ck_id, ck_class_parent, ck_class_child, ck_class_attr, ck_user, ct_change) VALUES ('85', '8', '36', '8', '-11', '2018-02-22T00:00:00.000+0000')  on conflict on constraint cin_c_class_hierarchy_1 do update set ck_class_parent = excluded.ck_class_parent, ck_class_child = excluded.ck_class_child, ck_class_attr = excluded.ck_class_attr, ck_user = excluded.ck_user, ct_change = excluded.ct_change;
INSERT INTO s_mt.t_class_hierarchy(ck_id, ck_class_parent, ck_class_child, ck_class_attr, ck_user, ct_change) VALUES ('86', '18', '36', '27', '-11', '2018-02-22T00:00:00.000+0000')  on conflict on constraint cin_c_class_hierarchy_1 do update set ck_class_parent = excluded.ck_class_parent, ck_class_child = excluded.ck_class_child, ck_class_attr = excluded.ck_class_attr, ck_user = excluded.ck_user, ct_change = excluded.ct_change;
INSERT INTO s_mt.t_class_hierarchy(ck_id, ck_class_parent, ck_class_child, ck_class_attr, ck_user, ct_change) VALUES ('87', '36', '29', '254', '-11', '2018-02-22T00:00:00.000+0000')  on conflict on constraint cin_c_class_hierarchy_1 do update set ck_class_parent = excluded.ck_class_parent, ck_class_child = excluded.ck_class_child, ck_class_attr = excluded.ck_class_attr, ck_user = excluded.ck_user, ct_change = excluded.ct_change;
INSERT INTO s_mt.t_class_hierarchy(ck_id, ck_class_parent, ck_class_child, ck_class_attr, ck_user, ct_change) VALUES ('89', '38', '10', '306', '-11', '2018-02-22T00:00:00.000+0000')  on conflict on constraint cin_c_class_hierarchy_1 do update set ck_class_parent = excluded.ck_class_parent, ck_class_child = excluded.ck_class_child, ck_class_attr = excluded.ck_class_attr, ck_user = excluded.ck_user, ct_change = excluded.ct_change;
INSERT INTO s_mt.t_class_hierarchy(ck_id, ck_class_parent, ck_class_child, ck_class_attr, ck_user, ct_change) VALUES ('9', '18', '17', '27', '-11', '2018-02-22T00:00:00.000+0000')  on conflict on constraint cin_c_class_hierarchy_1 do update set ck_class_parent = excluded.ck_class_parent, ck_class_child = excluded.ck_class_child, ck_class_attr = excluded.ck_class_attr, ck_user = excluded.ck_user, ct_change = excluded.ct_change;
INSERT INTO s_mt.t_class_hierarchy(ck_id, ck_class_parent, ck_class_child, ck_class_attr, ck_user, ct_change) VALUES ('90', '38', '11', '306', '-11', '2018-02-22T00:00:00.000+0000')  on conflict on constraint cin_c_class_hierarchy_1 do update set ck_class_parent = excluded.ck_class_parent, ck_class_child = excluded.ck_class_child, ck_class_attr = excluded.ck_class_attr, ck_user = excluded.ck_user, ct_change = excluded.ct_change;
INSERT INTO s_mt.t_class_hierarchy(ck_id, ck_class_parent, ck_class_child, ck_class_attr, ck_user, ct_change) VALUES ('91', '37', '17', '270', '-11', '2018-02-22T00:00:00.000+0000')  on conflict on constraint cin_c_class_hierarchy_1 do update set ck_class_parent = excluded.ck_class_parent, ck_class_child = excluded.ck_class_child, ck_class_attr = excluded.ck_class_attr, ck_user = excluded.ck_user, ct_change = excluded.ct_change;
INSERT INTO s_mt.t_class_hierarchy(ck_id, ck_class_parent, ck_class_child, ck_class_attr, ck_user, ct_change) VALUES ('92', '37', '9', '270', '-11', '2018-02-22T00:00:00.000+0000')  on conflict on constraint cin_c_class_hierarchy_1 do update set ck_class_parent = excluded.ck_class_parent, ck_class_child = excluded.ck_class_child, ck_class_attr = excluded.ck_class_attr, ck_user = excluded.ck_user, ct_change = excluded.ct_change;
INSERT INTO s_mt.t_class_hierarchy(ck_id, ck_class_parent, ck_class_child, ck_class_attr, ck_user, ct_change) VALUES ('93', '37', '10', '270', '-11', '2018-02-22T00:00:00.000+0000')  on conflict on constraint cin_c_class_hierarchy_1 do update set ck_class_parent = excluded.ck_class_parent, ck_class_child = excluded.ck_class_child, ck_class_attr = excluded.ck_class_attr, ck_user = excluded.ck_user, ct_change = excluded.ct_change;
INSERT INTO s_mt.t_class_hierarchy(ck_id, ck_class_parent, ck_class_child, ck_class_attr, ck_user, ct_change) VALUES ('94', '32', '18', '138', '-11', '2018-02-22T00:00:00.000+0000')  on conflict on constraint cin_c_class_hierarchy_1 do update set ck_class_parent = excluded.ck_class_parent, ck_class_child = excluded.ck_class_child, ck_class_attr = excluded.ck_class_attr, ck_user = excluded.ck_user, ct_change = excluded.ct_change;
INSERT INTO s_mt.t_class_hierarchy(ck_id, ck_class_parent, ck_class_child, ck_class_attr, ck_user, ct_change) VALUES ('95', '32', '37', '138', '-11', '2018-02-22T00:00:00.000+0000')  on conflict on constraint cin_c_class_hierarchy_1 do update set ck_class_parent = excluded.ck_class_parent, ck_class_child = excluded.ck_class_child, ck_class_attr = excluded.ck_class_attr, ck_user = excluded.ck_user, ct_change = excluded.ct_change;
INSERT INTO s_mt.t_class_hierarchy(ck_id, ck_class_parent, ck_class_child, ck_class_attr, ck_user, ct_change) VALUES ('97', '32', '38', '138', '-11', '2018-02-22T00:00:00.000+0000')  on conflict on constraint cin_c_class_hierarchy_1 do update set ck_class_parent = excluded.ck_class_parent, ck_class_child = excluded.ck_class_child, ck_class_attr = excluded.ck_class_attr, ck_user = excluded.ck_user, ct_change = excluded.ct_change;
INSERT INTO s_mt.t_class_hierarchy(ck_id, ck_class_parent, ck_class_child, ck_class_attr, ck_user, ct_change) VALUES ('846', '9', '317', '39', '10020785', '2018-02-28T00:00:00.000+0000')  on conflict on constraint cin_c_class_hierarchy_1 do update set ck_class_parent = excluded.ck_class_parent, ck_class_child = excluded.ck_class_child, ck_class_attr = excluded.ck_class_attr, ck_user = excluded.ck_user, ct_change = excluded.ct_change;
INSERT INTO s_mt.t_class_hierarchy(ck_id, ck_class_parent, ck_class_child, ck_class_attr, ck_user, ct_change) VALUES ('865', '32', '8', '138', '10020785', '2018-03-04T00:00:00.000+0000')  on conflict on constraint cin_c_class_hierarchy_1 do update set ck_class_parent = excluded.ck_class_parent, ck_class_child = excluded.ck_class_child, ck_class_attr = excluded.ck_class_attr, ck_user = excluded.ck_user, ct_change = excluded.ct_change;
INSERT INTO s_mt.t_class_hierarchy(ck_id, ck_class_parent, ck_class_child, ck_class_attr, ck_user, ct_change) VALUES ('885', '32', '317', '138', '10020785', '2018-03-05T00:00:00.000+0000')  on conflict on constraint cin_c_class_hierarchy_1 do update set ck_class_parent = excluded.ck_class_parent, ck_class_child = excluded.ck_class_child, ck_class_attr = excluded.ck_class_attr, ck_user = excluded.ck_user, ct_change = excluded.ct_change;
INSERT INTO s_mt.t_class_hierarchy(ck_id, ck_class_parent, ck_class_child, ck_class_attr, ck_user, ct_change) VALUES ('886', '417', '29', '1850', '10020786', '2018-03-05T00:00:00.000+0000')  on conflict on constraint cin_c_class_hierarchy_1 do update set ck_class_parent = excluded.ck_class_parent, ck_class_child = excluded.ck_class_child, ck_class_attr = excluded.ck_class_attr, ck_user = excluded.ck_user, ct_change = excluded.ct_change;
INSERT INTO s_mt.t_class_hierarchy(ck_id, ck_class_parent, ck_class_child, ck_class_attr, ck_user, ct_change) VALUES ('887', '417', '31', '1850', '10020786', '2018-03-05T00:00:00.000+0000')  on conflict on constraint cin_c_class_hierarchy_1 do update set ck_class_parent = excluded.ck_class_parent, ck_class_child = excluded.ck_class_child, ck_class_attr = excluded.ck_class_attr, ck_user = excluded.ck_user, ct_change = excluded.ct_change;
INSERT INTO s_mt.t_class_hierarchy(ck_id, ck_class_parent, ck_class_child, ck_class_attr, ck_user, ct_change) VALUES ('888', '417', '197', '1850', '10020786', '2018-03-05T00:00:00.000+0000')  on conflict on constraint cin_c_class_hierarchy_1 do update set ck_class_parent = excluded.ck_class_parent, ck_class_child = excluded.ck_class_child, ck_class_attr = excluded.ck_class_attr, ck_user = excluded.ck_user, ct_change = excluded.ct_change;
INSERT INTO s_mt.t_class_hierarchy(ck_id, ck_class_parent, ck_class_child, ck_class_attr, ck_user, ct_change) VALUES ('889', '417', '357', '1850', '10020786', '2018-03-05T00:00:00.000+0000')  on conflict on constraint cin_c_class_hierarchy_1 do update set ck_class_parent = excluded.ck_class_parent, ck_class_child = excluded.ck_class_child, ck_class_attr = excluded.ck_class_attr, ck_user = excluded.ck_user, ct_change = excluded.ct_change;
INSERT INTO s_mt.t_class_hierarchy(ck_id, ck_class_parent, ck_class_child, ck_class_attr, ck_user, ct_change) VALUES ('890', '417', '30', '1850', '10020786', '2018-03-05T00:00:00.000+0000')  on conflict on constraint cin_c_class_hierarchy_1 do update set ck_class_parent = excluded.ck_class_parent, ck_class_child = excluded.ck_class_child, ck_class_attr = excluded.ck_class_attr, ck_user = excluded.ck_user, ct_change = excluded.ct_change;
INSERT INTO s_mt.t_class_hierarchy(ck_id, ck_class_parent, ck_class_child, ck_class_attr, ck_user, ct_change) VALUES ('892', '417', '38', '1850', '10020786', '2018-03-05T00:00:00.000+0000')  on conflict on constraint cin_c_class_hierarchy_1 do update set ck_class_parent = excluded.ck_class_parent, ck_class_child = excluded.ck_class_child, ck_class_attr = excluded.ck_class_attr, ck_user = excluded.ck_user, ct_change = excluded.ct_change;
INSERT INTO s_mt.t_class_hierarchy(ck_id, ck_class_parent, ck_class_child, ck_class_attr, ck_user, ct_change) VALUES ('893', '417', '33', '1850', '10020786', '2018-03-05T00:00:00.000+0000')  on conflict on constraint cin_c_class_hierarchy_1 do update set ck_class_parent = excluded.ck_class_parent, ck_class_child = excluded.ck_class_child, ck_class_attr = excluded.ck_class_attr, ck_user = excluded.ck_user, ct_change = excluded.ct_change;
INSERT INTO s_mt.t_class_hierarchy(ck_id, ck_class_parent, ck_class_child, ck_class_attr, ck_user, ct_change) VALUES ('894', '417', '27', '1850', '10020786', '2018-03-05T00:00:00.000+0000')  on conflict on constraint cin_c_class_hierarchy_1 do update set ck_class_parent = excluded.ck_class_parent, ck_class_child = excluded.ck_class_child, ck_class_attr = excluded.ck_class_attr, ck_user = excluded.ck_user, ct_change = excluded.ct_change;
INSERT INTO s_mt.t_class_hierarchy(ck_id, ck_class_parent, ck_class_child, ck_class_attr, ck_user, ct_change) VALUES ('896', '417', '28', '1850', '10020786', '2018-03-05T00:00:00.000+0000')  on conflict on constraint cin_c_class_hierarchy_1 do update set ck_class_parent = excluded.ck_class_parent, ck_class_child = excluded.ck_class_child, ck_class_attr = excluded.ck_class_attr, ck_user = excluded.ck_user, ct_change = excluded.ct_change;
INSERT INTO s_mt.t_class_hierarchy(ck_id, ck_class_parent, ck_class_child, ck_class_attr, ck_user, ct_change) VALUES ('897', '417', '417', '1850', '10020786', '2018-03-05T00:00:00.000+0000')  on conflict on constraint cin_c_class_hierarchy_1 do update set ck_class_parent = excluded.ck_class_parent, ck_class_child = excluded.ck_class_child, ck_class_attr = excluded.ck_class_attr, ck_user = excluded.ck_user, ct_change = excluded.ct_change;
INSERT INTO s_mt.t_class_hierarchy(ck_id, ck_class_parent, ck_class_child, ck_class_attr, ck_user, ct_change) VALUES ('898', '417', '26', '1850', '10020786', '2018-03-05T00:00:00.000+0000')  on conflict on constraint cin_c_class_hierarchy_1 do update set ck_class_parent = excluded.ck_class_parent, ck_class_child = excluded.ck_class_child, ck_class_attr = excluded.ck_class_attr, ck_user = excluded.ck_user, ct_change = excluded.ct_change;
INSERT INTO s_mt.t_class_hierarchy(ck_id, ck_class_parent, ck_class_child, ck_class_attr, ck_user, ct_change) VALUES ('899', '417', '37', '1850', '10020786', '2018-03-05T00:00:00.000+0000')  on conflict on constraint cin_c_class_hierarchy_1 do update set ck_class_parent = excluded.ck_class_parent, ck_class_child = excluded.ck_class_child, ck_class_attr = excluded.ck_class_attr, ck_user = excluded.ck_user, ct_change = excluded.ct_change;
INSERT INTO s_mt.t_class_hierarchy(ck_id, ck_class_parent, ck_class_child, ck_class_attr, ck_user, ct_change) VALUES ('907', '8', '437', '8', '-11', '2018-04-04T00:00:00.000+0000')  on conflict on constraint cin_c_class_hierarchy_1 do update set ck_class_parent = excluded.ck_class_parent, ck_class_child = excluded.ck_class_child, ck_class_attr = excluded.ck_class_attr, ck_user = excluded.ck_user, ct_change = excluded.ct_change;
INSERT INTO s_mt.t_class_hierarchy(ck_id, ck_class_parent, ck_class_child, ck_class_attr, ck_user, ct_change) VALUES ('909', '18', '437', '27', '-11', '2018-04-04T00:00:00.000+0000')  on conflict on constraint cin_c_class_hierarchy_1 do update set ck_class_parent = excluded.ck_class_parent, ck_class_child = excluded.ck_class_child, ck_class_attr = excluded.ck_class_attr, ck_user = excluded.ck_user, ct_change = excluded.ct_change;
INSERT INTO s_mt.t_class_hierarchy(ck_id, ck_class_parent, ck_class_child, ck_class_attr, ck_user, ct_change) VALUES ('912', '337', '438', '1729', '-11', '2018-04-05T00:00:00.000+0000')  on conflict on constraint cin_c_class_hierarchy_1 do update set ck_class_parent = excluded.ck_class_parent, ck_class_child = excluded.ck_class_child, ck_class_attr = excluded.ck_class_attr, ck_user = excluded.ck_user, ct_change = excluded.ct_change;
INSERT INTO s_mt.t_class_hierarchy(ck_id, ck_class_parent, ck_class_child, ck_class_attr, ck_user, ct_change) VALUES ('925', '18', '11', '27', '10020786', '2018-04-19T00:00:00.000+0000')  on conflict on constraint cin_c_class_hierarchy_1 do update set ck_class_parent = excluded.ck_class_parent, ck_class_child = excluded.ck_class_child, ck_class_attr = excluded.ck_class_attr, ck_user = excluded.ck_user, ct_change = excluded.ct_change;
INSERT INTO s_mt.t_class_hierarchy(ck_id, ck_class_parent, ck_class_child, ck_class_attr, ck_user, ct_change) VALUES ('31', '32', '19', '132', '10020788', '2018-04-21T00:00:00.000+0000')  on conflict on constraint cin_c_class_hierarchy_1 do update set ck_class_parent = excluded.ck_class_parent, ck_class_child = excluded.ck_class_child, ck_class_attr = excluded.ck_class_attr, ck_user = excluded.ck_user, ct_change = excluded.ct_change;
INSERT INTO s_mt.t_class_hierarchy(ck_id, ck_class_parent, ck_class_child, ck_class_attr, ck_user, ct_change) VALUES ('946', '217', '19', '830', '10020785', '2018-04-22T00:00:00.000+0000')  on conflict on constraint cin_c_class_hierarchy_1 do update set ck_class_parent = excluded.ck_class_parent, ck_class_child = excluded.ck_class_child, ck_class_attr = excluded.ck_class_attr, ck_user = excluded.ck_user, ct_change = excluded.ct_change;
INSERT INTO s_mt.t_class_hierarchy(ck_id, ck_class_parent, ck_class_child, ck_class_attr, ck_user, ct_change) VALUES ('988', '38', '437', '306', '10020848', '2018-07-10T00:00:00.000+0000')  on conflict on constraint cin_c_class_hierarchy_1 do update set ck_class_parent = excluded.ck_class_parent, ck_class_child = excluded.ck_class_child, ck_class_attr = excluded.ck_class_attr, ck_user = excluded.ck_user, ct_change = excluded.ct_change;
INSERT INTO s_mt.t_class_hierarchy(ck_id, ck_class_parent, ck_class_child, ck_class_attr, ck_user, ct_change) VALUES ('1985', '1457', '19', '5176', '10020785', '2018-07-12T00:00:00.000+0000')  on conflict on constraint cin_c_class_hierarchy_1 do update set ck_class_parent = excluded.ck_class_parent, ck_class_child = excluded.ck_class_child, ck_class_attr = excluded.ck_class_attr, ck_user = excluded.ck_user, ct_change = excluded.ct_change;
INSERT INTO s_mt.t_class_hierarchy(ck_id, ck_class_parent, ck_class_child, ck_class_attr, ck_user, ct_change) VALUES ('1986', '8', '1457', '30', '10020785', '2018-07-12T00:00:00.000+0000')  on conflict on constraint cin_c_class_hierarchy_1 do update set ck_class_parent = excluded.ck_class_parent, ck_class_child = excluded.ck_class_child, ck_class_attr = excluded.ck_class_attr, ck_user = excluded.ck_user, ct_change = excluded.ct_change;
INSERT INTO s_mt.t_class_hierarchy(ck_id, ck_class_parent, ck_class_child, ck_class_attr, ck_user, ct_change) VALUES ('2985', '18', '1457', '31', '10020785', '2018-07-15T00:00:00.000+0000')  on conflict on constraint cin_c_class_hierarchy_1 do update set ck_class_parent = excluded.ck_class_parent, ck_class_child = excluded.ck_class_child, ck_class_attr = excluded.ck_class_attr, ck_user = excluded.ck_user, ct_change = excluded.ct_change;
INSERT INTO s_mt.t_class_hierarchy(ck_id, ck_class_parent, ck_class_child, ck_class_attr, ck_user, ct_change) VALUES ('2986', '137', '1457', '619', '10020785', '2018-07-15T00:00:00.000+0000')  on conflict on constraint cin_c_class_hierarchy_1 do update set ck_class_parent = excluded.ck_class_parent, ck_class_child = excluded.ck_class_child, ck_class_attr = excluded.ck_class_attr, ck_user = excluded.ck_user, ct_change = excluded.ct_change;
INSERT INTO s_mt.t_class_hierarchy(ck_id, ck_class_parent, ck_class_child, ck_class_attr, ck_user, ct_change) VALUES ('2987', '217', '1457', '830', '10020785', '2018-07-15T00:00:00.000+0000')  on conflict on constraint cin_c_class_hierarchy_1 do update set ck_class_parent = excluded.ck_class_parent, ck_class_child = excluded.ck_class_child, ck_class_attr = excluded.ck_class_attr, ck_user = excluded.ck_user, ct_change = excluded.ct_change;
INSERT INTO s_mt.t_class_hierarchy(ck_id, ck_class_parent, ck_class_child, ck_class_attr, ck_user, ct_change) VALUES ('2988', '32', '1457', '132', '10020785', '2018-07-15T00:00:00.000+0000')  on conflict on constraint cin_c_class_hierarchy_1 do update set ck_class_parent = excluded.ck_class_parent, ck_class_child = excluded.ck_class_child, ck_class_attr = excluded.ck_class_attr, ck_user = excluded.ck_user, ct_change = excluded.ct_change;
INSERT INTO s_mt.t_class_hierarchy(ck_id, ck_class_parent, ck_class_child, ck_class_attr, ck_user, ct_change) VALUES ('3985', '58', '1457', '13169', '10020785', '2018-07-30T00:00:00.000+0000')  on conflict on constraint cin_c_class_hierarchy_1 do update set ck_class_parent = excluded.ck_class_parent, ck_class_child = excluded.ck_class_child, ck_class_attr = excluded.ck_class_attr, ck_user = excluded.ck_user, ct_change = excluded.ct_change;
INSERT INTO s_mt.t_class_hierarchy(ck_id, ck_class_parent, ck_class_child, ck_class_attr, ck_user, ct_change) VALUES ('4985', '8', '3457', '8', '10020785', '2018-08-28T00:00:00.000+0000')  on conflict on constraint cin_c_class_hierarchy_1 do update set ck_class_parent = excluded.ck_class_parent, ck_class_child = excluded.ck_class_child, ck_class_attr = excluded.ck_class_attr, ck_user = excluded.ck_user, ct_change = excluded.ct_change;
INSERT INTO s_mt.t_class_hierarchy(ck_id, ck_class_parent, ck_class_child, ck_class_attr, ck_user, ct_change) VALUES ('5985', '1', '4457', '623', '10020785', '2018-10-07T00:00:00.000+0000')  on conflict on constraint cin_c_class_hierarchy_1 do update set ck_class_parent = excluded.ck_class_parent, ck_class_child = excluded.ck_class_child, ck_class_attr = excluded.ck_class_attr, ck_user = excluded.ck_user, ct_change = excluded.ct_change;
INSERT INTO s_mt.t_class_hierarchy(ck_id, ck_class_parent, ck_class_child, ck_class_attr, ck_user, ct_change) VALUES ('5986', '417', '4457', '1850', '10020785', '2018-10-07T00:00:00.000+0000')  on conflict on constraint cin_c_class_hierarchy_1 do update set ck_class_parent = excluded.ck_class_parent, ck_class_child = excluded.ck_class_child, ck_class_attr = excluded.ck_class_attr, ck_user = excluded.ck_user, ct_change = excluded.ct_change;
INSERT INTO s_mt.t_class_hierarchy(ck_id, ck_class_parent, ck_class_child, ck_class_attr, ck_user, ct_change) VALUES ('5987', '58', '4457', '382', '10020785', '2018-10-07T00:00:00.000+0000')  on conflict on constraint cin_c_class_hierarchy_1 do update set ck_class_parent = excluded.ck_class_parent, ck_class_child = excluded.ck_class_child, ck_class_attr = excluded.ck_class_attr, ck_user = excluded.ck_user, ct_change = excluded.ct_change;
INSERT INTO s_mt.t_class_hierarchy(ck_id, ck_class_parent, ck_class_child, ck_class_attr, ck_user, ct_change) VALUES ('5988', '137', '4457', '621', '10020785', '2018-10-07T00:00:00.000+0000')  on conflict on constraint cin_c_class_hierarchy_1 do update set ck_class_parent = excluded.ck_class_parent, ck_class_child = excluded.ck_class_child, ck_class_attr = excluded.ck_class_attr, ck_user = excluded.ck_user, ct_change = excluded.ct_change;
INSERT INTO s_mt.t_class_hierarchy(ck_id, ck_class_parent, ck_class_child, ck_class_attr, ck_user, ct_change) VALUES ('5989', '32', '4457', '138', '10020785', '2018-10-07T00:00:00.000+0000')  on conflict on constraint cin_c_class_hierarchy_1 do update set ck_class_parent = excluded.ck_class_parent, ck_class_child = excluded.ck_class_child, ck_class_attr = excluded.ck_class_attr, ck_user = excluded.ck_user, ct_change = excluded.ct_change;
INSERT INTO s_mt.t_class_hierarchy(ck_id, ck_class_parent, ck_class_child, ck_class_attr, ck_user, ct_change) VALUES ('6985', '157', '19', '36169', '20785', '2018-12-11T00:00:00.000+0000')  on conflict on constraint cin_c_class_hierarchy_1 do update set ck_class_parent = excluded.ck_class_parent, ck_class_child = excluded.ck_class_child, ck_class_attr = excluded.ck_class_attr, ck_user = excluded.ck_user, ct_change = excluded.ct_change;
INSERT INTO s_mt.t_class_hierarchy(ck_id, ck_class_parent, ck_class_child, ck_class_attr, ck_user, ct_change) VALUES ('6986', '6457', '26', '36173', '20785', '2018-12-11T00:00:00.000+0000')  on conflict on constraint cin_c_class_hierarchy_1 do update set ck_class_parent = excluded.ck_class_parent, ck_class_child = excluded.ck_class_child, ck_class_attr = excluded.ck_class_attr, ck_user = excluded.ck_user, ct_change = excluded.ct_change;
INSERT INTO s_mt.t_class_hierarchy(ck_id, ck_class_parent, ck_class_child, ck_class_attr, ck_user, ct_change) VALUES ('6987', '6457', '27', '36173', '20785', '2018-12-11T00:00:00.000+0000')  on conflict on constraint cin_c_class_hierarchy_1 do update set ck_class_parent = excluded.ck_class_parent, ck_class_child = excluded.ck_class_child, ck_class_attr = excluded.ck_class_attr, ck_user = excluded.ck_user, ct_change = excluded.ct_change;
INSERT INTO s_mt.t_class_hierarchy(ck_id, ck_class_parent, ck_class_child, ck_class_attr, ck_user, ct_change) VALUES ('6988', '6457', '28', '36173', '20785', '2018-12-11T00:00:00.000+0000')  on conflict on constraint cin_c_class_hierarchy_1 do update set ck_class_parent = excluded.ck_class_parent, ck_class_child = excluded.ck_class_child, ck_class_attr = excluded.ck_class_attr, ck_user = excluded.ck_user, ct_change = excluded.ct_change;
INSERT INTO s_mt.t_class_hierarchy(ck_id, ck_class_parent, ck_class_child, ck_class_attr, ck_user, ct_change) VALUES ('6989', '6457', '29', '36173', '20785', '2018-12-11T00:00:00.000+0000')  on conflict on constraint cin_c_class_hierarchy_1 do update set ck_class_parent = excluded.ck_class_parent, ck_class_child = excluded.ck_class_child, ck_class_attr = excluded.ck_class_attr, ck_user = excluded.ck_user, ct_change = excluded.ct_change;
INSERT INTO s_mt.t_class_hierarchy(ck_id, ck_class_parent, ck_class_child, ck_class_attr, ck_user, ct_change) VALUES ('6990', '6457', '30', '36173', '20785', '2018-12-11T00:00:00.000+0000')  on conflict on constraint cin_c_class_hierarchy_1 do update set ck_class_parent = excluded.ck_class_parent, ck_class_child = excluded.ck_class_child, ck_class_attr = excluded.ck_class_attr, ck_user = excluded.ck_user, ct_change = excluded.ct_change;
INSERT INTO s_mt.t_class_hierarchy(ck_id, ck_class_parent, ck_class_child, ck_class_attr, ck_user, ct_change) VALUES ('6991', '6457', '31', '36173', '20785', '2018-12-11T00:00:00.000+0000')  on conflict on constraint cin_c_class_hierarchy_1 do update set ck_class_parent = excluded.ck_class_parent, ck_class_child = excluded.ck_class_child, ck_class_attr = excluded.ck_class_attr, ck_user = excluded.ck_user, ct_change = excluded.ct_change;
INSERT INTO s_mt.t_class_hierarchy(ck_id, ck_class_parent, ck_class_child, ck_class_attr, ck_user, ct_change) VALUES ('6992', '6457', '97', '36173', '20785', '2018-12-11T00:00:00.000+0000')  on conflict on constraint cin_c_class_hierarchy_1 do update set ck_class_parent = excluded.ck_class_parent, ck_class_child = excluded.ck_class_child, ck_class_attr = excluded.ck_class_attr, ck_user = excluded.ck_user, ct_change = excluded.ct_change;
INSERT INTO s_mt.t_class_hierarchy(ck_id, ck_class_parent, ck_class_child, ck_class_attr, ck_user, ct_change) VALUES ('6994', '8', '6457', '36174', '20785', '2018-12-11T00:00:00.000+0000')  on conflict on constraint cin_c_class_hierarchy_1 do update set ck_class_parent = excluded.ck_class_parent, ck_class_child = excluded.ck_class_child, ck_class_attr = excluded.ck_class_attr, ck_user = excluded.ck_user, ct_change = excluded.ct_change;
INSERT INTO s_mt.t_class_hierarchy(ck_id, ck_class_parent, ck_class_child, ck_class_attr, ck_user, ct_change) VALUES ('6995', '6457', '137', '36173', '20785', '2018-12-12T00:00:00.000+0000')  on conflict on constraint cin_c_class_hierarchy_1 do update set ck_class_parent = excluded.ck_class_parent, ck_class_child = excluded.ck_class_child, ck_class_attr = excluded.ck_class_attr, ck_user = excluded.ck_user, ct_change = excluded.ct_change;
INSERT INTO s_mt.t_class_hierarchy(ck_id, ck_class_parent, ck_class_child, ck_class_attr, ck_user, ct_change) VALUES ('7985', '7457', '4457', '37172', '20785', '2018-12-19T00:00:00.000+0000')  on conflict on constraint cin_c_class_hierarchy_1 do update set ck_class_parent = excluded.ck_class_parent, ck_class_child = excluded.ck_class_child, ck_class_attr = excluded.ck_class_attr, ck_user = excluded.ck_user, ct_change = excluded.ct_change;
INSERT INTO s_mt.t_class_hierarchy(ck_id, ck_class_parent, ck_class_child, ck_class_attr, ck_user, ct_change) VALUES ('7986', '7457', '26', '37172', '20785', '2018-12-19T00:00:00.000+0000')  on conflict on constraint cin_c_class_hierarchy_1 do update set ck_class_parent = excluded.ck_class_parent, ck_class_child = excluded.ck_class_child, ck_class_attr = excluded.ck_class_attr, ck_user = excluded.ck_user, ct_change = excluded.ct_change;
INSERT INTO s_mt.t_class_hierarchy(ck_id, ck_class_parent, ck_class_child, ck_class_attr, ck_user, ct_change) VALUES ('7987', '7457', '27', '37172', '20785', '2018-12-19T00:00:00.000+0000')  on conflict on constraint cin_c_class_hierarchy_1 do update set ck_class_parent = excluded.ck_class_parent, ck_class_child = excluded.ck_class_child, ck_class_attr = excluded.ck_class_attr, ck_user = excluded.ck_user, ct_change = excluded.ct_change;
INSERT INTO s_mt.t_class_hierarchy(ck_id, ck_class_parent, ck_class_child, ck_class_attr, ck_user, ct_change) VALUES ('7988', '7457', '28', '37172', '20785', '2018-12-19T00:00:00.000+0000')  on conflict on constraint cin_c_class_hierarchy_1 do update set ck_class_parent = excluded.ck_class_parent, ck_class_child = excluded.ck_class_child, ck_class_attr = excluded.ck_class_attr, ck_user = excluded.ck_user, ct_change = excluded.ct_change;
INSERT INTO s_mt.t_class_hierarchy(ck_id, ck_class_parent, ck_class_child, ck_class_attr, ck_user, ct_change) VALUES ('7989', '7457', '29', '37172', '20785', '2018-12-19T00:00:00.000+0000')  on conflict on constraint cin_c_class_hierarchy_1 do update set ck_class_parent = excluded.ck_class_parent, ck_class_child = excluded.ck_class_child, ck_class_attr = excluded.ck_class_attr, ck_user = excluded.ck_user, ct_change = excluded.ct_change;
INSERT INTO s_mt.t_class_hierarchy(ck_id, ck_class_parent, ck_class_child, ck_class_attr, ck_user, ct_change) VALUES ('7990', '7457', '30', '37172', '20785', '2018-12-19T00:00:00.000+0000')  on conflict on constraint cin_c_class_hierarchy_1 do update set ck_class_parent = excluded.ck_class_parent, ck_class_child = excluded.ck_class_child, ck_class_attr = excluded.ck_class_attr, ck_user = excluded.ck_user, ct_change = excluded.ct_change;
INSERT INTO s_mt.t_class_hierarchy(ck_id, ck_class_parent, ck_class_child, ck_class_attr, ck_user, ct_change) VALUES ('7992', '7457', '31', '37172', '20785', '2018-12-19T00:00:00.000+0000')  on conflict on constraint cin_c_class_hierarchy_1 do update set ck_class_parent = excluded.ck_class_parent, ck_class_child = excluded.ck_class_child, ck_class_attr = excluded.ck_class_attr, ck_user = excluded.ck_user, ct_change = excluded.ct_change;
INSERT INTO s_mt.t_class_hierarchy(ck_id, ck_class_parent, ck_class_child, ck_class_attr, ck_user, ct_change) VALUES ('7993', '7457', '37', '37172', '20785', '2018-12-19T00:00:00.000+0000')  on conflict on constraint cin_c_class_hierarchy_1 do update set ck_class_parent = excluded.ck_class_parent, ck_class_child = excluded.ck_class_child, ck_class_attr = excluded.ck_class_attr, ck_user = excluded.ck_user, ct_change = excluded.ct_change;
INSERT INTO s_mt.t_class_hierarchy(ck_id, ck_class_parent, ck_class_child, ck_class_attr, ck_user, ct_change) VALUES ('7994', '7457', '38', '37172', '20785', '2018-12-19T00:00:00.000+0000')  on conflict on constraint cin_c_class_hierarchy_1 do update set ck_class_parent = excluded.ck_class_parent, ck_class_child = excluded.ck_class_child, ck_class_attr = excluded.ck_class_attr, ck_user = excluded.ck_user, ct_change = excluded.ct_change;
INSERT INTO s_mt.t_class_hierarchy(ck_id, ck_class_parent, ck_class_child, ck_class_attr, ck_user, ct_change) VALUES ('7995', '7457', '97', '37172', '20785', '2018-12-19T00:00:00.000+0000')  on conflict on constraint cin_c_class_hierarchy_1 do update set ck_class_parent = excluded.ck_class_parent, ck_class_child = excluded.ck_class_child, ck_class_attr = excluded.ck_class_attr, ck_user = excluded.ck_user, ct_change = excluded.ct_change;
INSERT INTO s_mt.t_class_hierarchy(ck_id, ck_class_parent, ck_class_child, ck_class_attr, ck_user, ct_change) VALUES ('7996', '58', '7457', '382', '20785', '2018-12-19T00:00:00.000+0000')  on conflict on constraint cin_c_class_hierarchy_1 do update set ck_class_parent = excluded.ck_class_parent, ck_class_child = excluded.ck_class_child, ck_class_attr = excluded.ck_class_attr, ck_user = excluded.ck_user, ct_change = excluded.ct_change;
INSERT INTO s_mt.t_class_hierarchy(ck_id, ck_class_parent, ck_class_child, ck_class_attr, ck_user, ct_change) VALUES ('8985', '137', '8457', '621', '20786', '2018-12-24T00:00:00.000+0000')  on conflict on constraint cin_c_class_hierarchy_1 do update set ck_class_parent = excluded.ck_class_parent, ck_class_child = excluded.ck_class_child, ck_class_attr = excluded.ck_class_attr, ck_user = excluded.ck_user, ct_change = excluded.ct_change;
INSERT INTO s_mt.t_class_hierarchy(ck_id, ck_class_parent, ck_class_child, ck_class_attr, ck_user, ct_change) VALUES ('8986', '1', '8457', '623', '20786', '2018-12-24T00:00:00.000+0000')  on conflict on constraint cin_c_class_hierarchy_1 do update set ck_class_parent = excluded.ck_class_parent, ck_class_child = excluded.ck_class_child, ck_class_attr = excluded.ck_class_attr, ck_user = excluded.ck_user, ct_change = excluded.ct_change;
INSERT INTO s_mt.t_class_hierarchy(ck_id, ck_class_parent, ck_class_child, ck_class_attr, ck_user, ct_change) VALUES ('8987', '9', '8457', '39', '20786', '2018-12-24T00:00:00.000+0000')  on conflict on constraint cin_c_class_hierarchy_1 do update set ck_class_parent = excluded.ck_class_parent, ck_class_child = excluded.ck_class_child, ck_class_attr = excluded.ck_class_attr, ck_user = excluded.ck_user, ct_change = excluded.ct_change;
INSERT INTO s_mt.t_class_hierarchy(ck_id, ck_class_parent, ck_class_child, ck_class_attr, ck_user, ct_change) VALUES ('8988', '58', '8457', '382', '20786', '2018-12-24T00:00:00.000+0000')  on conflict on constraint cin_c_class_hierarchy_1 do update set ck_class_parent = excluded.ck_class_parent, ck_class_child = excluded.ck_class_child, ck_class_attr = excluded.ck_class_attr, ck_user = excluded.ck_user, ct_change = excluded.ct_change;
INSERT INTO s_mt.t_class_hierarchy(ck_id, ck_class_parent, ck_class_child, ck_class_attr, ck_user, ct_change) VALUES ('8989', '157', '8457', '735', '20786', '2018-12-24T00:00:00.000+0000')  on conflict on constraint cin_c_class_hierarchy_1 do update set ck_class_parent = excluded.ck_class_parent, ck_class_child = excluded.ck_class_child, ck_class_attr = excluded.ck_class_attr, ck_user = excluded.ck_user, ct_change = excluded.ct_change;
INSERT INTO s_mt.t_class_hierarchy(ck_id, ck_class_parent, ck_class_child, ck_class_attr, ck_user, ct_change) VALUES ('9985', '18', '10', '27', '20788', '2019-01-16T00:00:00.000+0000')  on conflict on constraint cin_c_class_hierarchy_1 do update set ck_class_parent = excluded.ck_class_parent, ck_class_child = excluded.ck_class_child, ck_class_attr = excluded.ck_class_attr, ck_user = excluded.ck_user, ct_change = excluded.ct_change;
INSERT INTO s_mt.t_class_hierarchy(ck_id, ck_class_parent, ck_class_child, ck_class_attr, ck_user, ct_change) VALUES ('10985', '38', '6457', '40169', '20785', '2019-01-21T00:00:00.000+0000')  on conflict on constraint cin_c_class_hierarchy_1 do update set ck_class_parent = excluded.ck_class_parent, ck_class_child = excluded.ck_class_child, ck_class_attr = excluded.ck_class_attr, ck_user = excluded.ck_user, ct_change = excluded.ct_change;
INSERT INTO s_mt.t_class_hierarchy(ck_id, ck_class_parent, ck_class_child, ck_class_attr, ck_user, ct_change) VALUES ('11985', '1', '10457', '623', '30021381', '2019-01-24T00:00:00.000+0000')  on conflict on constraint cin_c_class_hierarchy_1 do update set ck_class_parent = excluded.ck_class_parent, ck_class_child = excluded.ck_class_child, ck_class_attr = excluded.ck_class_attr, ck_user = excluded.ck_user, ct_change = excluded.ct_change;
INSERT INTO s_mt.t_class_hierarchy(ck_id, ck_class_parent, ck_class_child, ck_class_attr, ck_user, ct_change) VALUES ('11986', '7457', '10457', '37172', '30021381', '2019-01-24T00:00:00.000+0000')  on conflict on constraint cin_c_class_hierarchy_1 do update set ck_class_parent = excluded.ck_class_parent, ck_class_child = excluded.ck_class_child, ck_class_attr = excluded.ck_class_attr, ck_user = excluded.ck_user, ct_change = excluded.ct_change;
INSERT INTO s_mt.t_class_hierarchy(ck_id, ck_class_parent, ck_class_child, ck_class_attr, ck_user, ct_change) VALUES ('11987', '417', '10457', '1850', '30021381', '2019-01-24T00:00:00.000+0000')  on conflict on constraint cin_c_class_hierarchy_1 do update set ck_class_parent = excluded.ck_class_parent, ck_class_child = excluded.ck_class_child, ck_class_attr = excluded.ck_class_attr, ck_user = excluded.ck_user, ct_change = excluded.ct_change;
INSERT INTO s_mt.t_class_hierarchy(ck_id, ck_class_parent, ck_class_child, ck_class_attr, ck_user, ct_change) VALUES ('11988', '58', '58', '382', '30021381', '2019-01-24T00:00:00.000+0000')  on conflict on constraint cin_c_class_hierarchy_1 do update set ck_class_parent = excluded.ck_class_parent, ck_class_child = excluded.ck_class_child, ck_class_attr = excluded.ck_class_attr, ck_user = excluded.ck_user, ct_change = excluded.ct_change;
INSERT INTO s_mt.t_class_hierarchy(ck_id, ck_class_parent, ck_class_child, ck_class_attr, ck_user, ct_change) VALUES ('11989', '137', '10457', '621', '30021381', '2019-01-24T00:00:00.000+0000')  on conflict on constraint cin_c_class_hierarchy_1 do update set ck_class_parent = excluded.ck_class_parent, ck_class_child = excluded.ck_class_child, ck_class_attr = excluded.ck_class_attr, ck_user = excluded.ck_user, ct_change = excluded.ct_change;
INSERT INTO s_mt.t_class_hierarchy(ck_id, ck_class_parent, ck_class_child, ck_class_attr, ck_user, ct_change) VALUES ('11990', '58', '10457', '382', '30021381', '2019-01-24T00:00:00.000+0000')  on conflict on constraint cin_c_class_hierarchy_1 do update set ck_class_parent = excluded.ck_class_parent, ck_class_child = excluded.ck_class_child, ck_class_attr = excluded.ck_class_attr, ck_user = excluded.ck_user, ct_change = excluded.ct_change;
INSERT INTO s_mt.t_class_hierarchy(ck_id, ck_class_parent, ck_class_child, ck_class_attr, ck_user, ct_change) VALUES ('11991', '6457', '10457', '36173', '30021381', '2019-01-24T00:00:00.000+0000')  on conflict on constraint cin_c_class_hierarchy_1 do update set ck_class_parent = excluded.ck_class_parent, ck_class_child = excluded.ck_class_child, ck_class_attr = excluded.ck_class_attr, ck_user = excluded.ck_user, ct_change = excluded.ct_change;
INSERT INTO s_mt.t_class_hierarchy(ck_id, ck_class_parent, ck_class_child, ck_class_attr, ck_user, ct_change) VALUES ('11992', '157', '10457', '735', '30021381', '2019-01-24T00:00:00.000+0000')  on conflict on constraint cin_c_class_hierarchy_1 do update set ck_class_parent = excluded.ck_class_parent, ck_class_child = excluded.ck_class_child, ck_class_attr = excluded.ck_class_attr, ck_user = excluded.ck_user, ct_change = excluded.ct_change;
INSERT INTO s_mt.t_class_hierarchy(ck_id, ck_class_parent, ck_class_child, ck_class_attr, ck_user, ct_change) VALUES ('11993', '32', '10457', '138', '30021381', '2019-01-24T00:00:00.000+0000')  on conflict on constraint cin_c_class_hierarchy_1 do update set ck_class_parent = excluded.ck_class_parent, ck_class_child = excluded.ck_class_child, ck_class_attr = excluded.ck_class_attr, ck_user = excluded.ck_user, ct_change = excluded.ct_change;
INSERT INTO s_mt.t_class_hierarchy(ck_id, ck_class_parent, ck_class_child, ck_class_attr, ck_user, ct_change) VALUES ('11994', '77', '10457', '450', '30021381', '2019-01-24T00:00:00.000+0000')  on conflict on constraint cin_c_class_hierarchy_1 do update set ck_class_parent = excluded.ck_class_parent, ck_class_child = excluded.ck_class_child, ck_class_attr = excluded.ck_class_attr, ck_user = excluded.ck_user, ct_change = excluded.ct_change;
INSERT INTO s_mt.t_class_hierarchy(ck_id, ck_class_parent, ck_class_child, ck_class_attr, ck_user, ct_change) VALUES ('11995', '10', '10457', '40', '30021381', '2019-01-24T00:00:00.000+0000')  on conflict on constraint cin_c_class_hierarchy_1 do update set ck_class_parent = excluded.ck_class_parent, ck_class_child = excluded.ck_class_child, ck_class_attr = excluded.ck_class_attr, ck_user = excluded.ck_user, ct_change = excluded.ct_change;
INSERT INTO s_mt.t_class_hierarchy(ck_id, ck_class_parent, ck_class_child, ck_class_attr, ck_user, ct_change) VALUES ('11996', '9', '10457', '39', '30021381', '2019-01-24T00:00:00.000+0000')  on conflict on constraint cin_c_class_hierarchy_1 do update set ck_class_parent = excluded.ck_class_parent, ck_class_child = excluded.ck_class_child, ck_class_attr = excluded.ck_class_attr, ck_user = excluded.ck_user, ct_change = excluded.ct_change;
INSERT INTO s_mt.t_class_hierarchy(ck_id, ck_class_parent, ck_class_child, ck_class_attr, ck_user, ct_change) VALUES ('11997', '17', '10457', '524', '30021381', '2019-01-24T00:00:00.000+0000')  on conflict on constraint cin_c_class_hierarchy_1 do update set ck_class_parent = excluded.ck_class_parent, ck_class_child = excluded.ck_class_child, ck_class_attr = excluded.ck_class_attr, ck_user = excluded.ck_user, ct_change = excluded.ct_change;
INSERT INTO s_mt.t_class_hierarchy(ck_id, ck_class_parent, ck_class_child, ck_class_attr, ck_user, ct_change) VALUES ('12985', '6457', '4457', '36173', '10028610', '2019-02-05T00:00:00.000+0000')  on conflict on constraint cin_c_class_hierarchy_1 do update set ck_class_parent = excluded.ck_class_parent, ck_class_child = excluded.ck_class_child, ck_class_attr = excluded.ck_class_attr, ck_user = excluded.ck_user, ct_change = excluded.ct_change;
INSERT INTO s_mt.t_class_hierarchy(ck_id, ck_class_parent, ck_class_child, ck_class_attr, ck_user, ct_change) VALUES ('13985', '157', '33', '735', '10028610', '2019-02-06T00:00:00.000+0000')  on conflict on constraint cin_c_class_hierarchy_1 do update set ck_class_parent = excluded.ck_class_parent, ck_class_child = excluded.ck_class_child, ck_class_attr = excluded.ck_class_attr, ck_user = excluded.ck_user, ct_change = excluded.ct_change;
INSERT INTO s_mt.t_class_hierarchy(ck_id, ck_class_parent, ck_class_child, ck_class_attr, ck_user, ct_change) VALUES ('14985', '32', '7457', '138', '10028610', '2019-02-10T00:00:00.000+0000')  on conflict on constraint cin_c_class_hierarchy_1 do update set ck_class_parent = excluded.ck_class_parent, ck_class_child = excluded.ck_class_child, ck_class_attr = excluded.ck_class_attr, ck_user = excluded.ck_user, ct_change = excluded.ct_change;
INSERT INTO s_mt.t_class_hierarchy(ck_id, ck_class_parent, ck_class_child, ck_class_attr, ck_user, ct_change) VALUES ('16985', '32', '357', '138', '10028610', '2019-02-13T00:00:00.000+0000')  on conflict on constraint cin_c_class_hierarchy_1 do update set ck_class_parent = excluded.ck_class_parent, ck_class_child = excluded.ck_class_child, ck_class_attr = excluded.ck_class_attr, ck_user = excluded.ck_user, ct_change = excluded.ct_change;
INSERT INTO s_mt.t_class_hierarchy(ck_id, ck_class_parent, ck_class_child, ck_class_attr, ck_user, ct_change) VALUES ('19985', '97', '30', '50169', '10028610', '2019-03-10T00:00:00.000+0000')  on conflict on constraint cin_c_class_hierarchy_1 do update set ck_class_parent = excluded.ck_class_parent, ck_class_child = excluded.ck_class_child, ck_class_attr = excluded.ck_class_attr, ck_user = excluded.ck_user, ct_change = excluded.ct_change;
INSERT INTO s_mt.t_class_hierarchy(ck_id, ck_class_parent, ck_class_child, ck_class_attr, ck_user, ct_change) VALUES ('846060F16DF560F2E053809BA8C0CA26', '32', '84599990888B6BCCE053809BA8C00CC8', '138', '20785', '2019-03-17T00:00:00.000+0000')  on conflict on constraint cin_c_class_hierarchy_1 do update set ck_class_parent = excluded.ck_class_parent, ck_class_child = excluded.ck_class_child, ck_class_attr = excluded.ck_class_attr, ck_user = excluded.ck_user, ct_change = excluded.ct_change;
INSERT INTO s_mt.t_class_hierarchy(ck_id, ck_class_parent, ck_class_child, ck_class_attr, ck_user, ct_change) VALUES ('857A42F381668F75E053809BA8C0916B', '357', '31', '857A4193E2E18F83E053809BA8C07E37', '20786', '2019-03-31T00:00:00.000+0000')  on conflict on constraint cin_c_class_hierarchy_1 do update set ck_class_parent = excluded.ck_class_parent, ck_class_child = excluded.ck_class_child, ck_class_attr = excluded.ck_class_attr, ck_user = excluded.ck_user, ct_change = excluded.ct_change;
INSERT INTO s_mt.t_class_hierarchy(ck_id, ck_class_parent, ck_class_child, ck_class_attr, ck_user, ct_change) VALUES ('871CB755C58C248AE053809BA8C0F31E', '137', '871CB755C589248AE053809BA8C0F31E', '621', '20785', '2019-05-15T00:00:00.000+0000')  on conflict on constraint cin_c_class_hierarchy_1 do update set ck_class_parent = excluded.ck_class_parent, ck_class_child = excluded.ck_class_child, ck_class_attr = excluded.ck_class_attr, ck_user = excluded.ck_user, ct_change = excluded.ct_change;
INSERT INTO s_mt.t_class_hierarchy(ck_id, ck_class_parent, ck_class_child, ck_class_attr, ck_user, ct_change) VALUES ('87BF581B392D242FE053809BA8C0461B', '871CB755C589248AE053809BA8C0F31E', '31', '876936326A5213F3E053809BA8C0487C', '20785', '2019-05-15T00:00:00.000+0000')  on conflict on constraint cin_c_class_hierarchy_1 do update set ck_class_parent = excluded.ck_class_parent, ck_class_child = excluded.ck_class_child, ck_class_attr = excluded.ck_class_attr, ck_user = excluded.ck_user, ct_change = excluded.ct_change;
INSERT INTO s_mt.t_class_hierarchy(ck_id, ck_class_parent, ck_class_child, ck_class_attr, ck_user, ct_change) VALUES ('87BF581B3930242FE053809BA8C0461B', '871CB755C589248AE053809BA8C0F31E', '26', '876936326A5213F3E053809BA8C0487C', '20785', '2019-05-15T00:00:00.000+0000')  on conflict on constraint cin_c_class_hierarchy_1 do update set ck_class_parent = excluded.ck_class_parent, ck_class_child = excluded.ck_class_child, ck_class_attr = excluded.ck_class_attr, ck_user = excluded.ck_user, ct_change = excluded.ct_change;
INSERT INTO s_mt.t_class_hierarchy(ck_id, ck_class_parent, ck_class_child, ck_class_attr, ck_user, ct_change) VALUES ('871A04B659F22480E053809BA8C06ED2', '871CB755C589248AE053809BA8C0F31E', '357', '876936326A5213F3E053809BA8C0487C', '20785', '2019-05-16T00:00:00.000+0000')  on conflict on constraint cin_c_class_hierarchy_1 do update set ck_class_parent = excluded.ck_class_parent, ck_class_child = excluded.ck_class_child, ck_class_attr = excluded.ck_class_attr, ck_user = excluded.ck_user, ct_change = excluded.ct_change;
INSERT INTO s_mt.t_class_hierarchy(ck_id, ck_class_parent, ck_class_child, ck_class_attr, ck_user, ct_change) VALUES ('87A9EF4DBB295226E053809BA8C0E1C2', '871CB755C589248AE053809BA8C0F31E', '84599990888B6BCCE053809BA8C00CC8', '876936326A5213F3E053809BA8C0487C', '20785', '2019-05-16T00:00:00.000+0000')  on conflict on constraint cin_c_class_hierarchy_1 do update set ck_class_parent = excluded.ck_class_parent, ck_class_child = excluded.ck_class_child, ck_class_attr = excluded.ck_class_attr, ck_user = excluded.ck_user, ct_change = excluded.ct_change;
INSERT INTO s_mt.t_class_hierarchy(ck_id, ck_class_parent, ck_class_child, ck_class_attr, ck_user, ct_change) VALUES ('87A9EF4DBB2A5226E053809BA8C0E1C2', '871CB755C589248AE053809BA8C0F31E', '197', '876936326A5213F3E053809BA8C0487C', '20785', '2019-05-16T00:00:00.000+0000')  on conflict on constraint cin_c_class_hierarchy_1 do update set ck_class_parent = excluded.ck_class_parent, ck_class_child = excluded.ck_class_child, ck_class_attr = excluded.ck_class_attr, ck_user = excluded.ck_user, ct_change = excluded.ct_change;
INSERT INTO s_mt.t_class_hierarchy(ck_id, ck_class_parent, ck_class_child, ck_class_attr, ck_user, ct_change) VALUES ('87A9EF4DBB2B5226E053809BA8C0E1C2', '871CB755C589248AE053809BA8C0F31E', '30', '876936326A5213F3E053809BA8C0487C', '20785', '2019-05-16T00:00:00.000+0000')  on conflict on constraint cin_c_class_hierarchy_1 do update set ck_class_parent = excluded.ck_class_parent, ck_class_child = excluded.ck_class_child, ck_class_attr = excluded.ck_class_attr, ck_user = excluded.ck_user, ct_change = excluded.ct_change;
INSERT INTO s_mt.t_class_hierarchy(ck_id, ck_class_parent, ck_class_child, ck_class_attr, ck_user, ct_change) VALUES ('87A9EF4DBB2C5226E053809BA8C0E1C2', '871CB755C589248AE053809BA8C0F31E', '33', '876936326A5213F3E053809BA8C0487C', '20785', '2019-05-16T00:00:00.000+0000')  on conflict on constraint cin_c_class_hierarchy_1 do update set ck_class_parent = excluded.ck_class_parent, ck_class_child = excluded.ck_class_child, ck_class_attr = excluded.ck_class_attr, ck_user = excluded.ck_user, ct_change = excluded.ct_change;
INSERT INTO s_mt.t_class_hierarchy(ck_id, ck_class_parent, ck_class_child, ck_class_attr, ck_user, ct_change) VALUES ('87A9EF4DBB2D5226E053809BA8C0E1C2', '871CB755C589248AE053809BA8C0F31E', '27', '876936326A5213F3E053809BA8C0487C', '20785', '2019-05-16T00:00:00.000+0000')  on conflict on constraint cin_c_class_hierarchy_1 do update set ck_class_parent = excluded.ck_class_parent, ck_class_child = excluded.ck_class_child, ck_class_attr = excluded.ck_class_attr, ck_user = excluded.ck_user, ct_change = excluded.ct_change;
INSERT INTO s_mt.t_class_hierarchy(ck_id, ck_class_parent, ck_class_child, ck_class_attr, ck_user, ct_change) VALUES ('87A9EF4DBB2E5226E053809BA8C0E1C2', '871CB755C589248AE053809BA8C0F31E', '28', '876936326A5213F3E053809BA8C0487C', '20785', '2019-05-16T00:00:00.000+0000')  on conflict on constraint cin_c_class_hierarchy_1 do update set ck_class_parent = excluded.ck_class_parent, ck_class_child = excluded.ck_class_child, ck_class_attr = excluded.ck_class_attr, ck_user = excluded.ck_user, ct_change = excluded.ct_change;
INSERT INTO s_mt.t_class_hierarchy(ck_id, ck_class_parent, ck_class_child, ck_class_attr, ck_user, ct_change) VALUES ('87A9EF4DBB2F5226E053809BA8C0E1C2', '871CB755C589248AE053809BA8C0F31E', '417', '876936326A5213F3E053809BA8C0487C', '20785', '2019-05-16T00:00:00.000+0000')  on conflict on constraint cin_c_class_hierarchy_1 do update set ck_class_parent = excluded.ck_class_parent, ck_class_child = excluded.ck_class_child, ck_class_attr = excluded.ck_class_attr, ck_user = excluded.ck_user, ct_change = excluded.ct_change;
INSERT INTO s_mt.t_class_hierarchy(ck_id, ck_class_parent, ck_class_child, ck_class_attr, ck_user, ct_change) VALUES ('87A9EF4DBB305226E053809BA8C0E1C2', '871CB755C589248AE053809BA8C0F31E', '37', '876936326A5213F3E053809BA8C0487C', '20785', '2019-05-16T00:00:00.000+0000')  on conflict on constraint cin_c_class_hierarchy_1 do update set ck_class_parent = excluded.ck_class_parent, ck_class_child = excluded.ck_class_child, ck_class_attr = excluded.ck_class_attr, ck_user = excluded.ck_user, ct_change = excluded.ct_change;
INSERT INTO s_mt.t_class_hierarchy(ck_id, ck_class_parent, ck_class_child, ck_class_attr, ck_user, ct_change) VALUES ('87BF545279B013EDE053809BA8C0A884', '871CB755C589248AE053809BA8C0F31E', '29', '876936326A5213F3E053809BA8C0487C', '20785', '2019-05-16T00:00:00.000+0000')  on conflict on constraint cin_c_class_hierarchy_1 do update set ck_class_parent = excluded.ck_class_parent, ck_class_child = excluded.ck_class_child, ck_class_attr = excluded.ck_class_attr, ck_user = excluded.ck_user, ct_change = excluded.ct_change;
INSERT INTO s_mt.t_class_hierarchy(ck_id, ck_class_parent, ck_class_child, ck_class_attr, ck_user, ct_change) VALUES ('87BF545279B113EDE053809BA8C0A884', '871CB755C589248AE053809BA8C0F31E', '38', '876936326A5213F3E053809BA8C0487C', '20785', '2019-05-16T00:00:00.000+0000')  on conflict on constraint cin_c_class_hierarchy_1 do update set ck_class_parent = excluded.ck_class_parent, ck_class_child = excluded.ck_class_child, ck_class_attr = excluded.ck_class_attr, ck_user = excluded.ck_user, ct_change = excluded.ct_change;
INSERT INTO s_mt.t_class_hierarchy(ck_id, ck_class_parent, ck_class_child, ck_class_attr, ck_user, ct_change) VALUES ('87BF545279B213EDE053809BA8C0A884', '871CB755C589248AE053809BA8C0F31E', '7457', '876936326A5213F3E053809BA8C0487C', '20785', '2019-05-16T00:00:00.000+0000')  on conflict on constraint cin_c_class_hierarchy_1 do update set ck_class_parent = excluded.ck_class_parent, ck_class_child = excluded.ck_class_child, ck_class_attr = excluded.ck_class_attr, ck_user = excluded.ck_user, ct_change = excluded.ct_change;
INSERT INTO s_mt.t_class_hierarchy(ck_id, ck_class_parent, ck_class_child, ck_class_attr, ck_user, ct_change) VALUES ('87BF545279B313EDE053809BA8C0A884', '871CB755C589248AE053809BA8C0F31E', '317', '876936326A5213F3E053809BA8C0487C', '20785', '2019-05-16T00:00:00.000+0000')  on conflict on constraint cin_c_class_hierarchy_1 do update set ck_class_parent = excluded.ck_class_parent, ck_class_child = excluded.ck_class_child, ck_class_attr = excluded.ck_class_attr, ck_user = excluded.ck_user, ct_change = excluded.ct_change;
INSERT INTO s_mt.t_class_hierarchy(ck_id, ck_class_parent, ck_class_child, ck_class_attr, ck_user, ct_change) VALUES ('87BF545279B413EDE053809BA8C0A884', '871CB755C589248AE053809BA8C0F31E', '97', '876936326A5213F3E053809BA8C0487C', '20785', '2019-05-16T00:00:00.000+0000')  on conflict on constraint cin_c_class_hierarchy_1 do update set ck_class_parent = excluded.ck_class_parent, ck_class_child = excluded.ck_class_child, ck_class_attr = excluded.ck_class_attr, ck_user = excluded.ck_user, ct_change = excluded.ct_change;
INSERT INTO s_mt.t_class_hierarchy(ck_id, ck_class_parent, ck_class_child, ck_class_attr, ck_user, ct_change) VALUES ('87BF545279B513EDE053809BA8C0A884', '871CB755C589248AE053809BA8C0F31E', '10457', '876936326A5213F3E053809BA8C0487C', '20785', '2019-05-16T00:00:00.000+0000')  on conflict on constraint cin_c_class_hierarchy_1 do update set ck_class_parent = excluded.ck_class_parent, ck_class_child = excluded.ck_class_child, ck_class_attr = excluded.ck_class_attr, ck_user = excluded.ck_user, ct_change = excluded.ct_change;
INSERT INTO s_mt.t_class_hierarchy(ck_id, ck_class_parent, ck_class_child, ck_class_attr, ck_user, ct_change) VALUES ('8D2BA0EF3702627EE053809BA8C0076B', '1', '8D547C621A02626CE053809BA8C0882B', '623', '20785', '2019-07-13T00:00:00.000+0000')  on conflict on constraint cin_c_class_hierarchy_1 do update set ck_class_parent = excluded.ck_class_parent, ck_class_child = excluded.ck_class_child, ck_class_attr = excluded.ck_class_attr, ck_user = excluded.ck_user, ct_change = excluded.ct_change;
INSERT INTO s_mt.t_class_hierarchy(ck_id, ck_class_parent, ck_class_child, ck_class_attr, ck_user, ct_change) VALUES ('8D2BA0EF3703627EE053809BA8C0076B', '417', '8D547C621A02626CE053809BA8C0882B', '1850', '20785', '2019-07-13T00:00:00.000+0000')  on conflict on constraint cin_c_class_hierarchy_1 do update set ck_class_parent = excluded.ck_class_parent, ck_class_child = excluded.ck_class_child, ck_class_attr = excluded.ck_class_attr, ck_user = excluded.ck_user, ct_change = excluded.ct_change;
INSERT INTO s_mt.t_class_hierarchy(ck_id, ck_class_parent, ck_class_child, ck_class_attr, ck_user, ct_change) VALUES ('8D2BA0EF3704627EE053809BA8C0076B', '32', '8D547C621A02626CE053809BA8C0882B', '138', '20785', '2019-07-13T00:00:00.000+0000')  on conflict on constraint cin_c_class_hierarchy_1 do update set ck_class_parent = excluded.ck_class_parent, ck_class_child = excluded.ck_class_child, ck_class_attr = excluded.ck_class_attr, ck_user = excluded.ck_user, ct_change = excluded.ct_change;
INSERT INTO s_mt.t_class_hierarchy(ck_id, ck_class_parent, ck_class_child, ck_class_attr, ck_user, ct_change) VALUES ('8D3A50B6DE966276E053809BA8C0911C', '7457', '8D547C621A02626CE053809BA8C0882B', '37172', '20785', '2019-07-13T00:00:00.000+0000')  on conflict on constraint cin_c_class_hierarchy_1 do update set ck_class_parent = excluded.ck_class_parent, ck_class_child = excluded.ck_class_child, ck_class_attr = excluded.ck_class_attr, ck_user = excluded.ck_user, ct_change = excluded.ct_change;
INSERT INTO s_mt.t_class_hierarchy(ck_id, ck_class_parent, ck_class_child, ck_class_attr, ck_user, ct_change) VALUES ('8D3A50B6DE976276E053809BA8C0911C', '137', '8D547C621A02626CE053809BA8C0882B', '621', '20785', '2019-07-13T00:00:00.000+0000')  on conflict on constraint cin_c_class_hierarchy_1 do update set ck_class_parent = excluded.ck_class_parent, ck_class_child = excluded.ck_class_child, ck_class_attr = excluded.ck_class_attr, ck_user = excluded.ck_user, ct_change = excluded.ct_change;
INSERT INTO s_mt.t_class_hierarchy(ck_id, ck_class_parent, ck_class_child, ck_class_attr, ck_user, ct_change) VALUES ('8D4FD9E32887628AE053809BA8C080EB', '871CB755C589248AE053809BA8C0F31E', '8D547C621A02626CE053809BA8C0882B', '876936326A5213F3E053809BA8C0487C', '20785', '2019-07-13T00:00:00.000+0000')  on conflict on constraint cin_c_class_hierarchy_1 do update set ck_class_parent = excluded.ck_class_parent, ck_class_child = excluded.ck_class_child, ck_class_attr = excluded.ck_class_attr, ck_user = excluded.ck_user, ct_change = excluded.ct_change;
INSERT INTO s_mt.t_class_hierarchy(ck_id, ck_class_parent, ck_class_child, ck_class_attr, ck_user, ct_change) VALUES ('8D4FD9E32888628AE053809BA8C080EB', '157', '8D547C621A02626CE053809BA8C0882B', '735', '20785', '2019-07-13T00:00:00.000+0000')  on conflict on constraint cin_c_class_hierarchy_1 do update set ck_class_parent = excluded.ck_class_parent, ck_class_child = excluded.ck_class_child, ck_class_attr = excluded.ck_class_attr, ck_user = excluded.ck_user, ct_change = excluded.ct_change;
INSERT INTO s_mt.t_class_hierarchy(ck_id, ck_class_parent, ck_class_child, ck_class_attr, ck_user, ct_change) VALUES ('8D4FD9E32889628AE053809BA8C080EB', '58', '8D547C621A02626CE053809BA8C0882B', '382', '20785', '2019-07-13T00:00:00.000+0000')  on conflict on constraint cin_c_class_hierarchy_1 do update set ck_class_parent = excluded.ck_class_parent, ck_class_child = excluded.ck_class_child, ck_class_attr = excluded.ck_class_attr, ck_user = excluded.ck_user, ct_change = excluded.ct_change;
INSERT INTO s_mt.t_class_hierarchy(ck_id, ck_class_parent, ck_class_child, ck_class_attr, ck_user, ct_change) VALUES ('8D547C621A0A626CE053809BA8C0882B', '6457', '8D547C621A02626CE053809BA8C0882B', '36173', '20785', '2019-07-13T00:00:00.000+0000')  on conflict on constraint cin_c_class_hierarchy_1 do update set ck_class_parent = excluded.ck_class_parent, ck_class_child = excluded.ck_class_child, ck_class_attr = excluded.ck_class_attr, ck_user = excluded.ck_user, ct_change = excluded.ct_change;
INSERT INTO s_mt.t_class_hierarchy(ck_id, ck_class_parent, ck_class_child, ck_class_attr, ck_user, ct_change) VALUES ('8E595EA2AB618D8FE053809BA8C044A5', '137', '8E6AC2B44FCB8D3BE053809BA8C0E74D', '621', '20785', '2019-07-23T00:00:00.000+0000')  on conflict on constraint cin_c_class_hierarchy_1 do update set ck_class_parent = excluded.ck_class_parent, ck_class_child = excluded.ck_class_child, ck_class_attr = excluded.ck_class_attr, ck_user = excluded.ck_user, ct_change = excluded.ct_change;
INSERT INTO s_mt.t_class_hierarchy(ck_id, ck_class_parent, ck_class_child, ck_class_attr, ck_user, ct_change) VALUES ('8E7C598A0D9F6572E053809BA8C0F580', '58', '337', '382', '20786', '2019-07-24T00:00:00.000+0000')  on conflict on constraint cin_c_class_hierarchy_1 do update set ck_class_parent = excluded.ck_class_parent, ck_class_child = excluded.ck_class_child, ck_class_attr = excluded.ck_class_attr, ck_user = excluded.ck_user, ct_change = excluded.ct_change;
INSERT INTO s_mt.t_class_hierarchy(ck_id, ck_class_parent, ck_class_child, ck_class_attr, ck_user, ct_change) VALUES ('8E809B5872E626FBE053809BA8C0A2F5', '32', '8E6AC2B44FCB8D3BE053809BA8C0E74D', '138', '20785', '2019-07-24T00:00:00.000+0000')  on conflict on constraint cin_c_class_hierarchy_1 do update set ck_class_parent = excluded.ck_class_parent, ck_class_child = excluded.ck_class_child, ck_class_attr = excluded.ck_class_attr, ck_user = excluded.ck_user, ct_change = excluded.ct_change;
INSERT INTO s_mt.t_class_hierarchy(ck_id, ck_class_parent, ck_class_child, ck_class_attr, ck_user, ct_change) VALUES ('8F0CC686198C325DE053809BA8C053B6', '137', '7457', '621', '20780', '2019-08-06T00:00:00.000+0000')  on conflict on constraint cin_c_class_hierarchy_1 do update set ck_class_parent = excluded.ck_class_parent, ck_class_child = excluded.ck_class_child, ck_class_attr = excluded.ck_class_attr, ck_user = excluded.ck_user, ct_change = excluded.ct_change;
INSERT INTO s_mt.t_class_hierarchy(ck_id, ck_class_parent, ck_class_child, ck_class_attr, ck_user, ct_change) VALUES ('8FFC6C4564B94157E053809BA8C00266', '35', '8FFC6C4564B84157E053809BA8C00266', '172', '20785', '2019-08-13T00:00:00.000+0000')  on conflict on constraint cin_c_class_hierarchy_1 do update set ck_class_parent = excluded.ck_class_parent, ck_class_child = excluded.ck_class_child, ck_class_attr = excluded.ck_class_attr, ck_user = excluded.ck_user, ct_change = excluded.ct_change;
INSERT INTO s_mt.t_class_hierarchy(ck_id, ck_class_parent, ck_class_child, ck_class_attr, ck_user, ct_change) VALUES ('8FFF734D4DB9414BE053809BA8C08F58', '137', '8FFC6C4564B84157E053809BA8C00266', '621', '20785', '2019-08-13T00:00:00.000+0000')  on conflict on constraint cin_c_class_hierarchy_1 do update set ck_class_parent = excluded.ck_class_parent, ck_class_child = excluded.ck_class_child, ck_class_attr = excluded.ck_class_attr, ck_user = excluded.ck_user, ct_change = excluded.ct_change;
INSERT INTO s_mt.t_class_hierarchy(ck_id, ck_class_parent, ck_class_child, ck_class_attr, ck_user, ct_change) VALUES ('B4F4D16D482E427398570E7DFE91D97D', '32', '8457', '138', '1', '2019-08-28T00:00:00.000+0000')  on conflict on constraint cin_c_class_hierarchy_1 do update set ck_class_parent = excluded.ck_class_parent, ck_class_child = excluded.ck_class_child, ck_class_attr = excluded.ck_class_attr, ck_user = excluded.ck_user, ct_change = excluded.ct_change;
INSERT INTO s_mt.t_class_hierarchy(ck_id, ck_class_parent, ck_class_child, ck_class_attr, ck_user, ct_change) VALUES ('47D6A2EA6DBD412EA95163F1B3F2A093', '4BA159E82B434939AAD293411854ED95', '26', '53F747643BEE49B795CA755F3532E598', '4fd05ca9-3a9e-4d66-82df-886dfa082113', '2019-09-20T00:00:00.000+0000')  on conflict on constraint cin_c_class_hierarchy_1 do update set ck_class_parent = excluded.ck_class_parent, ck_class_child = excluded.ck_class_child, ck_class_attr = excluded.ck_class_attr, ck_user = excluded.ck_user, ct_change = excluded.ct_change;
INSERT INTO s_mt.t_class_hierarchy(ck_id, ck_class_parent, ck_class_child, ck_class_attr, ck_user, ct_change) VALUES ('631D579AFA48484C8EF21919FB22ECF3', '4BA159E82B434939AAD293411854ED95', '84599990888B6BCCE053809BA8C00CC8', '53F747643BEE49B795CA755F3532E598', '4fd05ca9-3a9e-4d66-82df-886dfa082113', '2019-09-20T00:00:00.000+0000')  on conflict on constraint cin_c_class_hierarchy_1 do update set ck_class_parent = excluded.ck_class_parent, ck_class_child = excluded.ck_class_child, ck_class_attr = excluded.ck_class_attr, ck_user = excluded.ck_user, ct_change = excluded.ct_change;
INSERT INTO s_mt.t_class_hierarchy(ck_id, ck_class_parent, ck_class_child, ck_class_attr, ck_user, ct_change) VALUES ('6F9F548ADA3343C0B47E2256DF02CC86', '4BA159E82B434939AAD293411854ED95', '97', '53F747643BEE49B795CA755F3532E598', '4fd05ca9-3a9e-4d66-82df-886dfa082113', '2019-09-20T00:00:00.000+0000')  on conflict on constraint cin_c_class_hierarchy_1 do update set ck_class_parent = excluded.ck_class_parent, ck_class_child = excluded.ck_class_child, ck_class_attr = excluded.ck_class_attr, ck_user = excluded.ck_user, ct_change = excluded.ct_change;
INSERT INTO s_mt.t_class_hierarchy(ck_id, ck_class_parent, ck_class_child, ck_class_attr, ck_user, ct_change) VALUES ('8B5EF501B37C4C6385C111C945CE9506', '4BA159E82B434939AAD293411854ED95', '38', '53F747643BEE49B795CA755F3532E598', '4fd05ca9-3a9e-4d66-82df-886dfa082113', '2019-09-20T00:00:00.000+0000')  on conflict on constraint cin_c_class_hierarchy_1 do update set ck_class_parent = excluded.ck_class_parent, ck_class_child = excluded.ck_class_child, ck_class_attr = excluded.ck_class_attr, ck_user = excluded.ck_user, ct_change = excluded.ct_change;
INSERT INTO s_mt.t_class_hierarchy(ck_id, ck_class_parent, ck_class_child, ck_class_attr, ck_user, ct_change) VALUES ('972885F33B9E4414A66FF47185D60147', '4BA159E82B434939AAD293411854ED95', '31', '53F747643BEE49B795CA755F3532E598', '4fd05ca9-3a9e-4d66-82df-886dfa082113', '2019-09-20T00:00:00.000+0000')  on conflict on constraint cin_c_class_hierarchy_1 do update set ck_class_parent = excluded.ck_class_parent, ck_class_child = excluded.ck_class_child, ck_class_attr = excluded.ck_class_attr, ck_user = excluded.ck_user, ct_change = excluded.ct_change;
INSERT INTO s_mt.t_class_hierarchy(ck_id, ck_class_parent, ck_class_child, ck_class_attr, ck_user, ct_change) VALUES ('A6F31BFB6B1C499D8AA46F53986F5C85', '4BA159E82B434939AAD293411854ED95', '29', '53F747643BEE49B795CA755F3532E598', '4fd05ca9-3a9e-4d66-82df-886dfa082113', '2019-09-20T00:00:00.000+0000')  on conflict on constraint cin_c_class_hierarchy_1 do update set ck_class_parent = excluded.ck_class_parent, ck_class_child = excluded.ck_class_child, ck_class_attr = excluded.ck_class_attr, ck_user = excluded.ck_user, ct_change = excluded.ct_change;
INSERT INTO s_mt.t_class_hierarchy(ck_id, ck_class_parent, ck_class_child, ck_class_attr, ck_user, ct_change) VALUES ('A9D1A80CA3114F65B7058A82E5410221', '58', '4BA159E82B434939AAD293411854ED95', '382', '4fd05ca9-3a9e-4d66-82df-886dfa082113', '2019-09-20T00:00:00.000+0000')  on conflict on constraint cin_c_class_hierarchy_1 do update set ck_class_parent = excluded.ck_class_parent, ck_class_child = excluded.ck_class_child, ck_class_attr = excluded.ck_class_attr, ck_user = excluded.ck_user, ct_change = excluded.ct_change;
INSERT INTO s_mt.t_class_hierarchy(ck_id, ck_class_parent, ck_class_child, ck_class_attr, ck_user, ct_change) VALUES ('B0438E49767B4D1FAFF43DC1344C924A', '4BA159E82B434939AAD293411854ED95', '27', '53F747643BEE49B795CA755F3532E598', '4fd05ca9-3a9e-4d66-82df-886dfa082113', '2019-09-20T00:00:00.000+0000')  on conflict on constraint cin_c_class_hierarchy_1 do update set ck_class_parent = excluded.ck_class_parent, ck_class_child = excluded.ck_class_child, ck_class_attr = excluded.ck_class_attr, ck_user = excluded.ck_user, ct_change = excluded.ct_change;
INSERT INTO s_mt.t_class_hierarchy(ck_id, ck_class_parent, ck_class_child, ck_class_attr, ck_user, ct_change) VALUES ('B5EA629A334B4435877A1E9ADD675CEF', '4BA159E82B434939AAD293411854ED95', '30', '53F747643BEE49B795CA755F3532E598', '4fd05ca9-3a9e-4d66-82df-886dfa082113', '2019-09-20T00:00:00.000+0000')  on conflict on constraint cin_c_class_hierarchy_1 do update set ck_class_parent = excluded.ck_class_parent, ck_class_child = excluded.ck_class_child, ck_class_attr = excluded.ck_class_attr, ck_user = excluded.ck_user, ct_change = excluded.ct_change;
INSERT INTO s_mt.t_class_hierarchy(ck_id, ck_class_parent, ck_class_child, ck_class_attr, ck_user, ct_change) VALUES ('B8CBEABDDF03452798A20FD6C706BDBA', 'D966BA30FBA3469FB5FEA82127B1ED6D', '137', '4E50E23DE3C2473A8B41011A689EEC1F', '4fd05ca9-3a9e-4d66-82df-886dfa082113', '2019-09-20T00:00:00.000+0000')  on conflict on constraint cin_c_class_hierarchy_1 do update set ck_class_parent = excluded.ck_class_parent, ck_class_child = excluded.ck_class_child, ck_class_attr = excluded.ck_class_attr, ck_user = excluded.ck_user, ct_change = excluded.ct_change;
INSERT INTO s_mt.t_class_hierarchy(ck_id, ck_class_parent, ck_class_child, ck_class_attr, ck_user, ct_change) VALUES ('BC578965E4164A83853EE19F4613392E', '4BA159E82B434939AAD293411854ED95', '197', '53F747643BEE49B795CA755F3532E598', '4fd05ca9-3a9e-4d66-82df-886dfa082113', '2019-09-20T00:00:00.000+0000')  on conflict on constraint cin_c_class_hierarchy_1 do update set ck_class_parent = excluded.ck_class_parent, ck_class_child = excluded.ck_class_child, ck_class_attr = excluded.ck_class_attr, ck_user = excluded.ck_user, ct_change = excluded.ct_change;
INSERT INTO s_mt.t_class_hierarchy(ck_id, ck_class_parent, ck_class_child, ck_class_attr, ck_user, ct_change) VALUES ('E599461243B443D79DAE9BE6BD901FBD', '4BA159E82B434939AAD293411854ED95', '357', '53F747643BEE49B795CA755F3532E598', '4fd05ca9-3a9e-4d66-82df-886dfa082113', '2019-09-20T00:00:00.000+0000')  on conflict on constraint cin_c_class_hierarchy_1 do update set ck_class_parent = excluded.ck_class_parent, ck_class_child = excluded.ck_class_child, ck_class_attr = excluded.ck_class_attr, ck_user = excluded.ck_user, ct_change = excluded.ct_change;
INSERT INTO s_mt.t_class_hierarchy(ck_id, ck_class_parent, ck_class_child, ck_class_attr, ck_user, ct_change) VALUES ('E97A0AF726A14D588992CA31DCFFC1C6', '4BA159E82B434939AAD293411854ED95', '28', '53F747643BEE49B795CA755F3532E598', '4fd05ca9-3a9e-4d66-82df-886dfa082113', '2019-09-20T00:00:00.000+0000')  on conflict on constraint cin_c_class_hierarchy_1 do update set ck_class_parent = excluded.ck_class_parent, ck_class_child = excluded.ck_class_child, ck_class_attr = excluded.ck_class_attr, ck_user = excluded.ck_user, ct_change = excluded.ct_change;
INSERT INTO s_mt.t_class_hierarchy(ck_id, ck_class_parent, ck_class_child, ck_class_attr, ck_user, ct_change) VALUES ('FCF34A313A5B43EBBCE75DB389AE9835', '4BA159E82B434939AAD293411854ED95', '37', '53F747643BEE49B795CA755F3532E598', '4fd05ca9-3a9e-4d66-82df-886dfa082113', '2019-09-20T00:00:00.000+0000')  on conflict on constraint cin_c_class_hierarchy_1 do update set ck_class_parent = excluded.ck_class_parent, ck_class_child = excluded.ck_class_child, ck_class_attr = excluded.ck_class_attr, ck_user = excluded.ck_user, ct_change = excluded.ct_change;
INSERT INTO s_mt.t_class_hierarchy(ck_id, ck_class_parent, ck_class_child, ck_class_attr, ck_user, ct_change) VALUES ('4953B98C1D8941A4AA9DD567026FEE36', 'D966BA30FBA3469FB5FEA82127B1ED6D', '19', 'D910BD59B2CE4895BE263B2FC12DA80D', '4fd05ca9-3a9e-4d66-82df-886dfa082113', '2019-09-27T00:00:00.000+0000')  on conflict on constraint cin_c_class_hierarchy_1 do update set ck_class_parent = excluded.ck_class_parent, ck_class_child = excluded.ck_class_child, ck_class_attr = excluded.ck_class_attr, ck_user = excluded.ck_user, ct_change = excluded.ct_change;
INSERT INTO s_mt.t_class_hierarchy(ck_id, ck_class_parent, ck_class_child, ck_class_attr, ck_user, ct_change) VALUES ('8E5C6E77F6FC4B3E9EEE1DE5A3AD4CF1', '1', 'D966BA30FBA3469FB5FEA82127B1ED6D', '623', '4fd05ca9-3a9e-4d66-82df-886dfa082113', '2019-09-27T00:00:00.000+0000')  on conflict on constraint cin_c_class_hierarchy_1 do update set ck_class_parent = excluded.ck_class_parent, ck_class_child = excluded.ck_class_child, ck_class_attr = excluded.ck_class_attr, ck_user = excluded.ck_user, ct_change = excluded.ct_change;
INSERT INTO s_mt.t_class_hierarchy(ck_id, ck_class_parent, ck_class_child, ck_class_attr, ck_user, ct_change) VALUES ('ADFF5975DA774D6188218990543EB997', '137', 'D966BA30FBA3469FB5FEA82127B1ED6D', '621', '4fd05ca9-3a9e-4d66-82df-886dfa082113', '2019-09-27T00:00:00.000+0000')  on conflict on constraint cin_c_class_hierarchy_1 do update set ck_class_parent = excluded.ck_class_parent, ck_class_child = excluded.ck_class_child, ck_class_attr = excluded.ck_class_attr, ck_user = excluded.ck_user, ct_change = excluded.ct_change;
INSERT INTO s_mt.t_class_hierarchy(ck_id, ck_class_parent, ck_class_child, ck_class_attr, ck_user, ct_change) VALUES ('C4BB8546759A47AAA4102F5EFB72B7DB', '32', '32', '138', '4fd05ca9-3a9e-4d66-82df-886dfa082113', '2019-09-27T00:00:00.000+0000')  on conflict on constraint cin_c_class_hierarchy_1 do update set ck_class_parent = excluded.ck_class_parent, ck_class_child = excluded.ck_class_child, ck_class_attr = excluded.ck_class_attr, ck_user = excluded.ck_user, ct_change = excluded.ct_change;
INSERT INTO s_mt.t_class_hierarchy(ck_id, ck_class_parent, ck_class_child, ck_class_attr, ck_user, ct_change) VALUES ('E754E5180C5D4BCEAF3EA89125E6ADD1', '35', 'D966BA30FBA3469FB5FEA82127B1ED6D', '172', '4fd05ca9-3a9e-4d66-82df-886dfa082113', '2019-09-27T00:00:00.000+0000')  on conflict on constraint cin_c_class_hierarchy_1 do update set ck_class_parent = excluded.ck_class_parent, ck_class_child = excluded.ck_class_child, ck_class_attr = excluded.ck_class_attr, ck_user = excluded.ck_user, ct_change = excluded.ct_change;
INSERT INTO s_mt.t_class_hierarchy(ck_id, ck_class_parent, ck_class_child, ck_class_attr, ck_user, ct_change) VALUES ('19F9F82644044A77B605A78625930B7B', '32', 'D966BA30FBA3469FB5FEA82127B1ED6D', '138', '4fd05ca9-3a9e-4d66-82df-886dfa082113', '2019-09-30T00:00:00.000+0000')  on conflict on constraint cin_c_class_hierarchy_1 do update set ck_class_parent = excluded.ck_class_parent, ck_class_child = excluded.ck_class_child, ck_class_attr = excluded.ck_class_attr, ck_user = excluded.ck_user, ct_change = excluded.ct_change;
INSERT INTO s_mt.t_class_hierarchy(ck_id, ck_class_parent, ck_class_child, ck_class_attr, ck_user, ct_change) VALUES ('1E6AF1F3CAA54A2F972A8E8AA68F013D', 'BA125F895507411E8730C07D3AD26A3A', '16CD1F9A0789445AA23AC20DA565BFCC', '0A71556DD08146C496C07ED8E2375751', '4fd05ca9-3a9e-4d66-82df-886dfa082113', '2019-10-03T00:00:00.000+0000')  on conflict on constraint cin_c_class_hierarchy_1 do update set ck_class_parent = excluded.ck_class_parent, ck_class_child = excluded.ck_class_child, ck_class_attr = excluded.ck_class_attr, ck_user = excluded.ck_user, ct_change = excluded.ct_change;
INSERT INTO s_mt.t_class_hierarchy(ck_id, ck_class_parent, ck_class_child, ck_class_attr, ck_user, ct_change) VALUES ('25DCFA2674A74F2ABF817A6F453CB315', 'DB557A6113634FD2BC40D2A58EE1EB3F', '19', '061FCBDA3AEB49F397D36170131F36C6', '4fd05ca9-3a9e-4d66-82df-886dfa082113', '2019-10-03T00:00:00.000+0000')  on conflict on constraint cin_c_class_hierarchy_1 do update set ck_class_parent = excluded.ck_class_parent, ck_class_child = excluded.ck_class_child, ck_class_attr = excluded.ck_class_attr, ck_user = excluded.ck_user, ct_change = excluded.ct_change;
INSERT INTO s_mt.t_class_hierarchy(ck_id, ck_class_parent, ck_class_child, ck_class_attr, ck_user, ct_change) VALUES ('45BF9FC5FBF44372B0D32F16B9B94207', 'BA125F895507411E8730C07D3AD26A3A', '1457', '0A71556DD08146C496C07ED8E2375751', '4fd05ca9-3a9e-4d66-82df-886dfa082113', '2019-10-03T00:00:00.000+0000')  on conflict on constraint cin_c_class_hierarchy_1 do update set ck_class_parent = excluded.ck_class_parent, ck_class_child = excluded.ck_class_child, ck_class_attr = excluded.ck_class_attr, ck_user = excluded.ck_user, ct_change = excluded.ct_change;
INSERT INTO s_mt.t_class_hierarchy(ck_id, ck_class_parent, ck_class_child, ck_class_attr, ck_user, ct_change) VALUES ('6BFCEB3FE9134A488062E8BFFC4246A4', 'DB557A6113634FD2BC40D2A58EE1EB3F', '1457', '061FCBDA3AEB49F397D36170131F36C6', '4fd05ca9-3a9e-4d66-82df-886dfa082113', '2019-10-03T00:00:00.000+0000')  on conflict on constraint cin_c_class_hierarchy_1 do update set ck_class_parent = excluded.ck_class_parent, ck_class_child = excluded.ck_class_child, ck_class_attr = excluded.ck_class_attr, ck_user = excluded.ck_user, ct_change = excluded.ct_change;
INSERT INTO s_mt.t_class_hierarchy(ck_id, ck_class_parent, ck_class_child, ck_class_attr, ck_user, ct_change) VALUES ('6E663A2B4AB54136A2DB8AE84388FF49', 'BA125F895507411E8730C07D3AD26A3A', '19', '0A71556DD08146C496C07ED8E2375751', '4fd05ca9-3a9e-4d66-82df-886dfa082113', '2019-10-03T00:00:00.000+0000')  on conflict on constraint cin_c_class_hierarchy_1 do update set ck_class_parent = excluded.ck_class_parent, ck_class_child = excluded.ck_class_child, ck_class_attr = excluded.ck_class_attr, ck_user = excluded.ck_user, ct_change = excluded.ct_change;
INSERT INTO s_mt.t_class_hierarchy(ck_id, ck_class_parent, ck_class_child, ck_class_attr, ck_user, ct_change) VALUES ('93D7D7F199CF4DAC862BC0D2C526F3A2', '137', 'BA125F895507411E8730C07D3AD26A3A', '621', '4fd05ca9-3a9e-4d66-82df-886dfa082113', '2019-10-03T00:00:00.000+0000')  on conflict on constraint cin_c_class_hierarchy_1 do update set ck_class_parent = excluded.ck_class_parent, ck_class_child = excluded.ck_class_child, ck_class_attr = excluded.ck_class_attr, ck_user = excluded.ck_user, ct_change = excluded.ct_change;
INSERT INTO s_mt.t_class_hierarchy(ck_id, ck_class_parent, ck_class_child, ck_class_attr, ck_user, ct_change) VALUES ('BCB20A4360E04E7DA169553A5E5BF93E', '1', 'BA125F895507411E8730C07D3AD26A3A', '623', '4fd05ca9-3a9e-4d66-82df-886dfa082113', '2019-10-03T00:00:00.000+0000')  on conflict on constraint cin_c_class_hierarchy_1 do update set ck_class_parent = excluded.ck_class_parent, ck_class_child = excluded.ck_class_child, ck_class_attr = excluded.ck_class_attr, ck_user = excluded.ck_user, ct_change = excluded.ct_change;
INSERT INTO s_mt.t_class_hierarchy(ck_id, ck_class_parent, ck_class_child, ck_class_attr, ck_user, ct_change) VALUES ('F13D731FF4E44702BAA598BD6D37730D', 'BA125F895507411E8730C07D3AD26A3A', 'DB557A6113634FD2BC40D2A58EE1EB3F', '0A71556DD08146C496C07ED8E2375751', '4fd05ca9-3a9e-4d66-82df-886dfa082113', '2019-10-03T00:00:00.000+0000')  on conflict on constraint cin_c_class_hierarchy_1 do update set ck_class_parent = excluded.ck_class_parent, ck_class_child = excluded.ck_class_child, ck_class_attr = excluded.ck_class_attr, ck_user = excluded.ck_user, ct_change = excluded.ct_change;
INSERT INTO s_mt.t_class_hierarchy(ck_id, ck_class_parent, ck_class_child, ck_class_attr, ck_user, ct_change) VALUES ('29CE713D6887494EB4DB90AE8FA294C4', '1807D17438814B31B75A279C4CBC6C0C', '1457', '225864898ED0411FA0E5434CD3A85346', '4fd05ca9-3a9e-4d66-82df-886dfa082113', '2019-10-04T00:00:00.000+0000')  on conflict on constraint cin_c_class_hierarchy_1 do update set ck_class_parent = excluded.ck_class_parent, ck_class_child = excluded.ck_class_child, ck_class_attr = excluded.ck_class_attr, ck_user = excluded.ck_user, ct_change = excluded.ct_change;
INSERT INTO s_mt.t_class_hierarchy(ck_id, ck_class_parent, ck_class_child, ck_class_attr, ck_user, ct_change) VALUES ('452795343D34403C90C59899FE295BBE', '1807D17438814B31B75A279C4CBC6C0C', '19', '225864898ED0411FA0E5434CD3A85346', '4fd05ca9-3a9e-4d66-82df-886dfa082113', '2019-10-04T00:00:00.000+0000')  on conflict on constraint cin_c_class_hierarchy_1 do update set ck_class_parent = excluded.ck_class_parent, ck_class_child = excluded.ck_class_child, ck_class_attr = excluded.ck_class_attr, ck_user = excluded.ck_user, ct_change = excluded.ct_change;
INSERT INTO s_mt.t_class_hierarchy(ck_id, ck_class_parent, ck_class_child, ck_class_attr, ck_user, ct_change) VALUES ('914AA4CD5A0149F69C4805B917825A21', '1807D17438814B31B75A279C4CBC6C0C', '16CD1F9A0789445AA23AC20DA565BFCC', '225864898ED0411FA0E5434CD3A85346', '4fd05ca9-3a9e-4d66-82df-886dfa082113', '2019-10-04T00:00:00.000+0000')  on conflict on constraint cin_c_class_hierarchy_1 do update set ck_class_parent = excluded.ck_class_parent, ck_class_child = excluded.ck_class_child, ck_class_attr = excluded.ck_class_attr, ck_user = excluded.ck_user, ct_change = excluded.ct_change;
INSERT INTO s_mt.t_class_hierarchy(ck_id, ck_class_parent, ck_class_child, ck_class_attr, ck_user, ct_change) VALUES ('E115392A23ED446D890E923FF2809270', '1807D17438814B31B75A279C4CBC6C0C', 'DB557A6113634FD2BC40D2A58EE1EB3F', '225864898ED0411FA0E5434CD3A85346', '4fd05ca9-3a9e-4d66-82df-886dfa082113', '2019-10-04T00:00:00.000+0000')  on conflict on constraint cin_c_class_hierarchy_1 do update set ck_class_parent = excluded.ck_class_parent, ck_class_child = excluded.ck_class_child, ck_class_attr = excluded.ck_class_attr, ck_user = excluded.ck_user, ct_change = excluded.ct_change;
INSERT INTO s_mt.t_class_hierarchy(ck_id, ck_class_parent, ck_class_child, ck_class_attr, ck_user, ct_change) VALUES ('10AF78DDC6BC4057BC1383D5658ACAE1', '1EE230968D8648419A9FEF0AAF7390E7', 'C3F1A4DE593B40FD81079A422C16070D', '290CBFB50CFC4362B2F00C5C4D34AAB5', '4fd05ca9-3a9e-4d66-82df-886dfa082113', '2019-10-14T00:00:00.000+0000')  on conflict on constraint cin_c_class_hierarchy_1 do update set ck_class_parent = excluded.ck_class_parent, ck_class_child = excluded.ck_class_child, ck_class_attr = excluded.ck_class_attr, ck_user = excluded.ck_user, ct_change = excluded.ct_change;
INSERT INTO s_mt.t_class_hierarchy(ck_id, ck_class_parent, ck_class_child, ck_class_attr, ck_user, ct_change) VALUES ('C745F4C5E8DE458AAF0A0B603A9A6E46', '1EE230968D8648419A9FEF0AAF7390E7', '1807D17438814B31B75A279C4CBC6C0C', '290CBFB50CFC4362B2F00C5C4D34AAB5', '4fd05ca9-3a9e-4d66-82df-886dfa082113', '2019-10-15T00:00:00.000+0000')  on conflict on constraint cin_c_class_hierarchy_1 do update set ck_class_parent = excluded.ck_class_parent, ck_class_child = excluded.ck_class_child, ck_class_attr = excluded.ck_class_attr, ck_user = excluded.ck_user, ct_change = excluded.ct_change;
INSERT INTO s_mt.t_class_hierarchy(ck_id, ck_class_parent, ck_class_child, ck_class_attr, ck_user, ct_change) VALUES ('24962C7D46404D2D8366D169AE6EC336', '1EE230968D8648419A9FEF0AAF7390E7', 'DF451F5CC0A54F8791C4DFAC12DAE42E', '8E3A9174CCB442F1B50A7E5F97806827', '4fd05ca9-3a9e-4d66-82df-886dfa082113', '2019-10-17T00:00:00.000+0000')  on conflict on constraint cin_c_class_hierarchy_1 do update set ck_class_parent = excluded.ck_class_parent, ck_class_child = excluded.ck_class_child, ck_class_attr = excluded.ck_class_attr, ck_user = excluded.ck_user, ct_change = excluded.ct_change;
INSERT INTO s_mt.t_class_hierarchy(ck_id, ck_class_parent, ck_class_child, ck_class_attr, ck_user, ct_change) VALUES ('445A7E7372BA417CA0572651D03AE4CF', 'BA125F895507411E8730C07D3AD26A3A', '9CC06E8D9D7E4791BA1C6232DAF60CDD', '0A71556DD08146C496C07ED8E2375751', '4fd05ca9-3a9e-4d66-82df-886dfa082113', '2019-10-18T00:00:00.000+0000')  on conflict on constraint cin_c_class_hierarchy_1 do update set ck_class_parent = excluded.ck_class_parent, ck_class_child = excluded.ck_class_child, ck_class_attr = excluded.ck_class_attr, ck_user = excluded.ck_user, ct_change = excluded.ct_change;
INSERT INTO s_mt.t_class_hierarchy(ck_id, ck_class_parent, ck_class_child, ck_class_attr, ck_user, ct_change) VALUES ('5E09EE59B98C45338C3A9A40158DADDC', '32', '9CC06E8D9D7E4791BA1C6232DAF60CDD', '132', '4fd05ca9-3a9e-4d66-82df-886dfa082113', '2019-10-18T00:00:00.000+0000')  on conflict on constraint cin_c_class_hierarchy_1 do update set ck_class_parent = excluded.ck_class_parent, ck_class_child = excluded.ck_class_child, ck_class_attr = excluded.ck_class_attr, ck_user = excluded.ck_user, ct_change = excluded.ct_change;
INSERT INTO s_mt.t_class_hierarchy(ck_id, ck_class_parent, ck_class_child, ck_class_attr, ck_user, ct_change) VALUES ('A8A54B8686FE4ACD93B012192118D816', 'DB557A6113634FD2BC40D2A58EE1EB3F', '9CC06E8D9D7E4791BA1C6232DAF60CDD', '061FCBDA3AEB49F397D36170131F36C6', '4fd05ca9-3a9e-4d66-82df-886dfa082113', '2019-10-18T00:00:00.000+0000')  on conflict on constraint cin_c_class_hierarchy_1 do update set ck_class_parent = excluded.ck_class_parent, ck_class_child = excluded.ck_class_child, ck_class_attr = excluded.ck_class_attr, ck_user = excluded.ck_user, ct_change = excluded.ct_change;
INSERT INTO s_mt.t_class_hierarchy(ck_id, ck_class_parent, ck_class_child, ck_class_attr, ck_user, ct_change) VALUES ('B6BC04C53EFF43DF84C03785E23073D4', '9CC06E8D9D7E4791BA1C6232DAF60CDD', '19', '1CEDCCF877584C01B3BD292C10D65DC9', '4fd05ca9-3a9e-4d66-82df-886dfa082113', '2019-10-18T00:00:00.000+0000')  on conflict on constraint cin_c_class_hierarchy_1 do update set ck_class_parent = excluded.ck_class_parent, ck_class_child = excluded.ck_class_child, ck_class_attr = excluded.ck_class_attr, ck_user = excluded.ck_user, ct_change = excluded.ct_change;
INSERT INTO s_mt.t_class_hierarchy(ck_id, ck_class_parent, ck_class_child, ck_class_attr, ck_user, ct_change) VALUES ('756B52456E2E476A9DA563A71F1C61C9', 'DF451F5CC0A54F8791C4DFAC12DAE42E', '1', 'E2D0A96506384965A7B2666E5D2D1970', '4fd05ca9-3a9e-4d66-82df-886dfa082113', '2019-10-21T00:00:00.000+0000')  on conflict on constraint cin_c_class_hierarchy_1 do update set ck_class_parent = excluded.ck_class_parent, ck_class_child = excluded.ck_class_child, ck_class_attr = excluded.ck_class_attr, ck_user = excluded.ck_user, ct_change = excluded.ct_change;
INSERT INTO s_mt.t_class_hierarchy(ck_id, ck_class_parent, ck_class_child, ck_class_attr, ck_user, ct_change) VALUES ('8A49EDBA6A594AE39BA3B89B6FD289F5', 'DF451F5CC0A54F8791C4DFAC12DAE42E', 'C12028B0A13B4AE28E63CBB90F3428E1', 'E2D0A96506384965A7B2666E5D2D1970', '4fd05ca9-3a9e-4d66-82df-886dfa082113', '2019-10-21T00:00:00.000+0000')  on conflict on constraint cin_c_class_hierarchy_1 do update set ck_class_parent = excluded.ck_class_parent, ck_class_child = excluded.ck_class_child, ck_class_attr = excluded.ck_class_attr, ck_user = excluded.ck_user, ct_change = excluded.ct_change;
INSERT INTO s_mt.t_class_hierarchy(ck_id, ck_class_parent, ck_class_child, ck_class_attr, ck_user, ct_change) VALUES ('DBCAFDC4202048D590AEA6E6D20ACE43', 'C12028B0A13B4AE28E63CBB90F3428E1', '137', '5CE6E945D0164CD49959C639DED4241F', '4fd05ca9-3a9e-4d66-82df-886dfa082113', '2019-10-21T00:00:00.000+0000')  on conflict on constraint cin_c_class_hierarchy_1 do update set ck_class_parent = excluded.ck_class_parent, ck_class_child = excluded.ck_class_child, ck_class_attr = excluded.ck_class_attr, ck_user = excluded.ck_user, ct_change = excluded.ct_change;
INSERT INTO s_mt.t_class_hierarchy(ck_id, ck_class_parent, ck_class_child, ck_class_attr, ck_user, ct_change) VALUES ('E180EBE0D62B4ECAB1782C7B2E5D7566', 'DF451F5CC0A54F8791C4DFAC12DAE42E', '337', 'E2D0A96506384965A7B2666E5D2D1970', '4fd05ca9-3a9e-4d66-82df-886dfa082113', '2019-10-21T00:00:00.000+0000')  on conflict on constraint cin_c_class_hierarchy_1 do update set ck_class_parent = excluded.ck_class_parent, ck_class_child = excluded.ck_class_child, ck_class_attr = excluded.ck_class_attr, ck_user = excluded.ck_user, ct_change = excluded.ct_change;
INSERT INTO s_mt.t_class_hierarchy(ck_id, ck_class_parent, ck_class_child, ck_class_attr, ck_user, ct_change) VALUES ('05040B1318CE4C21A0FE5248D1605E65', '1', '39AB8EAF9DCD456197944E6B6321989D', '623', '4fd05ca9-3a9e-4d66-82df-886dfa082113', '2019-10-23T00:00:00.000+0000')  on conflict on constraint cin_c_class_hierarchy_1 do update set ck_class_parent = excluded.ck_class_parent, ck_class_child = excluded.ck_class_child, ck_class_attr = excluded.ck_class_attr, ck_user = excluded.ck_user, ct_change = excluded.ct_change;
INSERT INTO s_mt.t_class_hierarchy(ck_id, ck_class_parent, ck_class_child, ck_class_attr, ck_user, ct_change) VALUES ('27FF6AE691F94BF2A5D1309381807113', 'DF451F5CC0A54F8791C4DFAC12DAE42E', '39AB8EAF9DCD456197944E6B6321989D', 'E2D0A96506384965A7B2666E5D2D1970', '4fd05ca9-3a9e-4d66-82df-886dfa082113', '2019-10-23T00:00:00.000+0000')  on conflict on constraint cin_c_class_hierarchy_1 do update set ck_class_parent = excluded.ck_class_parent, ck_class_child = excluded.ck_class_child, ck_class_attr = excluded.ck_class_attr, ck_user = excluded.ck_user, ct_change = excluded.ct_change;
INSERT INTO s_mt.t_class_hierarchy(ck_id, ck_class_parent, ck_class_child, ck_class_attr, ck_user, ct_change) VALUES ('5CC1B4AA488E47459FA15BD8E202C1D7', '1EE230968D8648419A9FEF0AAF7390E7', '32', '8E3A9174CCB442F1B50A7E5F97806827', '4fd05ca9-3a9e-4d66-82df-886dfa082113', '2019-10-23T00:00:00.000+0000')  on conflict on constraint cin_c_class_hierarchy_1 do update set ck_class_parent = excluded.ck_class_parent, ck_class_child = excluded.ck_class_child, ck_class_attr = excluded.ck_class_attr, ck_user = excluded.ck_user, ct_change = excluded.ct_change;
INSERT INTO s_mt.t_class_hierarchy(ck_id, ck_class_parent, ck_class_child, ck_class_attr, ck_user, ct_change) VALUES ('AE0ACB80A93B4AEEAB9E0F454880F100', 'DF451F5CC0A54F8791C4DFAC12DAE42E', 'C0D39ADC290C40B3AF7AB27171051C9F', 'E2D0A96506384965A7B2666E5D2D1970', '4fd05ca9-3a9e-4d66-82df-886dfa082113', '2019-10-23T00:00:00.000+0000')  on conflict on constraint cin_c_class_hierarchy_1 do update set ck_class_parent = excluded.ck_class_parent, ck_class_child = excluded.ck_class_child, ck_class_attr = excluded.ck_class_attr, ck_user = excluded.ck_user, ct_change = excluded.ct_change;
INSERT INTO s_mt.t_class_hierarchy(ck_id, ck_class_parent, ck_class_child, ck_class_attr, ck_user, ct_change) VALUES ('E6BDFBDCAE874D1FB86A769D4D23AAAE', '137', '39AB8EAF9DCD456197944E6B6321989D', '621', '4fd05ca9-3a9e-4d66-82df-886dfa082113', '2019-10-23T00:00:00.000+0000')  on conflict on constraint cin_c_class_hierarchy_1 do update set ck_class_parent = excluded.ck_class_parent, ck_class_child = excluded.ck_class_child, ck_class_attr = excluded.ck_class_attr, ck_user = excluded.ck_user, ct_change = excluded.ct_change;
INSERT INTO s_mt.t_class_hierarchy(ck_id, ck_class_parent, ck_class_child, ck_class_attr, ck_user, ct_change) VALUES ('E98958A14D304C1AB5D97C625ED0CDE0', '32', '39AB8EAF9DCD456197944E6B6321989D', '138', '4fd05ca9-3a9e-4d66-82df-886dfa082113', '2019-10-23T00:00:00.000+0000')  on conflict on constraint cin_c_class_hierarchy_1 do update set ck_class_parent = excluded.ck_class_parent, ck_class_child = excluded.ck_class_child, ck_class_attr = excluded.ck_class_attr, ck_user = excluded.ck_user, ct_change = excluded.ct_change;
INSERT INTO s_mt.t_class_hierarchy(ck_id, ck_class_parent, ck_class_child, ck_class_attr, ck_user, ct_change) VALUES ('64D4D9D5C9E0445D8A6607CF1AF69A41', 'DF451F5CC0A54F8791C4DFAC12DAE42E', '2BB74480D7E2455B97AED5B3A070FE35', 'E2D0A96506384965A7B2666E5D2D1970', '4fd05ca9-3a9e-4d66-82df-886dfa082113', '2019-10-24T00:00:00.000+0000')  on conflict on constraint cin_c_class_hierarchy_1 do update set ck_class_parent = excluded.ck_class_parent, ck_class_child = excluded.ck_class_child, ck_class_attr = excluded.ck_class_attr, ck_user = excluded.ck_user, ct_change = excluded.ct_change;
INSERT INTO s_mt.t_class_hierarchy(ck_id, ck_class_parent, ck_class_child, ck_class_attr, ck_user, ct_change) VALUES ('7E11698D105343A99B01889BBB993A90', 'DF451F5CC0A54F8791C4DFAC12DAE42E', '137', 'E2D0A96506384965A7B2666E5D2D1970', '4fd05ca9-3a9e-4d66-82df-886dfa082113', '2019-10-24T00:00:00.000+0000')  on conflict on constraint cin_c_class_hierarchy_1 do update set ck_class_parent = excluded.ck_class_parent, ck_class_child = excluded.ck_class_child, ck_class_attr = excluded.ck_class_attr, ck_user = excluded.ck_user, ct_change = excluded.ct_change;
INSERT INTO s_mt.t_class_hierarchy(ck_id, ck_class_parent, ck_class_child, ck_class_attr, ck_user, ct_change) VALUES ('8F49F08F2DE04A6A87363FAE357BDED2', 'DF451F5CC0A54F8791C4DFAC12DAE42E', '871CB755C589248AE053809BA8C0F31E', 'E2D0A96506384965A7B2666E5D2D1970', '4fd05ca9-3a9e-4d66-82df-886dfa082113', '2019-10-24T00:00:00.000+0000')  on conflict on constraint cin_c_class_hierarchy_1 do update set ck_class_parent = excluded.ck_class_parent, ck_class_child = excluded.ck_class_child, ck_class_attr = excluded.ck_class_attr, ck_user = excluded.ck_user, ct_change = excluded.ct_change;
INSERT INTO s_mt.t_class_hierarchy(ck_id, ck_class_parent, ck_class_child, ck_class_attr, ck_user, ct_change) VALUES ('9EECD8F6BE3D4B29B3D511DEDCAAC7E3', '137', '2BB74480D7E2455B97AED5B3A070FE35', '621', '4fd05ca9-3a9e-4d66-82df-886dfa082113', '2019-10-24T00:00:00.000+0000')  on conflict on constraint cin_c_class_hierarchy_1 do update set ck_class_parent = excluded.ck_class_parent, ck_class_child = excluded.ck_class_child, ck_class_attr = excluded.ck_class_attr, ck_user = excluded.ck_user, ct_change = excluded.ct_change;
INSERT INTO s_mt.t_class_hierarchy(ck_id, ck_class_parent, ck_class_child, ck_class_attr, ck_user, ct_change) VALUES ('ED4566DC08DC43C69C61E2F8E2D2823D', '871CB755C589248AE053809BA8C0F31E', '2BB74480D7E2455B97AED5B3A070FE35', '876936326A5213F3E053809BA8C0487C', '4fd05ca9-3a9e-4d66-82df-886dfa082113', '2019-10-24T00:00:00.000+0000')  on conflict on constraint cin_c_class_hierarchy_1 do update set ck_class_parent = excluded.ck_class_parent, ck_class_child = excluded.ck_class_child, ck_class_attr = excluded.ck_class_attr, ck_user = excluded.ck_user, ct_change = excluded.ct_change;
INSERT INTO s_mt.t_class_hierarchy(ck_id, ck_class_parent, ck_class_child, ck_class_attr, ck_user, ct_change) VALUES ('EF4739E55DBA41559FF0B048330DFDCB', '32', '2BB74480D7E2455B97AED5B3A070FE35', '138', '4fd05ca9-3a9e-4d66-82df-886dfa082113', '2019-10-24T00:00:00.000+0000')  on conflict on constraint cin_c_class_hierarchy_1 do update set ck_class_parent = excluded.ck_class_parent, ck_class_child = excluded.ck_class_child, ck_class_attr = excluded.ck_class_attr, ck_user = excluded.ck_user, ct_change = excluded.ct_change;
INSERT INTO s_mt.t_class_hierarchy(ck_id, ck_class_parent, ck_class_child, ck_class_attr, ck_user, ct_change) VALUES ('59F26FA2D6ED456987D2E8C155B53969', '871CB755C589248AE053809BA8C0F31E', '137', '876936326A5213F3E053809BA8C0487C', '4fd05ca9-3a9e-4d66-82df-886dfa082113', '2019-10-28T00:00:00.000+0000')  on conflict on constraint cin_c_class_hierarchy_1 do update set ck_class_parent = excluded.ck_class_parent, ck_class_child = excluded.ck_class_child, ck_class_attr = excluded.ck_class_attr, ck_user = excluded.ck_user, ct_change = excluded.ct_change;
INSERT INTO s_mt.t_class_hierarchy(ck_id, ck_class_parent, ck_class_child, ck_class_attr, ck_user, ct_change) VALUES ('EC5ED137F0AB470AB3FE843BF21BC36F', 'DF451F5CC0A54F8791C4DFAC12DAE42E', '858DBC49DF354ECCA2F57F36DAF4E37A', 'E2D0A96506384965A7B2666E5D2D1970', '4fd05ca9-3a9e-4d66-82df-886dfa082113', '2019-10-30T00:00:00.000+0000')  on conflict on constraint cin_c_class_hierarchy_1 do update set ck_class_parent = excluded.ck_class_parent, ck_class_child = excluded.ck_class_child, ck_class_attr = excluded.ck_class_attr, ck_user = excluded.ck_user, ct_change = excluded.ct_change;
delete from s_mt.t_attr a where a.ck_id not in (select ck_attr from s_mt.t_class_attr);
