--liquibase formatted sql
--changeset patcher-core:Page_5 dbms:postgresql runOnChange:true splitStatements:false stripComments:false
with recursive page as (
select
    ck_id
from
    s_mt.t_page
where
    ck_id = '5'
union all
select
    p.ck_id
from
    s_mt.t_page p
join page rp on
    p.ck_parent = rp.ck_id )
delete
from
    s_mt.t_page_action ap
where ap.ck_page in (select ck_id from page);
with recursive page as (
select
    ck_id
from
    s_mt.t_page
where
    ck_id = '5'
union all
select
    p.ck_id
from
    s_mt.t_page p
join page rp on
    p.ck_parent = rp.ck_id )
delete
from
    s_mt.t_page_variable ap
where ap.ck_page in (select ck_id from page);
with recursive page_object as (
select
    ck_id
from
    s_mt.t_page_object
where
    ck_page in ( with recursive page as (
    select
        ck_id
    from
        s_mt.t_page
    where
        ck_id = '5'
union all
    select
        p.ck_id
    from
        s_mt.t_page p
    join page rp on
        p.ck_parent = rp.ck_id )
    select
        ck_id
    from
        page )
union all
select
    po.ck_id
from
    s_mt.t_page_object po
join page_object rp on
    po.ck_parent = rp.ck_id )
delete
from
    s_mt.t_page_object_attr attr
where attr.ck_page_object in (select ck_id from page_object);
with recursive page_object as (
select
    ck_id
from
    s_mt.t_page_object
where
    ck_page in ( with recursive page as (
    select
        ck_id
    from
        s_mt.t_page
    where
        ck_id = '5'
union all
    select
        p.ck_id
    from
        s_mt.t_page p
    join page rp on
        p.ck_parent = rp.ck_id )
    select
        ck_id
    from
        page )
union all
select
    po.ck_id
from
    s_mt.t_page_object po
join page_object rp on
    po.ck_parent = rp.ck_id )
delete
from
    s_mt.t_page_object ob
where ob.ck_id in (select ck_id from page_object);
with recursive page as (
select
    ck_id
from
    s_mt.t_page
where
    ck_id = '5'
union all
select
    p.ck_id
from
    s_mt.t_page p
join page rp on
    p.ck_parent = rp.ck_id )
delete
from
    s_mt.t_page p
where p.ck_id in (select ck_id from page);

INSERT INTO s_mt.t_page (ck_id, ck_parent, cr_type, cv_name, cn_order, cl_static, cv_url, ck_icon, ck_user, ct_change, cl_menu)VALUES('5', '4', 1, 'Конструктор GUI', 1, 0, null, '173', '-11', '2018-02-23T15:08:29.000+0800', 1) on conflict (ck_id) do update set ck_parent = excluded.ck_parent, cr_type = excluded.cr_type, cv_name = excluded.cv_name, cn_order = excluded.cn_order, cl_static = excluded.cl_static, cv_url = excluded.cv_url, ck_icon = excluded.ck_icon, ck_user = excluded.ck_user, ct_change = excluded.ct_change, cl_menu = excluded.cl_menu;
INSERT INTO s_mt.t_page (ck_id, ck_parent, cr_type, cv_name, cn_order, cl_static, cv_url, ck_icon, ck_user, ct_change, cl_menu)VALUES('12987721', '5', 2, 'Сервисы', 5, 0, null, '526', '10020788', '2018-09-01T20:18:00.000+0800', 1) on conflict (ck_id) do update set ck_parent = excluded.ck_parent, cr_type = excluded.cr_type, cv_name = excluded.cv_name, cn_order = excluded.cn_order, cl_static = excluded.cl_static, cv_url = excluded.cv_url, ck_icon = excluded.ck_icon, ck_user = excluded.ck_user, ct_change = excluded.ct_change, cl_menu = excluded.cl_menu;
INSERT INTO s_mt.t_page (ck_id, ck_parent, cr_type, cv_name, cn_order, cl_static, cv_url, ck_icon, ck_user, ct_change, cl_menu)VALUES('6695715415771', '5', 2, 'Модули', 10, 0, null, '461', '20780', '2019-03-18T18:40:59.000+0800', 1) on conflict (ck_id) do update set ck_parent = excluded.ck_parent, cr_type = excluded.cr_type, cv_name = excluded.cv_name, cn_order = excluded.cn_order, cl_static = excluded.cl_static, cv_url = excluded.cv_url, ck_icon = excluded.ck_icon, ck_user = excluded.ck_user, ct_change = excluded.ct_change, cl_menu = excluded.cl_menu;
INSERT INTO s_mt.t_page (ck_id, ck_parent, cr_type, cv_name, cn_order, cl_static, cv_url, ck_icon, ck_user, ct_change, cl_menu)VALUES('2', '5', 2, 'Страницы', 1, 0, null, '266', '10028610', '2019-02-16T16:54:12.000+0800', 1) on conflict (ck_id) do update set ck_parent = excluded.ck_parent, cr_type = excluded.cr_type, cv_name = excluded.cv_name, cn_order = excluded.cn_order, cl_static = excluded.cl_static, cv_url = excluded.cv_url, ck_icon = excluded.ck_icon, ck_user = excluded.ck_user, ct_change = excluded.ct_change, cl_menu = excluded.cl_menu;
INSERT INTO s_mt.t_page (ck_id, ck_parent, cr_type, cv_name, cn_order, cl_static, cv_url, ck_icon, ck_user, ct_change, cl_menu)VALUES('3', '5', 2, 'Классы', 3, 0, null, '194', '-11', '2018-02-23T15:08:29.000+0800', 1) on conflict (ck_id) do update set ck_parent = excluded.ck_parent, cr_type = excluded.cr_type, cv_name = excluded.cv_name, cn_order = excluded.cn_order, cl_static = excluded.cl_static, cv_url = excluded.cv_url, ck_icon = excluded.ck_icon, ck_user = excluded.ck_user, ct_change = excluded.ct_change, cl_menu = excluded.cl_menu;
INSERT INTO s_mt.t_page (ck_id, ck_parent, cr_type, cv_name, cn_order, cl_static, cv_url, ck_icon, ck_user, ct_change, cl_menu)VALUES('1', '5', 2, 'Объекты', 2, 0, null, '302', '-11', '2018-02-23T15:08:29.000+0800', 1) on conflict (ck_id) do update set ck_parent = excluded.ck_parent, cr_type = excluded.cr_type, cv_name = excluded.cv_name, cn_order = excluded.cn_order, cl_static = excluded.cl_static, cv_url = excluded.cv_url, ck_icon = excluded.ck_icon, ck_user = excluded.ck_user, ct_change = excluded.ct_change, cl_menu = excluded.cl_menu;
INSERT INTO s_mt.t_page (ck_id, ck_parent, cr_type, cv_name, cn_order, cl_static, cv_url, ck_icon, ck_user, ct_change, cl_menu)VALUES('181', '5', 2, 'Атрибуты', 4, 0, null, '106', '-11', '2018-02-23T15:08:29.000+0800', 1) on conflict (ck_id) do update set ck_parent = excluded.ck_parent, cr_type = excluded.cr_type, cv_name = excluded.cv_name, cn_order = excluded.cn_order, cl_static = excluded.cl_static, cv_url = excluded.cv_url, ck_icon = excluded.ck_icon, ck_user = excluded.ck_user, ct_change = excluded.ct_change, cl_menu = excluded.cl_menu;
INSERT INTO s_mt.t_page_action (ck_id, ck_page, cr_type, cn_action, ck_user, ct_change)VALUES('1', '181', 'view', 491, '-11', '2018-02-23T15:08:33.000+0800') on conflict (ck_id) do update set ck_page = excluded.ck_page, cr_type = excluded.cr_type, cn_action = excluded.cn_action, ck_user = excluded.ck_user, ct_change = excluded.ct_change;
INSERT INTO s_mt.t_page_action (ck_id, ck_page, cr_type, cn_action, ck_user, ct_change)VALUES('2', '181', 'edit', 492, '-11', '2018-02-23T15:08:33.000+0800') on conflict (ck_id) do update set ck_page = excluded.ck_page, cr_type = excluded.cr_type, cn_action = excluded.cn_action, ck_user = excluded.ck_user, ct_change = excluded.ct_change;
INSERT INTO s_mt.t_page_action (ck_id, ck_page, cr_type, cn_action, ck_user, ct_change)VALUES('7', '3', 'view', 497, '-11', '2018-02-23T15:08:33.000+0800') on conflict (ck_id) do update set ck_page = excluded.ck_page, cr_type = excluded.cr_type, cn_action = excluded.cn_action, ck_user = excluded.ck_user, ct_change = excluded.ct_change;
INSERT INTO s_mt.t_page_action (ck_id, ck_page, cr_type, cn_action, ck_user, ct_change)VALUES('8', '3', 'edit', 498, '-11', '2018-02-23T15:08:33.000+0800') on conflict (ck_id) do update set ck_page = excluded.ck_page, cr_type = excluded.cr_type, cn_action = excluded.cn_action, ck_user = excluded.ck_user, ct_change = excluded.ct_change;
INSERT INTO s_mt.t_page_action (ck_id, ck_page, cr_type, cn_action, ck_user, ct_change)VALUES('9', '1', 'view', 499, '-11', '2018-02-23T15:08:33.000+0800') on conflict (ck_id) do update set ck_page = excluded.ck_page, cr_type = excluded.cr_type, cn_action = excluded.cn_action, ck_user = excluded.ck_user, ct_change = excluded.ct_change;
INSERT INTO s_mt.t_page_action (ck_id, ck_page, cr_type, cn_action, ck_user, ct_change)VALUES('8215198767', '6695715415771', 'edit', 516, '20780', '2019-03-18T18:40:59.000+0800') on conflict (ck_id) do update set ck_page = excluded.ck_page, cr_type = excluded.cr_type, cn_action = excluded.cn_action, ck_user = excluded.ck_user, ct_change = excluded.ct_change;
INSERT INTO s_mt.t_page_action (ck_id, ck_page, cr_type, cn_action, ck_user, ct_change)VALUES('21', '2', 'view', 511, '-11', '2018-02-23T15:08:33.000+0800') on conflict (ck_id) do update set ck_page = excluded.ck_page, cr_type = excluded.cr_type, cn_action = excluded.cn_action, ck_user = excluded.ck_user, ct_change = excluded.ct_change;
INSERT INTO s_mt.t_page_action (ck_id, ck_page, cr_type, cn_action, ck_user, ct_change)VALUES('22', '2', 'edit', 512, '-11', '2018-02-23T15:08:33.000+0800') on conflict (ck_id) do update set ck_page = excluded.ck_page, cr_type = excluded.cr_type, cn_action = excluded.cn_action, ck_user = excluded.ck_user, ct_change = excluded.ct_change;
INSERT INTO s_mt.t_page_action (ck_id, ck_page, cr_type, cn_action, ck_user, ct_change)VALUES('15226', '12987721', 'view', 515, '10020788', '2018-09-01T20:18:00.000+0800') on conflict (ck_id) do update set ck_page = excluded.ck_page, cr_type = excluded.cr_type, cn_action = excluded.cn_action, ck_user = excluded.ck_user, ct_change = excluded.ct_change;
INSERT INTO s_mt.t_page_action (ck_id, ck_page, cr_type, cn_action, ck_user, ct_change)VALUES('15227', '12987721', 'edit', 516, '10020788', '2018-09-01T20:18:00.000+0800') on conflict (ck_id) do update set ck_page = excluded.ck_page, cr_type = excluded.cr_type, cn_action = excluded.cn_action, ck_user = excluded.ck_user, ct_change = excluded.ct_change;
INSERT INTO s_mt.t_page_action (ck_id, ck_page, cr_type, cn_action, ck_user, ct_change)VALUES('8214856497', '6695715415771', 'view', 515, '20780', '2019-03-18T18:40:59.000+0800') on conflict (ck_id) do update set ck_page = excluded.ck_page, cr_type = excluded.cr_type, cn_action = excluded.cn_action, ck_user = excluded.ck_user, ct_change = excluded.ct_change;
INSERT INTO s_mt.t_page_action (ck_id, ck_page, cr_type, cn_action, ck_user, ct_change)VALUES('10', '1', 'edit', 500, '-11', '2018-02-23T15:08:33.000+0800') on conflict (ck_id) do update set ck_page = excluded.ck_page, cr_type = excluded.cr_type, cn_action = excluded.cn_action, ck_user = excluded.ck_user, ct_change = excluded.ct_change;
INSERT INTO s_mt.t_page_variable (ck_id, ck_page, cv_name, cv_description, ck_user, ct_change)VALUES('89', '1', 'g_cv_modify', 'требуется актуализировать', '10020788', '2018-07-22T19:02:57.000+0800') on conflict (ck_id) do update set ck_page = excluded.ck_page, cv_name = excluded.cv_name, cv_description = excluded.cv_description, ck_user = excluded.ck_user, ct_change = excluded.ct_change;
INSERT INTO s_mt.t_page_variable (ck_id, ck_page, cv_name, cv_description, ck_user, ct_change)VALUES('102', '1', 'gck_object', 'требуется актуализировать', '10020788', '2018-07-22T19:02:57.000+0800') on conflict (ck_id) do update set ck_page = excluded.ck_page, cv_name = excluded.cv_name, cv_description = excluded.cv_description, ck_user = excluded.ck_user, ct_change = excluded.ct_change;
INSERT INTO s_mt.t_page_variable (ck_id, ck_page, cv_name, cv_description, ck_user, ct_change)VALUES('1029303', '2', 'gcr_type', 'Тип страницы', '20788', '2018-12-08T21:34:22.000+0800') on conflict (ck_id) do update set ck_page = excluded.ck_page, cv_name = excluded.cv_name, cv_description = excluded.cv_description, ck_user = excluded.ck_user, ct_change = excluded.ct_change;
INSERT INTO s_mt.t_page_variable (ck_id, ck_page, cv_name, cv_description, ck_user, ct_change)VALUES('1020873', '2', 'gcl_static', 'Признак статической страницы', '20788', '2018-12-08T21:32:52.000+0800') on conflict (ck_id) do update set ck_page = excluded.ck_page, cv_name = excluded.cv_name, cv_description = excluded.cv_description, ck_user = excluded.ck_user, ct_change = excluded.ct_change;
INSERT INTO s_mt.t_page_variable (ck_id, ck_page, cv_name, cv_description, ck_user, ct_change)VALUES('138', '2', 'gck_object', 'требуется актуализировать', '10020788', '2018-07-22T19:47:32.000+0800') on conflict (ck_id) do update set ck_page = excluded.ck_page, cv_name = excluded.cv_name, cv_description = excluded.cv_description, ck_user = excluded.ck_user, ct_change = excluded.ct_change;
INSERT INTO s_mt.t_object(ck_id, ck_class, ck_parent, cv_name, cn_order, ck_query, cv_description, cv_displayed, cv_modify, ck_provider, ck_user, ct_change) VALUES ('912DC90A71BB449181834548E5DDA4EA', '8', null, 'SYS Grid Attr << DO NOT CHANGE', 1001000, 'MTAttr', 'Список всех атрибутов', null, 'pkg_json_meta.f_modify_attr', 'meta', '-11', '2018-02-23T15:08:15.000+0800')  on conflict (ck_id) do update set ck_class = excluded.ck_class, ck_parent = excluded.ck_parent, cv_name = excluded.cv_name, cn_order = excluded.cn_order, ck_query = excluded.ck_query, cv_description = excluded.cv_description, cv_displayed = excluded.cv_displayed, cv_modify = excluded.cv_modify, ck_provider = excluded.ck_provider, ck_user = excluded.ck_user, ct_change = excluded.ct_change;
INSERT INTO s_mt.t_object(ck_id, ck_class, ck_parent, cv_name, cn_order, ck_query, cv_description, cv_displayed, cv_modify, ck_provider, ck_user, ct_change) VALUES ('27C9B8FE4A084614A2D253815226A7EE', '9', '912DC90A71BB449181834548E5DDA4EA', 'Attr Type', 10000, null, 'Attr Type', 'Тип атрибута', null, null, '-11', '2018-02-23T15:08:15.000+0800')  on conflict (ck_id) do update set ck_class = excluded.ck_class, ck_parent = excluded.ck_parent, cv_name = excluded.cv_name, cn_order = excluded.cn_order, ck_query = excluded.ck_query, cv_description = excluded.cv_description, cv_displayed = excluded.cv_displayed, cv_modify = excluded.cv_modify, ck_provider = excluded.ck_provider, ck_user = excluded.ck_user, ct_change = excluded.ct_change;
INSERT INTO s_mt.t_object(ck_id, ck_class, ck_parent, cv_name, cn_order, ck_query, cv_description, cv_displayed, cv_modify, ck_provider, ck_user, ct_change) VALUES ('553288E7156B4F71A7A681565326400A', '16', '912DC90A71BB449181834548E5DDA4EA', 'Edit Attr Btn Column', 150, null, 'Редактирование атрибута', null, null, null, '-11', '2018-02-23T15:08:15.000+0800')  on conflict (ck_id) do update set ck_class = excluded.ck_class, ck_parent = excluded.ck_parent, cv_name = excluded.cv_name, cn_order = excluded.cn_order, ck_query = excluded.ck_query, cv_description = excluded.cv_description, cv_displayed = excluded.cv_displayed, cv_modify = excluded.cv_modify, ck_provider = excluded.ck_provider, ck_user = excluded.ck_user, ct_change = excluded.ct_change;
INSERT INTO s_mt.t_object(ck_id, ck_class, ck_parent, cv_name, cn_order, ck_query, cv_description, cv_displayed, cv_modify, ck_provider, ck_user, ct_change) VALUES ('F3960DD69A33406B86F92BE05043120B', '9', '912DC90A71BB449181834548E5DDA4EA', 'Name Attr Column', 300, null, 'Наименование атрибута', 'Наименование', null, null, '-11', '2018-02-23T15:08:15.000+0800')  on conflict (ck_id) do update set ck_class = excluded.ck_class, ck_parent = excluded.ck_parent, cv_name = excluded.cv_name, cn_order = excluded.cn_order, ck_query = excluded.ck_query, cv_description = excluded.cv_description, cv_displayed = excluded.cv_displayed, cv_modify = excluded.cv_modify, ck_provider = excluded.ck_provider, ck_user = excluded.ck_user, ct_change = excluded.ct_change;
INSERT INTO s_mt.t_object(ck_id, ck_class, ck_parent, cv_name, cn_order, ck_query, cv_description, cv_displayed, cv_modify, ck_provider, ck_user, ct_change) VALUES ('60E439E451354D51855C0BFA53EC64D0', '9', '912DC90A71BB449181834548E5DDA4EA', 'Desc Attr Column', 400, null, 'Описание атрибута', 'Описание', null, null, '-11', '2018-02-23T15:08:15.000+0800')  on conflict (ck_id) do update set ck_class = excluded.ck_class, ck_parent = excluded.ck_parent, cv_name = excluded.cv_name, cn_order = excluded.cn_order, ck_query = excluded.ck_query, cv_description = excluded.cv_description, cv_displayed = excluded.cv_displayed, cv_modify = excluded.cv_modify, ck_provider = excluded.ck_provider, ck_user = excluded.ck_user, ct_change = excluded.ct_change;
INSERT INTO s_mt.t_object(ck_id, ck_class, ck_parent, cv_name, cn_order, ck_query, cv_description, cv_displayed, cv_modify, ck_provider, ck_user, ct_change) VALUES ('7C45F172197C4BCDE053809BA8C030D5', '19', '912DC90A71BB449181834548E5DDA4EA', 'Override Save Button', 101, null, 'Override Save Button', null, null, null, '20785', '2018-12-05T19:47:13.000+0800')  on conflict (ck_id) do update set ck_class = excluded.ck_class, ck_parent = excluded.ck_parent, cv_name = excluded.cv_name, cn_order = excluded.cn_order, ck_query = excluded.ck_query, cv_description = excluded.cv_description, cv_displayed = excluded.cv_displayed, cv_modify = excluded.cv_modify, ck_provider = excluded.ck_provider, ck_user = excluded.ck_user, ct_change = excluded.ct_change;
INSERT INTO s_mt.t_object(ck_id, ck_class, ck_parent, cv_name, cn_order, ck_query, cv_description, cv_displayed, cv_modify, ck_provider, ck_user, ct_change) VALUES ('B71EF0C794214B3BA7A49E160B36D373', '19', '912DC90A71BB449181834548E5DDA4EA', 'Add New Attr Btn', 100, null, 'Добавление нового атрибута', 'Создать атрибут', null, null, '10020788', '2018-03-17T19:07:33.000+0800')  on conflict (ck_id) do update set ck_class = excluded.ck_class, ck_parent = excluded.ck_parent, cv_name = excluded.cv_name, cn_order = excluded.cn_order, ck_query = excluded.ck_query, cv_description = excluded.cv_description, cv_displayed = excluded.cv_displayed, cv_modify = excluded.cv_modify, ck_provider = excluded.ck_provider, ck_user = excluded.ck_user, ct_change = excluded.ct_change;
INSERT INTO s_mt.t_object(ck_id, ck_class, ck_parent, cv_name, cn_order, ck_query, cv_description, cv_displayed, cv_modify, ck_provider, ck_user, ct_change) VALUES ('FD72C59E8C1B4EB6A57085743D832F4A', '31', '27C9B8FE4A084614A2D253815226A7EE', 'Attr Type Combo', 1, 'MTAttrType', 'Attr Type Combo', null, null, null, '10020788', '2018-03-08T22:16:10.000+0800')  on conflict (ck_id) do update set ck_class = excluded.ck_class, ck_parent = excluded.ck_parent, cv_name = excluded.cv_name, cn_order = excluded.cn_order, ck_query = excluded.ck_query, cv_description = excluded.cv_description, cv_displayed = excluded.cv_displayed, cv_modify = excluded.cv_modify, ck_provider = excluded.ck_provider, ck_user = excluded.ck_user, ct_change = excluded.ct_change;
INSERT INTO s_mt.t_object_attr(ck_id, ck_object, ck_class_attr, cv_value, ck_user, ct_change) VALUES ('1967', '912DC90A71BB449181834548E5DDA4EA', '852', 'ck_id', '-11', '2018-02-23T15:08:23.000+0800')  ON CONFLICT ON CONSTRAINT cin_c_object_attr_1 do update set ck_object = excluded.ck_object, ck_class_attr = excluded.ck_class_attr, cv_value = excluded.cv_value, ck_user = excluded.ck_user, ct_change = excluded.ct_change;
INSERT INTO s_mt.t_object_attr(ck_id, ck_object, ck_class_attr, cv_value, ck_user, ct_change) VALUES ('8292', '912DC90A71BB449181834548E5DDA4EA', '1600', '1000', '10020780', '2018-03-27T21:05:28.000+0800')  ON CONFLICT ON CONSTRAINT cin_c_object_attr_1 do update set ck_object = excluded.ck_object, ck_class_attr = excluded.ck_class_attr, cv_value = excluded.cv_value, ck_user = excluded.ck_user, ct_change = excluded.ct_change;
INSERT INTO s_mt.t_object_attr(ck_id, ck_object, ck_class_attr, cv_value, ck_user, ct_change) VALUES ('3806', '27C9B8FE4A084614A2D253815226A7EE', '47', 'ck_attr_type', '-11', '2018-02-23T15:08:23.000+0800')  ON CONFLICT ON CONSTRAINT cin_c_object_attr_1 do update set ck_object = excluded.ck_object, ck_class_attr = excluded.ck_class_attr, cv_value = excluded.cv_value, ck_user = excluded.ck_user, ct_change = excluded.ct_change;
INSERT INTO s_mt.t_object_attr(ck_id, ck_object, ck_class_attr, cv_value, ck_user, ct_change) VALUES ('67407257321', '7C45F172197C4BCDE053809BA8C030D5', '1997', 'Сохранить изменения?', '20780', '2018-12-14T14:31:37.000+0800')  ON CONFLICT ON CONSTRAINT cin_c_object_attr_1 do update set ck_object = excluded.ck_object, ck_class_attr = excluded.ck_class_attr, cv_value = excluded.cv_value, ck_user = excluded.ck_user, ct_change = excluded.ct_change;
INSERT INTO s_mt.t_object_attr(ck_id, ck_object, ck_class_attr, cv_value, ck_user, ct_change) VALUES ('1070', 'B71EF0C794214B3BA7A49E160B36D373', '155', '1', '-11', '2018-02-23T15:08:23.000+0800')  ON CONFLICT ON CONSTRAINT cin_c_object_attr_1 do update set ck_object = excluded.ck_object, ck_class_attr = excluded.ck_class_attr, cv_value = excluded.cv_value, ck_user = excluded.ck_user, ct_change = excluded.ct_change;
INSERT INTO s_mt.t_object_attr(ck_id, ck_object, ck_class_attr, cv_value, ck_user, ct_change) VALUES ('1068', 'F3960DD69A33406B86F92BE05043120B', '47', 'ck_id', '-11', '2018-02-23T15:08:23.000+0800')  ON CONFLICT ON CONSTRAINT cin_c_object_attr_1 do update set ck_object = excluded.ck_object, ck_class_attr = excluded.ck_class_attr, cv_value = excluded.cv_value, ck_user = excluded.ck_user, ct_change = excluded.ct_change;
INSERT INTO s_mt.t_object_attr(ck_id, ck_object, ck_class_attr, cv_value, ck_user, ct_change) VALUES ('1069', '60E439E451354D51855C0BFA53EC64D0', '47', 'cv_description', '-11', '2018-02-23T15:08:23.000+0800')  ON CONFLICT ON CONSTRAINT cin_c_object_attr_1 do update set ck_object = excluded.ck_object, ck_class_attr = excluded.ck_class_attr, cv_value = excluded.cv_value, ck_user = excluded.ck_user, ct_change = excluded.ct_change;
INSERT INTO s_mt.t_object_attr(ck_id, ck_object, ck_class_attr, cv_value, ck_user, ct_change) VALUES ('201986093621', 'B71EF0C794214B3BA7A49E160B36D373', '992', 'fa-plus', '20780', '2019-01-14T21:14:44.000+0800')  ON CONFLICT ON CONSTRAINT cin_c_object_attr_1 do update set ck_object = excluded.ck_object, ck_class_attr = excluded.ck_class_attr, cv_value = excluded.cv_value, ck_user = excluded.ck_user, ct_change = excluded.ct_change;
INSERT INTO s_mt.t_object_attr(ck_id, ck_object, ck_class_attr, cv_value, ck_user, ct_change) VALUES ('4735', 'F3960DD69A33406B86F92BE05043120B', '433', 'insert', '-11', '2018-02-23T15:08:23.000+0800')  ON CONFLICT ON CONSTRAINT cin_c_object_attr_1 do update set ck_object = excluded.ck_object, ck_class_attr = excluded.ck_class_attr, cv_value = excluded.cv_value, ck_user = excluded.ck_user, ct_change = excluded.ct_change;
INSERT INTO s_mt.t_object_attr(ck_id, ck_object, ck_class_attr, cv_value, ck_user, ct_change) VALUES ('8092', 'FD72C59E8C1B4EB6A57085743D832F4A', '125', 'ck_id', '10020788', '2018-03-08T22:16:41.000+0800')  ON CONFLICT ON CONSTRAINT cin_c_object_attr_1 do update set ck_object = excluded.ck_object, ck_class_attr = excluded.ck_class_attr, cv_value = excluded.cv_value, ck_user = excluded.ck_user, ct_change = excluded.ct_change;
INSERT INTO s_mt.t_object_attr(ck_id, ck_object, ck_class_attr, cv_value, ck_user, ct_change) VALUES ('8094', 'FD72C59E8C1B4EB6A57085743D832F4A', '120', 'ck_attr_type', '10020788', '2018-03-08T22:20:01.000+0800')  ON CONFLICT ON CONSTRAINT cin_c_object_attr_1 do update set ck_object = excluded.ck_object, ck_class_attr = excluded.ck_class_attr, cv_value = excluded.cv_value, ck_user = excluded.ck_user, ct_change = excluded.ct_change;
INSERT INTO s_mt.t_object_attr(ck_id, ck_object, ck_class_attr, cv_value, ck_user, ct_change) VALUES ('8093', 'FD72C59E8C1B4EB6A57085743D832F4A', '126', 'ck_id', '10020788', '2018-03-08T22:16:46.000+0800')  ON CONFLICT ON CONSTRAINT cin_c_object_attr_1 do update set ck_object = excluded.ck_object, ck_class_attr = excluded.ck_class_attr, cv_value = excluded.cv_value, ck_user = excluded.ck_user, ct_change = excluded.ct_change;
INSERT INTO s_mt.t_object(ck_id, ck_class, ck_parent, cv_name, cn_order, ck_query, cv_description, cv_displayed, cv_modify, ck_provider, ck_user, ct_change) VALUES ('9F4BA53BAAA740BBBBE4E17EBE3ACB42', '8', null, 'SYS Grid Class << DO NOT CHANGE', 1000800, 'MTClass', 'Таблица с классами', null, 'pkg_json_meta.f_modify_class', 'meta', '-11', '2018-02-23T15:08:15.000+0800')  on conflict (ck_id) do update set ck_class = excluded.ck_class, ck_parent = excluded.ck_parent, cv_name = excluded.cv_name, cn_order = excluded.cn_order, ck_query = excluded.ck_query, cv_description = excluded.cv_description, cv_displayed = excluded.cv_displayed, cv_modify = excluded.cv_modify, ck_provider = excluded.ck_provider, ck_user = excluded.ck_user, ct_change = excluded.ct_change;
INSERT INTO s_mt.t_object(ck_id, ck_class, ck_parent, cv_name, cn_order, ck_query, cv_description, cv_displayed, cv_modify, ck_provider, ck_user, ct_change) VALUES ('F31962B0DD5344CAB0E7C5A1C6D48242', '36', '9F4BA53BAAA740BBBBE4E17EBE3ACB42', 'Check cl_final', 600, null, 'Признак самостоятельного заполнения', 'Признак самостоятельного заполнения', null, null, '-11', '2018-02-23T15:08:15.000+0800')  on conflict (ck_id) do update set ck_class = excluded.ck_class, ck_parent = excluded.ck_parent, cv_name = excluded.cv_name, cn_order = excluded.cn_order, ck_query = excluded.ck_query, cv_description = excluded.cv_description, cv_displayed = excluded.cv_displayed, cv_modify = excluded.cv_modify, ck_provider = excluded.ck_provider, ck_user = excluded.ck_user, ct_change = excluded.ct_change;
INSERT INTO s_mt.t_object(ck_id, ck_class, ck_parent, cv_name, cn_order, ck_query, cv_description, cv_displayed, cv_modify, ck_provider, ck_user, ct_change) VALUES ('CC5F4F1AEF0941B39C528B7663AAC214', '16', '9F4BA53BAAA740BBBBE4E17EBE3ACB42', 'Edit Class', 200, null, 'Редактирование класса', null, null, null, '-11', '2018-02-23T15:08:15.000+0800')  on conflict (ck_id) do update set ck_class = excluded.ck_class, ck_parent = excluded.ck_parent, cv_name = excluded.cv_name, cn_order = excluded.cn_order, ck_query = excluded.ck_query, cv_description = excluded.cv_description, cv_displayed = excluded.cv_displayed, cv_modify = excluded.cv_modify, ck_provider = excluded.ck_provider, ck_user = excluded.ck_user, ct_change = excluded.ct_change;
INSERT INTO s_mt.t_object(ck_id, ck_class, ck_parent, cv_name, cn_order, ck_query, cv_description, cv_displayed, cv_modify, ck_provider, ck_user, ct_change) VALUES ('AA3742B6B2D04C23AB751B501290B52B', '19', '9F4BA53BAAA740BBBBE4E17EBE3ACB42', 'Top Btn Add Class', 100, null, 'Создание нового класса', 'Создать новый класс', null, null, '-11', '2018-02-23T15:08:15.000+0800')  on conflict (ck_id) do update set ck_class = excluded.ck_class, ck_parent = excluded.ck_parent, cv_name = excluded.cv_name, cn_order = excluded.cn_order, ck_query = excluded.ck_query, cv_description = excluded.cv_description, cv_displayed = excluded.cv_displayed, cv_modify = excluded.cv_modify, ck_provider = excluded.ck_provider, ck_user = excluded.ck_user, ct_change = excluded.ct_change;
INSERT INTO s_mt.t_object(ck_id, ck_class, ck_parent, cv_name, cn_order, ck_query, cv_description, cv_displayed, cv_modify, ck_provider, ck_user, ct_change) VALUES ('AFCF040CC2044E53BBAF316B35E03EBF', '36', '9F4BA53BAAA740BBBBE4E17EBE3ACB42', 'Check cl_dataset', 500, null, 'Признак выводимого набора данных', 'Признак выводимого набора данных', null, null, '-11', '2018-02-23T15:08:15.000+0800')  on conflict (ck_id) do update set ck_class = excluded.ck_class, ck_parent = excluded.ck_parent, cv_name = excluded.cv_name, cn_order = excluded.cn_order, ck_query = excluded.ck_query, cv_description = excluded.cv_description, cv_displayed = excluded.cv_displayed, cv_modify = excluded.cv_modify, ck_provider = excluded.ck_provider, ck_user = excluded.ck_user, ct_change = excluded.ct_change;
INSERT INTO s_mt.t_object(ck_id, ck_class, ck_parent, cv_name, cn_order, ck_query, cv_description, cv_displayed, cv_modify, ck_provider, ck_user, ct_change) VALUES ('0ACDF60E6F944A6F9A44C59422A7E797', '9', '9F4BA53BAAA740BBBBE4E17EBE3ACB42', 'Description class', 400, null, 'Описание класса', 'Описание', null, null, '-11', '2018-02-23T15:08:15.000+0800')  on conflict (ck_id) do update set ck_class = excluded.ck_class, ck_parent = excluded.ck_parent, cv_name = excluded.cv_name, cn_order = excluded.cn_order, ck_query = excluded.ck_query, cv_description = excluded.cv_description, cv_displayed = excluded.cv_displayed, cv_modify = excluded.cv_modify, ck_provider = excluded.ck_provider, ck_user = excluded.ck_user, ct_change = excluded.ct_change;
INSERT INTO s_mt.t_object(ck_id, ck_class, ck_parent, cv_name, cn_order, ck_query, cv_description, cv_displayed, cv_modify, ck_provider, ck_user, ct_change) VALUES ('C0E589723932468982092A15976C8BB4', '9', '9F4BA53BAAA740BBBBE4E17EBE3ACB42', 'Name Class', 300, null, 'Наименование класса', 'Наименование', null, null, '-11', '2018-02-23T15:08:15.000+0800')  on conflict (ck_id) do update set ck_class = excluded.ck_class, ck_parent = excluded.ck_parent, cv_name = excluded.cv_name, cn_order = excluded.cn_order, ck_query = excluded.ck_query, cv_description = excluded.cv_description, cv_displayed = excluded.cv_displayed, cv_modify = excluded.cv_modify, ck_provider = excluded.ck_provider, ck_user = excluded.ck_user, ct_change = excluded.ct_change;
INSERT INTO s_mt.t_object(ck_id, ck_class, ck_parent, cv_name, cn_order, ck_query, cv_description, cv_displayed, cv_modify, ck_provider, ck_user, ct_change) VALUES ('78DD4CEE3E0F403586B9CB000F05A119', '26', 'C0E589723932468982092A15976C8BB4', 'Edit Name Class', 100, null, 'Поле редактирования имени класса', null, null, null, '-11', '2018-02-23T15:08:15.000+0800')  on conflict (ck_id) do update set ck_class = excluded.ck_class, ck_parent = excluded.ck_parent, cv_name = excluded.cv_name, cn_order = excluded.cn_order, ck_query = excluded.ck_query, cv_description = excluded.cv_description, cv_displayed = excluded.cv_displayed, cv_modify = excluded.cv_modify, ck_provider = excluded.ck_provider, ck_user = excluded.ck_user, ct_change = excluded.ct_change;
INSERT INTO s_mt.t_object(ck_id, ck_class, ck_parent, cv_name, cn_order, ck_query, cv_description, cv_displayed, cv_modify, ck_provider, ck_user, ct_change) VALUES ('1D00659DFADA4992BAA2B7F07B8FC369', '29', 'F31962B0DD5344CAB0E7C5A1C6D48242', 'CheckBox Field cl_final', 100, null, 'Поле выбора', null, null, null, '-11', '2018-02-23T15:08:15.000+0800')  on conflict (ck_id) do update set ck_class = excluded.ck_class, ck_parent = excluded.ck_parent, cv_name = excluded.cv_name, cn_order = excluded.cn_order, ck_query = excluded.ck_query, cv_description = excluded.cv_description, cv_displayed = excluded.cv_displayed, cv_modify = excluded.cv_modify, ck_provider = excluded.ck_provider, ck_user = excluded.ck_user, ct_change = excluded.ct_change;
INSERT INTO s_mt.t_object(ck_id, ck_class, ck_parent, cv_name, cn_order, ck_query, cv_description, cv_displayed, cv_modify, ck_provider, ck_user, ct_change) VALUES ('C3A6E350960C46E289F771BB88355B1C', '26', '0ACDF60E6F944A6F9A44C59422A7E797', 'Edit Desc Class', 100, null, 'Поле редактирования описания класса', null, null, null, '-11', '2018-02-23T15:08:15.000+0800')  on conflict (ck_id) do update set ck_class = excluded.ck_class, ck_parent = excluded.ck_parent, cv_name = excluded.cv_name, cn_order = excluded.cn_order, ck_query = excluded.ck_query, cv_description = excluded.cv_description, cv_displayed = excluded.cv_displayed, cv_modify = excluded.cv_modify, ck_provider = excluded.ck_provider, ck_user = excluded.ck_user, ct_change = excluded.ct_change;
INSERT INTO s_mt.t_object(ck_id, ck_class, ck_parent, cv_name, cn_order, ck_query, cv_description, cv_displayed, cv_modify, ck_provider, ck_user, ct_change) VALUES ('1548ECD6D7E1465EADCA37F0D94214BD', '29', 'AFCF040CC2044E53BBAF316B35E03EBF', 'CheckBox Field', 100, null, 'Поле выбора признака', null, null, null, '-11', '2018-02-23T15:08:15.000+0800')  on conflict (ck_id) do update set ck_class = excluded.ck_class, ck_parent = excluded.ck_parent, cv_name = excluded.cv_name, cn_order = excluded.cn_order, ck_query = excluded.ck_query, cv_description = excluded.cv_description, cv_displayed = excluded.cv_displayed, cv_modify = excluded.cv_modify, ck_provider = excluded.ck_provider, ck_user = excluded.ck_user, ct_change = excluded.ct_change;
INSERT INTO s_mt.t_object_attr(ck_id, ck_object, ck_class_attr, cv_value, ck_user, ct_change) VALUES ('40', '9F4BA53BAAA740BBBBE4E17EBE3ACB42', '1600', '390px', '-11', '2018-02-23T15:08:23.000+0800')  ON CONFLICT ON CONSTRAINT cin_c_object_attr_1 do update set ck_object = excluded.ck_object, ck_class_attr = excluded.ck_class_attr, cv_value = excluded.cv_value, ck_user = excluded.ck_user, ct_change = excluded.ct_change;
INSERT INTO s_mt.t_object_attr(ck_id, ck_object, ck_class_attr, cv_value, ck_user, ct_change) VALUES ('1565', '9F4BA53BAAA740BBBBE4E17EBE3ACB42', '852', 'cv_name', '-11', '2018-02-23T15:08:23.000+0800')  ON CONFLICT ON CONSTRAINT cin_c_object_attr_1 do update set ck_object = excluded.ck_object, ck_class_attr = excluded.ck_class_attr, cv_value = excluded.cv_value, ck_user = excluded.ck_user, ct_change = excluded.ct_change;
INSERT INTO s_mt.t_object_attr(ck_id, ck_object, ck_class_attr, cv_value, ck_user, ct_change) VALUES ('261', 'F31962B0DD5344CAB0E7C5A1C6D48242', '250', 'cl_final', '-11', '2018-02-23T15:08:23.000+0800')  ON CONFLICT ON CONSTRAINT cin_c_object_attr_1 do update set ck_object = excluded.ck_object, ck_class_attr = excluded.ck_class_attr, cv_value = excluded.cv_value, ck_user = excluded.ck_user, ct_change = excluded.ct_change;
INSERT INTO s_mt.t_object_attr(ck_id, ck_object, ck_class_attr, cv_value, ck_user, ct_change) VALUES ('78', 'AA3742B6B2D04C23AB751B501290B52B', '140', 'onSimpleAddRow', '-11', '2018-02-23T15:08:23.000+0800')  ON CONFLICT ON CONSTRAINT cin_c_object_attr_1 do update set ck_object = excluded.ck_object, ck_class_attr = excluded.ck_class_attr, cv_value = excluded.cv_value, ck_user = excluded.ck_user, ct_change = excluded.ct_change;
INSERT INTO s_mt.t_object_attr(ck_id, ck_object, ck_class_attr, cv_value, ck_user, ct_change) VALUES ('41', 'C0E589723932468982092A15976C8BB4', '47', 'cv_name', '-11', '2018-02-23T15:08:23.000+0800')  ON CONFLICT ON CONSTRAINT cin_c_object_attr_1 do update set ck_object = excluded.ck_object, ck_class_attr = excluded.ck_class_attr, cv_value = excluded.cv_value, ck_user = excluded.ck_user, ct_change = excluded.ct_change;
INSERT INTO s_mt.t_object_attr(ck_id, ck_object, ck_class_attr, cv_value, ck_user, ct_change) VALUES ('42', '0ACDF60E6F944A6F9A44C59422A7E797', '47', 'cv_description', '-11', '2018-02-23T15:08:23.000+0800')  ON CONFLICT ON CONSTRAINT cin_c_object_attr_1 do update set ck_object = excluded.ck_object, ck_class_attr = excluded.ck_class_attr, cv_value = excluded.cv_value, ck_user = excluded.ck_user, ct_change = excluded.ct_change;
INSERT INTO s_mt.t_object_attr(ck_id, ck_object, ck_class_attr, cv_value, ck_user, ct_change) VALUES ('255', 'AFCF040CC2044E53BBAF316B35E03EBF', '250', 'cl_dataset', '-11', '2018-02-23T15:08:23.000+0800')  ON CONFLICT ON CONSTRAINT cin_c_object_attr_1 do update set ck_object = excluded.ck_object, ck_class_attr = excluded.ck_class_attr, cv_value = excluded.cv_value, ck_user = excluded.ck_user, ct_change = excluded.ct_change;
INSERT INTO s_mt.t_object_attr(ck_id, ck_object, ck_class_attr, cv_value, ck_user, ct_change) VALUES ('212', '78DD4CEE3E0F403586B9CB000F05A119', '73', 'true', '-11', '2018-02-23T15:08:23.000+0800')  ON CONFLICT ON CONSTRAINT cin_c_object_attr_1 do update set ck_object = excluded.ck_object, ck_class_attr = excluded.ck_class_attr, cv_value = excluded.cv_value, ck_user = excluded.ck_user, ct_change = excluded.ct_change;
INSERT INTO s_mt.t_object_attr(ck_id, ck_object, ck_class_attr, cv_value, ck_user, ct_change) VALUES ('409', '78DD4CEE3E0F403586B9CB000F05A119', '408', '60', '-11', '2018-02-23T15:08:23.000+0800')  ON CONFLICT ON CONSTRAINT cin_c_object_attr_1 do update set ck_object = excluded.ck_object, ck_class_attr = excluded.ck_class_attr, cv_value = excluded.cv_value, ck_user = excluded.ck_user, ct_change = excluded.ct_change;
INSERT INTO s_mt.t_object_attr(ck_id, ck_object, ck_class_attr, cv_value, ck_user, ct_change) VALUES ('258', '1548ECD6D7E1465EADCA37F0D94214BD', '97', 'false', '-11', '2018-02-23T15:08:23.000+0800')  ON CONFLICT ON CONSTRAINT cin_c_object_attr_1 do update set ck_object = excluded.ck_object, ck_class_attr = excluded.ck_class_attr, cv_value = excluded.cv_value, ck_user = excluded.ck_user, ct_change = excluded.ct_change;
INSERT INTO s_mt.t_object_attr(ck_id, ck_object, ck_class_attr, cv_value, ck_user, ct_change) VALUES ('260', '1D00659DFADA4992BAA2B7F07B8FC369', '94', 'cl_final', '-11', '2018-02-23T15:08:23.000+0800')  ON CONFLICT ON CONSTRAINT cin_c_object_attr_1 do update set ck_object = excluded.ck_object, ck_class_attr = excluded.ck_class_attr, cv_value = excluded.cv_value, ck_user = excluded.ck_user, ct_change = excluded.ct_change;
INSERT INTO s_mt.t_object_attr(ck_id, ck_object, ck_class_attr, cv_value, ck_user, ct_change) VALUES ('213', 'C3A6E350960C46E289F771BB88355B1C', '73', 'false', '-11', '2018-02-23T15:08:23.000+0800')  ON CONFLICT ON CONSTRAINT cin_c_object_attr_1 do update set ck_object = excluded.ck_object, ck_class_attr = excluded.ck_class_attr, cv_value = excluded.cv_value, ck_user = excluded.ck_user, ct_change = excluded.ct_change;
INSERT INTO s_mt.t_object_attr(ck_id, ck_object, ck_class_attr, cv_value, ck_user, ct_change) VALUES ('257', '1548ECD6D7E1465EADCA37F0D94214BD', '94', 'cl_dataset', '-11', '2018-02-23T15:08:23.000+0800')  ON CONFLICT ON CONSTRAINT cin_c_object_attr_1 do update set ck_object = excluded.ck_object, ck_class_attr = excluded.ck_class_attr, cv_value = excluded.cv_value, ck_user = excluded.ck_user, ct_change = excluded.ct_change;
INSERT INTO s_mt.t_object(ck_id, ck_class, ck_parent, cv_name, cn_order, ck_query, cv_description, cv_displayed, cv_modify, ck_provider, ck_user, ct_change) VALUES ('E56A94F186CA495BAEF39DF68B68681A', '18', null, 'SYS Grid Page << DO NOT CHANGE', 1000100, 'MTPage', 'Страницы', null, 'pkg_json_meta.f_modify_page', 'meta', '10020780', '2018-03-01T21:04:32.000+0800')  on conflict (ck_id) do update set ck_class = excluded.ck_class, ck_parent = excluded.ck_parent, cv_name = excluded.cv_name, cn_order = excluded.cn_order, ck_query = excluded.ck_query, cv_description = excluded.cv_description, cv_displayed = excluded.cv_displayed, cv_modify = excluded.cv_modify, ck_provider = excluded.ck_provider, ck_user = excluded.ck_user, ct_change = excluded.ct_change;
INSERT INTO s_mt.t_object(ck_id, ck_class, ck_parent, cv_name, cn_order, ck_query, cv_description, cv_displayed, cv_modify, ck_provider, ck_user, ct_change) VALUES ('3DF8D382476C409FAFE16C90AF5E8339', '19', 'E56A94F186CA495BAEF39DF68B68681A', 'Top BTN Create Page', 100, null, 'Создание страницы', 'Создать страницу', null, null, '-11', '2018-02-23T15:08:15.000+0800')  on conflict (ck_id) do update set ck_class = excluded.ck_class, ck_parent = excluded.ck_parent, cv_name = excluded.cv_name, cn_order = excluded.cn_order, ck_query = excluded.ck_query, cv_description = excluded.cv_description, cv_displayed = excluded.cv_displayed, cv_modify = excluded.cv_modify, ck_provider = excluded.ck_provider, ck_user = excluded.ck_user, ct_change = excluded.ct_change;
INSERT INTO s_mt.t_object(ck_id, ck_class, ck_parent, cv_name, cn_order, ck_query, cv_description, cv_displayed, cv_modify, ck_provider, ck_user, ct_change) VALUES ('5718878CB06C4E6DB5F6ABF555A33F4D', '9', 'E56A94F186CA495BAEF39DF68B68681A', 'Order Column', 800, null, 'Order Column', 'Порядок', null, null, '10020785', '2018-07-26T13:54:28.000+0800')  on conflict (ck_id) do update set ck_class = excluded.ck_class, ck_parent = excluded.ck_parent, cv_name = excluded.cv_name, cn_order = excluded.cn_order, ck_query = excluded.ck_query, cv_description = excluded.cv_description, cv_displayed = excluded.cv_displayed, cv_modify = excluded.cv_modify, ck_provider = excluded.ck_provider, ck_user = excluded.ck_user, ct_change = excluded.ct_change;
INSERT INTO s_mt.t_object(ck_id, ck_class, ck_parent, cv_name, cn_order, ck_query, cv_description, cv_displayed, cv_modify, ck_provider, ck_user, ct_change) VALUES ('801B8290FF5F4C5399D150197D34833E', '17', 'E56A94F186CA495BAEF39DF68B68681A', 'Page Name', 500, null, 'Наименование страницы', 'Наименование страницы', null, null, '-11', '2018-02-23T15:08:15.000+0800')  on conflict (ck_id) do update set ck_class = excluded.ck_class, ck_parent = excluded.ck_parent, cv_name = excluded.cv_name, cn_order = excluded.cn_order, ck_query = excluded.ck_query, cv_description = excluded.cv_description, cv_displayed = excluded.cv_displayed, cv_modify = excluded.cv_modify, ck_provider = excluded.ck_provider, ck_user = excluded.ck_user, ct_change = excluded.ct_change;
INSERT INTO s_mt.t_object(ck_id, ck_class, ck_parent, cv_name, cn_order, ck_query, cv_description, cv_displayed, cv_modify, ck_provider, ck_user, ct_change) VALUES ('9637E6808A1B4196A2D6FD33BD85F326', '57', 'E56A94F186CA495BAEF39DF68B68681A', 'Column Icon Page', 400, null, 'Колонка выводящая иконку', 'Иконка', null, null, '-11', '2018-02-23T15:08:15.000+0800')  on conflict (ck_id) do update set ck_class = excluded.ck_class, ck_parent = excluded.ck_parent, cv_name = excluded.cv_name, cn_order = excluded.cn_order, ck_query = excluded.ck_query, cv_description = excluded.cv_description, cv_displayed = excluded.cv_displayed, cv_modify = excluded.cv_modify, ck_provider = excluded.ck_provider, ck_user = excluded.ck_user, ct_change = excluded.ct_change;
INSERT INTO s_mt.t_object(ck_id, ck_class, ck_parent, cv_name, cn_order, ck_query, cv_description, cv_displayed, cv_modify, ck_provider, ck_user, ct_change) VALUES ('A2E08196F3CF4E8494FEA91DA200D361', '32', 'E56A94F186CA495BAEF39DF68B68681A', 'Add/Edit Page Window', 1000, null, 'Страницы', null, null, null, '10020780', '2018-03-01T21:27:22.000+0800')  on conflict (ck_id) do update set ck_class = excluded.ck_class, ck_parent = excluded.ck_parent, cv_name = excluded.cv_name, cn_order = excluded.cn_order, ck_query = excluded.ck_query, cv_description = excluded.cv_description, cv_displayed = excluded.cv_displayed, cv_modify = excluded.cv_modify, ck_provider = excluded.ck_provider, ck_user = excluded.ck_user, ct_change = excluded.ct_change;
INSERT INTO s_mt.t_object(ck_id, ck_class, ck_parent, cv_name, cn_order, ck_query, cv_description, cv_displayed, cv_modify, ck_provider, ck_user, ct_change) VALUES ('E109C4675B564AD7AE5D4B1091E6C5CF', '77', 'E56A94F186CA495BAEF39DF68B68681A', 'cr_type_invisible', 550, null, 'cr_type_invisible', null, null, null, '20788', '2018-12-08T20:38:30.000+0800')  on conflict (ck_id) do update set ck_class = excluded.ck_class, ck_parent = excluded.ck_parent, cv_name = excluded.cv_name, cn_order = excluded.cn_order, ck_query = excluded.ck_query, cv_description = excluded.cv_description, cv_displayed = excluded.cv_displayed, cv_modify = excluded.cv_modify, ck_provider = excluded.ck_provider, ck_user = excluded.ck_user, ct_change = excluded.ct_change;
INSERT INTO s_mt.t_object(ck_id, ck_class, ck_parent, cv_name, cn_order, ck_query, cv_description, cv_displayed, cv_modify, ck_provider, ck_user, ct_change) VALUES ('3DD16DB9F9D64C6CA05252512E9BCDD3', '57', 'E56A94F186CA495BAEF39DF68B68681A', 'Refresh Page', 300, null, 'Обновление объектов страницы', null, null, null, '-11', '2018-02-23T15:08:15.000+0800')  on conflict (ck_id) do update set ck_class = excluded.ck_class, ck_parent = excluded.ck_parent, cv_name = excluded.cv_name, cn_order = excluded.cn_order, ck_query = excluded.ck_query, cv_description = excluded.cv_description, cv_displayed = excluded.cv_displayed, cv_modify = excluded.cv_modify, ck_provider = excluded.ck_provider, ck_user = excluded.ck_user, ct_change = excluded.ct_change;
INSERT INTO s_mt.t_object(ck_id, ck_class, ck_parent, cv_name, cn_order, ck_query, cv_description, cv_displayed, cv_modify, ck_provider, ck_user, ct_change) VALUES ('E0799FB264604C54973DF0B6A49BD63E', '16', 'E56A94F186CA495BAEF39DF68B68681A', 'Edit Page', 150, null, 'Редактирование страниц', null, null, null, '-11', '2018-02-23T15:08:15.000+0800')  on conflict (ck_id) do update set ck_class = excluded.ck_class, ck_parent = excluded.ck_parent, cv_name = excluded.cv_name, cn_order = excluded.cn_order, ck_query = excluded.ck_query, cv_description = excluded.cv_description, cv_displayed = excluded.cv_displayed, cv_modify = excluded.cv_modify, ck_provider = excluded.ck_provider, ck_user = excluded.ck_user, ct_change = excluded.ct_change;
INSERT INTO s_mt.t_object(ck_id, ck_class, ck_parent, cv_name, cn_order, ck_query, cv_description, cv_displayed, cv_modify, ck_provider, ck_user, ct_change) VALUES ('D94343DAF0AC4B85A29C0DA667BEE539', '19', 'E56A94F186CA495BAEF39DF68B68681A', 'Reset Meta Cache', 200, null, 'Сбросить кэш на шлюзе', 'Сбросить кэш на шлюзе', null, null, '-11', '2018-02-23T15:08:15.000+0800')  on conflict (ck_id) do update set ck_class = excluded.ck_class, ck_parent = excluded.ck_parent, cv_name = excluded.cv_name, cn_order = excluded.cn_order, ck_query = excluded.ck_query, cv_description = excluded.cv_description, cv_displayed = excluded.cv_displayed, cv_modify = excluded.cv_modify, ck_provider = excluded.ck_provider, ck_user = excluded.ck_user, ct_change = excluded.ct_change;
INSERT INTO s_mt.t_object(ck_id, ck_class, ck_parent, cv_name, cn_order, ck_query, cv_description, cv_displayed, cv_modify, ck_provider, ck_user, ct_change) VALUES ('CBB07C568B094B1F82ED07BE368528F4', '77', 'E56A94F186CA495BAEF39DF68B68681A', 'cn_action_view', 600, null, 'cn_action_view', 'Код действия просмотра', null, null, '-11', '2018-02-23T15:08:15.000+0800')  on conflict (ck_id) do update set ck_class = excluded.ck_class, ck_parent = excluded.ck_parent, cv_name = excluded.cv_name, cn_order = excluded.cn_order, ck_query = excluded.ck_query, cv_description = excluded.cv_description, cv_displayed = excluded.cv_displayed, cv_modify = excluded.cv_modify, ck_provider = excluded.ck_provider, ck_user = excluded.ck_user, ct_change = excluded.ct_change;
INSERT INTO s_mt.t_object(ck_id, ck_class, ck_parent, cv_name, cn_order, ck_query, cv_description, cv_displayed, cv_modify, ck_provider, ck_user, ct_change) VALUES ('B84591FA11C44C2581144504E7E2DFC7', '77', 'E56A94F186CA495BAEF39DF68B68681A', 'cn_action_edit', 700, null, 'cn_action_edit', 'Код действия модификации', null, null, '-11', '2018-02-23T15:08:15.000+0800')  on conflict (ck_id) do update set ck_class = excluded.ck_class, ck_parent = excluded.ck_parent, cv_name = excluded.cv_name, cn_order = excluded.cn_order, ck_query = excluded.ck_query, cv_description = excluded.cv_description, cv_displayed = excluded.cv_displayed, cv_modify = excluded.cv_modify, ck_provider = excluded.ck_provider, ck_user = excluded.ck_user, ct_change = excluded.ct_change;
INSERT INTO s_mt.t_object(ck_id, ck_class, ck_parent, cv_name, cn_order, ck_query, cv_description, cv_displayed, cv_modify, ck_provider, ck_user, ct_change) VALUES ('DA7805DF671B46658EE88E36E280D3A2', '19', 'A2E08196F3CF4E8494FEA91DA200D361', 'Botton Btn Close', 3000, null, 'Отмена', 'Отмена', null, null, '-11', '2018-02-23T15:08:15.000+0800')  on conflict (ck_id) do update set ck_class = excluded.ck_class, ck_parent = excluded.ck_parent, cv_name = excluded.cv_name, cn_order = excluded.cn_order, ck_query = excluded.ck_query, cv_description = excluded.cv_description, cv_displayed = excluded.cv_displayed, cv_modify = excluded.cv_modify, ck_provider = excluded.ck_provider, ck_user = excluded.ck_user, ct_change = excluded.ct_change;
INSERT INTO s_mt.t_object(ck_id, ck_class, ck_parent, cv_name, cn_order, ck_query, cv_description, cv_displayed, cv_modify, ck_provider, ck_user, ct_change) VALUES ('1B89D8746D4F4AB9A505A8C3738138E0', '29', 'A2E08196F3CF4E8494FEA91DA200D361', 'cl_static', 750, null, 'Признак статичности страницы', 'Статическая страница', null, null, '20788', '2018-12-08T20:47:05.000+0800')  on conflict (ck_id) do update set ck_class = excluded.ck_class, ck_parent = excluded.ck_parent, cv_name = excluded.cv_name, cn_order = excluded.cn_order, ck_query = excluded.ck_query, cv_description = excluded.cv_description, cv_displayed = excluded.cv_displayed, cv_modify = excluded.cv_modify, ck_provider = excluded.ck_provider, ck_user = excluded.ck_user, ct_change = excluded.ct_change;
INSERT INTO s_mt.t_object(ck_id, ck_class, ck_parent, cv_name, cn_order, ck_query, cv_description, cv_displayed, cv_modify, ck_provider, ck_user, ct_change) VALUES ('58DFD9E372DC4BBC891F8723E554E185', '19', 'A2E08196F3CF4E8494FEA91DA200D361', 'Botton Btn Save', 2000, null, 'Сохранение', 'Сохранить', null, null, '-11', '2018-02-23T15:08:15.000+0800')  on conflict (ck_id) do update set ck_class = excluded.ck_class, ck_parent = excluded.ck_parent, cv_name = excluded.cv_name, cn_order = excluded.cn_order, ck_query = excluded.ck_query, cv_description = excluded.cv_description, cv_displayed = excluded.cv_displayed, cv_modify = excluded.cv_modify, ck_provider = excluded.ck_provider, ck_user = excluded.ck_user, ct_change = excluded.ct_change;
INSERT INTO s_mt.t_object(ck_id, ck_class, ck_parent, cv_name, cn_order, ck_query, cv_description, cv_displayed, cv_modify, ck_provider, ck_user, ct_change) VALUES ('68E2ADA0B2CC4BD893CEB06D7D8D17D2', '27', 'A2E08196F3CF4E8494FEA91DA200D361', 'Order Page Field', 600, null, 'Порядок страниц', 'Порядок', null, null, '-11', '2018-02-23T15:08:15.000+0800')  on conflict (ck_id) do update set ck_class = excluded.ck_class, ck_parent = excluded.ck_parent, cv_name = excluded.cv_name, cn_order = excluded.cn_order, ck_query = excluded.ck_query, cv_description = excluded.cv_description, cv_displayed = excluded.cv_displayed, cv_modify = excluded.cv_modify, ck_provider = excluded.ck_provider, ck_user = excluded.ck_user, ct_change = excluded.ct_change;
INSERT INTO s_mt.t_object(ck_id, ck_class, ck_parent, cv_name, cn_order, ck_query, cv_description, cv_displayed, cv_modify, ck_provider, ck_user, ct_change) VALUES ('813AE10488CC4365E053809BA8C03542', '29', 'A2E08196F3CF4E8494FEA91DA200D361', 'cl_menu', 730, null, 'Отображать страницу в основном меню?', 'Отображать в меню', null, null, '10028610', '2019-02-07T15:22:19.000+0800')  on conflict (ck_id) do update set ck_class = excluded.ck_class, ck_parent = excluded.ck_parent, cv_name = excluded.cv_name, cn_order = excluded.cn_order, ck_query = excluded.ck_query, cv_description = excluded.cv_description, cv_displayed = excluded.cv_displayed, cv_modify = excluded.cv_modify, ck_provider = excluded.ck_provider, ck_user = excluded.ck_user, ct_change = excluded.ct_change;
INSERT INTO s_mt.t_object(ck_id, ck_class, ck_parent, cv_name, cn_order, ck_query, cv_description, cv_displayed, cv_modify, ck_provider, ck_user, ct_change) VALUES ('AF666D67CE794E3EA8237B971C5ACB65', '27', 'A2E08196F3CF4E8494FEA91DA200D361', 'cn_action_edit', 720, null, 'cn_action_edit', 'Код действия модификации', null, null, '-11', '2018-02-23T15:08:15.000+0800')  on conflict (ck_id) do update set ck_class = excluded.ck_class, ck_parent = excluded.ck_parent, cv_name = excluded.cv_name, cn_order = excluded.cn_order, ck_query = excluded.ck_query, cv_description = excluded.cv_description, cv_displayed = excluded.cv_displayed, cv_modify = excluded.cv_modify, ck_provider = excluded.ck_provider, ck_user = excluded.ck_user, ct_change = excluded.ct_change;
INSERT INTO s_mt.t_object(ck_id, ck_class, ck_parent, cv_name, cn_order, ck_query, cv_description, cv_displayed, cv_modify, ck_provider, ck_user, ct_change) VALUES ('07810FE0DE1A49E0813EF0866D06D584', '27', 'A2E08196F3CF4E8494FEA91DA200D361', 'cn_action_view', 710, null, 'cn_action_view', 'Код действия просмотра', null, null, '-11', '2018-02-23T15:08:15.000+0800')  on conflict (ck_id) do update set ck_class = excluded.ck_class, ck_parent = excluded.ck_parent, cv_name = excluded.cv_name, cn_order = excluded.cn_order, ck_query = excluded.ck_query, cv_description = excluded.cv_description, cv_displayed = excluded.cv_displayed, cv_modify = excluded.cv_modify, ck_provider = excluded.ck_provider, ck_user = excluded.ck_user, ct_change = excluded.ct_change;
INSERT INTO s_mt.t_object(ck_id, ck_class, ck_parent, cv_name, cn_order, ck_query, cv_description, cv_displayed, cv_modify, ck_provider, ck_user, ct_change) VALUES ('ED7E10DA3BBB45558F850F1E43BA967D', '26', 'A2E08196F3CF4E8494FEA91DA200D361', 'Url Page Field', 800, null, 'Ссылка', 'Ссылка', null, null, '-11', '2018-02-23T15:08:15.000+0800')  on conflict (ck_id) do update set ck_class = excluded.ck_class, ck_parent = excluded.ck_parent, cv_name = excluded.cv_name, cn_order = excluded.cn_order, ck_query = excluded.ck_query, cv_description = excluded.cv_description, cv_displayed = excluded.cv_displayed, cv_modify = excluded.cv_modify, ck_provider = excluded.ck_provider, ck_user = excluded.ck_user, ct_change = excluded.ct_change;
INSERT INTO s_mt.t_object(ck_id, ck_class, ck_parent, cv_name, cn_order, ck_query, cv_description, cv_displayed, cv_modify, ck_provider, ck_user, ct_change) VALUES ('27A16490A6234559BC556A47FA6E3C14', '38', 'A2E08196F3CF4E8494FEA91DA200D361', 'Field Icon Table', 700, 'MTIcon', 'Выбор иконки', 'Иконка', null, null, '-11', '2018-02-23T15:08:15.000+0800')  on conflict (ck_id) do update set ck_class = excluded.ck_class, ck_parent = excluded.ck_parent, cv_name = excluded.cv_name, cn_order = excluded.cn_order, ck_query = excluded.ck_query, cv_description = excluded.cv_description, cv_displayed = excluded.cv_displayed, cv_modify = excluded.cv_modify, ck_provider = excluded.ck_provider, ck_user = excluded.ck_user, ct_change = excluded.ct_change;
INSERT INTO s_mt.t_object(ck_id, ck_class, ck_parent, cv_name, cn_order, ck_query, cv_description, cv_displayed, cv_modify, ck_provider, ck_user, ct_change) VALUES ('2246D7F3D7544A13A4B4E37DC232070D', '31', 'A2E08196F3CF4E8494FEA91DA200D361', 'cr_type', 400, 'MTGetTpPage', 'Выбор типа страницы', 'Тип', null, null, '20788', '2018-12-08T20:47:24.000+0800')  on conflict (ck_id) do update set ck_class = excluded.ck_class, ck_parent = excluded.ck_parent, cv_name = excluded.cv_name, cn_order = excluded.cn_order, ck_query = excluded.ck_query, cv_description = excluded.cv_description, cv_displayed = excluded.cv_displayed, cv_modify = excluded.cv_modify, ck_provider = excluded.ck_provider, ck_user = excluded.ck_user, ct_change = excluded.ct_change;
INSERT INTO s_mt.t_object(ck_id, ck_class, ck_parent, cv_name, cn_order, ck_query, cv_description, cv_displayed, cv_modify, ck_provider, ck_user, ct_change) VALUES ('1D150D1369E24783B7041818833097AB', '26', 'A2E08196F3CF4E8494FEA91DA200D361', 'Name Page', 100, null, 'Наименование страницы', 'Наименование', null, null, '-11', '2018-02-23T15:08:15.000+0800')  on conflict (ck_id) do update set ck_class = excluded.ck_class, ck_parent = excluded.ck_parent, cv_name = excluded.cv_name, cn_order = excluded.cn_order, ck_query = excluded.ck_query, cv_description = excluded.cv_description, cv_displayed = excluded.cv_displayed, cv_modify = excluded.cv_modify, ck_provider = excluded.ck_provider, ck_user = excluded.ck_user, ct_change = excluded.ct_change;
INSERT INTO s_mt.t_object(ck_id, ck_class, ck_parent, cv_name, cn_order, ck_query, cv_description, cv_displayed, cv_modify, ck_provider, ck_user, ct_change) VALUES ('B4DF5B3F933744819E24CABB022C5944', '9', '27A16490A6234559BC556A47FA6E3C14', 'Column Name', 200, null, 'Наименование иконки', 'Наименование', null, null, '-11', '2018-02-23T15:08:15.000+0800')  on conflict (ck_id) do update set ck_class = excluded.ck_class, ck_parent = excluded.ck_parent, cv_name = excluded.cv_name, cn_order = excluded.cn_order, ck_query = excluded.ck_query, cv_description = excluded.cv_description, cv_displayed = excluded.cv_displayed, cv_modify = excluded.cv_modify, ck_provider = excluded.ck_provider, ck_user = excluded.ck_user, ct_change = excluded.ct_change;
INSERT INTO s_mt.t_object(ck_id, ck_class, ck_parent, cv_name, cn_order, ck_query, cv_description, cv_displayed, cv_modify, ck_provider, ck_user, ct_change) VALUES ('0634B02B58AB42A4867C36C9CDA4808E', '57', '27A16490A6234559BC556A47FA6E3C14', 'Column Icon', 100, null, 'Колонка с иконкой', 'Иконка', null, null, '-11', '2018-02-23T15:08:15.000+0800')  on conflict (ck_id) do update set ck_class = excluded.ck_class, ck_parent = excluded.ck_parent, cv_name = excluded.cv_name, cn_order = excluded.cn_order, ck_query = excluded.ck_query, cv_description = excluded.cv_description, cv_displayed = excluded.cv_displayed, cv_modify = excluded.cv_modify, ck_provider = excluded.ck_provider, ck_user = excluded.ck_user, ct_change = excluded.ct_change;
INSERT INTO s_mt.t_object_attr(ck_id, ck_object, ck_class_attr, cv_value, ck_user, ct_change) VALUES ('5473', 'E56A94F186CA495BAEF39DF68B68681A', '1607', '400', '-11', '2018-02-23T15:08:23.000+0800')  ON CONFLICT ON CONSTRAINT cin_c_object_attr_1 do update set ck_object = excluded.ck_object, ck_class_attr = excluded.ck_class_attr, cv_value = excluded.cv_value, ck_user = excluded.ck_user, ct_change = excluded.ct_change;
INSERT INTO s_mt.t_object_attr(ck_id, ck_object, ck_class_attr, cv_value, ck_user, ct_change) VALUES ('1557', 'E56A94F186CA495BAEF39DF68B68681A', '854', 'cn_order', '10020785', '2018-05-10T22:35:35.000+0800')  ON CONFLICT ON CONSTRAINT cin_c_object_attr_1 do update set ck_object = excluded.ck_object, ck_class_attr = excluded.ck_class_attr, cv_value = excluded.cv_value, ck_user = excluded.ck_user, ct_change = excluded.ct_change;
INSERT INTO s_mt.t_object_attr(ck_id, ck_object, ck_class_attr, cv_value, ck_user, ct_change) VALUES ('210', 'E56A94F186CA495BAEF39DF68B68681A', '167', 'true', '-11', '2018-02-23T15:08:23.000+0800')  ON CONFLICT ON CONSTRAINT cin_c_object_attr_1 do update set ck_object = excluded.ck_object, ck_class_attr = excluded.ck_class_attr, cv_value = excluded.cv_value, ck_user = excluded.ck_user, ct_change = excluded.ct_change;
INSERT INTO s_mt.t_object_attr(ck_id, ck_object, ck_class_attr, cv_value, ck_user, ct_change) VALUES ('776', '3DD16DB9F9D64C6CA05252512E9BCDD3', '591', '4', '-11', '2018-02-23T15:08:23.000+0800')  ON CONFLICT ON CONSTRAINT cin_c_object_attr_1 do update set ck_object = excluded.ck_object, ck_class_attr = excluded.ck_class_attr, cv_value = excluded.cv_value, ck_user = excluded.ck_user, ct_change = excluded.ct_change;
INSERT INTO s_mt.t_object_attr(ck_id, ck_object, ck_class_attr, cv_value, ck_user, ct_change) VALUES ('778', '3DD16DB9F9D64C6CA05252512E9BCDD3', '592', 'MTRefreshPageObject', '-11', '2018-02-23T15:08:23.000+0800')  ON CONFLICT ON CONSTRAINT cin_c_object_attr_1 do update set ck_object = excluded.ck_object, ck_class_attr = excluded.ck_class_attr, cv_value = excluded.cv_value, ck_user = excluded.ck_user, ct_change = excluded.ct_change;
INSERT INTO s_mt.t_object_attr(ck_id, ck_object, ck_class_attr, cv_value, ck_user, ct_change) VALUES ('571828424221', '3DF8D382476C409FAFE16C90AF5E8339', '1033', 'window', '10028610', '2019-03-01T15:52:06.000+0800')  ON CONFLICT ON CONSTRAINT cin_c_object_attr_1 do update set ck_object = excluded.ck_object, ck_class_attr = excluded.ck_class_attr, cv_value = excluded.cv_value, ck_user = excluded.ck_user, ct_change = excluded.ct_change;
INSERT INTO s_mt.t_object_attr(ck_id, ck_object, ck_class_attr, cv_value, ck_user, ct_change) VALUES ('81', '3DF8D382476C409FAFE16C90AF5E8339', '140', 'onCreateChildWindowMaster', '-11', '2018-02-23T15:08:23.000+0800')  ON CONFLICT ON CONSTRAINT cin_c_object_attr_1 do update set ck_object = excluded.ck_object, ck_class_attr = excluded.ck_class_attr, cv_value = excluded.cv_value, ck_user = excluded.ck_user, ct_change = excluded.ct_change;
INSERT INTO s_mt.t_object_attr(ck_id, ck_object, ck_class_attr, cv_value, ck_user, ct_change) VALUES ('82', '3DF8D382476C409FAFE16C90AF5E8339', '155', '1', '-11', '2018-02-23T15:08:23.000+0800')  ON CONFLICT ON CONSTRAINT cin_c_object_attr_1 do update set ck_object = excluded.ck_object, ck_class_attr = excluded.ck_class_attr, cv_value = excluded.cv_value, ck_user = excluded.ck_user, ct_change = excluded.ct_change;
INSERT INTO s_mt.t_object_attr(ck_id, ck_object, ck_class_attr, cv_value, ck_user, ct_change) VALUES ('201873972621', '3DF8D382476C409FAFE16C90AF5E8339', '992', 'fa-plus', '20780', '2019-01-14T21:14:44.000+0800')  ON CONFLICT ON CONSTRAINT cin_c_object_attr_1 do update set ck_object = excluded.ck_object, ck_class_attr = excluded.ck_class_attr, cv_value = excluded.cv_value, ck_user = excluded.ck_user, ct_change = excluded.ct_change;
INSERT INTO s_mt.t_object_attr(ck_id, ck_object, ck_class_attr, cv_value, ck_user, ct_change) VALUES ('36072', '5718878CB06C4E6DB5F6ABF555A33F4D', '47', 'cn_order', '10020785', '2018-07-26T13:56:24.000+0800')  ON CONFLICT ON CONSTRAINT cin_c_object_attr_1 do update set ck_object = excluded.ck_object, ck_class_attr = excluded.ck_class_attr, cv_value = excluded.cv_value, ck_user = excluded.ck_user, ct_change = excluded.ct_change;
INSERT INTO s_mt.t_object_attr(ck_id, ck_object, ck_class_attr, cv_value, ck_user, ct_change) VALUES ('35', '801B8290FF5F4C5399D150197D34833E', '52', 'cv_name', '-11', '2018-02-23T15:08:23.000+0800')  ON CONFLICT ON CONSTRAINT cin_c_object_attr_1 do update set ck_object = excluded.ck_object, ck_class_attr = excluded.ck_class_attr, cv_value = excluded.cv_value, ck_user = excluded.ck_user, ct_change = excluded.ct_change;
INSERT INTO s_mt.t_object_attr(ck_id, ck_object, ck_class_attr, cv_value, ck_user, ct_change) VALUES ('356', '9637E6808A1B4196A2D6FD33BD85F326', '352', 'cv_icon_font', '-11', '2018-02-23T15:08:23.000+0800')  ON CONFLICT ON CONSTRAINT cin_c_object_attr_1 do update set ck_object = excluded.ck_object, ck_class_attr = excluded.ck_class_attr, cv_value = excluded.cv_value, ck_user = excluded.ck_user, ct_change = excluded.ct_change;
INSERT INTO s_mt.t_object_attr(ck_id, ck_object, ck_class_attr, cv_value, ck_user, ct_change) VALUES ('357', '9637E6808A1B4196A2D6FD33BD85F326', '353', 'cv_icon_name', '-11', '2018-02-23T15:08:23.000+0800')  ON CONFLICT ON CONSTRAINT cin_c_object_attr_1 do update set ck_object = excluded.ck_object, ck_class_attr = excluded.ck_class_attr, cv_value = excluded.cv_value, ck_user = excluded.ck_user, ct_change = excluded.ct_change;
INSERT INTO s_mt.t_object_attr(ck_id, ck_object, ck_class_attr, cv_value, ck_user, ct_change) VALUES ('355', '9637E6808A1B4196A2D6FD33BD85F326', '354', 'true', '-11', '2018-02-23T15:08:23.000+0800')  ON CONFLICT ON CONSTRAINT cin_c_object_attr_1 do update set ck_object = excluded.ck_object, ck_class_attr = excluded.ck_class_attr, cv_value = excluded.cv_value, ck_user = excluded.ck_user, ct_change = excluded.ct_change;
INSERT INTO s_mt.t_object_attr(ck_id, ck_object, ck_class_attr, cv_value, ck_user, ct_change) VALUES ('5765', '9637E6808A1B4196A2D6FD33BD85F326', '560', 'false', '-11', '2018-02-23T15:08:23.000+0800')  ON CONFLICT ON CONSTRAINT cin_c_object_attr_1 do update set ck_object = excluded.ck_object, ck_class_attr = excluded.ck_class_attr, cv_value = excluded.cv_value, ck_user = excluded.ck_user, ct_change = excluded.ct_change;
INSERT INTO s_mt.t_object_attr(ck_id, ck_object, ck_class_attr, cv_value, ck_user, ct_change) VALUES ('571850848421', 'A2E08196F3CF4E8494FEA91DA200D361', '1029', 'window', '10028610', '2019-03-01T15:52:22.000+0800')  ON CONFLICT ON CONSTRAINT cin_c_object_attr_1 do update set ck_object = excluded.ck_object, ck_class_attr = excluded.ck_class_attr, cv_value = excluded.cv_value, ck_user = excluded.ck_user, ct_change = excluded.ct_change;
INSERT INTO s_mt.t_object_attr(ck_id, ck_object, ck_class_attr, cv_value, ck_user, ct_change) VALUES ('775', '3DD16DB9F9D64C6CA05252512E9BCDD3', '589', 'Обновить привязку объектов', '-11', '2018-02-23T15:08:23.000+0800')  ON CONFLICT ON CONSTRAINT cin_c_object_attr_1 do update set ck_object = excluded.ck_object, ck_class_attr = excluded.ck_class_attr, cv_value = excluded.cv_value, ck_user = excluded.ck_user, ct_change = excluded.ct_change;
INSERT INTO s_mt.t_object_attr(ck_id, ck_object, ck_class_attr, cv_value, ck_user, ct_change) VALUES ('777', '3DD16DB9F9D64C6CA05252512E9BCDD3', '353', 'fa-refresh', '-11', '2018-02-23T15:08:23.000+0800')  ON CONFLICT ON CONSTRAINT cin_c_object_attr_1 do update set ck_object = excluded.ck_object, ck_class_attr = excluded.ck_class_attr, cv_value = excluded.cv_value, ck_user = excluded.ck_user, ct_change = excluded.ct_change;
INSERT INTO s_mt.t_object_attr(ck_id, ck_object, ck_class_attr, cv_value, ck_user, ct_change) VALUES ('774', '3DD16DB9F9D64C6CA05252512E9BCDD3', '1989', 'Обновить привязку объектов?', '10020788', '2018-03-29T15:17:44.000+0800')  ON CONFLICT ON CONSTRAINT cin_c_object_attr_1 do update set ck_object = excluded.ck_object, ck_class_attr = excluded.ck_class_attr, cv_value = excluded.cv_value, ck_user = excluded.ck_user, ct_change = excluded.ct_change;
INSERT INTO s_mt.t_object_attr(ck_id, ck_object, ck_class_attr, cv_value, ck_user, ct_change) VALUES ('7152', 'E109C4675B564AD7AE5D4B1091E6C5CF', '444', 'cr_type', '20788', '2018-12-08T20:38:16.000+0800')  ON CONFLICT ON CONSTRAINT cin_c_object_attr_1 do update set ck_object = excluded.ck_object, ck_class_attr = excluded.ck_class_attr, cv_value = excluded.cv_value, ck_user = excluded.ck_user, ct_change = excluded.ct_change;
INSERT INTO s_mt.t_object_attr(ck_id, ck_object, ck_class_attr, cv_value, ck_user, ct_change) VALUES ('7153', 'E109C4675B564AD7AE5D4B1091E6C5CF', '451', 'false', '-11', '2018-02-23T15:08:23.000+0800')  ON CONFLICT ON CONSTRAINT cin_c_object_attr_1 do update set ck_object = excluded.ck_object, ck_class_attr = excluded.ck_class_attr, cv_value = excluded.cv_value, ck_user = excluded.ck_user, ct_change = excluded.ct_change;
INSERT INTO s_mt.t_object_attr(ck_id, ck_object, ck_class_attr, cv_value, ck_user, ct_change) VALUES ('207', 'E0799FB264604C54973DF0B6A49BD63E', '25', 'onRowCreateChildWindowMaster', '-11', '2018-02-23T15:08:23.000+0800')  ON CONFLICT ON CONSTRAINT cin_c_object_attr_1 do update set ck_object = excluded.ck_object, ck_class_attr = excluded.ck_class_attr, cv_value = excluded.cv_value, ck_user = excluded.ck_user, ct_change = excluded.ct_change;
INSERT INTO s_mt.t_object_attr(ck_id, ck_object, ck_class_attr, cv_value, ck_user, ct_change) VALUES ('571839636321', 'E0799FB264604C54973DF0B6A49BD63E', '1493', 'window', '10028610', '2019-03-01T15:52:10.000+0800')  ON CONFLICT ON CONSTRAINT cin_c_object_attr_1 do update set ck_object = excluded.ck_object, ck_class_attr = excluded.ck_class_attr, cv_value = excluded.cv_value, ck_user = excluded.ck_user, ct_change = excluded.ct_change;
INSERT INTO s_mt.t_object_attr(ck_id, ck_object, ck_class_attr, cv_value, ck_user, ct_change) VALUES ('6523', 'D94343DAF0AC4B85A29C0DA667BEE539', '992', 'mdi-lock-reset', '-11', '2018-02-23T15:08:23.000+0800')  ON CONFLICT ON CONSTRAINT cin_c_object_attr_1 do update set ck_object = excluded.ck_object, ck_class_attr = excluded.ck_class_attr, cv_value = excluded.cv_value, ck_user = excluded.ck_user, ct_change = excluded.ct_change;
INSERT INTO s_mt.t_object_attr(ck_id, ck_object, ck_class_attr, cv_value, ck_user, ct_change) VALUES ('6522', 'D94343DAF0AC4B85A29C0DA667BEE539', '991', 'mdi', '-11', '2018-02-23T15:08:23.000+0800')  ON CONFLICT ON CONSTRAINT cin_c_object_attr_1 do update set ck_object = excluded.ck_object, ck_class_attr = excluded.ck_class_attr, cv_value = excluded.cv_value, ck_user = excluded.ck_user, ct_change = excluded.ct_change;
INSERT INTO s_mt.t_object_attr(ck_id, ck_object, ck_class_attr, cv_value, ck_user, ct_change) VALUES ('6533', 'D94343DAF0AC4B85A29C0DA667BEE539', '1997', 'Сбросить кэш на шлюзе?', '10020788', '2018-03-29T15:17:36.000+0800')  ON CONFLICT ON CONSTRAINT cin_c_object_attr_1 do update set ck_object = excluded.ck_object, ck_class_attr = excluded.ck_class_attr, cv_value = excluded.cv_value, ck_user = excluded.ck_user, ct_change = excluded.ct_change;
INSERT INTO s_mt.t_object_attr(ck_id, ck_object, ck_class_attr, cv_value, ck_user, ct_change) VALUES ('6524', 'D94343DAF0AC4B85A29C0DA667BEE539', '1695', 'true', '-11', '2018-02-23T15:08:23.000+0800')  ON CONFLICT ON CONSTRAINT cin_c_object_attr_1 do update set ck_object = excluded.ck_object, ck_class_attr = excluded.ck_class_attr, cv_value = excluded.cv_value, ck_user = excluded.ck_user, ct_change = excluded.ct_change;
INSERT INTO s_mt.t_object_attr(ck_id, ck_object, ck_class_attr, cv_value, ck_user, ct_change) VALUES ('112883534921', 'D94343DAF0AC4B85A29C0DA667BEE539', '1682', 'Сбросить кэш на шлюзе. <br> Кешируется следующее: <br> 1) список ошибок t_message <br> 2) Метаинформация страниц (перечень pageobject) <br> 3) Правовые доступы для запросов <br> 4) Связь запросов с методами модификаций', '20848', '2018-12-17T21:11:05.000+0800')  ON CONFLICT ON CONSTRAINT cin_c_object_attr_1 do update set ck_object = excluded.ck_object, ck_class_attr = excluded.ck_class_attr, cv_value = excluded.cv_value, ck_user = excluded.ck_user, ct_change = excluded.ct_change;
INSERT INTO s_mt.t_object_attr(ck_id, ck_object, ck_class_attr, cv_value, ck_user, ct_change) VALUES ('6526', 'D94343DAF0AC4B85A29C0DA667BEE539', '155', '4', '-11', '2018-02-23T15:08:23.000+0800')  ON CONFLICT ON CONSTRAINT cin_c_object_attr_1 do update set ck_object = excluded.ck_object, ck_class_attr = excluded.ck_class_attr, cv_value = excluded.cv_value, ck_user = excluded.ck_user, ct_change = excluded.ct_change;
INSERT INTO s_mt.t_object_attr(ck_id, ck_object, ck_class_attr, cv_value, ck_user, ct_change) VALUES ('6525', 'D94343DAF0AC4B85A29C0DA667BEE539', '150', 'MetaResetCache', '-11', '2018-02-23T15:08:23.000+0800')  ON CONFLICT ON CONSTRAINT cin_c_object_attr_1 do update set ck_object = excluded.ck_object, ck_class_attr = excluded.ck_class_attr, cv_value = excluded.cv_value, ck_user = excluded.ck_user, ct_change = excluded.ct_change;
INSERT INTO s_mt.t_object_attr(ck_id, ck_object, ck_class_attr, cv_value, ck_user, ct_change) VALUES ('7137', 'CBB07C568B094B1F82ED07BE368528F4', '444', 'cn_action_view', '-11', '2018-02-23T15:08:23.000+0800')  ON CONFLICT ON CONSTRAINT cin_c_object_attr_1 do update set ck_object = excluded.ck_object, ck_class_attr = excluded.ck_class_attr, cv_value = excluded.cv_value, ck_user = excluded.ck_user, ct_change = excluded.ct_change;
INSERT INTO s_mt.t_object_attr(ck_id, ck_object, ck_class_attr, cv_value, ck_user, ct_change) VALUES ('7138', 'B84591FA11C44C2581144504E7E2DFC7', '444', 'cn_action_edit', '-11', '2018-02-23T15:08:23.000+0800')  ON CONFLICT ON CONSTRAINT cin_c_object_attr_1 do update set ck_object = excluded.ck_object, ck_class_attr = excluded.ck_class_attr, cv_value = excluded.cv_value, ck_user = excluded.ck_user, ct_change = excluded.ct_change;
INSERT INTO s_mt.t_object_attr(ck_id, ck_object, ck_class_attr, cv_value, ck_user, ct_change) VALUES ('368', '27A16490A6234559BC556A47FA6E3C14', '362', 'cv_name', '-11', '2018-02-23T15:08:23.000+0800')  ON CONFLICT ON CONSTRAINT cin_c_object_attr_1 do update set ck_object = excluded.ck_object, ck_class_attr = excluded.ck_class_attr, cv_value = excluded.cv_value, ck_user = excluded.ck_user, ct_change = excluded.ct_change;
INSERT INTO s_mt.t_object_attr(ck_id, ck_object, ck_class_attr, cv_value, ck_user, ct_change) VALUES ('903C80521E3F63DFE053809BA8C029CA', 'ED7E10DA3BBB45558F850F1E43BA967D', '1370', 'Доступные символы: [0-9],[a-z],[A-Z],[_],[-]', '20780', '2019-08-19T12:57:38.000+0800')  ON CONFLICT ON CONSTRAINT cin_c_object_attr_1 do update set ck_object = excluded.ck_object, ck_class_attr = excluded.ck_class_attr, cv_value = excluded.cv_value, ck_user = excluded.ck_user, ct_change = excluded.ct_change;
INSERT INTO s_mt.t_object_attr(ck_id, ck_object, ck_class_attr, cv_value, ck_user, ct_change) VALUES ('7139', '07810FE0DE1A49E0813EF0866D06D584', '85', 'cn_action_view', '-11', '2018-02-23T15:08:23.000+0800')  ON CONFLICT ON CONSTRAINT cin_c_object_attr_1 do update set ck_object = excluded.ck_object, ck_class_attr = excluded.ck_class_attr, cv_value = excluded.cv_value, ck_user = excluded.ck_user, ct_change = excluded.ct_change;
INSERT INTO s_mt.t_object_attr(ck_id, ck_object, ck_class_attr, cv_value, ck_user, ct_change) VALUES ('6613', '1B89D8746D4F4AB9A505A8C3738138E0', '869', '0', '20788', '2018-12-08T20:51:56.000+0800')  ON CONFLICT ON CONSTRAINT cin_c_object_attr_1 do update set ck_object = excluded.ck_object, ck_class_attr = excluded.ck_class_attr, cv_value = excluded.cv_value, ck_user = excluded.ck_user, ct_change = excluded.ct_change;
INSERT INTO s_mt.t_object_attr(ck_id, ck_object, ck_class_attr, cv_value, ck_user, ct_change) VALUES ('244', '1B89D8746D4F4AB9A505A8C3738138E0', '94', 'cl_static', '20788', '2018-12-08T21:37:36.000+0800')  ON CONFLICT ON CONSTRAINT cin_c_object_attr_1 do update set ck_object = excluded.ck_object, ck_class_attr = excluded.ck_class_attr, cv_value = excluded.cv_value, ck_user = excluded.ck_user, ct_change = excluded.ct_change;
INSERT INTO s_mt.t_object_attr(ck_id, ck_object, ck_class_attr, cv_value, ck_user, ct_change) VALUES ('206', '58DFD9E372DC4BBC891F8723E554E185', '140', 'onSimpleSaveWindow', '-11', '2018-02-23T15:08:23.000+0800')  ON CONFLICT ON CONSTRAINT cin_c_object_attr_1 do update set ck_object = excluded.ck_object, ck_class_attr = excluded.ck_class_attr, cv_value = excluded.cv_value, ck_user = excluded.ck_user, ct_change = excluded.ct_change;
INSERT INTO s_mt.t_object_attr(ck_id, ck_object, ck_class_attr, cv_value, ck_user, ct_change) VALUES ('333', '68E2ADA0B2CC4BD893CEB06D7D8D17D2', '72', 'true', '-11', '2018-02-23T15:08:23.000+0800')  ON CONFLICT ON CONSTRAINT cin_c_object_attr_1 do update set ck_object = excluded.ck_object, ck_class_attr = excluded.ck_class_attr, cv_value = excluded.cv_value, ck_user = excluded.ck_user, ct_change = excluded.ct_change;
INSERT INTO s_mt.t_object_attr(ck_id, ck_object, ck_class_attr, cv_value, ck_user, ct_change) VALUES ('215', '68E2ADA0B2CC4BD893CEB06D7D8D17D2', '85', 'cn_order', '-11', '2018-02-23T15:08:23.000+0800')  ON CONFLICT ON CONSTRAINT cin_c_object_attr_1 do update set ck_object = excluded.ck_object, ck_class_attr = excluded.ck_class_attr, cv_value = excluded.cv_value, ck_user = excluded.ck_user, ct_change = excluded.ct_change;
INSERT INTO s_mt.t_object_attr(ck_id, ck_object, ck_class_attr, cv_value, ck_user, ct_change) VALUES ('325184648421', '813AE10488CC4365E053809BA8C03542', '869', '1', '10028610', '2019-02-07T14:52:31.000+0800')  ON CONFLICT ON CONSTRAINT cin_c_object_attr_1 do update set ck_object = excluded.ck_object, ck_class_attr = excluded.ck_class_attr, cv_value = excluded.cv_value, ck_user = excluded.ck_user, ct_change = excluded.ct_change;
INSERT INTO s_mt.t_object_attr(ck_id, ck_object, ck_class_attr, cv_value, ck_user, ct_change) VALUES ('325173436321', '813AE10488CC4365E053809BA8C03542', '94', 'cl_menu', '10028610', '2019-02-07T14:52:25.000+0800')  ON CONFLICT ON CONSTRAINT cin_c_object_attr_1 do update set ck_object = excluded.ck_object, ck_class_attr = excluded.ck_class_attr, cv_value = excluded.cv_value, ck_user = excluded.ck_user, ct_change = excluded.ct_change;
INSERT INTO s_mt.t_object_attr(ck_id, ck_object, ck_class_attr, cv_value, ck_user, ct_change) VALUES ('7141', 'AF666D67CE794E3EA8237B971C5ACB65', '1371', 'Код действия из СУВК, которое разрешает редактировать данные', '-11', '2018-02-23T15:08:23.000+0800')  ON CONFLICT ON CONSTRAINT cin_c_object_attr_1 do update set ck_object = excluded.ck_object, ck_class_attr = excluded.ck_class_attr, cv_value = excluded.cv_value, ck_user = excluded.ck_user, ct_change = excluded.ct_change;
INSERT INTO s_mt.t_object_attr(ck_id, ck_object, ck_class_attr, cv_value, ck_user, ct_change) VALUES ('7140', 'AF666D67CE794E3EA8237B971C5ACB65', '85', 'cn_action_edit', '-11', '2018-02-23T15:08:23.000+0800')  ON CONFLICT ON CONSTRAINT cin_c_object_attr_1 do update set ck_object = excluded.ck_object, ck_class_attr = excluded.ck_class_attr, cv_value = excluded.cv_value, ck_user = excluded.ck_user, ct_change = excluded.ct_change;
INSERT INTO s_mt.t_object_attr(ck_id, ck_object, ck_class_attr, cv_value, ck_user, ct_change) VALUES ('205', 'DA7805DF671B46658EE88E36E280D3A2', '140', 'onCloseWindow', '-11', '2018-02-23T15:08:23.000+0800')  ON CONFLICT ON CONSTRAINT cin_c_object_attr_1 do update set ck_object = excluded.ck_object, ck_class_attr = excluded.ck_class_attr, cv_value = excluded.cv_value, ck_user = excluded.ck_user, ct_change = excluded.ct_change;
INSERT INTO s_mt.t_object_attr(ck_id, ck_object, ck_class_attr, cv_value, ck_user, ct_change) VALUES ('209', 'DA7805DF671B46658EE88E36E280D3A2', '147', '2', '-11', '2018-02-23T15:08:23.000+0800')  ON CONFLICT ON CONSTRAINT cin_c_object_attr_1 do update set ck_object = excluded.ck_object, ck_class_attr = excluded.ck_class_attr, cv_value = excluded.cv_value, ck_user = excluded.ck_user, ct_change = excluded.ct_change;
INSERT INTO s_mt.t_object_attr(ck_id, ck_object, ck_class_attr, cv_value, ck_user, ct_change) VALUES ('7142', '07810FE0DE1A49E0813EF0866D06D584', '1371', 'Код действия из СУВК, которое разрешает открывать страницу', '-11', '2018-02-23T15:08:23.000+0800')  ON CONFLICT ON CONSTRAINT cin_c_object_attr_1 do update set ck_object = excluded.ck_object, ck_class_attr = excluded.ck_class_attr, cv_value = excluded.cv_value, ck_user = excluded.ck_user, ct_change = excluded.ct_change;
INSERT INTO s_mt.t_object_attr(ck_id, ck_object, ck_class_attr, cv_value, ck_user, ct_change) VALUES ('90722E9CDB4F639BE053809BA8C04879', 'ED7E10DA3BBB45558F850F1E43BA967D', '61', '[-a-zA-Z0-9_]+', '20780', '2019-08-19T12:57:51.000+0800')  ON CONFLICT ON CONSTRAINT cin_c_object_attr_1 do update set ck_object = excluded.ck_object, ck_class_attr = excluded.ck_class_attr, cv_value = excluded.cv_value, ck_user = excluded.ck_user, ct_change = excluded.ct_change;
INSERT INTO s_mt.t_object_attr(ck_id, ck_object, ck_class_attr, cv_value, ck_user, ct_change) VALUES ('245', 'ED7E10DA3BBB45558F850F1E43BA967D', '86', 'cv_url', '-11', '2018-02-23T15:08:23.000+0800')  ON CONFLICT ON CONSTRAINT cin_c_object_attr_1 do update set ck_object = excluded.ck_object, ck_class_attr = excluded.ck_class_attr, cv_value = excluded.cv_value, ck_user = excluded.ck_user, ct_change = excluded.ct_change;
INSERT INTO s_mt.t_object_attr(ck_id, ck_object, ck_class_attr, cv_value, ck_user, ct_change) VALUES ('367', '27A16490A6234559BC556A47FA6E3C14', '303', 'ck_id', '-11', '2018-02-23T15:08:23.000+0800')  ON CONFLICT ON CONSTRAINT cin_c_object_attr_1 do update set ck_object = excluded.ck_object, ck_class_attr = excluded.ck_class_attr, cv_value = excluded.cv_value, ck_user = excluded.ck_user, ct_change = excluded.ct_change;
INSERT INTO s_mt.t_object_attr(ck_id, ck_object, ck_class_attr, cv_value, ck_user, ct_change) VALUES ('369', '27A16490A6234559BC556A47FA6E3C14', '297', 'ck_icon', '-11', '2018-02-23T15:08:23.000+0800')  ON CONFLICT ON CONSTRAINT cin_c_object_attr_1 do update set ck_object = excluded.ck_object, ck_class_attr = excluded.ck_class_attr, cv_value = excluded.cv_value, ck_user = excluded.ck_user, ct_change = excluded.ct_change;
INSERT INTO s_mt.t_object_attr(ck_id, ck_object, ck_class_attr, cv_value, ck_user, ct_change) VALUES ('200', '2246D7F3D7544A13A4B4E37DC232070D', '126', 'cn_key', '20788', '2018-12-08T20:46:10.000+0800')  ON CONFLICT ON CONSTRAINT cin_c_object_attr_1 do update set ck_object = excluded.ck_object, ck_class_attr = excluded.ck_class_attr, cv_value = excluded.cv_value, ck_user = excluded.ck_user, ct_change = excluded.ct_change;
INSERT INTO s_mt.t_object_attr(ck_id, ck_object, ck_class_attr, cv_value, ck_user, ct_change) VALUES ('201', '2246D7F3D7544A13A4B4E37DC232070D', '125', 'cv_value', '20788', '2018-12-08T20:46:16.000+0800')  ON CONFLICT ON CONSTRAINT cin_c_object_attr_1 do update set ck_object = excluded.ck_object, ck_class_attr = excluded.ck_class_attr, cv_value = excluded.cv_value, ck_user = excluded.ck_user, ct_change = excluded.ct_change;
INSERT INTO s_mt.t_object_attr(ck_id, ck_object, ck_class_attr, cv_value, ck_user, ct_change) VALUES ('198', '2246D7F3D7544A13A4B4E37DC232070D', '123', 'true', '-11', '2018-02-23T15:08:23.000+0800')  ON CONFLICT ON CONSTRAINT cin_c_object_attr_1 do update set ck_object = excluded.ck_object, ck_class_attr = excluded.ck_class_attr, cv_value = excluded.cv_value, ck_user = excluded.ck_user, ct_change = excluded.ct_change;
INSERT INTO s_mt.t_object_attr(ck_id, ck_object, ck_class_attr, cv_value, ck_user, ct_change) VALUES ('197', '2246D7F3D7544A13A4B4E37DC232070D', '120', 'cr_type', '20788', '2018-12-08T20:39:07.000+0800')  ON CONFLICT ON CONSTRAINT cin_c_object_attr_1 do update set ck_object = excluded.ck_object, ck_class_attr = excluded.ck_class_attr, cv_value = excluded.cv_value, ck_user = excluded.ck_user, ct_change = excluded.ct_change;
INSERT INTO s_mt.t_object_attr(ck_id, ck_object, ck_class_attr, cv_value, ck_user, ct_change) VALUES ('193', '1D150D1369E24783B7041818833097AB', '86', 'cv_name', '-11', '2018-02-23T15:08:23.000+0800')  ON CONFLICT ON CONSTRAINT cin_c_object_attr_1 do update set ck_object = excluded.ck_object, ck_class_attr = excluded.ck_class_attr, cv_value = excluded.cv_value, ck_user = excluded.ck_user, ct_change = excluded.ct_change;
INSERT INTO s_mt.t_object_attr(ck_id, ck_object, ck_class_attr, cv_value, ck_user, ct_change) VALUES ('10244', '1D150D1369E24783B7041818833097AB', '73', 'true', '10020848', '2018-04-16T18:53:40.000+0800')  ON CONFLICT ON CONSTRAINT cin_c_object_attr_1 do update set ck_object = excluded.ck_object, ck_class_attr = excluded.ck_class_attr, cv_value = excluded.cv_value, ck_user = excluded.ck_user, ct_change = excluded.ct_change;
INSERT INTO s_mt.t_object_attr(ck_id, ck_object, ck_class_attr, cv_value, ck_user, ct_change) VALUES ('243', '1B89D8746D4F4AB9A505A8C3738138E0', '97', 'false', '-11', '2018-02-23T15:08:23.000+0800')  ON CONFLICT ON CONSTRAINT cin_c_object_attr_1 do update set ck_object = excluded.ck_object, ck_class_attr = excluded.ck_class_attr, cv_value = excluded.cv_value, ck_user = excluded.ck_user, ct_change = excluded.ct_change;
INSERT INTO s_mt.t_object_attr(ck_id, ck_object, ck_class_attr, cv_value, ck_user, ct_change) VALUES ('374', 'B4DF5B3F933744819E24CABB022C5944', '47', 'cv_name', '-11', '2018-02-23T15:08:23.000+0800')  ON CONFLICT ON CONSTRAINT cin_c_object_attr_1 do update set ck_object = excluded.ck_object, ck_class_attr = excluded.ck_class_attr, cv_value = excluded.cv_value, ck_user = excluded.ck_user, ct_change = excluded.ct_change;
INSERT INTO s_mt.t_object_attr(ck_id, ck_object, ck_class_attr, cv_value, ck_user, ct_change) VALUES ('8D3AF443FFA5625EE053809BA8C08428', '0634B02B58AB42A4867C36C9CDA4808E', '354', 'true', '20780', '2019-07-09T14:48:54.000+0800')  ON CONFLICT ON CONSTRAINT cin_c_object_attr_1 do update set ck_object = excluded.ck_object, ck_class_attr = excluded.ck_class_attr, cv_value = excluded.cv_value, ck_user = excluded.ck_user, ct_change = excluded.ct_change;
INSERT INTO s_mt.t_object_attr(ck_id, ck_object, ck_class_attr, cv_value, ck_user, ct_change) VALUES ('372', '0634B02B58AB42A4867C36C9CDA4808E', '353', 'cv_name', '-11', '2018-02-23T15:08:23.000+0800')  ON CONFLICT ON CONSTRAINT cin_c_object_attr_1 do update set ck_object = excluded.ck_object, ck_class_attr = excluded.ck_class_attr, cv_value = excluded.cv_value, ck_user = excluded.ck_user, ct_change = excluded.ct_change;
INSERT INTO s_mt.t_object_attr(ck_id, ck_object, ck_class_attr, cv_value, ck_user, ct_change) VALUES ('370', '0634B02B58AB42A4867C36C9CDA4808E', '352', 'cv_font', '-11', '2018-02-23T15:08:23.000+0800')  ON CONFLICT ON CONSTRAINT cin_c_object_attr_1 do update set ck_object = excluded.ck_object, ck_class_attr = excluded.ck_class_attr, cv_value = excluded.cv_value, ck_user = excluded.ck_user, ct_change = excluded.ct_change;
INSERT INTO s_mt.t_object(ck_id, ck_class, ck_parent, cv_name, cn_order, ck_query, cv_description, cv_displayed, cv_modify, ck_provider, ck_user, ct_change) VALUES ('A27411E018F34D16B5ABE97BCB6DBDF0', '18', null, 'SYS Grid Object << DO NOT CHANGE', 1000400, 'MTObject', 'Объекты метамодели', null, 'pkg_json_meta.f_modify_object', 'meta', '10020780', '2018-04-05T18:55:29.000+0800')  on conflict (ck_id) do update set ck_class = excluded.ck_class, ck_parent = excluded.ck_parent, cv_name = excluded.cv_name, cn_order = excluded.cn_order, ck_query = excluded.ck_query, cv_description = excluded.cv_description, cv_displayed = excluded.cv_displayed, cv_modify = excluded.cv_modify, ck_provider = excluded.ck_provider, ck_user = excluded.ck_user, ct_change = excluded.ct_change;
INSERT INTO s_mt.t_object(ck_id, ck_class, ck_parent, cv_name, cn_order, ck_query, cv_description, cv_displayed, cv_modify, ck_provider, ck_user, ct_change) VALUES ('02E1029A8DCF4C41BDAF134464984704', '16', 'A27411E018F34D16B5ABE97BCB6DBDF0', 'Button Edit', 150, null, 'Кнопка "Редактировать" в гриде', 'Редактировать', null, null, '-11', '2018-02-23T15:08:15.000+0800')  on conflict (ck_id) do update set ck_class = excluded.ck_class, ck_parent = excluded.ck_parent, cv_name = excluded.cv_name, cn_order = excluded.cn_order, ck_query = excluded.ck_query, cv_description = excluded.cv_description, cv_displayed = excluded.cv_displayed, cv_modify = excluded.cv_modify, ck_provider = excluded.ck_provider, ck_user = excluded.ck_user, ct_change = excluded.ct_change;
INSERT INTO s_mt.t_object(ck_id, ck_class, ck_parent, cv_name, cn_order, ck_query, cv_description, cv_displayed, cv_modify, ck_provider, ck_user, ct_change) VALUES ('04ACBA57BDB541699A459C20B4906BFD', '77', 'A27411E018F34D16B5ABE97BCB6DBDF0', 'Column cn_order', 1000, null, 'Column cn_order', 'Порядок сортировки', null, null, '10020786', '2018-04-05T19:33:25.000+0800')  on conflict (ck_id) do update set ck_class = excluded.ck_class, ck_parent = excluded.ck_parent, cv_name = excluded.cv_name, cn_order = excluded.cn_order, ck_query = excluded.ck_query, cv_description = excluded.cv_description, cv_displayed = excluded.cv_displayed, cv_modify = excluded.cv_modify, ck_provider = excluded.ck_provider, ck_user = excluded.ck_user, ct_change = excluded.ct_change;
INSERT INTO s_mt.t_object(ck_id, ck_class, ck_parent, cv_name, cn_order, ck_query, cv_description, cv_displayed, cv_modify, ck_provider, ck_user, ct_change) VALUES ('085D40FB3F574204916A44658A636158', '32', 'A27411E018F34D16B5ABE97BCB6DBDF0', 'Add/Edit Object Window', 180, null, 'Объекта', null, null, null, '10020780', '2018-03-12T15:05:17.000+0800')  on conflict (ck_id) do update set ck_class = excluded.ck_class, ck_parent = excluded.ck_parent, cv_name = excluded.cv_name, cn_order = excluded.cn_order, ck_query = excluded.ck_query, cv_description = excluded.cv_description, cv_displayed = excluded.cv_displayed, cv_modify = excluded.cv_modify, ck_provider = excluded.ck_provider, ck_user = excluded.ck_user, ct_change = excluded.ct_change;
INSERT INTO s_mt.t_object(ck_id, ck_class, ck_parent, cv_name, cn_order, ck_query, cv_description, cv_displayed, cv_modify, ck_provider, ck_user, ct_change) VALUES ('D853B3E280224C6C8C173CE8E7D2F484', '9', 'A27411E018F34D16B5ABE97BCB6DBDF0', 'Column Description', 500, null, 'Колонка "Описание"', 'Описание', null, null, '-11', '2018-02-23T15:08:15.000+0800')  on conflict (ck_id) do update set ck_class = excluded.ck_class, ck_parent = excluded.ck_parent, cv_name = excluded.cv_name, cn_order = excluded.cn_order, ck_query = excluded.ck_query, cv_description = excluded.cv_description, cv_displayed = excluded.cv_displayed, cv_modify = excluded.cv_modify, ck_provider = excluded.ck_provider, ck_user = excluded.ck_user, ct_change = excluded.ct_change;
INSERT INTO s_mt.t_object(ck_id, ck_class, ck_parent, cv_name, cn_order, ck_query, cv_description, cv_displayed, cv_modify, ck_provider, ck_user, ct_change) VALUES ('0202F94F3F624C13865A2B0AA9E8FDE5', '17', 'A27411E018F34D16B5ABE97BCB6DBDF0', 'Column Name (Tree)', 400, null, 'Колонка "Наименование" в виде дерева', 'Наименование', null, null, '-11', '2018-02-23T15:08:15.000+0800')  on conflict (ck_id) do update set ck_class = excluded.ck_class, ck_parent = excluded.ck_parent, cv_name = excluded.cv_name, cn_order = excluded.cn_order, ck_query = excluded.ck_query, cv_description = excluded.cv_description, cv_displayed = excluded.cv_displayed, cv_modify = excluded.cv_modify, ck_provider = excluded.ck_provider, ck_user = excluded.ck_user, ct_change = excluded.ct_change;
INSERT INTO s_mt.t_object(ck_id, ck_class, ck_parent, cv_name, cn_order, ck_query, cv_description, cv_displayed, cv_modify, ck_provider, ck_user, ct_change) VALUES ('A3875FB63D7042A6B61B371720EA55BF', '9', 'A27411E018F34D16B5ABE97BCB6DBDF0', 'Column Pages', 800, null, 'Страницы где подключен объект', 'Используется на страницах', null, null, '-11', '2018-02-23T15:08:15.000+0800')  on conflict (ck_id) do update set ck_class = excluded.ck_class, ck_parent = excluded.ck_parent, cv_name = excluded.cv_name, cn_order = excluded.cn_order, ck_query = excluded.ck_query, cv_description = excluded.cv_description, cv_displayed = excluded.cv_displayed, cv_modify = excluded.cv_modify, ck_provider = excluded.ck_provider, ck_user = excluded.ck_user, ct_change = excluded.ct_change;
INSERT INTO s_mt.t_object(ck_id, ck_class, ck_parent, cv_name, cn_order, ck_query, cv_description, cv_displayed, cv_modify, ck_provider, ck_user, ct_change) VALUES ('84FFDBDA747849B1E053809BA8C0D55B', '9', 'A27411E018F34D16B5ABE97BCB6DBDF0', 'cv_displayed', 550, null, 'Отображаемое имя', 'Отображаемое имя', null, null, '20780', '2019-03-26T20:57:08.000+0800')  on conflict (ck_id) do update set ck_class = excluded.ck_class, ck_parent = excluded.ck_parent, cv_name = excluded.cv_name, cn_order = excluded.cn_order, ck_query = excluded.ck_query, cv_description = excluded.cv_description, cv_displayed = excluded.cv_displayed, cv_modify = excluded.cv_modify, ck_provider = excluded.ck_provider, ck_user = excluded.ck_user, ct_change = excluded.ct_change;
INSERT INTO s_mt.t_object(ck_id, ck_class, ck_parent, cv_name, cn_order, ck_query, cv_description, cv_displayed, cv_modify, ck_provider, ck_user, ct_change) VALUES ('847FF29EEEBB450480BC720A2E849B1C', '58', 'A27411E018F34D16B5ABE97BCB6DBDF0', 'Filter', 115, null, 'Filter', null, null, null, '10020780', '2018-04-05T18:48:19.000+0800')  on conflict (ck_id) do update set ck_class = excluded.ck_class, ck_parent = excluded.ck_parent, cv_name = excluded.cv_name, cn_order = excluded.cn_order, ck_query = excluded.ck_query, cv_description = excluded.cv_description, cv_displayed = excluded.cv_displayed, cv_modify = excluded.cv_modify, ck_provider = excluded.ck_provider, ck_user = excluded.ck_user, ct_change = excluded.ct_change;
INSERT INTO s_mt.t_object(ck_id, ck_class, ck_parent, cv_name, cn_order, ck_query, cv_description, cv_displayed, cv_modify, ck_provider, ck_user, ct_change) VALUES ('66E12B205EC54282896B6B2498DE65A2', '9', 'A27411E018F34D16B5ABE97BCB6DBDF0', 'Column Modify Fn', 900, null, 'Колонка отображения привязки функции изменения', 'Метод модификации', null, null, '-11', '2018-02-23T15:08:15.000+0800')  on conflict (ck_id) do update set ck_class = excluded.ck_class, ck_parent = excluded.ck_parent, cv_name = excluded.cv_name, cn_order = excluded.cn_order, ck_query = excluded.ck_query, cv_description = excluded.cv_description, cv_displayed = excluded.cv_displayed, cv_modify = excluded.cv_modify, ck_provider = excluded.ck_provider, ck_user = excluded.ck_user, ct_change = excluded.ct_change;
INSERT INTO s_mt.t_object(ck_id, ck_class, ck_parent, cv_name, cn_order, ck_query, cv_description, cv_displayed, cv_modify, ck_provider, ck_user, ct_change) VALUES ('61A30167AC624DD98559417D42BCF027', '32', 'A27411E018F34D16B5ABE97BCB6DBDF0', 'Clone Object Window', 250, null, 'Окно клонирования объекта', 'Клонирование объекта', null, null, '10020785', '2018-03-05T16:14:17.000+0800')  on conflict (ck_id) do update set ck_class = excluded.ck_class, ck_parent = excluded.ck_parent, cv_name = excluded.cv_name, cn_order = excluded.cn_order, ck_query = excluded.ck_query, cv_description = excluded.cv_description, cv_displayed = excluded.cv_displayed, cv_modify = excluded.cv_modify, ck_provider = excluded.ck_provider, ck_user = excluded.ck_user, ct_change = excluded.ct_change;
INSERT INTO s_mt.t_object(ck_id, ck_class, ck_parent, cv_name, cn_order, ck_query, cv_description, cv_displayed, cv_modify, ck_provider, ck_user, ct_change) VALUES ('52354F089D7D42958DE7EF095B3E55C1', '9', 'A27411E018F34D16B5ABE97BCB6DBDF0', 'Column Data Service', 600, null, 'Имя сервиса откуда получаем данные', 'Имя сервиса', null, null, '-11', '2018-02-23T15:08:15.000+0800')  on conflict (ck_id) do update set ck_class = excluded.ck_class, ck_parent = excluded.ck_parent, cv_name = excluded.cv_name, cn_order = excluded.cn_order, ck_query = excluded.ck_query, cv_description = excluded.cv_description, cv_displayed = excluded.cv_displayed, cv_modify = excluded.cv_modify, ck_provider = excluded.ck_provider, ck_user = excluded.ck_user, ct_change = excluded.ct_change;
INSERT INTO s_mt.t_object(ck_id, ck_class, ck_parent, cv_name, cn_order, ck_query, cv_description, cv_displayed, cv_modify, ck_provider, ck_user, ct_change) VALUES ('38BC13060F1646B588299CBAA2F7C370', '57', 'A27411E018F34D16B5ABE97BCB6DBDF0', 'Column Copy Object', 300, null, 'Колонка копирования объекта', null, null, null, '-11', '2018-02-23T15:08:15.000+0800')  on conflict (ck_id) do update set ck_class = excluded.ck_class, ck_parent = excluded.ck_parent, cv_name = excluded.cv_name, cn_order = excluded.cn_order, ck_query = excluded.ck_query, cv_description = excluded.cv_description, cv_displayed = excluded.cv_displayed, cv_modify = excluded.cv_modify, ck_provider = excluded.ck_provider, ck_user = excluded.ck_user, ct_change = excluded.ct_change;
INSERT INTO s_mt.t_object(ck_id, ck_class, ck_parent, cv_name, cn_order, ck_query, cv_description, cv_displayed, cv_modify, ck_provider, ck_user, ct_change) VALUES ('20E904F618D14931B946EFA7E8201725', '19', 'A27411E018F34D16B5ABE97BCB6DBDF0', 'Button Create Object', 100, null, 'Кнопка создания нового объекта', 'Создать новый объект', null, null, '-11', '2018-02-23T15:08:15.000+0800')  on conflict (ck_id) do update set ck_class = excluded.ck_class, ck_parent = excluded.ck_parent, cv_name = excluded.cv_name, cn_order = excluded.cn_order, ck_query = excluded.ck_query, cv_description = excluded.cv_description, cv_displayed = excluded.cv_displayed, cv_modify = excluded.cv_modify, ck_provider = excluded.ck_provider, ck_user = excluded.ck_user, ct_change = excluded.ct_change;
INSERT INTO s_mt.t_object(ck_id, ck_class, ck_parent, cv_name, cn_order, ck_query, cv_description, cv_displayed, cv_modify, ck_provider, ck_user, ct_change) VALUES ('16E65663C5714E269C8289281C18DCA8', '9', 'A27411E018F34D16B5ABE97BCB6DBDF0', 'Column Class', 700, null, 'Класс объекта', 'Класс', null, null, '-11', '2018-02-23T15:08:15.000+0800')  on conflict (ck_id) do update set ck_class = excluded.ck_class, ck_parent = excluded.ck_parent, cv_name = excluded.cv_name, cn_order = excluded.cn_order, ck_query = excluded.ck_query, cv_description = excluded.cv_description, cv_displayed = excluded.cv_displayed, cv_modify = excluded.cv_modify, ck_provider = excluded.ck_provider, ck_user = excluded.ck_user, ct_change = excluded.ct_change;
INSERT INTO s_mt.t_object(ck_id, ck_class, ck_parent, cv_name, cn_order, ck_query, cv_description, cv_displayed, cv_modify, ck_provider, ck_user, ct_change) VALUES ('9CB84B9533954CFFADFD349290E48881', '19', '61A30167AC624DD98559417D42BCF027', 'Button Clone Object', 200, 'MTCopyObject', 'Клонировать объект', 'Клонировать', null, null, '-11', '2018-02-23T15:08:15.000+0800')  on conflict (ck_id) do update set ck_class = excluded.ck_class, ck_parent = excluded.ck_parent, cv_name = excluded.cv_name, cn_order = excluded.cn_order, ck_query = excluded.ck_query, cv_description = excluded.cv_description, cv_displayed = excluded.cv_displayed, cv_modify = excluded.cv_modify, ck_provider = excluded.ck_provider, ck_user = excluded.ck_user, ct_change = excluded.ct_change;
INSERT INTO s_mt.t_object(ck_id, ck_class, ck_parent, cv_name, cn_order, ck_query, cv_description, cv_displayed, cv_modify, ck_provider, ck_user, ct_change) VALUES ('21E9F838378546E69359B0FF5313B9CA', '26', '085D40FB3F574204916A44658A636158', 'Text Field Desc', 400, null, 'Описание объекта', 'Описание объекта', null, null, '-11', '2018-02-23T15:08:15.000+0800')  on conflict (ck_id) do update set ck_class = excluded.ck_class, ck_parent = excluded.ck_parent, cv_name = excluded.cv_name, cn_order = excluded.cn_order, ck_query = excluded.ck_query, cv_description = excluded.cv_description, cv_displayed = excluded.cv_displayed, cv_modify = excluded.cv_modify, ck_provider = excluded.ck_provider, ck_user = excluded.ck_user, ct_change = excluded.ct_change;
INSERT INTO s_mt.t_object(ck_id, ck_class, ck_parent, cv_name, cn_order, ck_query, cv_description, cv_displayed, cv_modify, ck_provider, ck_user, ct_change) VALUES ('06EBBAD0F5654999961313AD74F35758', '26', '085D40FB3F574204916A44658A636158', 'Field edit cv_modify', 800, null, 'Метод модификации', 'Метод модификации', null, null, '-11', '2018-02-23T15:08:15.000+0800')  on conflict (ck_id) do update set ck_class = excluded.ck_class, ck_parent = excluded.ck_parent, cv_name = excluded.cv_name, cn_order = excluded.cn_order, ck_query = excluded.ck_query, cv_description = excluded.cv_description, cv_displayed = excluded.cv_displayed, cv_modify = excluded.cv_modify, ck_provider = excluded.ck_provider, ck_user = excluded.ck_user, ct_change = excluded.ct_change;
INSERT INTO s_mt.t_object(ck_id, ck_class, ck_parent, cv_name, cn_order, ck_query, cv_description, cv_displayed, cv_modify, ck_provider, ck_user, ct_change) VALUES ('9FD9EF21FA5C47BAA05E3C89C1211C58', '19', '61A30167AC624DD98559417D42BCF027', 'Button Close Window', 300, null, 'Button Close Window', 'Отмена', null, null, '-11', '2018-02-23T15:08:15.000+0800')  on conflict (ck_id) do update set ck_class = excluded.ck_class, ck_parent = excluded.ck_parent, cv_name = excluded.cv_name, cn_order = excluded.cn_order, ck_query = excluded.ck_query, cv_description = excluded.cv_description, cv_displayed = excluded.cv_displayed, cv_modify = excluded.cv_modify, ck_provider = excluded.ck_provider, ck_user = excluded.ck_user, ct_change = excluded.ct_change;
INSERT INTO s_mt.t_object(ck_id, ck_class, ck_parent, cv_name, cn_order, ck_query, cv_description, cv_displayed, cv_modify, ck_provider, ck_user, ct_change) VALUES ('5EC79376D75B43FD81D098D60CF69613', '31', '847FF29EEEBB450480BC720A2E849B1C', 'cv_pages', 20, 'MTGetPage', 'Используется на страницах', 'Используется на страницах', null, null, '10020780', '2018-04-20T14:15:24.000+0800')  on conflict (ck_id) do update set ck_class = excluded.ck_class, ck_parent = excluded.ck_parent, cv_name = excluded.cv_name, cn_order = excluded.cn_order, ck_query = excluded.ck_query, cv_description = excluded.cv_description, cv_displayed = excluded.cv_displayed, cv_modify = excluded.cv_modify, ck_provider = excluded.ck_provider, ck_user = excluded.ck_user, ct_change = excluded.ct_change;
INSERT INTO s_mt.t_object(ck_id, ck_class, ck_parent, cv_name, cn_order, ck_query, cv_description, cv_displayed, cv_modify, ck_provider, ck_user, ct_change) VALUES ('919257042BA64D498D596BA60FC05385', '26', '847FF29EEEBB450480BC720A2E849B1C', 'cv_name', 10, null, 'cv_name', 'Наименование объекта', null, null, '10020780', '2018-04-05T18:51:08.000+0800')  on conflict (ck_id) do update set ck_class = excluded.ck_class, ck_parent = excluded.ck_parent, cv_name = excluded.cv_name, cn_order = excluded.cn_order, ck_query = excluded.ck_query, cv_description = excluded.cv_description, cv_displayed = excluded.cv_displayed, cv_modify = excluded.cv_modify, ck_provider = excluded.ck_provider, ck_user = excluded.ck_user, ct_change = excluded.ct_change;
INSERT INTO s_mt.t_object(ck_id, ck_class, ck_parent, cv_name, cn_order, ck_query, cv_description, cv_displayed, cv_modify, ck_provider, ck_user, ct_change) VALUES ('58E95625857C4D1B971A6FEE15321AE0', '37', '61A30167AC624DD98559417D42BCF027', 'Field Parent Object', 100, 'MTObject', 'Родительский объект', 'Родительский объект', null, null, '-11', '2018-02-23T15:08:15.000+0800')  on conflict (ck_id) do update set ck_class = excluded.ck_class, ck_parent = excluded.ck_parent, cv_name = excluded.cv_name, cn_order = excluded.cn_order, ck_query = excluded.ck_query, cv_description = excluded.cv_description, cv_displayed = excluded.cv_displayed, cv_modify = excluded.cv_modify, ck_provider = excluded.ck_provider, ck_user = excluded.ck_user, ct_change = excluded.ct_change;
INSERT INTO s_mt.t_object(ck_id, ck_class, ck_parent, cv_name, cn_order, ck_query, cv_description, cv_displayed, cv_modify, ck_provider, ck_user, ct_change) VALUES ('EA7CFCD39A2948C2876FB8D0CF5BDC88', '31', '085D40FB3F574204916A44658A636158', 'Combo Class Field', 100, 'MTGetClassByParentObject', 'Класс', 'Класс', null, null, '-11', '2018-02-23T15:08:15.000+0800')  on conflict (ck_id) do update set ck_class = excluded.ck_class, ck_parent = excluded.ck_parent, cv_name = excluded.cv_name, cn_order = excluded.cn_order, ck_query = excluded.ck_query, cv_description = excluded.cv_description, cv_displayed = excluded.cv_displayed, cv_modify = excluded.cv_modify, ck_provider = excluded.ck_provider, ck_user = excluded.ck_user, ct_change = excluded.ct_change;
INSERT INTO s_mt.t_object(ck_id, ck_class, ck_parent, cv_name, cn_order, ck_query, cv_description, cv_displayed, cv_modify, ck_provider, ck_user, ct_change) VALUES ('A250C26B41F84282BEBAE459FA63CE26', '26', '085D40FB3F574204916A44658A636158', 'Text Field Object', 300, null, 'Имя объекта', 'Имя объекта', null, null, '-11', '2018-02-23T15:08:15.000+0800')  on conflict (ck_id) do update set ck_class = excluded.ck_class, ck_parent = excluded.ck_parent, cv_name = excluded.cv_name, cn_order = excluded.cn_order, ck_query = excluded.ck_query, cv_description = excluded.cv_description, cv_displayed = excluded.cv_displayed, cv_modify = excluded.cv_modify, ck_provider = excluded.ck_provider, ck_user = excluded.ck_user, ct_change = excluded.ct_change;
INSERT INTO s_mt.t_object(ck_id, ck_class, ck_parent, cv_name, cn_order, ck_query, cv_description, cv_displayed, cv_modify, ck_provider, ck_user, ct_change) VALUES ('98B367129551441BBC75BD5D42783962', '31', '085D40FB3F574204916A44658A636158', 'Combo Service Field', 200, 'MTQuery', 'Сервис', 'Сервис', null, null, '-11', '2018-02-23T15:08:15.000+0800')  on conflict (ck_id) do update set ck_class = excluded.ck_class, ck_parent = excluded.ck_parent, cv_name = excluded.cv_name, cn_order = excluded.cn_order, ck_query = excluded.ck_query, cv_description = excluded.cv_description, cv_displayed = excluded.cv_displayed, cv_modify = excluded.cv_modify, ck_provider = excluded.ck_provider, ck_user = excluded.ck_user, ct_change = excluded.ct_change;
INSERT INTO s_mt.t_object(ck_id, ck_class, ck_parent, cv_name, cn_order, ck_query, cv_description, cv_displayed, cv_modify, ck_provider, ck_user, ct_change) VALUES ('96D701D6167142548E0CC663F4B05B06', '19', '085D40FB3F574204916A44658A636158', 'BTN SAVE', 1200, null, 'Сохранить', 'Сохранить', null, null, '20788', '2018-12-18T13:21:43.000+0800')  on conflict (ck_id) do update set ck_class = excluded.ck_class, ck_parent = excluded.ck_parent, cv_name = excluded.cv_name, cn_order = excluded.cn_order, ck_query = excluded.ck_query, cv_description = excluded.cv_description, cv_displayed = excluded.cv_displayed, cv_modify = excluded.cv_modify, ck_provider = excluded.ck_provider, ck_user = excluded.ck_user, ct_change = excluded.ct_change;
INSERT INTO s_mt.t_object(ck_id, ck_class, ck_parent, cv_name, cn_order, ck_query, cv_description, cv_displayed, cv_modify, ck_provider, ck_user, ct_change) VALUES ('89E891F24EC34E3288980C890A0CED6D', '26', '085D40FB3F574204916A44658A636158', 'Field edit cv_displayed', 700, null, 'Отображаемое имя объекта', 'Отображаемое имя', null, null, '-11', '2018-02-23T15:08:15.000+0800')  on conflict (ck_id) do update set ck_class = excluded.ck_class, ck_parent = excluded.ck_parent, cv_name = excluded.cv_name, cn_order = excluded.cn_order, ck_query = excluded.ck_query, cv_description = excluded.cv_description, cv_displayed = excluded.cv_displayed, cv_modify = excluded.cv_modify, ck_provider = excluded.ck_provider, ck_user = excluded.ck_user, ct_change = excluded.ct_change;
INSERT INTO s_mt.t_object(ck_id, ck_class, ck_parent, cv_name, cn_order, ck_query, cv_description, cv_displayed, cv_modify, ck_provider, ck_user, ct_change) VALUES ('820F0FE7A24A4B9F9DE25211D70A6A76', '19', '085D40FB3F574204916A44658A636158', 'BTN CLOSE', 1300, null, 'Отмена', 'Отмена', null, null, '-11', '2018-02-23T15:08:15.000+0800')  on conflict (ck_id) do update set ck_class = excluded.ck_class, ck_parent = excluded.ck_parent, cv_name = excluded.cv_name, cn_order = excluded.cn_order, ck_query = excluded.ck_query, cv_description = excluded.cv_description, cv_displayed = excluded.cv_displayed, cv_modify = excluded.cv_modify, ck_provider = excluded.ck_provider, ck_user = excluded.ck_user, ct_change = excluded.ct_change;
INSERT INTO s_mt.t_object(ck_id, ck_class, ck_parent, cv_name, cn_order, ck_query, cv_description, cv_displayed, cv_modify, ck_provider, ck_user, ct_change) VALUES ('71BEBE8212AE43CCAB228CD54AF6A348', '31', '085D40FB3F574204916A44658A636158', 'combo provider modify', 900, 'MTGetProvider', 'Провайдер данных при модификации', 'Провайдер данных при модификации', null, null, '-11', '2018-02-23T15:08:15.000+0800')  on conflict (ck_id) do update set ck_class = excluded.ck_class, ck_parent = excluded.ck_parent, cv_name = excluded.cv_name, cn_order = excluded.cn_order, ck_query = excluded.ck_query, cv_description = excluded.cv_description, cv_displayed = excluded.cv_displayed, cv_modify = excluded.cv_modify, ck_provider = excluded.ck_provider, ck_user = excluded.ck_user, ct_change = excluded.ct_change;
INSERT INTO s_mt.t_object(ck_id, ck_class, ck_parent, cv_name, cn_order, ck_query, cv_description, cv_displayed, cv_modify, ck_provider, ck_user, ct_change) VALUES ('614202FC3A134191A5AB44D37F05BB40', '27', '085D40FB3F574204916A44658A636158', 'Field edit cn_order', 600, null, 'Порядок сортировки', 'Порядок сортировки', null, null, '-11', '2018-02-23T15:08:15.000+0800')  on conflict (ck_id) do update set ck_class = excluded.ck_class, ck_parent = excluded.ck_parent, cv_name = excluded.cv_name, cn_order = excluded.cn_order, ck_query = excluded.ck_query, cv_description = excluded.cv_description, cv_displayed = excluded.cv_displayed, cv_modify = excluded.cv_modify, ck_provider = excluded.ck_provider, ck_user = excluded.ck_user, ct_change = excluded.ct_change;
INSERT INTO s_mt.t_object(ck_id, ck_class, ck_parent, cv_name, cn_order, ck_query, cv_description, cv_displayed, cv_modify, ck_provider, ck_user, ct_change) VALUES ('08D6997839684C678BDE60466CF6684D', '9', '58E95625857C4D1B971A6FEE15321AE0', 'Column Description', 200, null, 'Описание объекта', 'Описание объекта', null, null, '-11', '2018-02-23T15:08:15.000+0800')  on conflict (ck_id) do update set ck_class = excluded.ck_class, ck_parent = excluded.ck_parent, cv_name = excluded.cv_name, cn_order = excluded.cn_order, ck_query = excluded.ck_query, cv_description = excluded.cv_description, cv_displayed = excluded.cv_displayed, cv_modify = excluded.cv_modify, ck_provider = excluded.ck_provider, ck_user = excluded.ck_user, ct_change = excluded.ct_change;
INSERT INTO s_mt.t_object(ck_id, ck_class, ck_parent, cv_name, cn_order, ck_query, cv_description, cv_displayed, cv_modify, ck_provider, ck_user, ct_change) VALUES ('499F2085815F48CCAE347C7DFEC8385A', '17', '58E95625857C4D1B971A6FEE15321AE0', 'Column Name', 100, null, 'Колонка Имени', 'Наименование', null, null, '-11', '2018-02-23T15:08:15.000+0800')  on conflict (ck_id) do update set ck_class = excluded.ck_class, ck_parent = excluded.ck_parent, cv_name = excluded.cv_name, cn_order = excluded.cn_order, ck_query = excluded.ck_query, cv_description = excluded.cv_description, cv_displayed = excluded.cv_displayed, cv_modify = excluded.cv_modify, ck_provider = excluded.ck_provider, ck_user = excluded.ck_user, ct_change = excluded.ct_change;
INSERT INTO s_mt.t_object_attr(ck_id, ck_object, ck_class_attr, cv_value, ck_user, ct_change) VALUES ('8320', 'A27411E018F34D16B5ABE97BCB6DBDF0', '1607', '440', '10020788', '2018-03-18T02:12:24.000+0800')  ON CONFLICT ON CONSTRAINT cin_c_object_attr_1 do update set ck_object = excluded.ck_object, ck_class_attr = excluded.ck_class_attr, cv_value = excluded.cv_value, ck_user = excluded.ck_user, ct_change = excluded.ct_change;
INSERT INTO s_mt.t_object_attr(ck_id, ck_object, ck_class_attr, cv_value, ck_user, ct_change) VALUES ('1559', 'A27411E018F34D16B5ABE97BCB6DBDF0', '854', 'cn_order', '10020785', '2018-05-10T22:49:26.000+0800')  ON CONFLICT ON CONSTRAINT cin_c_object_attr_1 do update set ck_object = excluded.ck_object, ck_class_attr = excluded.ck_class_attr, cv_value = excluded.cv_value, ck_user = excluded.ck_user, ct_change = excluded.ct_change;
INSERT INTO s_mt.t_object_attr(ck_id, ck_object, ck_class_attr, cv_value, ck_user, ct_change) VALUES ('32', 'A27411E018F34D16B5ABE97BCB6DBDF0', '167', 'true', '-11', '2018-02-23T15:08:23.000+0800')  ON CONFLICT ON CONSTRAINT cin_c_object_attr_1 do update set ck_object = excluded.ck_object, ck_class_attr = excluded.ck_class_attr, cv_value = excluded.cv_value, ck_user = excluded.ck_user, ct_change = excluded.ct_change;
INSERT INTO s_mt.t_object_attr(ck_id, ck_object, ck_class_attr, cv_value, ck_user, ct_change) VALUES ('3', '0202F94F3F624C13865A2B0AA9E8FDE5', '52', 'cv_name', '-11', '2018-02-23T15:08:23.000+0800')  ON CONFLICT ON CONSTRAINT cin_c_object_attr_1 do update set ck_object = excluded.ck_object, ck_class_attr = excluded.ck_class_attr, cv_value = excluded.cv_value, ck_user = excluded.ck_user, ct_change = excluded.ct_change;
INSERT INTO s_mt.t_object_attr(ck_id, ck_object, ck_class_attr, cv_value, ck_user, ct_change) VALUES ('6552', '02E1029A8DCF4C41BDAF134464984704', '1493', 'addwindow', '-11', '2018-02-23T15:08:23.000+0800')  ON CONFLICT ON CONSTRAINT cin_c_object_attr_1 do update set ck_object = excluded.ck_object, ck_class_attr = excluded.ck_class_attr, cv_value = excluded.cv_value, ck_user = excluded.ck_user, ct_change = excluded.ct_change;
INSERT INTO s_mt.t_object_attr(ck_id, ck_object, ck_class_attr, cv_value, ck_user, ct_change) VALUES ('10', '02E1029A8DCF4C41BDAF134464984704', '25', 'onRowCreateChildWindowMaster', '-11', '2018-02-23T15:08:23.000+0800')  ON CONFLICT ON CONSTRAINT cin_c_object_attr_1 do update set ck_object = excluded.ck_object, ck_class_attr = excluded.ck_class_attr, cv_value = excluded.cv_value, ck_user = excluded.ck_user, ct_change = excluded.ct_change;
INSERT INTO s_mt.t_object_attr(ck_id, ck_object, ck_class_attr, cv_value, ck_user, ct_change) VALUES ('9489', '04ACBA57BDB541699A459C20B4906BFD', '444', 'cn_order', '10020786', '2018-04-05T19:33:50.000+0800')  ON CONFLICT ON CONSTRAINT cin_c_object_attr_1 do update set ck_object = excluded.ck_object, ck_class_attr = excluded.ck_class_attr, cv_value = excluded.cv_value, ck_user = excluded.ck_user, ct_change = excluded.ct_change;
INSERT INTO s_mt.t_object_attr(ck_id, ck_object, ck_class_attr, cv_value, ck_user, ct_change) VALUES ('6554', '085D40FB3F574204916A44658A636158', '1029', 'addwindow', '-11', '2018-02-23T15:08:23.000+0800')  ON CONFLICT ON CONSTRAINT cin_c_object_attr_1 do update set ck_object = excluded.ck_object, ck_class_attr = excluded.ck_class_attr, cv_value = excluded.cv_value, ck_user = excluded.ck_user, ct_change = excluded.ct_change;
INSERT INTO s_mt.t_object_attr(ck_id, ck_object, ck_class_attr, cv_value, ck_user, ct_change) VALUES ('1015', '16E65663C5714E269C8289281C18DCA8', '47', 'cv_class_name', '-11', '2018-02-23T15:08:23.000+0800')  ON CONFLICT ON CONSTRAINT cin_c_object_attr_1 do update set ck_object = excluded.ck_object, ck_class_attr = excluded.ck_class_attr, cv_value = excluded.cv_value, ck_user = excluded.ck_user, ct_change = excluded.ct_change;
INSERT INTO s_mt.t_object_attr(ck_id, ck_object, ck_class_attr, cv_value, ck_user, ct_change) VALUES ('6555', '20E904F618D14931B946EFA7E8201725', '1033', 'addwindow', '-11', '2018-02-23T15:08:23.000+0800')  ON CONFLICT ON CONSTRAINT cin_c_object_attr_1 do update set ck_object = excluded.ck_object, ck_class_attr = excluded.ck_class_attr, cv_value = excluded.cv_value, ck_user = excluded.ck_user, ct_change = excluded.ct_change;
INSERT INTO s_mt.t_object_attr(ck_id, ck_object, ck_class_attr, cv_value, ck_user, ct_change) VALUES ('9', '20E904F618D14931B946EFA7E8201725', '140', 'onCreateChildWindowMaster', '-11', '2018-02-23T15:08:23.000+0800')  ON CONFLICT ON CONSTRAINT cin_c_object_attr_1 do update set ck_object = excluded.ck_object, ck_class_attr = excluded.ck_class_attr, cv_value = excluded.cv_value, ck_user = excluded.ck_user, ct_change = excluded.ct_change;
INSERT INTO s_mt.t_object_attr(ck_id, ck_object, ck_class_attr, cv_value, ck_user, ct_change) VALUES ('27', '20E904F618D14931B946EFA7E8201725', '155', '1', '-11', '2018-02-23T15:08:23.000+0800')  ON CONFLICT ON CONSTRAINT cin_c_object_attr_1 do update set ck_object = excluded.ck_object, ck_class_attr = excluded.ck_class_attr, cv_value = excluded.cv_value, ck_user = excluded.ck_user, ct_change = excluded.ct_change;
INSERT INTO s_mt.t_object_attr(ck_id, ck_object, ck_class_attr, cv_value, ck_user, ct_change) VALUES ('201829124221', '20E904F618D14931B946EFA7E8201725', '992', 'fa-plus', '20780', '2019-01-14T21:14:44.000+0800')  ON CONFLICT ON CONSTRAINT cin_c_object_attr_1 do update set ck_object = excluded.ck_object, ck_class_attr = excluded.ck_class_attr, cv_value = excluded.cv_value, ck_user = excluded.ck_user, ct_change = excluded.ct_change;
INSERT INTO s_mt.t_object_attr(ck_id, ck_object, ck_class_attr, cv_value, ck_user, ct_change) VALUES ('2908', '38BC13060F1646B588299CBAA2F7C370', '1030', 'copywindow', '-11', '2018-02-23T15:08:23.000+0800')  ON CONFLICT ON CONSTRAINT cin_c_object_attr_1 do update set ck_object = excluded.ck_object, ck_class_attr = excluded.ck_class_attr, cv_value = excluded.cv_value, ck_user = excluded.ck_user, ct_change = excluded.ct_change;
INSERT INTO s_mt.t_object_attr(ck_id, ck_object, ck_class_attr, cv_value, ck_user, ct_change) VALUES ('156980724221', '38BC13060F1646B588299CBAA2F7C370', '353', 'fa-clone', '10020788', '2019-01-04T13:10:29.000+0800')  ON CONFLICT ON CONSTRAINT cin_c_object_attr_1 do update set ck_object = excluded.ck_object, ck_class_attr = excluded.ck_class_attr, cv_value = excluded.cv_value, ck_user = excluded.ck_user, ct_change = excluded.ct_change;
INSERT INTO s_mt.t_object_attr(ck_id, ck_object, ck_class_attr, cv_value, ck_user, ct_change) VALUES ('2768', '38BC13060F1646B588299CBAA2F7C370', '560', 'onRowCreateChildWindowMaster', '-11', '2018-02-23T15:08:23.000+0800')  ON CONFLICT ON CONSTRAINT cin_c_object_attr_1 do update set ck_object = excluded.ck_object, ck_class_attr = excluded.ck_class_attr, cv_value = excluded.cv_value, ck_user = excluded.ck_user, ct_change = excluded.ct_change;
INSERT INTO s_mt.t_object_attr(ck_id, ck_object, ck_class_attr, cv_value, ck_user, ct_change) VALUES ('156991936321', '38BC13060F1646B588299CBAA2F7C370', '591', '6', '10020788', '2019-01-04T13:10:29.000+0800')  ON CONFLICT ON CONSTRAINT cin_c_object_attr_1 do update set ck_object = excluded.ck_object, ck_class_attr = excluded.ck_class_attr, cv_value = excluded.cv_value, ck_user = excluded.ck_user, ct_change = excluded.ct_change;
INSERT INTO s_mt.t_object_attr(ck_id, ck_object, ck_class_attr, cv_value, ck_user, ct_change) VALUES ('692', '38BC13060F1646B588299CBAA2F7C370', '592', 'MTCopyObject', '-11', '2018-02-23T15:08:23.000+0800')  ON CONFLICT ON CONSTRAINT cin_c_object_attr_1 do update set ck_object = excluded.ck_object, ck_class_attr = excluded.ck_class_attr, cv_value = excluded.cv_value, ck_user = excluded.ck_user, ct_change = excluded.ct_change;
INSERT INTO s_mt.t_object_attr(ck_id, ck_object, ck_class_attr, cv_value, ck_user, ct_change) VALUES ('1016', '52354F089D7D42958DE7EF095B3E55C1', '47', 'ck_query', '-11', '2018-02-23T15:08:23.000+0800')  ON CONFLICT ON CONSTRAINT cin_c_object_attr_1 do update set ck_object = excluded.ck_object, ck_class_attr = excluded.ck_class_attr, cv_value = excluded.cv_value, ck_user = excluded.ck_user, ct_change = excluded.ct_change;
INSERT INTO s_mt.t_object_attr(ck_id, ck_object, ck_class_attr, cv_value, ck_user, ct_change) VALUES ('2907', '61A30167AC624DD98559417D42BCF027', '1029', 'copywindow', '-11', '2018-02-23T15:08:23.000+0800')  ON CONFLICT ON CONSTRAINT cin_c_object_attr_1 do update set ck_object = excluded.ck_object, ck_class_attr = excluded.ck_class_attr, cv_value = excluded.cv_value, ck_user = excluded.ck_user, ct_change = excluded.ct_change;
INSERT INTO s_mt.t_object_attr(ck_id, ck_object, ck_class_attr, cv_value, ck_user, ct_change) VALUES ('779', '66E12B205EC54282896B6B2498DE65A2', '47', 'cv_modify', '-11', '2018-02-23T15:08:23.000+0800')  ON CONFLICT ON CONSTRAINT cin_c_object_attr_1 do update set ck_object = excluded.ck_object, ck_class_attr = excluded.ck_class_attr, cv_value = excluded.cv_value, ck_user = excluded.ck_user, ct_change = excluded.ct_change;
INSERT INTO s_mt.t_object_attr(ck_id, ck_object, ck_class_attr, cv_value, ck_user, ct_change) VALUES ('84FFDBDA747949B1E053809BA8C0D55B', '84FFDBDA747849B1E053809BA8C0D55B', '47', 'cv_displayed', '20780', '2019-03-26T20:57:14.000+0800')  ON CONFLICT ON CONSTRAINT cin_c_object_attr_1 do update set ck_object = excluded.ck_object, ck_class_attr = excluded.ck_class_attr, cv_value = excluded.cv_value, ck_user = excluded.ck_user, ct_change = excluded.ct_change;
INSERT INTO s_mt.t_object_attr(ck_id, ck_object, ck_class_attr, cv_value, ck_user, ct_change) VALUES ('1014', 'A3875FB63D7042A6B61B371720EA55BF', '47', 'cv_pages', '-11', '2018-02-23T15:08:23.000+0800')  ON CONFLICT ON CONSTRAINT cin_c_object_attr_1 do update set ck_object = excluded.ck_object, ck_class_attr = excluded.ck_class_attr, cv_value = excluded.cv_value, ck_user = excluded.ck_user, ct_change = excluded.ct_change;
INSERT INTO s_mt.t_object_attr(ck_id, ck_object, ck_class_attr, cv_value, ck_user, ct_change) VALUES ('4', 'D853B3E280224C6C8C173CE8E7D2F484', '47', 'cv_description', '-11', '2018-02-23T15:08:23.000+0800')  ON CONFLICT ON CONSTRAINT cin_c_object_attr_1 do update set ck_object = excluded.ck_object, ck_class_attr = excluded.ck_class_attr, cv_value = excluded.cv_value, ck_user = excluded.ck_user, ct_change = excluded.ct_change;
INSERT INTO s_mt.t_object_attr(ck_id, ck_object, ck_class_attr, cv_value, ck_user, ct_change) VALUES ('892', '06EBBAD0F5654999961313AD74F35758', '86', 'cv_modify', '-11', '2018-02-23T15:08:23.000+0800')  ON CONFLICT ON CONSTRAINT cin_c_object_attr_1 do update set ck_object = excluded.ck_object, ck_class_attr = excluded.ck_class_attr, cv_value = excluded.cv_value, ck_user = excluded.ck_user, ct_change = excluded.ct_change;
INSERT INTO s_mt.t_object_attr(ck_id, ck_object, ck_class_attr, cv_value, ck_user, ct_change) VALUES ('9479', '919257042BA64D498D596BA60FC05385', '86', 'cv_name', '10020780', '2018-04-05T18:53:01.000+0800')  ON CONFLICT ON CONSTRAINT cin_c_object_attr_1 do update set ck_object = excluded.ck_object, ck_class_attr = excluded.ck_class_attr, cv_value = excluded.cv_value, ck_user = excluded.ck_user, ct_change = excluded.ct_change;
INSERT INTO s_mt.t_object_attr(ck_id, ck_object, ck_class_attr, cv_value, ck_user, ct_change) VALUES ('20', '21E9F838378546E69359B0FF5313B9CA', '86', 'cv_description', '-11', '2018-02-23T15:08:23.000+0800')  ON CONFLICT ON CONSTRAINT cin_c_object_attr_1 do update set ck_object = excluded.ck_object, ck_class_attr = excluded.ck_class_attr, cv_value = excluded.cv_value, ck_user = excluded.ck_user, ct_change = excluded.ct_change;
INSERT INTO s_mt.t_object_attr(ck_id, ck_object, ck_class_attr, cv_value, ck_user, ct_change) VALUES ('31', '614202FC3A134191A5AB44D37F05BB40', '72', 'true', '-11', '2018-02-23T15:08:23.000+0800')  ON CONFLICT ON CONSTRAINT cin_c_object_attr_1 do update set ck_object = excluded.ck_object, ck_class_attr = excluded.ck_class_attr, cv_value = excluded.cv_value, ck_user = excluded.ck_user, ct_change = excluded.ct_change;
INSERT INTO s_mt.t_object_attr(ck_id, ck_object, ck_class_attr, cv_value, ck_user, ct_change) VALUES ('29', '614202FC3A134191A5AB44D37F05BB40', '85', 'cn_order', '-11', '2018-02-23T15:08:23.000+0800')  ON CONFLICT ON CONSTRAINT cin_c_object_attr_1 do update set ck_object = excluded.ck_object, ck_class_attr = excluded.ck_class_attr, cv_value = excluded.cv_value, ck_user = excluded.ck_user, ct_change = excluded.ct_change;
INSERT INTO s_mt.t_object_attr(ck_id, ck_object, ck_class_attr, cv_value, ck_user, ct_change) VALUES ('6553', '71BEBE8212AE43CCAB228CD54AF6A348', '120', 'ck_provider', '-11', '2018-02-23T15:08:23.000+0800')  ON CONFLICT ON CONSTRAINT cin_c_object_attr_1 do update set ck_object = excluded.ck_object, ck_class_attr = excluded.ck_class_attr, cv_value = excluded.cv_value, ck_user = excluded.ck_user, ct_change = excluded.ct_change;
INSERT INTO s_mt.t_object_attr(ck_id, ck_object, ck_class_attr, cv_value, ck_user, ct_change) VALUES ('6559', '71BEBE8212AE43CCAB228CD54AF6A348', '123', 'true', '-11', '2018-02-23T15:08:23.000+0800')  ON CONFLICT ON CONSTRAINT cin_c_object_attr_1 do update set ck_object = excluded.ck_object, ck_class_attr = excluded.ck_class_attr, cv_value = excluded.cv_value, ck_user = excluded.ck_user, ct_change = excluded.ct_change;
INSERT INTO s_mt.t_object_attr(ck_id, ck_object, ck_class_attr, cv_value, ck_user, ct_change) VALUES ('6557', '71BEBE8212AE43CCAB228CD54AF6A348', '125', 'value', '-11', '2018-02-23T15:08:23.000+0800')  ON CONFLICT ON CONSTRAINT cin_c_object_attr_1 do update set ck_object = excluded.ck_object, ck_class_attr = excluded.ck_class_attr, cv_value = excluded.cv_value, ck_user = excluded.ck_user, ct_change = excluded.ct_change;
INSERT INTO s_mt.t_object_attr(ck_id, ck_object, ck_class_attr, cv_value, ck_user, ct_change) VALUES ('6556', '71BEBE8212AE43CCAB228CD54AF6A348', '126', 'key', '-11', '2018-02-23T15:08:23.000+0800')  ON CONFLICT ON CONSTRAINT cin_c_object_attr_1 do update set ck_object = excluded.ck_object, ck_class_attr = excluded.ck_class_attr, cv_value = excluded.cv_value, ck_user = excluded.ck_user, ct_change = excluded.ct_change;
INSERT INTO s_mt.t_object_attr(ck_id, ck_object, ck_class_attr, cv_value, ck_user, ct_change) VALUES ('23', '820F0FE7A24A4B9F9DE25211D70A6A76', '140', 'onCloseWindow', '-11', '2018-02-23T15:08:23.000+0800')  ON CONFLICT ON CONSTRAINT cin_c_object_attr_1 do update set ck_object = excluded.ck_object, ck_class_attr = excluded.ck_class_attr, cv_value = excluded.cv_value, ck_user = excluded.ck_user, ct_change = excluded.ct_change;
INSERT INTO s_mt.t_object_attr(ck_id, ck_object, ck_class_attr, cv_value, ck_user, ct_change) VALUES ('21', '820F0FE7A24A4B9F9DE25211D70A6A76', '147', '2', '-11', '2018-02-23T15:08:23.000+0800')  ON CONFLICT ON CONSTRAINT cin_c_object_attr_1 do update set ck_object = excluded.ck_object, ck_class_attr = excluded.ck_class_attr, cv_value = excluded.cv_value, ck_user = excluded.ck_user, ct_change = excluded.ct_change;
INSERT INTO s_mt.t_object_attr(ck_id, ck_object, ck_class_attr, cv_value, ck_user, ct_change) VALUES ('30', '89E891F24EC34E3288980C890A0CED6D', '86', 'cv_displayed', '-11', '2018-02-23T15:08:23.000+0800')  ON CONFLICT ON CONSTRAINT cin_c_object_attr_1 do update set ck_object = excluded.ck_object, ck_class_attr = excluded.ck_class_attr, cv_value = excluded.cv_value, ck_user = excluded.ck_user, ct_change = excluded.ct_change;
INSERT INTO s_mt.t_object_attr(ck_id, ck_object, ck_class_attr, cv_value, ck_user, ct_change) VALUES ('25', '96D701D6167142548E0CC663F4B05B06', '140', 'onSimpleSaveWindow', '-11', '2018-02-23T15:08:23.000+0800')  ON CONFLICT ON CONSTRAINT cin_c_object_attr_1 do update set ck_object = excluded.ck_object, ck_class_attr = excluded.ck_class_attr, cv_value = excluded.cv_value, ck_user = excluded.ck_user, ct_change = excluded.ct_change;
INSERT INTO s_mt.t_object_attr(ck_id, ck_object, ck_class_attr, cv_value, ck_user, ct_change) VALUES ('18', '98B367129551441BBC75BD5D42783962', '120', 'ck_query', '-11', '2018-02-23T15:08:23.000+0800')  ON CONFLICT ON CONSTRAINT cin_c_object_attr_1 do update set ck_object = excluded.ck_object, ck_class_attr = excluded.ck_class_attr, cv_value = excluded.cv_value, ck_user = excluded.ck_user, ct_change = excluded.ct_change;
INSERT INTO s_mt.t_object_attr(ck_id, ck_object, ck_class_attr, cv_value, ck_user, ct_change) VALUES ('16', '98B367129551441BBC75BD5D42783962', '125', 'ck_id', '-11', '2018-02-23T15:08:23.000+0800')  ON CONFLICT ON CONSTRAINT cin_c_object_attr_1 do update set ck_object = excluded.ck_object, ck_class_attr = excluded.ck_class_attr, cv_value = excluded.cv_value, ck_user = excluded.ck_user, ct_change = excluded.ct_change;
INSERT INTO s_mt.t_object_attr(ck_id, ck_object, ck_class_attr, cv_value, ck_user, ct_change) VALUES ('17', '98B367129551441BBC75BD5D42783962', '126', 'ck_id', '-11', '2018-02-23T15:08:23.000+0800')  ON CONFLICT ON CONSTRAINT cin_c_object_attr_1 do update set ck_object = excluded.ck_object, ck_class_attr = excluded.ck_class_attr, cv_value = excluded.cv_value, ck_user = excluded.ck_user, ct_change = excluded.ct_change;
INSERT INTO s_mt.t_object_attr(ck_id, ck_object, ck_class_attr, cv_value, ck_user, ct_change) VALUES ('12', 'A250C26B41F84282BEBAE459FA63CE26', '73', 'true', '-11', '2018-02-23T15:08:23.000+0800')  ON CONFLICT ON CONSTRAINT cin_c_object_attr_1 do update set ck_object = excluded.ck_object, ck_class_attr = excluded.ck_class_attr, cv_value = excluded.cv_value, ck_user = excluded.ck_user, ct_change = excluded.ct_change;
INSERT INTO s_mt.t_object_attr(ck_id, ck_object, ck_class_attr, cv_value, ck_user, ct_change) VALUES ('19', 'A250C26B41F84282BEBAE459FA63CE26', '86', 'cv_name', '-11', '2018-02-23T15:08:23.000+0800')  ON CONFLICT ON CONSTRAINT cin_c_object_attr_1 do update set ck_object = excluded.ck_object, ck_class_attr = excluded.ck_class_attr, cv_value = excluded.cv_value, ck_user = excluded.ck_user, ct_change = excluded.ct_change;
INSERT INTO s_mt.t_object_attr(ck_id, ck_object, ck_class_attr, cv_value, ck_user, ct_change) VALUES ('15', 'EA7CFCD39A2948C2876FB8D0CF5BDC88', '120', 'ck_class', '-11', '2018-02-23T15:08:23.000+0800')  ON CONFLICT ON CONSTRAINT cin_c_object_attr_1 do update set ck_object = excluded.ck_object, ck_class_attr = excluded.ck_class_attr, cv_value = excluded.cv_value, ck_user = excluded.ck_user, ct_change = excluded.ct_change;
INSERT INTO s_mt.t_object_attr(ck_id, ck_object, ck_class_attr, cv_value, ck_user, ct_change) VALUES ('11', 'EA7CFCD39A2948C2876FB8D0CF5BDC88', '123', 'true', '-11', '2018-02-23T15:08:23.000+0800')  ON CONFLICT ON CONSTRAINT cin_c_object_attr_1 do update set ck_object = excluded.ck_object, ck_class_attr = excluded.ck_class_attr, cv_value = excluded.cv_value, ck_user = excluded.ck_user, ct_change = excluded.ct_change;
INSERT INTO s_mt.t_object_attr(ck_id, ck_object, ck_class_attr, cv_value, ck_user, ct_change) VALUES ('13', 'EA7CFCD39A2948C2876FB8D0CF5BDC88', '125', 'cv_displayed', '-11', '2018-02-23T15:08:23.000+0800')  ON CONFLICT ON CONSTRAINT cin_c_object_attr_1 do update set ck_object = excluded.ck_object, ck_class_attr = excluded.ck_class_attr, cv_value = excluded.cv_value, ck_user = excluded.ck_user, ct_change = excluded.ct_change;
INSERT INTO s_mt.t_object_attr(ck_id, ck_object, ck_class_attr, cv_value, ck_user, ct_change) VALUES ('14', 'EA7CFCD39A2948C2876FB8D0CF5BDC88', '126', 'ck_id', '-11', '2018-02-23T15:08:23.000+0800')  ON CONFLICT ON CONSTRAINT cin_c_object_attr_1 do update set ck_object = excluded.ck_object, ck_class_attr = excluded.ck_class_attr, cv_value = excluded.cv_value, ck_user = excluded.ck_user, ct_change = excluded.ct_change;
INSERT INTO s_mt.t_object_attr(ck_id, ck_object, ck_class_attr, cv_value, ck_user, ct_change) VALUES ('698', 'EA7CFCD39A2948C2876FB8D0CF5BDC88', '570', 'true', '-11', '2018-02-23T15:08:23.000+0800')  ON CONFLICT ON CONSTRAINT cin_c_object_attr_1 do update set ck_object = excluded.ck_object, ck_class_attr = excluded.ck_class_attr, cv_value = excluded.cv_value, ck_user = excluded.ck_user, ct_change = excluded.ct_change;
INSERT INTO s_mt.t_object_attr(ck_id, ck_object, ck_class_attr, cv_value, ck_user, ct_change) VALUES ('2767', '58E95625857C4D1B971A6FEE15321AE0', '261', 'ck_parent', '-11', '2018-02-23T15:08:23.000+0800')  ON CONFLICT ON CONSTRAINT cin_c_object_attr_1 do update set ck_object = excluded.ck_object, ck_class_attr = excluded.ck_class_attr, cv_value = excluded.cv_value, ck_user = excluded.ck_user, ct_change = excluded.ct_change;
INSERT INTO s_mt.t_object_attr(ck_id, ck_object, ck_class_attr, cv_value, ck_user, ct_change) VALUES ('2775', '58E95625857C4D1B971A6FEE15321AE0', '267', 'ck_id', '-11', '2018-02-23T15:08:23.000+0800')  ON CONFLICT ON CONSTRAINT cin_c_object_attr_1 do update set ck_object = excluded.ck_object, ck_class_attr = excluded.ck_class_attr, cv_value = excluded.cv_value, ck_user = excluded.ck_user, ct_change = excluded.ct_change;
INSERT INTO s_mt.t_object_attr(ck_id, ck_object, ck_class_attr, cv_value, ck_user, ct_change) VALUES ('2780', '58E95625857C4D1B971A6FEE15321AE0', '361', 'cv_name', '-11', '2018-02-23T15:08:23.000+0800')  ON CONFLICT ON CONSTRAINT cin_c_object_attr_1 do update set ck_object = excluded.ck_object, ck_class_attr = excluded.ck_class_attr, cv_value = excluded.cv_value, ck_user = excluded.ck_user, ct_change = excluded.ct_change;
INSERT INTO s_mt.t_object_attr(ck_id, ck_object, ck_class_attr, cv_value, ck_user, ct_change) VALUES ('2773', '58E95625857C4D1B971A6FEE15321AE0', '859', 'cv_name_lowered', '20780', '2018-11-26T18:56:38.000+0800')  ON CONFLICT ON CONSTRAINT cin_c_object_attr_1 do update set ck_object = excluded.ck_object, ck_class_attr = excluded.ck_class_attr, cv_value = excluded.cv_value, ck_user = excluded.ck_user, ct_change = excluded.ct_change;
INSERT INTO s_mt.t_object_attr(ck_id, ck_object, ck_class_attr, cv_value, ck_user, ct_change) VALUES ('2788', '58E95625857C4D1B971A6FEE15321AE0', '994', null, '-11', '2018-02-23T15:08:23.000+0800')  ON CONFLICT ON CONSTRAINT cin_c_object_attr_1 do update set ck_object = excluded.ck_object, ck_class_attr = excluded.ck_class_attr, cv_value = excluded.cv_value, ck_user = excluded.ck_user, ct_change = excluded.ct_change;
INSERT INTO s_mt.t_object_attr(ck_id, ck_object, ck_class_attr, cv_value, ck_user, ct_change) VALUES ('34', '21E9F838378546E69359B0FF5313B9CA', '73', 'true', '-11', '2018-02-23T15:08:23.000+0800')  ON CONFLICT ON CONSTRAINT cin_c_object_attr_1 do update set ck_object = excluded.ck_object, ck_class_attr = excluded.ck_class_attr, cv_value = excluded.cv_value, ck_user = excluded.ck_user, ct_change = excluded.ct_change;
INSERT INTO s_mt.t_object_attr(ck_id, ck_object, ck_class_attr, cv_value, ck_user, ct_change) VALUES ('210675471121', '919257042BA64D498D596BA60FC05385', '1054', '25%', '10020788', '2019-01-18T20:07:53.000+0800')  ON CONFLICT ON CONSTRAINT cin_c_object_attr_1 do update set ck_object = excluded.ck_object, ck_class_attr = excluded.ck_class_attr, cv_value = excluded.cv_value, ck_user = excluded.ck_user, ct_change = excluded.ct_change;
INSERT INTO s_mt.t_object_attr(ck_id, ck_object, ck_class_attr, cv_value, ck_user, ct_change) VALUES ('10452', '5EC79376D75B43FD81D098D60CF69613', '863', 'cv_entered', '10020780', '2018-04-20T14:17:02.000+0800')  ON CONFLICT ON CONSTRAINT cin_c_object_attr_1 do update set ck_object = excluded.ck_object, ck_class_attr = excluded.ck_class_attr, cv_value = excluded.cv_value, ck_user = excluded.ck_user, ct_change = excluded.ct_change;
INSERT INTO s_mt.t_object_attr(ck_id, ck_object, ck_class_attr, cv_value, ck_user, ct_change) VALUES ('2774', '9CB84B9533954CFFADFD349290E48881', '140', 'onSimpleSaveWindow', '10020786', '2018-07-03T19:44:27.000+0800')  ON CONFLICT ON CONSTRAINT cin_c_object_attr_1 do update set ck_object = excluded.ck_object, ck_class_attr = excluded.ck_class_attr, cv_value = excluded.cv_value, ck_user = excluded.ck_user, ct_change = excluded.ct_change;
INSERT INTO s_mt.t_object_attr(ck_id, ck_object, ck_class_attr, cv_value, ck_user, ct_change) VALUES ('2776', '9CB84B9533954CFFADFD349290E48881', '150', 'MTCopyObject', '-11', '2018-02-23T15:08:23.000+0800')  ON CONFLICT ON CONSTRAINT cin_c_object_attr_1 do update set ck_object = excluded.ck_object, ck_class_attr = excluded.ck_class_attr, cv_value = excluded.cv_value, ck_user = excluded.ck_user, ct_change = excluded.ct_change;
INSERT INTO s_mt.t_object_attr(ck_id, ck_object, ck_class_attr, cv_value, ck_user, ct_change) VALUES ('2786', '9FD9EF21FA5C47BAA05E3C89C1211C58', '140', 'onCloseWindow', '-11', '2018-02-23T15:08:23.000+0800')  ON CONFLICT ON CONSTRAINT cin_c_object_attr_1 do update set ck_object = excluded.ck_object, ck_class_attr = excluded.ck_class_attr, cv_value = excluded.cv_value, ck_user = excluded.ck_user, ct_change = excluded.ct_change;
INSERT INTO s_mt.t_object_attr(ck_id, ck_object, ck_class_attr, cv_value, ck_user, ct_change) VALUES ('2787', '9FD9EF21FA5C47BAA05E3C89C1211C58', '147', '2', '-11', '2018-02-23T15:08:23.000+0800')  ON CONFLICT ON CONSTRAINT cin_c_object_attr_1 do update set ck_object = excluded.ck_object, ck_class_attr = excluded.ck_class_attr, cv_value = excluded.cv_value, ck_user = excluded.ck_user, ct_change = excluded.ct_change;
INSERT INTO s_mt.t_object_attr(ck_id, ck_object, ck_class_attr, cv_value, ck_user, ct_change) VALUES ('210025169321', '5EC79376D75B43FD81D098D60CF69613', '1053', '25%', '10020788', '2019-01-18T20:07:53.000+0800')  ON CONFLICT ON CONSTRAINT cin_c_object_attr_1 do update set ck_object = excluded.ck_object, ck_class_attr = excluded.ck_class_attr, cv_value = excluded.cv_value, ck_user = excluded.ck_user, ct_change = excluded.ct_change;
INSERT INTO s_mt.t_object_attr(ck_id, ck_object, ck_class_attr, cv_value, ck_user, ct_change) VALUES ('9478', '5EC79376D75B43FD81D098D60CF69613', '120', 'ck_page', '10020788', '2018-04-20T14:39:21.000+0800')  ON CONFLICT ON CONSTRAINT cin_c_object_attr_1 do update set ck_object = excluded.ck_object, ck_class_attr = excluded.ck_class_attr, cv_value = excluded.cv_value, ck_user = excluded.ck_user, ct_change = excluded.ct_change;
INSERT INTO s_mt.t_object_attr(ck_id, ck_object, ck_class_attr, cv_value, ck_user, ct_change) VALUES ('9480', '5EC79376D75B43FD81D098D60CF69613', '125', 'cv_name', '10020780', '2018-04-05T18:53:19.000+0800')  ON CONFLICT ON CONSTRAINT cin_c_object_attr_1 do update set ck_object = excluded.ck_object, ck_class_attr = excluded.ck_class_attr, cv_value = excluded.cv_value, ck_user = excluded.ck_user, ct_change = excluded.ct_change;
INSERT INTO s_mt.t_object_attr(ck_id, ck_object, ck_class_attr, cv_value, ck_user, ct_change) VALUES ('9482', '5EC79376D75B43FD81D098D60CF69613', '126', 'ck_id', '10020780', '2018-04-05T18:54:07.000+0800')  ON CONFLICT ON CONSTRAINT cin_c_object_attr_1 do update set ck_object = excluded.ck_object, ck_class_attr = excluded.ck_class_attr, cv_value = excluded.cv_value, ck_user = excluded.ck_user, ct_change = excluded.ct_change;
INSERT INTO s_mt.t_object_attr(ck_id, ck_object, ck_class_attr, cv_value, ck_user, ct_change) VALUES ('10456', '5EC79376D75B43FD81D098D60CF69613', '127', 'remote', '10020780', '2018-04-20T14:21:11.000+0800')  ON CONFLICT ON CONSTRAINT cin_c_object_attr_1 do update set ck_object = excluded.ck_object, ck_class_attr = excluded.ck_class_attr, cv_value = excluded.cv_value, ck_user = excluded.ck_user, ct_change = excluded.ct_change;
INSERT INTO s_mt.t_object_attr(ck_id, ck_object, ck_class_attr, cv_value, ck_user, ct_change) VALUES ('10460', '5EC79376D75B43FD81D098D60CF69613', '1949', '0', '10020788', '2018-04-20T14:42:59.000+0800')  ON CONFLICT ON CONSTRAINT cin_c_object_attr_1 do update set ck_object = excluded.ck_object, ck_class_attr = excluded.ck_class_attr, cv_value = excluded.cv_value, ck_user = excluded.ck_user, ct_change = excluded.ct_change;
INSERT INTO s_mt.t_object_attr(ck_id, ck_object, ck_class_attr, cv_value, ck_user, ct_change) VALUES ('2782', '499F2085815F48CCAE347C7DFEC8385A', '52', 'cv_name', '-11', '2018-02-23T15:08:23.000+0800')  ON CONFLICT ON CONSTRAINT cin_c_object_attr_1 do update set ck_object = excluded.ck_object, ck_class_attr = excluded.ck_class_attr, cv_value = excluded.cv_value, ck_user = excluded.ck_user, ct_change = excluded.ct_change;
INSERT INTO s_mt.t_object_attr(ck_id, ck_object, ck_class_attr, cv_value, ck_user, ct_change) VALUES ('12187664821', '499F2085815F48CCAE347C7DFEC8385A', '13181', 'cv_name_lowered', '20788', '2018-11-24T18:52:30.000+0800')  ON CONFLICT ON CONSTRAINT cin_c_object_attr_1 do update set ck_object = excluded.ck_object, ck_class_attr = excluded.ck_class_attr, cv_value = excluded.cv_value, ck_user = excluded.ck_user, ct_change = excluded.ct_change;
INSERT INTO s_mt.t_object_attr(ck_id, ck_object, ck_class_attr, cv_value, ck_user, ct_change) VALUES ('2772', '08D6997839684C678BDE60466CF6684D', '47', 'cv_description', '-11', '2018-02-23T15:08:23.000+0800')  ON CONFLICT ON CONSTRAINT cin_c_object_attr_1 do update set ck_object = excluded.ck_object, ck_class_attr = excluded.ck_class_attr, cv_value = excluded.cv_value, ck_user = excluded.ck_user, ct_change = excluded.ct_change;
INSERT INTO s_mt.t_object(ck_id, ck_class, ck_parent, cv_name, cn_order, ck_query, cv_description, cv_displayed, cv_modify, ck_provider, ck_user, ct_change) VALUES ('5438D5F75E6D4CCB92CFCED7AFDA951C', '8', null, 'SYS Grid Object Attribute << DO NOT CHANGE', 1000401, 'MTObjectAttribute', 'Грид "Атрибуты объекта"', 'Атрибуты объекта', 'pkg_json_meta.f_modify_object_attr', 'meta', '20788', '2018-11-17T23:31:45.000+0800')  on conflict (ck_id) do update set ck_class = excluded.ck_class, ck_parent = excluded.ck_parent, cv_name = excluded.cv_name, cn_order = excluded.cn_order, ck_query = excluded.ck_query, cv_description = excluded.cv_description, cv_displayed = excluded.cv_displayed, cv_modify = excluded.cv_modify, ck_provider = excluded.ck_provider, ck_user = excluded.ck_user, ct_change = excluded.ct_change;
INSERT INTO s_mt.t_object(ck_id, ck_class, ck_parent, cv_name, cn_order, ck_query, cv_description, cv_displayed, cv_modify, ck_provider, ck_user, ct_change) VALUES ('5540018FA2FC4C619E0A90969D8E7B6B', '9', '5438D5F75E6D4CCB92CFCED7AFDA951C', 'Column default value', 400, null, 'Колонка "Значение по умолчанию"', 'Значение по умолчанию', null, null, '-11', '2018-02-23T15:08:15.000+0800')  on conflict (ck_id) do update set ck_class = excluded.ck_class, ck_parent = excluded.ck_parent, cv_name = excluded.cv_name, cn_order = excluded.cn_order, ck_query = excluded.ck_query, cv_description = excluded.cv_description, cv_displayed = excluded.cv_displayed, cv_modify = excluded.cv_modify, ck_provider = excluded.ck_provider, ck_user = excluded.ck_user, ct_change = excluded.ct_change;
INSERT INTO s_mt.t_object(ck_id, ck_class, ck_parent, cv_name, cn_order, ck_query, cv_description, cv_displayed, cv_modify, ck_provider, ck_user, ct_change) VALUES ('B25593736D6549B498335251E1FB280C', '9', '5438D5F75E6D4CCB92CFCED7AFDA951C', 'Object Attr Desc', 600, null, 'Описание атрибута', 'Описание', null, null, '-11', '2018-02-23T15:08:15.000+0800')  on conflict (ck_id) do update set ck_class = excluded.ck_class, ck_parent = excluded.ck_parent, cv_name = excluded.cv_name, cn_order = excluded.cn_order, ck_query = excluded.ck_query, cv_description = excluded.cv_description, cv_displayed = excluded.cv_displayed, cv_modify = excluded.cv_modify, ck_provider = excluded.ck_provider, ck_user = excluded.ck_user, ct_change = excluded.ct_change;
INSERT INTO s_mt.t_object(ck_id, ck_class, ck_parent, cv_name, cn_order, ck_query, cv_description, cv_displayed, cv_modify, ck_provider, ck_user, ct_change) VALUES ('482CF93188074352A883B2C22D0945F8', '16', '5438D5F75E6D4CCB92CFCED7AFDA951C', 'Button Edit', 100, null, 'Кнопка "Редактировать" в гриде', 'Редактировать', null, null, '-11', '2018-02-23T15:08:15.000+0800')  on conflict (ck_id) do update set ck_class = excluded.ck_class, ck_parent = excluded.ck_parent, cv_name = excluded.cv_name, cn_order = excluded.cn_order, ck_query = excluded.ck_query, cv_description = excluded.cv_description, cv_displayed = excluded.cv_displayed, cv_modify = excluded.cv_modify, ck_provider = excluded.ck_provider, ck_user = excluded.ck_user, ct_change = excluded.ct_change;
INSERT INTO s_mt.t_object(ck_id, ck_class, ck_parent, cv_name, cn_order, ck_query, cv_description, cv_displayed, cv_modify, ck_provider, ck_user, ct_change) VALUES ('948B958349E94465AD6DDE0D1D81123E', '9', '5438D5F75E6D4CCB92CFCED7AFDA951C', 'Column value', 500, null, 'Колонка "Значение (переопределенное)"', 'Значение (переопределенное)', null, null, '-11', '2018-02-23T15:08:15.000+0800')  on conflict (ck_id) do update set ck_class = excluded.ck_class, ck_parent = excluded.ck_parent, cv_name = excluded.cv_name, cn_order = excluded.cn_order, ck_query = excluded.ck_query, cv_description = excluded.cv_description, cv_displayed = excluded.cv_displayed, cv_modify = excluded.cv_modify, ck_provider = excluded.ck_provider, ck_user = excluded.ck_user, ct_change = excluded.ct_change;
INSERT INTO s_mt.t_object(ck_id, ck_class, ck_parent, cv_name, cn_order, ck_query, cv_description, cv_displayed, cv_modify, ck_provider, ck_user, ct_change) VALUES ('AC0C3A9C3BB7491D9F300E75EB893683', '9', '5438D5F75E6D4CCB92CFCED7AFDA951C', 'Column Name', 300, null, 'Колонка "Наименование"', 'Наименование', null, null, '-11', '2018-02-23T15:08:15.000+0800')  on conflict (ck_id) do update set ck_class = excluded.ck_class, ck_parent = excluded.ck_parent, cv_name = excluded.cv_name, cn_order = excluded.cn_order, ck_query = excluded.ck_query, cv_description = excluded.cv_description, cv_displayed = excluded.cv_displayed, cv_modify = excluded.cv_modify, ck_provider = excluded.ck_provider, ck_user = excluded.ck_user, ct_change = excluded.ct_change;
INSERT INTO s_mt.t_object(ck_id, ck_class, ck_parent, cv_name, cn_order, ck_query, cv_description, cv_displayed, cv_modify, ck_provider, ck_user, ct_change) VALUES ('87DD0319961C49E182C7D5ACA7FCECE7', '31', '948B958349E94465AD6DDE0D1D81123E', 'Object Attr Value Field', 100, 'MTGetValuesByAttr', 'Поле редактирование значения атрибута', null, null, null, '-11', '2018-02-23T15:08:15.000+0800')  on conflict (ck_id) do update set ck_class = excluded.ck_class, ck_parent = excluded.ck_parent, cv_name = excluded.cv_name, cn_order = excluded.cn_order, ck_query = excluded.ck_query, cv_description = excluded.cv_description, cv_displayed = excluded.cv_displayed, cv_modify = excluded.cv_modify, ck_provider = excluded.ck_provider, ck_user = excluded.ck_user, ct_change = excluded.ct_change;
INSERT INTO s_mt.t_object_attr(ck_id, ck_object, ck_class_attr, cv_value, ck_user, ct_change) VALUES ('1560', '5438D5F75E6D4CCB92CFCED7AFDA951C', '852', 'ck_attr', '-11', '2018-02-23T15:08:23.000+0800')  ON CONFLICT ON CONSTRAINT cin_c_object_attr_1 do update set ck_object = excluded.ck_object, ck_class_attr = excluded.ck_class_attr, cv_value = excluded.cv_value, ck_user = excluded.ck_user, ct_change = excluded.ct_change;
INSERT INTO s_mt.t_object_attr(ck_id, ck_object, ck_class_attr, cv_value, ck_user, ct_change) VALUES ('93132', '5438D5F75E6D4CCB92CFCED7AFDA951C', '28169', 'true', '10020785', '2018-10-17T14:20:42.000+0800')  ON CONFLICT ON CONSTRAINT cin_c_object_attr_1 do update set ck_object = excluded.ck_object, ck_class_attr = excluded.ck_class_attr, cv_value = excluded.cv_value, ck_user = excluded.ck_user, ct_change = excluded.ct_change;
INSERT INTO s_mt.t_object_attr(ck_id, ck_object, ck_class_attr, cv_value, ck_user, ct_change) VALUES ('8322', '5438D5F75E6D4CCB92CFCED7AFDA951C', '1600', '440', '10020788', '2018-03-18T02:12:12.000+0800')  ON CONFLICT ON CONSTRAINT cin_c_object_attr_1 do update set ck_object = excluded.ck_object, ck_class_attr = excluded.ck_class_attr, cv_value = excluded.cv_value, ck_user = excluded.ck_user, ct_change = excluded.ct_change;
INSERT INTO s_mt.t_object_attr(ck_id, ck_object, ck_class_attr, cv_value, ck_user, ct_change) VALUES ('7', '948B958349E94465AD6DDE0D1D81123E', '47', 'cv_value', '-11', '2018-02-23T15:08:23.000+0800')  ON CONFLICT ON CONSTRAINT cin_c_object_attr_1 do update set ck_object = excluded.ck_object, ck_class_attr = excluded.ck_class_attr, cv_value = excluded.cv_value, ck_user = excluded.ck_user, ct_change = excluded.ct_change;
INSERT INTO s_mt.t_object_attr(ck_id, ck_object, ck_class_attr, cv_value, ck_user, ct_change) VALUES ('6', '5540018FA2FC4C619E0A90969D8E7B6B', '47', 'cv_value_attr', '-11', '2018-02-23T15:08:23.000+0800')  ON CONFLICT ON CONSTRAINT cin_c_object_attr_1 do update set ck_object = excluded.ck_object, ck_class_attr = excluded.ck_class_attr, cv_value = excluded.cv_value, ck_user = excluded.ck_user, ct_change = excluded.ct_change;
INSERT INTO s_mt.t_object_attr(ck_id, ck_object, ck_class_attr, cv_value, ck_user, ct_change) VALUES ('494', '5540018FA2FC4C619E0A90969D8E7B6B', '433', 'disabled', '-11', '2018-02-23T15:08:23.000+0800')  ON CONFLICT ON CONSTRAINT cin_c_object_attr_1 do update set ck_object = excluded.ck_object, ck_class_attr = excluded.ck_class_attr, cv_value = excluded.cv_value, ck_user = excluded.ck_user, ct_change = excluded.ct_change;
INSERT INTO s_mt.t_object_attr(ck_id, ck_object, ck_class_attr, cv_value, ck_user, ct_change) VALUES ('496', 'B25593736D6549B498335251E1FB280C', '433', 'disabled', '-11', '2018-02-23T15:08:23.000+0800')  ON CONFLICT ON CONSTRAINT cin_c_object_attr_1 do update set ck_object = excluded.ck_object, ck_class_attr = excluded.ck_class_attr, cv_value = excluded.cv_value, ck_user = excluded.ck_user, ct_change = excluded.ct_change;
INSERT INTO s_mt.t_object_attr(ck_id, ck_object, ck_class_attr, cv_value, ck_user, ct_change) VALUES ('495', 'B25593736D6549B498335251E1FB280C', '47', 'cv_description', '-11', '2018-02-23T15:08:23.000+0800')  ON CONFLICT ON CONSTRAINT cin_c_object_attr_1 do update set ck_object = excluded.ck_object, ck_class_attr = excluded.ck_class_attr, cv_value = excluded.cv_value, ck_user = excluded.ck_user, ct_change = excluded.ct_change;
INSERT INTO s_mt.t_object_attr(ck_id, ck_object, ck_class_attr, cv_value, ck_user, ct_change) VALUES ('5', 'AC0C3A9C3BB7491D9F300E75EB893683', '47', 'ck_attr', '-11', '2018-02-23T15:08:23.000+0800')  ON CONFLICT ON CONSTRAINT cin_c_object_attr_1 do update set ck_object = excluded.ck_object, ck_class_attr = excluded.ck_class_attr, cv_value = excluded.cv_value, ck_user = excluded.ck_user, ct_change = excluded.ct_change;
INSERT INTO s_mt.t_object_attr(ck_id, ck_object, ck_class_attr, cv_value, ck_user, ct_change) VALUES ('493', 'AC0C3A9C3BB7491D9F300E75EB893683', '433', 'disabled', '-11', '2018-02-23T15:08:23.000+0800')  ON CONFLICT ON CONSTRAINT cin_c_object_attr_1 do update set ck_object = excluded.ck_object, ck_class_attr = excluded.ck_class_attr, cv_value = excluded.cv_value, ck_user = excluded.ck_user, ct_change = excluded.ct_change;
INSERT INTO s_mt.t_object_attr(ck_id, ck_object, ck_class_attr, cv_value, ck_user, ct_change) VALUES ('1590', '87DD0319961C49E182C7D5ACA7FCECE7', '127', 'remote', '-11', '2018-02-23T15:08:23.000+0800')  ON CONFLICT ON CONSTRAINT cin_c_object_attr_1 do update set ck_object = excluded.ck_object, ck_class_attr = excluded.ck_class_attr, cv_value = excluded.cv_value, ck_user = excluded.ck_user, ct_change = excluded.ct_change;
INSERT INTO s_mt.t_object_attr(ck_id, ck_object, ck_class_attr, cv_value, ck_user, ct_change) VALUES ('2380', '87DD0319961C49E182C7D5ACA7FCECE7', '570', 'false', '-11', '2018-02-23T15:08:23.000+0800')  ON CONFLICT ON CONSTRAINT cin_c_object_attr_1 do update set ck_object = excluded.ck_object, ck_class_attr = excluded.ck_class_attr, cv_value = excluded.cv_value, ck_user = excluded.ck_user, ct_change = excluded.ct_change;
INSERT INTO s_mt.t_object_attr(ck_id, ck_object, ck_class_attr, cv_value, ck_user, ct_change) VALUES ('1593', '87DD0319961C49E182C7D5ACA7FCECE7', '752', 'true', '-11', '2018-02-23T15:08:23.000+0800')  ON CONFLICT ON CONSTRAINT cin_c_object_attr_1 do update set ck_object = excluded.ck_object, ck_class_attr = excluded.ck_class_attr, cv_value = excluded.cv_value, ck_user = excluded.ck_user, ct_change = excluded.ct_change;
INSERT INTO s_mt.t_object_attr(ck_id, ck_object, ck_class_attr, cv_value, ck_user, ct_change) VALUES ('1592', '87DD0319961C49E182C7D5ACA7FCECE7', '861', 'ck_attr', '-11', '2018-02-23T15:08:23.000+0800')  ON CONFLICT ON CONSTRAINT cin_c_object_attr_1 do update set ck_object = excluded.ck_object, ck_class_attr = excluded.ck_class_attr, cv_value = excluded.cv_value, ck_user = excluded.ck_user, ct_change = excluded.ct_change;
INSERT INTO s_mt.t_object_attr(ck_id, ck_object, ck_class_attr, cv_value, ck_user, ct_change) VALUES ('2015', '87DD0319961C49E182C7D5ACA7FCECE7', '120', 'cv_value', '-11', '2018-02-23T15:08:23.000+0800')  ON CONFLICT ON CONSTRAINT cin_c_object_attr_1 do update set ck_object = excluded.ck_object, ck_class_attr = excluded.ck_class_attr, cv_value = excluded.cv_value, ck_user = excluded.ck_user, ct_change = excluded.ct_change;
INSERT INTO s_mt.t_object_attr(ck_id, ck_object, ck_class_attr, cv_value, ck_user, ct_change) VALUES ('2013', '87DD0319961C49E182C7D5ACA7FCECE7', '126', 'cv_value', '-11', '2018-02-23T15:08:23.000+0800')  ON CONFLICT ON CONSTRAINT cin_c_object_attr_1 do update set ck_object = excluded.ck_object, ck_class_attr = excluded.ck_class_attr, cv_value = excluded.cv_value, ck_user = excluded.ck_user, ct_change = excluded.ct_change;
INSERT INTO s_mt.t_object_attr(ck_id, ck_object, ck_class_attr, cv_value, ck_user, ct_change) VALUES ('2014', '87DD0319961C49E182C7D5ACA7FCECE7', '125', 'cv_value', '-11', '2018-02-23T15:08:23.000+0800')  ON CONFLICT ON CONSTRAINT cin_c_object_attr_1 do update set ck_object = excluded.ck_object, ck_class_attr = excluded.ck_class_attr, cv_value = excluded.cv_value, ck_user = excluded.ck_user, ct_change = excluded.ct_change;
INSERT INTO s_mt.t_object_attr(ck_id, ck_object, ck_class_attr, cv_value, ck_user, ct_change) VALUES ('10713', '87DD0319961C49E182C7D5ACA7FCECE7', '121', '4000', '10020786', '2018-05-08T15:06:17.000+0800')  ON CONFLICT ON CONSTRAINT cin_c_object_attr_1 do update set ck_object = excluded.ck_object, ck_class_attr = excluded.ck_class_attr, cv_value = excluded.cv_value, ck_user = excluded.ck_user, ct_change = excluded.ct_change;
INSERT INTO s_mt.t_object_attr(ck_id, ck_object, ck_class_attr, cv_value, ck_user, ct_change) VALUES ('1591', '87DD0319961C49E182C7D5ACA7FCECE7', '863', 'cv_entered', '-11', '2018-02-23T15:08:23.000+0800')  ON CONFLICT ON CONSTRAINT cin_c_object_attr_1 do update set ck_object = excluded.ck_object, ck_class_attr = excluded.ck_class_attr, cv_value = excluded.cv_value, ck_user = excluded.ck_user, ct_change = excluded.ct_change;
INSERT INTO s_mt.t_object(ck_id, ck_class, ck_parent, cv_name, cn_order, ck_query, cv_description, cv_displayed, cv_modify, ck_provider, ck_user, ct_change) VALUES ('7A5F95F042574D54915061C1090C9ADC', '18', null, 'SYS Grid Page Object << DO NOT CHANGE', 1000300, 'MTPageObject', 'Объекты на странице', null, 'pkg_json_meta.f_modify_page_object', 'meta', '10020780', '2018-03-02T19:51:33.000+0800')  on conflict (ck_id) do update set ck_class = excluded.ck_class, ck_parent = excluded.ck_parent, cv_name = excluded.cv_name, cn_order = excluded.cn_order, ck_query = excluded.ck_query, cv_description = excluded.cv_description, cv_displayed = excluded.cv_displayed, cv_modify = excluded.cv_modify, ck_provider = excluded.ck_provider, ck_user = excluded.ck_user, ct_change = excluded.ct_change;
INSERT INTO s_mt.t_object(ck_id, ck_class, ck_parent, cv_name, cn_order, ck_query, cv_description, cv_displayed, cv_modify, ck_provider, ck_user, ct_change) VALUES ('32BC0ECB10F34E30AD727CBD97719E26', '17', '7A5F95F042574D54915061C1090C9ADC', 'Object Name', 350, null, 'Наименование объекта', 'Наименование объекта', null, null, '-11', '2018-02-23T15:08:15.000+0800')  on conflict (ck_id) do update set ck_class = excluded.ck_class, ck_parent = excluded.ck_parent, cv_name = excluded.cv_name, cn_order = excluded.cn_order, ck_query = excluded.ck_query, cv_description = excluded.cv_description, cv_displayed = excluded.cv_displayed, cv_modify = excluded.cv_modify, ck_provider = excluded.ck_provider, ck_user = excluded.ck_user, ct_change = excluded.ct_change;
INSERT INTO s_mt.t_object(ck_id, ck_class, ck_parent, cv_name, cn_order, ck_query, cv_description, cv_displayed, cv_modify, ck_provider, ck_user, ct_change) VALUES ('E843C8A56FF744F18C0ACD61B816CE98', '9', '7A5F95F042574D54915061C1090C9ADC', 'Master Obj Name', 700, null, 'Имя мастер-объекта', 'Мастер', null, null, '-11', '2018-02-23T15:08:15.000+0800')  on conflict (ck_id) do update set ck_class = excluded.ck_class, ck_parent = excluded.ck_parent, cv_name = excluded.cv_name, cn_order = excluded.cn_order, ck_query = excluded.ck_query, cv_description = excluded.cv_description, cv_displayed = excluded.cv_displayed, cv_modify = excluded.cv_modify, ck_provider = excluded.ck_provider, ck_user = excluded.ck_user, ct_change = excluded.ct_change;
INSERT INTO s_mt.t_object(ck_id, ck_class, ck_parent, cv_name, cn_order, ck_query, cv_description, cv_displayed, cv_modify, ck_provider, ck_user, ct_change) VALUES ('16D8DF6E515F4274A69908D7FA34EB30', '19', '7A5F95F042574D54915061C1090C9ADC', 'Top Btn Add Object', 120, null, 'Добавление объекта в страницу', 'Добавить объект', null, null, '-11', '2018-02-23T15:08:15.000+0800')  on conflict (ck_id) do update set ck_class = excluded.ck_class, ck_parent = excluded.ck_parent, cv_name = excluded.cv_name, cn_order = excluded.cn_order, ck_query = excluded.ck_query, cv_description = excluded.cv_description, cv_displayed = excluded.cv_displayed, cv_modify = excluded.cv_modify, ck_provider = excluded.ck_provider, ck_user = excluded.ck_user, ct_change = excluded.ct_change;
INSERT INTO s_mt.t_object(ck_id, ck_class, ck_parent, cv_name, cn_order, ck_query, cv_description, cv_displayed, cv_modify, ck_provider, ck_user, ct_change) VALUES ('E5A0DC93F74E475BA2F3E21328846FCA', '9', '7A5F95F042574D54915061C1090C9ADC', 'Name Class', 400, null, 'Наименование класса', 'Наименование класса', null, null, '-11', '2018-02-23T15:08:15.000+0800')  on conflict (ck_id) do update set ck_class = excluded.ck_class, ck_parent = excluded.ck_parent, cv_name = excluded.cv_name, cn_order = excluded.cn_order, ck_query = excluded.ck_query, cv_description = excluded.cv_description, cv_displayed = excluded.cv_displayed, cv_modify = excluded.cv_modify, ck_provider = excluded.ck_provider, ck_user = excluded.ck_user, ct_change = excluded.ct_change;
INSERT INTO s_mt.t_object(ck_id, ck_class, ck_parent, cv_name, cn_order, ck_query, cv_description, cv_displayed, cv_modify, ck_provider, ck_user, ct_change) VALUES ('D2DE62CD05FE4246AD8B39638CF96B8C', '9', '7A5F95F042574D54915061C1090C9ADC', 'Order Column', 600, null, 'Порядок', 'Порядок', null, null, '-11', '2018-02-23T15:08:15.000+0800')  on conflict (ck_id) do update set ck_class = excluded.ck_class, ck_parent = excluded.ck_parent, cv_name = excluded.cv_name, cn_order = excluded.cn_order, ck_query = excluded.ck_query, cv_description = excluded.cv_description, cv_displayed = excluded.cv_displayed, cv_modify = excluded.cv_modify, ck_provider = excluded.ck_provider, ck_user = excluded.ck_user, ct_change = excluded.ct_change;
INSERT INTO s_mt.t_object(ck_id, ck_class, ck_parent, cv_name, cn_order, ck_query, cv_description, cv_displayed, cv_modify, ck_provider, ck_user, ct_change) VALUES ('99F9D324EB484401A1F66491B2D64809', '9', '7A5F95F042574D54915061C1090C9ADC', 'Desc object', 500, null, 'Описание', 'Описание', null, null, '-11', '2018-02-23T15:08:15.000+0800')  on conflict (ck_id) do update set ck_class = excluded.ck_class, ck_parent = excluded.ck_parent, cv_name = excluded.cv_name, cn_order = excluded.cn_order, ck_query = excluded.ck_query, cv_description = excluded.cv_description, cv_displayed = excluded.cv_displayed, cv_modify = excluded.cv_modify, ck_provider = excluded.ck_provider, ck_user = excluded.ck_user, ct_change = excluded.ct_change;
INSERT INTO s_mt.t_object(ck_id, ck_class, ck_parent, cv_name, cn_order, ck_query, cv_description, cv_displayed, cv_modify, ck_provider, ck_user, ct_change) VALUES ('95467F5511694BA6A9E982493356D3A1', '257', '7A5F95F042574D54915061C1090C9ADC', 'Переход на страницу', 300, null, 'Переход на страницу', 'Перейти в "Объекты"', null, null, '-11', '2018-02-23T15:08:15.000+0800')  on conflict (ck_id) do update set ck_class = excluded.ck_class, ck_parent = excluded.ck_parent, cv_name = excluded.cv_name, cn_order = excluded.cn_order, ck_query = excluded.ck_query, cv_description = excluded.cv_description, cv_displayed = excluded.cv_displayed, cv_modify = excluded.cv_modify, ck_provider = excluded.ck_provider, ck_user = excluded.ck_user, ct_change = excluded.ct_change;
INSERT INTO s_mt.t_object(ck_id, ck_class, ck_parent, cv_name, cn_order, ck_query, cv_description, cv_displayed, cv_modify, ck_provider, ck_user, ct_change) VALUES ('5D7E99789C4C4AE38CF614A340343C62', '32', '7A5F95F042574D54915061C1090C9ADC', 'Add Object to Page Window', 100, null, 'Объекты на странице', 'Добавление объекта на страницу', null, null, '20780', '2019-05-29T14:37:48.000+0800')  on conflict (ck_id) do update set ck_class = excluded.ck_class, ck_parent = excluded.ck_parent, cv_name = excluded.cv_name, cn_order = excluded.cn_order, ck_query = excluded.ck_query, cv_description = excluded.cv_description, cv_displayed = excluded.cv_displayed, cv_modify = excluded.cv_modify, ck_provider = excluded.ck_provider, ck_user = excluded.ck_user, ct_change = excluded.ct_change;
INSERT INTO s_mt.t_object(ck_id, ck_class, ck_parent, cv_name, cn_order, ck_query, cv_description, cv_displayed, cv_modify, ck_provider, ck_user, ct_change) VALUES ('4E1B4314D2834E84BCEDC56A9EF5405F', '9', '7A5F95F042574D54915061C1090C9ADC', 'Master Column', 10000, null, 'Колонка Мастер', 'Мастер', null, null, '-11', '2018-02-23T15:08:15.000+0800')  on conflict (ck_id) do update set ck_class = excluded.ck_class, ck_parent = excluded.ck_parent, cv_name = excluded.cv_name, cn_order = excluded.cn_order, ck_query = excluded.ck_query, cv_description = excluded.cv_description, cv_displayed = excluded.cv_displayed, cv_modify = excluded.cv_modify, ck_provider = excluded.ck_provider, ck_user = excluded.ck_user, ct_change = excluded.ct_change;
INSERT INTO s_mt.t_object(ck_id, ck_class, ck_parent, cv_name, cn_order, ck_query, cv_description, cv_displayed, cv_modify, ck_provider, ck_user, ct_change) VALUES ('41FC947229F54E8EB1A5A302A69EC23F', '16', '7A5F95F042574D54915061C1090C9ADC', 'Edit Object Page', 150, null, 'Редактирование объекта страницы', null, null, null, '-11', '2018-02-23T15:08:15.000+0800')  on conflict (ck_id) do update set ck_class = excluded.ck_class, ck_parent = excluded.ck_parent, cv_name = excluded.cv_name, cn_order = excluded.cn_order, ck_query = excluded.ck_query, cv_description = excluded.cv_description, cv_displayed = excluded.cv_displayed, cv_modify = excluded.cv_modify, ck_provider = excluded.ck_provider, ck_user = excluded.ck_user, ct_change = excluded.ct_change;
INSERT INTO s_mt.t_object(ck_id, ck_class, ck_parent, cv_name, cn_order, ck_query, cv_description, cv_displayed, cv_modify, ck_provider, ck_user, ct_change) VALUES ('2CF0B4177AC944EF9D0F41728063F8ED', '19', '5D7E99789C4C4AE38CF614A340343C62', 'Btn Save Add Object', 1200, null, 'Сохраняем объект', 'Сохранить', null, null, '-11', '2018-02-23T15:08:15.000+0800')  on conflict (ck_id) do update set ck_class = excluded.ck_class, ck_parent = excluded.ck_parent, cv_name = excluded.cv_name, cn_order = excluded.cn_order, ck_query = excluded.ck_query, cv_description = excluded.cv_description, cv_displayed = excluded.cv_displayed, cv_modify = excluded.cv_modify, ck_provider = excluded.ck_provider, ck_user = excluded.ck_user, ct_change = excluded.ct_change;
INSERT INTO s_mt.t_object(ck_id, ck_class, ck_parent, cv_name, cn_order, ck_query, cv_description, cv_displayed, cv_modify, ck_provider, ck_user, ct_change) VALUES ('6FE3C6BCC2C341F690856E77DB1CE30F', '27', '5D7E99789C4C4AE38CF614A340343C62', 'Order Object Field', 200, null, 'Поле выбора порядка', 'Порядок', null, null, '-11', '2018-02-23T15:08:15.000+0800')  on conflict (ck_id) do update set ck_class = excluded.ck_class, ck_parent = excluded.ck_parent, cv_name = excluded.cv_name, cn_order = excluded.cn_order, ck_query = excluded.ck_query, cv_description = excluded.cv_description, cv_displayed = excluded.cv_displayed, cv_modify = excluded.cv_modify, ck_provider = excluded.ck_provider, ck_user = excluded.ck_user, ct_change = excluded.ct_change;
INSERT INTO s_mt.t_object(ck_id, ck_class, ck_parent, cv_name, cn_order, ck_query, cv_description, cv_displayed, cv_modify, ck_provider, ck_user, ct_change) VALUES ('A97413B7060046EF8D43C14B67B0F22D', '27', 'D2DE62CD05FE4246AD8B39638CF96B8C', 'Field Edit Order', 100, null, 'Редактирование порядка', null, null, null, '-11', '2018-02-23T15:08:15.000+0800')  on conflict (ck_id) do update set ck_class = excluded.ck_class, ck_parent = excluded.ck_parent, cv_name = excluded.cv_name, cn_order = excluded.cn_order, ck_query = excluded.ck_query, cv_description = excluded.cv_description, cv_displayed = excluded.cv_displayed, cv_modify = excluded.cv_modify, ck_provider = excluded.ck_provider, ck_user = excluded.ck_user, ct_change = excluded.ct_change;
INSERT INTO s_mt.t_object(ck_id, ck_class, ck_parent, cv_name, cn_order, ck_query, cv_description, cv_displayed, cv_modify, ck_provider, ck_user, ct_change) VALUES ('80B07F19416149CA8FC56FEB8E9C6757', '31', '5D7E99789C4C4AE38CF614A340343C62', 'Object combo Field', 100, 'MTGetObjectByParent', 'Полу выбора объекта', 'Объект', null, null, '-11', '2018-02-23T15:08:15.000+0800')  on conflict (ck_id) do update set ck_class = excluded.ck_class, ck_parent = excluded.ck_parent, cv_name = excluded.cv_name, cn_order = excluded.cn_order, ck_query = excluded.ck_query, cv_description = excluded.cv_description, cv_displayed = excluded.cv_displayed, cv_modify = excluded.cv_modify, ck_provider = excluded.ck_provider, ck_user = excluded.ck_user, ct_change = excluded.ct_change;
INSERT INTO s_mt.t_object(ck_id, ck_class, ck_parent, cv_name, cn_order, ck_query, cv_description, cv_displayed, cv_modify, ck_provider, ck_user, ct_change) VALUES ('281B061975594403AF492B839C2C1BB8', '37', '5D7E99789C4C4AE38CF614A340343C62', 'Field Master Object', 300, 'MTPageObject', 'Поле выбора матера', 'Выбор мастера', null, null, '-11', '2018-02-23T15:08:15.000+0800')  on conflict (ck_id) do update set ck_class = excluded.ck_class, ck_parent = excluded.ck_parent, cv_name = excluded.cv_name, cn_order = excluded.cn_order, ck_query = excluded.ck_query, cv_description = excluded.cv_description, cv_displayed = excluded.cv_displayed, cv_modify = excluded.cv_modify, ck_provider = excluded.ck_provider, ck_user = excluded.ck_user, ct_change = excluded.ct_change;
INSERT INTO s_mt.t_object(ck_id, ck_class, ck_parent, cv_name, cn_order, ck_query, cv_description, cv_displayed, cv_modify, ck_provider, ck_user, ct_change) VALUES ('4002FD9CB8904DC98C41A1D7D86A1B82', '31', '32BC0ECB10F34E30AD727CBD97719E26', 'Object Page Field', 100, 'MTGetObjectByParent', 'Выбор объекта из списка', 'Объект', null, null, '-11', '2018-02-23T15:08:15.000+0800')  on conflict (ck_id) do update set ck_class = excluded.ck_class, ck_parent = excluded.ck_parent, cv_name = excluded.cv_name, cn_order = excluded.cn_order, ck_query = excluded.ck_query, cv_description = excluded.cv_description, cv_displayed = excluded.cv_displayed, cv_modify = excluded.cv_modify, ck_provider = excluded.ck_provider, ck_user = excluded.ck_user, ct_change = excluded.ct_change;
INSERT INTO s_mt.t_object(ck_id, ck_class, ck_parent, cv_name, cn_order, ck_query, cv_description, cv_displayed, cv_modify, ck_provider, ck_user, ct_change) VALUES ('1D6170D4FF9E47E49268FD2A70CE3C53', '37', '4E1B4314D2834E84BCEDC56A9EF5405F', 'Field Master Edit', 100, 'MTPageObject', 'Поле выбора мастера', 'Мастер', null, null, '-11', '2018-02-23T15:08:15.000+0800')  on conflict (ck_id) do update set ck_class = excluded.ck_class, ck_parent = excluded.ck_parent, cv_name = excluded.cv_name, cn_order = excluded.cn_order, ck_query = excluded.ck_query, cv_description = excluded.cv_description, cv_displayed = excluded.cv_displayed, cv_modify = excluded.cv_modify, ck_provider = excluded.ck_provider, ck_user = excluded.ck_user, ct_change = excluded.ct_change;
INSERT INTO s_mt.t_object(ck_id, ck_class, ck_parent, cv_name, cn_order, ck_query, cv_description, cv_displayed, cv_modify, ck_provider, ck_user, ct_change) VALUES ('CCFF180E309042B1BDE6D618737BEC05', '19', '5D7E99789C4C4AE38CF614A340343C62', 'Close Btn', 1300, null, 'Отмена', 'Отмена', null, null, '-11', '2018-02-23T15:08:15.000+0800')  on conflict (ck_id) do update set ck_class = excluded.ck_class, ck_parent = excluded.ck_parent, cv_name = excluded.cv_name, cn_order = excluded.cn_order, ck_query = excluded.ck_query, cv_description = excluded.cv_description, cv_displayed = excluded.cv_displayed, cv_modify = excluded.cv_modify, ck_provider = excluded.ck_provider, ck_user = excluded.ck_user, ct_change = excluded.ct_change;
INSERT INTO s_mt.t_object(ck_id, ck_class, ck_parent, cv_name, cn_order, ck_query, cv_description, cv_displayed, cv_modify, ck_provider, ck_user, ct_change) VALUES ('9C910AD90E02438A8772211619BDD251', '17', '1D6170D4FF9E47E49268FD2A70CE3C53', 'Column Tree Name Object', 100, null, 'Наименование объекта', 'Наименование', null, null, '-11', '2018-02-23T15:08:15.000+0800')  on conflict (ck_id) do update set ck_class = excluded.ck_class, ck_parent = excluded.ck_parent, cv_name = excluded.cv_name, cn_order = excluded.cn_order, ck_query = excluded.ck_query, cv_description = excluded.cv_description, cv_displayed = excluded.cv_displayed, cv_modify = excluded.cv_modify, ck_provider = excluded.ck_provider, ck_user = excluded.ck_user, ct_change = excluded.ct_change;
INSERT INTO s_mt.t_object(ck_id, ck_class, ck_parent, cv_name, cn_order, ck_query, cv_description, cv_displayed, cv_modify, ck_provider, ck_user, ct_change) VALUES ('67230B532F99404CBD12ACCFFE415947', '17', '281B061975594403AF492B839C2C1BB8', 'Column Name Object', 100, null, 'Колонка имени объекта', 'Наименование', null, null, '-11', '2018-02-23T15:08:15.000+0800')  on conflict (ck_id) do update set ck_class = excluded.ck_class, ck_parent = excluded.ck_parent, cv_name = excluded.cv_name, cn_order = excluded.cn_order, ck_query = excluded.ck_query, cv_description = excluded.cv_description, cv_displayed = excluded.cv_displayed, cv_modify = excluded.cv_modify, ck_provider = excluded.ck_provider, ck_user = excluded.ck_user, ct_change = excluded.ct_change;
INSERT INTO s_mt.t_object_attr(ck_id, ck_object, ck_class_attr, cv_value, ck_user, ct_change) VALUES ('246', '7A5F95F042574D54915061C1090C9ADC', '167', 'true', '-11', '2018-02-23T15:08:23.000+0800')  ON CONFLICT ON CONSTRAINT cin_c_object_attr_1 do update set ck_object = excluded.ck_object, ck_class_attr = excluded.ck_class_attr, cv_value = excluded.cv_value, ck_user = excluded.ck_user, ct_change = excluded.ct_change;
INSERT INTO s_mt.t_object_attr(ck_id, ck_object, ck_class_attr, cv_value, ck_user, ct_change) VALUES ('5406', '7A5F95F042574D54915061C1090C9ADC', '1607', '390px', '-11', '2018-02-23T15:08:23.000+0800')  ON CONFLICT ON CONSTRAINT cin_c_object_attr_1 do update set ck_object = excluded.ck_object, ck_class_attr = excluded.ck_class_attr, cv_value = excluded.cv_value, ck_user = excluded.ck_user, ct_change = excluded.ct_change;
INSERT INTO s_mt.t_object_attr(ck_id, ck_object, ck_class_attr, cv_value, ck_user, ct_change) VALUES ('1558', '7A5F95F042574D54915061C1090C9ADC', '854', 'cn_order', '10020785', '2018-05-10T22:36:45.000+0800')  ON CONFLICT ON CONSTRAINT cin_c_object_attr_1 do update set ck_object = excluded.ck_object, ck_class_attr = excluded.ck_class_attr, cv_value = excluded.cv_value, ck_user = excluded.ck_user, ct_change = excluded.ct_change;
INSERT INTO s_mt.t_object_attr(ck_id, ck_object, ck_class_attr, cv_value, ck_user, ct_change) VALUES ('201885184721', '16D8DF6E515F4274A69908D7FA34EB30', '992', 'fa-plus', '20780', '2019-01-14T21:14:44.000+0800')  ON CONFLICT ON CONSTRAINT cin_c_object_attr_1 do update set ck_object = excluded.ck_object, ck_class_attr = excluded.ck_class_attr, cv_value = excluded.cv_value, ck_user = excluded.ck_user, ct_change = excluded.ct_change;
INSERT INTO s_mt.t_object_attr(ck_id, ck_object, ck_class_attr, cv_value, ck_user, ct_change) VALUES ('36', '32BC0ECB10F34E30AD727CBD97719E26', '52', 'cv_name_object', '-11', '2018-02-23T15:08:23.000+0800')  ON CONFLICT ON CONSTRAINT cin_c_object_attr_1 do update set ck_object = excluded.ck_object, ck_class_attr = excluded.ck_class_attr, cv_value = excluded.cv_value, ck_user = excluded.ck_user, ct_change = excluded.ct_change;
INSERT INTO s_mt.t_object_attr(ck_id, ck_object, ck_class_attr, cv_value, ck_user, ct_change) VALUES ('234', '16D8DF6E515F4274A69908D7FA34EB30', '155', '1', '-11', '2018-02-23T15:08:23.000+0800')  ON CONFLICT ON CONSTRAINT cin_c_object_attr_1 do update set ck_object = excluded.ck_object, ck_class_attr = excluded.ck_class_attr, cv_value = excluded.cv_value, ck_user = excluded.ck_user, ct_change = excluded.ct_change;
INSERT INTO s_mt.t_object_attr(ck_id, ck_object, ck_class_attr, cv_value, ck_user, ct_change) VALUES ('233', '16D8DF6E515F4274A69908D7FA34EB30', '140', null, '-11', '2018-02-23T15:08:23.000+0800')  ON CONFLICT ON CONSTRAINT cin_c_object_attr_1 do update set ck_object = excluded.ck_object, ck_class_attr = excluded.ck_class_attr, cv_value = excluded.cv_value, ck_user = excluded.ck_user, ct_change = excluded.ct_change;
INSERT INTO s_mt.t_object_attr(ck_id, ck_object, ck_class_attr, cv_value, ck_user, ct_change) VALUES ('571918121021', '16D8DF6E515F4274A69908D7FA34EB30', '1033', 'window', '10028610', '2019-03-01T17:02:18.000+0800')  ON CONFLICT ON CONSTRAINT cin_c_object_attr_1 do update set ck_object = excluded.ck_object, ck_class_attr = excluded.ck_class_attr, cv_value = excluded.cv_value, ck_user = excluded.ck_user, ct_change = excluded.ct_change;
INSERT INTO s_mt.t_object_attr(ck_id, ck_object, ck_class_attr, cv_value, ck_user, ct_change) VALUES ('8352', 'E843C8A56FF744F18C0ACD61B816CE98', '433', 'disabled', '10020780', '2018-03-19T14:07:58.000+0800')  ON CONFLICT ON CONSTRAINT cin_c_object_attr_1 do update set ck_object = excluded.ck_object, ck_class_attr = excluded.ck_class_attr, cv_value = excluded.cv_value, ck_user = excluded.ck_user, ct_change = excluded.ct_change;
INSERT INTO s_mt.t_object_attr(ck_id, ck_object, ck_class_attr, cv_value, ck_user, ct_change) VALUES ('6338', 'E843C8A56FF744F18C0ACD61B816CE98', '47', 'cv_master_path', '20788', '2018-11-04T18:07:21.000+0800')  ON CONFLICT ON CONSTRAINT cin_c_object_attr_1 do update set ck_object = excluded.ck_object, ck_class_attr = excluded.ck_class_attr, cv_value = excluded.cv_value, ck_user = excluded.ck_user, ct_change = excluded.ct_change;
INSERT INTO s_mt.t_object_attr(ck_id, ck_object, ck_class_attr, cv_value, ck_user, ct_change) VALUES ('52', 'E5A0DC93F74E475BA2F3E21328846FCA', '47', 'cv_name_class', '-11', '2018-02-23T15:08:23.000+0800')  ON CONFLICT ON CONSTRAINT cin_c_object_attr_1 do update set ck_object = excluded.ck_object, ck_class_attr = excluded.ck_class_attr, cv_value = excluded.cv_value, ck_user = excluded.ck_user, ct_change = excluded.ct_change;
INSERT INTO s_mt.t_object_attr(ck_id, ck_object, ck_class_attr, cv_value, ck_user, ct_change) VALUES ('506', 'E5A0DC93F74E475BA2F3E21328846FCA', '433', 'disabled', '-11', '2018-02-23T15:08:23.000+0800')  ON CONFLICT ON CONSTRAINT cin_c_object_attr_1 do update set ck_object = excluded.ck_object, ck_class_attr = excluded.ck_class_attr, cv_value = excluded.cv_value, ck_user = excluded.ck_user, ct_change = excluded.ct_change;
INSERT INTO s_mt.t_object_attr(ck_id, ck_object, ck_class_attr, cv_value, ck_user, ct_change) VALUES ('230', 'D2DE62CD05FE4246AD8B39638CF96B8C', '47', 'cn_order', '-11', '2018-02-23T15:08:23.000+0800')  ON CONFLICT ON CONSTRAINT cin_c_object_attr_1 do update set ck_object = excluded.ck_object, ck_class_attr = excluded.ck_class_attr, cv_value = excluded.cv_value, ck_user = excluded.ck_user, ct_change = excluded.ct_change;
INSERT INTO s_mt.t_object_attr(ck_id, ck_object, ck_class_attr, cv_value, ck_user, ct_change) VALUES ('53', '99F9D324EB484401A1F66491B2D64809', '47', 'cv_description', '-11', '2018-02-23T15:08:23.000+0800')  ON CONFLICT ON CONSTRAINT cin_c_object_attr_1 do update set ck_object = excluded.ck_object, ck_class_attr = excluded.ck_class_attr, cv_value = excluded.cv_value, ck_user = excluded.ck_user, ct_change = excluded.ct_change;
INSERT INTO s_mt.t_object_attr(ck_id, ck_object, ck_class_attr, cv_value, ck_user, ct_change) VALUES ('507', '99F9D324EB484401A1F66491B2D64809', '433', 'disabled', '-11', '2018-02-23T15:08:23.000+0800')  ON CONFLICT ON CONSTRAINT cin_c_object_attr_1 do update set ck_object = excluded.ck_object, ck_class_attr = excluded.ck_class_attr, cv_value = excluded.cv_value, ck_user = excluded.ck_user, ct_change = excluded.ct_change;
INSERT INTO s_mt.t_object_attr(ck_id, ck_object, ck_class_attr, cv_value, ck_user, ct_change) VALUES ('2324', '95467F5511694BA6A9E982493356D3A1', '972', '1', '-11', '2018-02-23T15:08:23.000+0800')  ON CONFLICT ON CONSTRAINT cin_c_object_attr_1 do update set ck_object = excluded.ck_object, ck_class_attr = excluded.ck_class_attr, cv_value = excluded.cv_value, ck_user = excluded.ck_user, ct_change = excluded.ct_change;
INSERT INTO s_mt.t_object_attr(ck_id, ck_object, ck_class_attr, cv_value, ck_user, ct_change) VALUES ('2325', '95467F5511694BA6A9E982493356D3A1', '970', 'ck_object', '-11', '2018-02-23T15:08:23.000+0800')  ON CONFLICT ON CONSTRAINT cin_c_object_attr_1 do update set ck_object = excluded.ck_object, ck_class_attr = excluded.ck_class_attr, cv_value = excluded.cv_value, ck_user = excluded.ck_user, ct_change = excluded.ct_change;
INSERT INTO s_mt.t_object_attr(ck_id, ck_object, ck_class_attr, cv_value, ck_user, ct_change) VALUES ('571940545221', '5D7E99789C4C4AE38CF614A340343C62', '1029', 'window', '10028610', '2019-03-01T17:03:52.000+0800')  ON CONFLICT ON CONSTRAINT cin_c_object_attr_1 do update set ck_object = excluded.ck_object, ck_class_attr = excluded.ck_class_attr, cv_value = excluded.cv_value, ck_user = excluded.ck_user, ct_change = excluded.ct_change;
INSERT INTO s_mt.t_object_attr(ck_id, ck_object, ck_class_attr, cv_value, ck_user, ct_change) VALUES ('525', '4E1B4314D2834E84BCEDC56A9EF5405F', '47', 'ck_master', '-11', '2018-02-23T15:08:23.000+0800')  ON CONFLICT ON CONSTRAINT cin_c_object_attr_1 do update set ck_object = excluded.ck_object, ck_class_attr = excluded.ck_class_attr, cv_value = excluded.cv_value, ck_user = excluded.ck_user, ct_change = excluded.ct_change;
INSERT INTO s_mt.t_object_attr(ck_id, ck_object, ck_class_attr, cv_value, ck_user, ct_change) VALUES ('6337', '4E1B4314D2834E84BCEDC56A9EF5405F', '434', 'false', '-11', '2018-02-23T15:08:23.000+0800')  ON CONFLICT ON CONSTRAINT cin_c_object_attr_1 do update set ck_object = excluded.ck_object, ck_class_attr = excluded.ck_class_attr, cv_value = excluded.cv_value, ck_user = excluded.ck_user, ct_change = excluded.ct_change;
INSERT INTO s_mt.t_object_attr(ck_id, ck_object, ck_class_attr, cv_value, ck_user, ct_change) VALUES ('312', '281B061975594403AF492B839C2C1BB8', '267', 'ck_id', '-11', '2018-02-23T15:08:23.000+0800')  ON CONFLICT ON CONSTRAINT cin_c_object_attr_1 do update set ck_object = excluded.ck_object, ck_class_attr = excluded.ck_class_attr, cv_value = excluded.cv_value, ck_user = excluded.ck_user, ct_change = excluded.ct_change;
INSERT INTO s_mt.t_object_attr(ck_id, ck_object, ck_class_attr, cv_value, ck_user, ct_change) VALUES ('1109', '4002FD9CB8904DC98C41A1D7D86A1B82', '120', 'ck_object', '-11', '2018-02-23T15:08:23.000+0800')  ON CONFLICT ON CONSTRAINT cin_c_object_attr_1 do update set ck_object = excluded.ck_object, ck_class_attr = excluded.ck_class_attr, cv_value = excluded.cv_value, ck_user = excluded.ck_user, ct_change = excluded.ct_change;
INSERT INTO s_mt.t_object_attr(ck_id, ck_object, ck_class_attr, cv_value, ck_user, ct_change) VALUES ('365', '281B061975594403AF492B839C2C1BB8', '361', 'cv_name_object', '-11', '2018-02-23T15:08:23.000+0800')  ON CONFLICT ON CONSTRAINT cin_c_object_attr_1 do update set ck_object = excluded.ck_object, ck_class_attr = excluded.ck_class_attr, cv_value = excluded.cv_value, ck_user = excluded.ck_user, ct_change = excluded.ct_change;
INSERT INTO s_mt.t_object_attr(ck_id, ck_object, ck_class_attr, cv_value, ck_user, ct_change) VALUES ('1107', '4002FD9CB8904DC98C41A1D7D86A1B82', '125', 'cv_name', '-11', '2018-02-23T15:08:23.000+0800')  ON CONFLICT ON CONSTRAINT cin_c_object_attr_1 do update set ck_object = excluded.ck_object, ck_class_attr = excluded.ck_class_attr, cv_value = excluded.cv_value, ck_user = excluded.ck_user, ct_change = excluded.ct_change;
INSERT INTO s_mt.t_object_attr(ck_id, ck_object, ck_class_attr, cv_value, ck_user, ct_change) VALUES ('242', '2CF0B4177AC944EF9D0F41728063F8ED', '140', 'onSimpleSaveWindow', '-11', '2018-02-23T15:08:23.000+0800')  ON CONFLICT ON CONSTRAINT cin_c_object_attr_1 do update set ck_object = excluded.ck_object, ck_class_attr = excluded.ck_class_attr, cv_value = excluded.cv_value, ck_user = excluded.ck_user, ct_change = excluded.ct_change;
INSERT INTO s_mt.t_object_attr(ck_id, ck_object, ck_class_attr, cv_value, ck_user, ct_change) VALUES ('241', '2CF0B4177AC944EF9D0F41728063F8ED', '155', '1', '-11', '2018-02-23T15:08:23.000+0800')  ON CONFLICT ON CONSTRAINT cin_c_object_attr_1 do update set ck_object = excluded.ck_object, ck_class_attr = excluded.ck_class_attr, cv_value = excluded.cv_value, ck_user = excluded.ck_user, ct_change = excluded.ct_change;
INSERT INTO s_mt.t_object_attr(ck_id, ck_object, ck_class_attr, cv_value, ck_user, ct_change) VALUES ('331', '6FE3C6BCC2C341F690856E77DB1CE30F', '72', 'true', '-11', '2018-02-23T15:08:23.000+0800')  ON CONFLICT ON CONSTRAINT cin_c_object_attr_1 do update set ck_object = excluded.ck_object, ck_class_attr = excluded.ck_class_attr, cv_value = excluded.cv_value, ck_user = excluded.ck_user, ct_change = excluded.ct_change;
INSERT INTO s_mt.t_object_attr(ck_id, ck_object, ck_class_attr, cv_value, ck_user, ct_change) VALUES ('330', '6FE3C6BCC2C341F690856E77DB1CE30F', '85', 'cn_order', '-11', '2018-02-23T15:08:23.000+0800')  ON CONFLICT ON CONSTRAINT cin_c_object_attr_1 do update set ck_object = excluded.ck_object, ck_class_attr = excluded.ck_class_attr, cv_value = excluded.cv_value, ck_user = excluded.ck_user, ct_change = excluded.ct_change;
INSERT INTO s_mt.t_object_attr(ck_id, ck_object, ck_class_attr, cv_value, ck_user, ct_change) VALUES ('249', '80B07F19416149CA8FC56FEB8E9C6757', '120', 'ck_object', '-11', '2018-02-23T15:08:23.000+0800')  ON CONFLICT ON CONSTRAINT cin_c_object_attr_1 do update set ck_object = excluded.ck_object, ck_class_attr = excluded.ck_class_attr, cv_value = excluded.cv_value, ck_user = excluded.ck_user, ct_change = excluded.ct_change;
INSERT INTO s_mt.t_object_attr(ck_id, ck_object, ck_class_attr, cv_value, ck_user, ct_change) VALUES ('89E0AA6C16C26D37E053809BA8C0AE66', '80B07F19416149CA8FC56FEB8E9C6757', '123', 'true', '20780', '2019-05-29T14:38:01.000+0800')  ON CONFLICT ON CONSTRAINT cin_c_object_attr_1 do update set ck_object = excluded.ck_object, ck_class_attr = excluded.ck_class_attr, cv_value = excluded.cv_value, ck_user = excluded.ck_user, ct_change = excluded.ct_change;
INSERT INTO s_mt.t_object_attr(ck_id, ck_object, ck_class_attr, cv_value, ck_user, ct_change) VALUES ('247', '80B07F19416149CA8FC56FEB8E9C6757', '125', 'cv_name', '-11', '2018-02-23T15:08:23.000+0800')  ON CONFLICT ON CONSTRAINT cin_c_object_attr_1 do update set ck_object = excluded.ck_object, ck_class_attr = excluded.ck_class_attr, cv_value = excluded.cv_value, ck_user = excluded.ck_user, ct_change = excluded.ct_change;
INSERT INTO s_mt.t_object_attr(ck_id, ck_object, ck_class_attr, cv_value, ck_user, ct_change) VALUES ('248', '80B07F19416149CA8FC56FEB8E9C6757', '126', 'ck_id', '-11', '2018-02-23T15:08:23.000+0800')  ON CONFLICT ON CONSTRAINT cin_c_object_attr_1 do update set ck_object = excluded.ck_object, ck_class_attr = excluded.ck_class_attr, cv_value = excluded.cv_value, ck_user = excluded.ck_user, ct_change = excluded.ct_change;
INSERT INTO s_mt.t_object_attr(ck_id, ck_object, ck_class_attr, cv_value, ck_user, ct_change) VALUES ('239', 'CCFF180E309042B1BDE6D618737BEC05', '140', 'onCloseWindow', '-11', '2018-02-23T15:08:23.000+0800')  ON CONFLICT ON CONSTRAINT cin_c_object_attr_1 do update set ck_object = excluded.ck_object, ck_class_attr = excluded.ck_class_attr, cv_value = excluded.cv_value, ck_user = excluded.ck_user, ct_change = excluded.ct_change;
INSERT INTO s_mt.t_object_attr(ck_id, ck_object, ck_class_attr, cv_value, ck_user, ct_change) VALUES ('329', '281B061975594403AF492B839C2C1BB8', '261', 'ck_master', '-11', '2018-02-23T15:08:23.000+0800')  ON CONFLICT ON CONSTRAINT cin_c_object_attr_1 do update set ck_object = excluded.ck_object, ck_class_attr = excluded.ck_class_attr, cv_value = excluded.cv_value, ck_user = excluded.ck_user, ct_change = excluded.ct_change;
INSERT INTO s_mt.t_object_attr(ck_id, ck_object, ck_class_attr, cv_value, ck_user, ct_change) VALUES ('235', 'A97413B7060046EF8D43C14B67B0F22D', '72', 'true', '-11', '2018-02-23T15:08:23.000+0800')  ON CONFLICT ON CONSTRAINT cin_c_object_attr_1 do update set ck_object = excluded.ck_object, ck_class_attr = excluded.ck_class_attr, cv_value = excluded.cv_value, ck_user = excluded.ck_user, ct_change = excluded.ct_change;
INSERT INTO s_mt.t_object_attr(ck_id, ck_object, ck_class_attr, cv_value, ck_user, ct_change) VALUES ('781', '1D6170D4FF9E47E49268FD2A70CE3C53', '361', 'cv_name_object', '-11', '2018-02-23T15:08:23.000+0800')  ON CONFLICT ON CONSTRAINT cin_c_object_attr_1 do update set ck_object = excluded.ck_object, ck_class_attr = excluded.ck_class_attr, cv_value = excluded.cv_value, ck_user = excluded.ck_user, ct_change = excluded.ct_change;
INSERT INTO s_mt.t_object_attr(ck_id, ck_object, ck_class_attr, cv_value, ck_user, ct_change) VALUES ('783', '1D6170D4FF9E47E49268FD2A70CE3C53', '267', 'ck_id', '-11', '2018-02-23T15:08:23.000+0800')  ON CONFLICT ON CONSTRAINT cin_c_object_attr_1 do update set ck_object = excluded.ck_object, ck_class_attr = excluded.ck_class_attr, cv_value = excluded.cv_value, ck_user = excluded.ck_user, ct_change = excluded.ct_change;
INSERT INTO s_mt.t_object_attr(ck_id, ck_object, ck_class_attr, cv_value, ck_user, ct_change) VALUES ('785', '1D6170D4FF9E47E49268FD2A70CE3C53', '261', 'ck_master', '-11', '2018-02-23T15:08:23.000+0800')  ON CONFLICT ON CONSTRAINT cin_c_object_attr_1 do update set ck_object = excluded.ck_object, ck_class_attr = excluded.ck_class_attr, cv_value = excluded.cv_value, ck_user = excluded.ck_user, ct_change = excluded.ct_change;
INSERT INTO s_mt.t_object_attr(ck_id, ck_object, ck_class_attr, cv_value, ck_user, ct_change) VALUES ('237', 'A97413B7060046EF8D43C14B67B0F22D', '85', 'cn_order', '-11', '2018-02-23T15:08:23.000+0800')  ON CONFLICT ON CONSTRAINT cin_c_object_attr_1 do update set ck_object = excluded.ck_object, ck_class_attr = excluded.ck_class_attr, cv_value = excluded.cv_value, ck_user = excluded.ck_user, ct_change = excluded.ct_change;
INSERT INTO s_mt.t_object_attr(ck_id, ck_object, ck_class_attr, cv_value, ck_user, ct_change) VALUES ('240', 'CCFF180E309042B1BDE6D618737BEC05', '147', '2', '-11', '2018-02-23T15:08:23.000+0800')  ON CONFLICT ON CONSTRAINT cin_c_object_attr_1 do update set ck_object = excluded.ck_object, ck_class_attr = excluded.ck_class_attr, cv_value = excluded.cv_value, ck_user = excluded.ck_user, ct_change = excluded.ct_change;
INSERT INTO s_mt.t_object_attr(ck_id, ck_object, ck_class_attr, cv_value, ck_user, ct_change) VALUES ('505', '4002FD9CB8904DC98C41A1D7D86A1B82', '40172', 'insert', '-11', '2018-02-23T15:08:23.000+0800')  ON CONFLICT ON CONSTRAINT cin_c_object_attr_1 do update set ck_object = excluded.ck_object, ck_class_attr = excluded.ck_class_attr, cv_value = excluded.cv_value, ck_user = excluded.ck_user, ct_change = excluded.ct_change;
INSERT INTO s_mt.t_object_attr(ck_id, ck_object, ck_class_attr, cv_value, ck_user, ct_change) VALUES ('1108', '4002FD9CB8904DC98C41A1D7D86A1B82', '126', 'ck_id', '-11', '2018-02-23T15:08:23.000+0800')  ON CONFLICT ON CONSTRAINT cin_c_object_attr_1 do update set ck_object = excluded.ck_object, ck_class_attr = excluded.ck_class_attr, cv_value = excluded.cv_value, ck_user = excluded.ck_user, ct_change = excluded.ct_change;
INSERT INTO s_mt.t_object_attr(ck_id, ck_object, ck_class_attr, cv_value, ck_user, ct_change) VALUES ('784', '9C910AD90E02438A8772211619BDD251', '52', 'cv_name_object', '-11', '2018-02-23T15:08:23.000+0800')  ON CONFLICT ON CONSTRAINT cin_c_object_attr_1 do update set ck_object = excluded.ck_object, ck_class_attr = excluded.ck_class_attr, cv_value = excluded.cv_value, ck_user = excluded.ck_user, ct_change = excluded.ct_change;
INSERT INTO s_mt.t_object_attr(ck_id, ck_object, ck_class_attr, cv_value, ck_user, ct_change) VALUES ('264', '67230B532F99404CBD12ACCFFE415947', '52', 'cv_name_object', '-11', '2018-02-23T15:08:23.000+0800')  ON CONFLICT ON CONSTRAINT cin_c_object_attr_1 do update set ck_object = excluded.ck_object, ck_class_attr = excluded.ck_class_attr, cv_value = excluded.cv_value, ck_user = excluded.ck_user, ct_change = excluded.ct_change;
INSERT INTO s_mt.t_object(ck_id, ck_class, ck_parent, cv_name, cn_order, ck_query, cv_description, cv_displayed, cv_modify, ck_provider, ck_user, ct_change) VALUES ('7F34DED949DF4E3D8A3C6BD52D726B1C', '35', null, 'SYS Tab Panel Class << DO NOT CHANGE', 1000900, null, 'Панель со вкладками', null, null, null, '-11', '2018-02-23T15:08:15.000+0800')  on conflict (ck_id) do update set ck_class = excluded.ck_class, ck_parent = excluded.ck_parent, cv_name = excluded.cv_name, cn_order = excluded.cn_order, ck_query = excluded.ck_query, cv_description = excluded.cv_description, cv_displayed = excluded.cv_displayed, cv_modify = excluded.cv_modify, ck_provider = excluded.ck_provider, ck_user = excluded.ck_user, ct_change = excluded.ct_change;
INSERT INTO s_mt.t_object(ck_id, ck_class, ck_parent, cv_name, cn_order, ck_query, cv_description, cv_displayed, cv_modify, ck_provider, ck_user, ct_change) VALUES ('D61761E4F2AA49279A15318CA3F8996F', '8', '7F34DED949DF4E3D8A3C6BD52D726B1C', 'SYS Grid Class Attr << DO NOT CHANGE', 100, 'MTClassAttr', 'Таблица атрибутов класса', 'Атрибуты', 'pkg_json_meta.f_modify_class_attr', 'meta', '-11', '2018-02-23T15:08:15.000+0800')  on conflict (ck_id) do update set ck_class = excluded.ck_class, ck_parent = excluded.ck_parent, cv_name = excluded.cv_name, cn_order = excluded.cn_order, ck_query = excluded.ck_query, cv_description = excluded.cv_description, cv_displayed = excluded.cv_displayed, cv_modify = excluded.cv_modify, ck_provider = excluded.ck_provider, ck_user = excluded.ck_user, ct_change = excluded.ct_change;
INSERT INTO s_mt.t_object(ck_id, ck_class, ck_parent, cv_name, cn_order, ck_query, cv_description, cv_displayed, cv_modify, ck_provider, ck_user, ct_change) VALUES ('2872E6B328CA4397A8E81147EFDCBDA7', '8', '7F34DED949DF4E3D8A3C6BD52D726B1C', 'SYS Grid Parent Class << DO NOT CHANGE', 300, 'MTClassParent', 'Таблица родительских связей', 'Родительские классы', null, null, '10020788', '2018-03-17T19:13:40.000+0800')  on conflict (ck_id) do update set ck_class = excluded.ck_class, ck_parent = excluded.ck_parent, cv_name = excluded.cv_name, cn_order = excluded.cn_order, ck_query = excluded.ck_query, cv_description = excluded.cv_description, cv_displayed = excluded.cv_displayed, cv_modify = excluded.cv_modify, ck_provider = excluded.ck_provider, ck_user = excluded.ck_user, ct_change = excluded.ct_change;
INSERT INTO s_mt.t_object(ck_id, ck_class, ck_parent, cv_name, cn_order, ck_query, cv_description, cv_displayed, cv_modify, ck_provider, ck_user, ct_change) VALUES ('80B4041147E3470FA3C38E55004D160D', '8', '7F34DED949DF4E3D8A3C6BD52D726B1C', 'SYS Grid Child Class << DO NOT CHANGE', 200, 'MTClassChild', 'Таблица дочерних классов', 'Дочерние классы', 'pkg_json_meta.f_modify_class_hierarchy', 'meta', '10020788', '2018-03-17T19:13:02.000+0800')  on conflict (ck_id) do update set ck_class = excluded.ck_class, ck_parent = excluded.ck_parent, cv_name = excluded.cv_name, cn_order = excluded.cn_order, ck_query = excluded.ck_query, cv_description = excluded.cv_description, cv_displayed = excluded.cv_displayed, cv_modify = excluded.cv_modify, ck_provider = excluded.ck_provider, ck_user = excluded.ck_user, ct_change = excluded.ct_change;
INSERT INTO s_mt.t_object(ck_id, ck_class, ck_parent, cv_name, cn_order, ck_query, cv_description, cv_displayed, cv_modify, ck_provider, ck_user, ct_change) VALUES ('395C8390216045F2A51188B8E8C71568', '32', '80B4041147E3470FA3C38E55004D160D', 'Add/Edit Child Bind', 10, null, 'привязки дочернего класса', null, null, null, '10020788', '2018-03-17T19:15:29.000+0800')  on conflict (ck_id) do update set ck_class = excluded.ck_class, ck_parent = excluded.ck_parent, cv_name = excluded.cv_name, cn_order = excluded.cn_order, ck_query = excluded.ck_query, cv_description = excluded.cv_description, cv_displayed = excluded.cv_displayed, cv_modify = excluded.cv_modify, ck_provider = excluded.ck_provider, ck_user = excluded.ck_user, ct_change = excluded.ct_change;
INSERT INTO s_mt.t_object(ck_id, ck_class, ck_parent, cv_name, cn_order, ck_query, cv_description, cv_displayed, cv_modify, ck_provider, ck_user, ct_change) VALUES ('1E648C1FB7A243649A934C39DAEED002', '9', '80B4041147E3470FA3C38E55004D160D', 'Name Class', 400, null, 'Наименование класса', 'Наименование класса', null, null, '-11', '2018-02-23T15:08:15.000+0800')  on conflict (ck_id) do update set ck_class = excluded.ck_class, ck_parent = excluded.ck_parent, cv_name = excluded.cv_name, cn_order = excluded.cn_order, ck_query = excluded.ck_query, cv_description = excluded.cv_description, cv_displayed = excluded.cv_displayed, cv_modify = excluded.cv_modify, ck_provider = excluded.ck_provider, ck_user = excluded.ck_user, ct_change = excluded.ct_change;
INSERT INTO s_mt.t_object(ck_id, ck_class, ck_parent, cv_name, cn_order, ck_query, cv_description, cv_displayed, cv_modify, ck_provider, ck_user, ct_change) VALUES ('D37EDE722CF34CDBB459521FB353D600', '9', '2872E6B328CA4397A8E81147EFDCBDA7', 'Name Attr', 100, null, 'Наименование атрибута', 'Наименование атрибута', null, null, '-11', '2018-02-23T15:08:15.000+0800')  on conflict (ck_id) do update set ck_class = excluded.ck_class, ck_parent = excluded.ck_parent, cv_name = excluded.cv_name, cn_order = excluded.cn_order, ck_query = excluded.ck_query, cv_description = excluded.cv_description, cv_displayed = excluded.cv_displayed, cv_modify = excluded.cv_modify, ck_provider = excluded.ck_provider, ck_user = excluded.ck_user, ct_change = excluded.ct_change;
INSERT INTO s_mt.t_object(ck_id, ck_class, ck_parent, cv_name, cn_order, ck_query, cv_description, cv_displayed, cv_modify, ck_provider, ck_user, ct_change) VALUES ('B76C07B8A7C247EDA42C3A7E7265C6DE', '9', '2872E6B328CA4397A8E81147EFDCBDA7', 'Desc Class', 300, null, 'Описание класса', 'Описание класса', null, null, '-11', '2018-02-23T15:08:15.000+0800')  on conflict (ck_id) do update set ck_class = excluded.ck_class, ck_parent = excluded.ck_parent, cv_name = excluded.cv_name, cn_order = excluded.cn_order, ck_query = excluded.ck_query, cv_description = excluded.cv_description, cv_displayed = excluded.cv_displayed, cv_modify = excluded.cv_modify, ck_provider = excluded.ck_provider, ck_user = excluded.ck_user, ct_change = excluded.ct_change;
INSERT INTO s_mt.t_object(ck_id, ck_class, ck_parent, cv_name, cn_order, ck_query, cv_description, cv_displayed, cv_modify, ck_provider, ck_user, ct_change) VALUES ('0F17EEABE4C34D6EA801023F37230114', '9', '2872E6B328CA4397A8E81147EFDCBDA7', 'Name Class', 200, null, 'Наименование класса', 'Наименование класса', null, null, '-11', '2018-02-23T15:08:15.000+0800')  on conflict (ck_id) do update set ck_class = excluded.ck_class, ck_parent = excluded.ck_parent, cv_name = excluded.cv_name, cn_order = excluded.cn_order, ck_query = excluded.ck_query, cv_description = excluded.cv_description, cv_displayed = excluded.cv_displayed, cv_modify = excluded.cv_modify, ck_provider = excluded.ck_provider, ck_user = excluded.ck_user, ct_change = excluded.ct_change;
INSERT INTO s_mt.t_object(ck_id, ck_class, ck_parent, cv_name, cn_order, ck_query, cv_description, cv_displayed, cv_modify, ck_provider, ck_user, ct_change) VALUES ('55CB11FA7ACB47AC9209700901BC0800', '9', '80B4041147E3470FA3C38E55004D160D', 'Desc Class', 500, null, 'Описание класса', 'Описание класса', null, null, '-11', '2018-02-23T15:08:15.000+0800')  on conflict (ck_id) do update set ck_class = excluded.ck_class, ck_parent = excluded.ck_parent, cv_name = excluded.cv_name, cn_order = excluded.cn_order, ck_query = excluded.ck_query, cv_description = excluded.cv_description, cv_displayed = excluded.cv_displayed, cv_modify = excluded.cv_modify, ck_provider = excluded.ck_provider, ck_user = excluded.ck_user, ct_change = excluded.ct_change;
INSERT INTO s_mt.t_object(ck_id, ck_class, ck_parent, cv_name, cn_order, ck_query, cv_description, cv_displayed, cv_modify, ck_provider, ck_user, ct_change) VALUES ('C2F27EE271604FB4AABDB05C890F6FAC', '9', 'D61761E4F2AA49279A15318CA3F8996F', 'Value Attr', 400, null, 'Значение атрибута', 'Значение', null, null, '-11', '2018-02-23T15:08:15.000+0800')  on conflict (ck_id) do update set ck_class = excluded.ck_class, ck_parent = excluded.ck_parent, cv_name = excluded.cv_name, cn_order = excluded.cn_order, ck_query = excluded.ck_query, cv_description = excluded.cv_description, cv_displayed = excluded.cv_displayed, cv_modify = excluded.cv_modify, ck_provider = excluded.ck_provider, ck_user = excluded.ck_user, ct_change = excluded.ct_change;
INSERT INTO s_mt.t_object(ck_id, ck_class, ck_parent, cv_name, cn_order, ck_query, cv_description, cv_displayed, cv_modify, ck_provider, ck_user, ct_change) VALUES ('BD3E264C18504B179BD47C0861737F0D', '9', 'D61761E4F2AA49279A15318CA3F8996F', 'Attr Type', 600, null, 'Attr Type', 'Тип атрибута', null, null, '10020788', '2018-03-18T01:52:24.000+0800')  on conflict (ck_id) do update set ck_class = excluded.ck_class, ck_parent = excluded.ck_parent, cv_name = excluded.cv_name, cn_order = excluded.cn_order, ck_query = excluded.ck_query, cv_description = excluded.cv_description, cv_displayed = excluded.cv_displayed, cv_modify = excluded.cv_modify, ck_provider = excluded.ck_provider, ck_user = excluded.ck_user, ct_change = excluded.ct_change;
INSERT INTO s_mt.t_object(ck_id, ck_class, ck_parent, cv_name, cn_order, ck_query, cv_description, cv_displayed, cv_modify, ck_provider, ck_user, ct_change) VALUES ('B23DA17649564C9B9673AC3A1AA95A24', '19', 'D61761E4F2AA49279A15318CA3F8996F', 'Top Btn Add Attr', 100, null, 'Создание атрибута класса', 'Создать новый атрибут', null, null, '-11', '2018-02-23T15:08:15.000+0800')  on conflict (ck_id) do update set ck_class = excluded.ck_class, ck_parent = excluded.ck_parent, cv_name = excluded.cv_name, cn_order = excluded.cn_order, ck_query = excluded.ck_query, cv_description = excluded.cv_description, cv_displayed = excluded.cv_displayed, cv_modify = excluded.cv_modify, ck_provider = excluded.ck_provider, ck_user = excluded.ck_user, ct_change = excluded.ct_change;
INSERT INTO s_mt.t_object(ck_id, ck_class, ck_parent, cv_name, cn_order, ck_query, cv_description, cv_displayed, cv_modify, ck_provider, ck_user, ct_change) VALUES ('702A0926012D4AE78B9959485017020B', '9', 'D61761E4F2AA49279A15318CA3F8996F', 'Name Attr', 300, null, 'Наименование', 'Наименование', null, null, '-11', '2018-02-23T15:08:15.000+0800')  on conflict (ck_id) do update set ck_class = excluded.ck_class, ck_parent = excluded.ck_parent, cv_name = excluded.cv_name, cn_order = excluded.cn_order, ck_query = excluded.ck_query, cv_description = excluded.cv_description, cv_displayed = excluded.cv_displayed, cv_modify = excluded.cv_modify, ck_provider = excluded.ck_provider, ck_user = excluded.ck_user, ct_change = excluded.ct_change;
INSERT INTO s_mt.t_object(ck_id, ck_class, ck_parent, cv_name, cn_order, ck_query, cv_description, cv_displayed, cv_modify, ck_provider, ck_user, ct_change) VALUES ('3486830584C742A5A870C3CC2941065D', '9', 'D61761E4F2AA49279A15318CA3F8996F', 'Desc Attr', 499, null, 'Описание атрибута', 'Описание', null, null, '10020788', '2018-03-18T01:46:13.000+0800')  on conflict (ck_id) do update set ck_class = excluded.ck_class, ck_parent = excluded.ck_parent, cv_name = excluded.cv_name, cn_order = excluded.cn_order, ck_query = excluded.ck_query, cv_description = excluded.cv_description, cv_displayed = excluded.cv_displayed, cv_modify = excluded.cv_modify, ck_provider = excluded.ck_provider, ck_user = excluded.ck_user, ct_change = excluded.ct_change;
INSERT INTO s_mt.t_object(ck_id, ck_class, ck_parent, cv_name, cn_order, ck_query, cv_description, cv_displayed, cv_modify, ck_provider, ck_user, ct_change) VALUES ('2ADDC9B8037F422B83266A1FF7E9E22D', '16', 'D61761E4F2AA49279A15318CA3F8996F', 'Edit Attr', 150, null, 'Редактирование Атрибута', null, null, null, '-11', '2018-02-23T15:08:15.000+0800')  on conflict (ck_id) do update set ck_class = excluded.ck_class, ck_parent = excluded.ck_parent, cv_name = excluded.cv_name, cn_order = excluded.cn_order, ck_query = excluded.ck_query, cv_description = excluded.cv_description, cv_displayed = excluded.cv_displayed, cv_modify = excluded.cv_modify, ck_provider = excluded.ck_provider, ck_user = excluded.ck_user, ct_change = excluded.ct_change;
INSERT INTO s_mt.t_object(ck_id, ck_class, ck_parent, cv_name, cn_order, ck_query, cv_description, cv_displayed, cv_modify, ck_provider, ck_user, ct_change) VALUES ('4E6AD4BE79284CE4B7BB14F107C835DB', '9', '80B4041147E3470FA3C38E55004D160D', 'Name Attr', 300, null, 'Наименование атрибута', 'Наименование атрибута', null, null, '-11', '2018-02-23T15:08:15.000+0800')  on conflict (ck_id) do update set ck_class = excluded.ck_class, ck_parent = excluded.ck_parent, cv_name = excluded.cv_name, cn_order = excluded.cn_order, ck_query = excluded.ck_query, cv_description = excluded.cv_description, cv_displayed = excluded.cv_displayed, cv_modify = excluded.cv_modify, ck_provider = excluded.ck_provider, ck_user = excluded.ck_user, ct_change = excluded.ct_change;
INSERT INTO s_mt.t_object(ck_id, ck_class, ck_parent, cv_name, cn_order, ck_query, cv_description, cv_displayed, cv_modify, ck_provider, ck_user, ct_change) VALUES ('8F21BF55FAE64AD681DD6D89D26E87BA', '19', '80B4041147E3470FA3C38E55004D160D', 'Top Btn Add Child Class', 100, null, 'Добавление дочерних классов', 'Привязать дочерний класс', null, null, '10020788', '2018-03-17T19:12:40.000+0800')  on conflict (ck_id) do update set ck_class = excluded.ck_class, ck_parent = excluded.ck_parent, cv_name = excluded.cv_name, cn_order = excluded.cn_order, ck_query = excluded.ck_query, cv_description = excluded.cv_description, cv_displayed = excluded.cv_displayed, cv_modify = excluded.cv_modify, ck_provider = excluded.ck_provider, ck_user = excluded.ck_user, ct_change = excluded.ct_change;
INSERT INTO s_mt.t_object(ck_id, ck_class, ck_parent, cv_name, cn_order, ck_query, cv_description, cv_displayed, cv_modify, ck_provider, ck_user, ct_change) VALUES ('F503DE08AA92406DB6299F241E20985E', '16', '80B4041147E3470FA3C38E55004D160D', 'Edit Childs Bind', 130, null, 'Редактирование связи с дочерней колонкой', null, null, null, '-11', '2018-02-23T15:08:15.000+0800')  on conflict (ck_id) do update set ck_class = excluded.ck_class, ck_parent = excluded.ck_parent, cv_name = excluded.cv_name, cn_order = excluded.cn_order, ck_query = excluded.ck_query, cv_description = excluded.cv_description, cv_displayed = excluded.cv_displayed, cv_modify = excluded.cv_modify, ck_provider = excluded.ck_provider, ck_user = excluded.ck_user, ct_change = excluded.ct_change;
INSERT INTO s_mt.t_object(ck_id, ck_class, ck_parent, cv_name, cn_order, ck_query, cv_description, cv_displayed, cv_modify, ck_provider, ck_user, ct_change) VALUES ('14E3CF7E0F7C48179E7B318779E4D44D', '36', 'D61761E4F2AA49279A15318CA3F8996F', 'Check cl_required', 450, null, 'Признак обязательности', 'Признак обязательности', null, null, '10020788', '2018-03-18T01:54:10.000+0800')  on conflict (ck_id) do update set ck_class = excluded.ck_class, ck_parent = excluded.ck_parent, cv_name = excluded.cv_name, cn_order = excluded.cn_order, ck_query = excluded.ck_query, cv_description = excluded.cv_description, cv_displayed = excluded.cv_displayed, cv_modify = excluded.cv_modify, ck_provider = excluded.ck_provider, ck_user = excluded.ck_user, ct_change = excluded.ct_change;
INSERT INTO s_mt.t_object(ck_id, ck_class, ck_parent, cv_name, cn_order, ck_query, cv_description, cv_displayed, cv_modify, ck_provider, ck_user, ct_change) VALUES ('E6E64228A4DB4FF89E28CE77FD3B47CF', '29', '14E3CF7E0F7C48179E7B318779E4D44D', 'CheckBox Field', 100, null, 'Поле выбора признака', null, null, null, '10020788', '2018-03-18T01:49:25.000+0800')  on conflict (ck_id) do update set ck_class = excluded.ck_class, ck_parent = excluded.ck_parent, cv_name = excluded.cv_name, cn_order = excluded.cn_order, ck_query = excluded.ck_query, cv_description = excluded.cv_description, cv_displayed = excluded.cv_displayed, cv_modify = excluded.cv_modify, ck_provider = excluded.ck_provider, ck_user = excluded.ck_user, ct_change = excluded.ct_change;
INSERT INTO s_mt.t_object(ck_id, ck_class, ck_parent, cv_name, cn_order, ck_query, cv_description, cv_displayed, cv_modify, ck_provider, ck_user, ct_change) VALUES ('F6609EBB0C06497E94545035201B3F77', '31', '702A0926012D4AE78B9959485017020B', 'Attr Field', 100, 'MTAttr', 'Поле выбора атрибута', null, null, null, '-11', '2018-02-23T15:08:15.000+0800')  on conflict (ck_id) do update set ck_class = excluded.ck_class, ck_parent = excluded.ck_parent, cv_name = excluded.cv_name, cn_order = excluded.cn_order, ck_query = excluded.ck_query, cv_description = excluded.cv_description, cv_displayed = excluded.cv_displayed, cv_modify = excluded.cv_modify, ck_provider = excluded.ck_provider, ck_user = excluded.ck_user, ct_change = excluded.ct_change;
INSERT INTO s_mt.t_object(ck_id, ck_class, ck_parent, cv_name, cn_order, ck_query, cv_description, cv_displayed, cv_modify, ck_provider, ck_user, ct_change) VALUES ('3CF84AC6FFA44F9EA1CFDC24F0CB0565', '26', 'C2F27EE271604FB4AABDB05C890F6FAC', 'Edit Value Attr', 100, null, 'Поле редактирования значения атрибута', null, null, null, '-11', '2018-02-23T15:08:15.000+0800')  on conflict (ck_id) do update set ck_class = excluded.ck_class, ck_parent = excluded.ck_parent, cv_name = excluded.cv_name, cn_order = excluded.cn_order, ck_query = excluded.ck_query, cv_description = excluded.cv_description, cv_displayed = excluded.cv_displayed, cv_modify = excluded.cv_modify, ck_provider = excluded.ck_provider, ck_user = excluded.ck_user, ct_change = excluded.ct_change;
INSERT INTO s_mt.t_object(ck_id, ck_class, ck_parent, cv_name, cn_order, ck_query, cv_description, cv_displayed, cv_modify, ck_provider, ck_user, ct_change) VALUES ('411E506D52AC49D683838C2CD9BFBA21', '19', '395C8390216045F2A51188B8E8C71568', 'BBtn Close Window', 1300, null, 'Отмена', 'Отмена', null, null, '-11', '2018-02-23T15:08:15.000+0800')  on conflict (ck_id) do update set ck_class = excluded.ck_class, ck_parent = excluded.ck_parent, cv_name = excluded.cv_name, cn_order = excluded.cn_order, ck_query = excluded.ck_query, cv_description = excluded.cv_description, cv_displayed = excluded.cv_displayed, cv_modify = excluded.cv_modify, ck_provider = excluded.ck_provider, ck_user = excluded.ck_user, ct_change = excluded.ct_change;
INSERT INTO s_mt.t_object(ck_id, ck_class, ck_parent, cv_name, cn_order, ck_query, cv_description, cv_displayed, cv_modify, ck_provider, ck_user, ct_change) VALUES ('FCBE051AA2A14A63BA6B73379B5B62A0', '31', '395C8390216045F2A51188B8E8C71568', 'Attr Class Field', 100, 'MTClassAttrPlacementList', 'Поле выбора атрибута класса', 'Атрибут класса', null, null, '20783', '2019-04-29T16:36:00.000+0800')  on conflict (ck_id) do update set ck_class = excluded.ck_class, ck_parent = excluded.ck_parent, cv_name = excluded.cv_name, cn_order = excluded.cn_order, ck_query = excluded.ck_query, cv_description = excluded.cv_description, cv_displayed = excluded.cv_displayed, cv_modify = excluded.cv_modify, ck_provider = excluded.ck_provider, ck_user = excluded.ck_user, ct_change = excluded.ct_change;
INSERT INTO s_mt.t_object(ck_id, ck_class, ck_parent, cv_name, cn_order, ck_query, cv_description, cv_displayed, cv_modify, ck_provider, ck_user, ct_change) VALUES ('C2B772CF4C4740EBAC996AD47FA34AE9', '31', '395C8390216045F2A51188B8E8C71568', 'Class Combo Field', 200, 'MTClassList', 'Поле выбора класса', 'Класс', null, null, '10028610', '2019-02-06T19:05:16.000+0800')  on conflict (ck_id) do update set ck_class = excluded.ck_class, ck_parent = excluded.ck_parent, cv_name = excluded.cv_name, cn_order = excluded.cn_order, ck_query = excluded.ck_query, cv_description = excluded.cv_description, cv_displayed = excluded.cv_displayed, cv_modify = excluded.cv_modify, ck_provider = excluded.ck_provider, ck_user = excluded.ck_user, ct_change = excluded.ct_change;
INSERT INTO s_mt.t_object(ck_id, ck_class, ck_parent, cv_name, cn_order, ck_query, cv_description, cv_displayed, cv_modify, ck_provider, ck_user, ct_change) VALUES ('5FD84B57C03B4C7CA5B426A621175F86', '19', '395C8390216045F2A51188B8E8C71568', 'BBtn Save Window', 1200, null, 'Сохраняем привязку к дочерним объектам', 'Сохранить', null, null, '-11', '2018-02-23T15:08:15.000+0800')  on conflict (ck_id) do update set ck_class = excluded.ck_class, ck_parent = excluded.ck_parent, cv_name = excluded.cv_name, cn_order = excluded.cn_order, ck_query = excluded.ck_query, cv_description = excluded.cv_description, cv_displayed = excluded.cv_displayed, cv_modify = excluded.cv_modify, ck_provider = excluded.ck_provider, ck_user = excluded.ck_user, ct_change = excluded.ct_change;
INSERT INTO s_mt.t_object_attr(ck_id, ck_object, ck_class_attr, cv_value, ck_user, ct_change) VALUES ('1562', 'D61761E4F2AA49279A15318CA3F8996F', '852', 'ck_attr', '-11', '2018-02-23T15:08:23.000+0800')  ON CONFLICT ON CONSTRAINT cin_c_object_attr_1 do update set ck_object = excluded.ck_object, ck_class_attr = excluded.ck_class_attr, cv_value = excluded.cv_value, ck_user = excluded.ck_user, ct_change = excluded.ct_change;
INSERT INTO s_mt.t_object_attr(ck_id, ck_object, ck_class_attr, cv_value, ck_user, ct_change) VALUES ('1564', '2872E6B328CA4397A8E81147EFDCBDA7', '852', 'ck_attr', '-11', '2018-02-23T15:08:23.000+0800')  ON CONFLICT ON CONSTRAINT cin_c_object_attr_1 do update set ck_object = excluded.ck_object, ck_class_attr = excluded.ck_class_attr, cv_value = excluded.cv_value, ck_user = excluded.ck_user, ct_change = excluded.ct_change;
INSERT INTO s_mt.t_object_attr(ck_id, ck_object, ck_class_attr, cv_value, ck_user, ct_change) VALUES ('1563', '80B4041147E3470FA3C38E55004D160D', '852', 'ck_attr', '-11', '2018-02-23T15:08:23.000+0800')  ON CONFLICT ON CONSTRAINT cin_c_object_attr_1 do update set ck_object = excluded.ck_object, ck_class_attr = excluded.ck_class_attr, cv_value = excluded.cv_value, ck_user = excluded.ck_user, ct_change = excluded.ct_change;
INSERT INTO s_mt.t_object_attr(ck_id, ck_object, ck_class_attr, cv_value, ck_user, ct_change) VALUES ('314118305721', '80B4041147E3470FA3C38E55004D160D', '407', 'modalwindow', '10028610', '2019-02-06T18:27:00.000+0800')  ON CONFLICT ON CONSTRAINT cin_c_object_attr_1 do update set ck_object = excluded.ck_object, ck_class_attr = excluded.ck_class_attr, cv_value = excluded.cv_value, ck_user = excluded.ck_user, ct_change = excluded.ct_change;
INSERT INTO s_mt.t_object_attr(ck_id, ck_object, ck_class_attr, cv_value, ck_user, ct_change) VALUES ('571873272621', '395C8390216045F2A51188B8E8C71568', '1029', 'window', '10028610', '2019-03-01T17:00:23.000+0800')  ON CONFLICT ON CONSTRAINT cin_c_object_attr_1 do update set ck_object = excluded.ck_object, ck_class_attr = excluded.ck_class_attr, cv_value = excluded.cv_value, ck_user = excluded.ck_user, ct_change = excluded.ct_change;
INSERT INTO s_mt.t_object_attr(ck_id, ck_object, ck_class_attr, cv_value, ck_user, ct_change) VALUES ('49', '1E648C1FB7A243649A934C39DAEED002', '47', 'cv_name', '-11', '2018-02-23T15:08:23.000+0800')  ON CONFLICT ON CONSTRAINT cin_c_object_attr_1 do update set ck_object = excluded.ck_object, ck_class_attr = excluded.ck_class_attr, cv_value = excluded.cv_value, ck_user = excluded.ck_user, ct_change = excluded.ct_change;
INSERT INTO s_mt.t_object_attr(ck_id, ck_object, ck_class_attr, cv_value, ck_user, ct_change) VALUES ('47', 'D37EDE722CF34CDBB459521FB353D600', '47', 'ck_attr', '-11', '2018-02-23T15:08:23.000+0800')  ON CONFLICT ON CONSTRAINT cin_c_object_attr_1 do update set ck_object = excluded.ck_object, ck_class_attr = excluded.ck_class_attr, cv_value = excluded.cv_value, ck_user = excluded.ck_user, ct_change = excluded.ct_change;
INSERT INTO s_mt.t_object_attr(ck_id, ck_object, ck_class_attr, cv_value, ck_user, ct_change) VALUES ('51', 'B76C07B8A7C247EDA42C3A7E7265C6DE', '47', 'cv_description', '-11', '2018-02-23T15:08:23.000+0800')  ON CONFLICT ON CONSTRAINT cin_c_object_attr_1 do update set ck_object = excluded.ck_object, ck_class_attr = excluded.ck_class_attr, cv_value = excluded.cv_value, ck_user = excluded.ck_user, ct_change = excluded.ct_change;
INSERT INTO s_mt.t_object_attr(ck_id, ck_object, ck_class_attr, cv_value, ck_user, ct_change) VALUES ('48', '0F17EEABE4C34D6EA801023F37230114', '47', 'cv_name', '-11', '2018-02-23T15:08:23.000+0800')  ON CONFLICT ON CONSTRAINT cin_c_object_attr_1 do update set ck_object = excluded.ck_object, ck_class_attr = excluded.ck_class_attr, cv_value = excluded.cv_value, ck_user = excluded.ck_user, ct_change = excluded.ct_change;
INSERT INTO s_mt.t_object_attr(ck_id, ck_object, ck_class_attr, cv_value, ck_user, ct_change) VALUES ('45', 'C2F27EE271604FB4AABDB05C890F6FAC', '47', 'cv_value', '-11', '2018-02-23T15:08:23.000+0800')  ON CONFLICT ON CONSTRAINT cin_c_object_attr_1 do update set ck_object = excluded.ck_object, ck_class_attr = excluded.ck_class_attr, cv_value = excluded.cv_value, ck_user = excluded.ck_user, ct_change = excluded.ct_change;
INSERT INTO s_mt.t_object_attr(ck_id, ck_object, ck_class_attr, cv_value, ck_user, ct_change) VALUES ('8293', 'BD3E264C18504B179BD47C0861737F0D', '47', 'ck_attr_type', '10020788', '2018-03-17T19:18:58.000+0800')  ON CONFLICT ON CONSTRAINT cin_c_object_attr_1 do update set ck_object = excluded.ck_object, ck_class_attr = excluded.ck_class_attr, cv_value = excluded.cv_value, ck_user = excluded.ck_user, ct_change = excluded.ct_change;
INSERT INTO s_mt.t_object_attr(ck_id, ck_object, ck_class_attr, cv_value, ck_user, ct_change) VALUES ('8297', 'BD3E264C18504B179BD47C0861737F0D', '433', 'disabled', '10020788', '2018-03-17T19:22:30.000+0800')  ON CONFLICT ON CONSTRAINT cin_c_object_attr_1 do update set ck_object = excluded.ck_object, ck_class_attr = excluded.ck_class_attr, cv_value = excluded.cv_value, ck_user = excluded.ck_user, ct_change = excluded.ct_change;
INSERT INTO s_mt.t_object_attr(ck_id, ck_object, ck_class_attr, cv_value, ck_user, ct_change) VALUES ('54', 'B23DA17649564C9B9673AC3A1AA95A24', '140', 'onSimpleAddRow', '-11', '2018-02-23T15:08:23.000+0800')  ON CONFLICT ON CONSTRAINT cin_c_object_attr_1 do update set ck_object = excluded.ck_object, ck_class_attr = excluded.ck_class_attr, cv_value = excluded.cv_value, ck_user = excluded.ck_user, ct_change = excluded.ct_change;
INSERT INTO s_mt.t_object_attr(ck_id, ck_object, ck_class_attr, cv_value, ck_user, ct_change) VALUES ('43', '702A0926012D4AE78B9959485017020B', '47', 'ck_attr', '-11', '2018-02-23T15:08:23.000+0800')  ON CONFLICT ON CONSTRAINT cin_c_object_attr_1 do update set ck_object = excluded.ck_object, ck_class_attr = excluded.ck_class_attr, cv_value = excluded.cv_value, ck_user = excluded.ck_user, ct_change = excluded.ct_change;
INSERT INTO s_mt.t_object_attr(ck_id, ck_object, ck_class_attr, cv_value, ck_user, ct_change) VALUES ('528', '702A0926012D4AE78B9959485017020B', '453', 'true', '-11', '2018-02-23T15:08:23.000+0800')  ON CONFLICT ON CONSTRAINT cin_c_object_attr_1 do update set ck_object = excluded.ck_object, ck_class_attr = excluded.ck_class_attr, cv_value = excluded.cv_value, ck_user = excluded.ck_user, ct_change = excluded.ct_change;
INSERT INTO s_mt.t_object_attr(ck_id, ck_object, ck_class_attr, cv_value, ck_user, ct_change) VALUES ('44', '3486830584C742A5A870C3CC2941065D', '47', 'cv_description', '-11', '2018-02-23T15:08:23.000+0800')  ON CONFLICT ON CONSTRAINT cin_c_object_attr_1 do update set ck_object = excluded.ck_object, ck_class_attr = excluded.ck_class_attr, cv_value = excluded.cv_value, ck_user = excluded.ck_user, ct_change = excluded.ct_change;
INSERT INTO s_mt.t_object_attr(ck_id, ck_object, ck_class_attr, cv_value, ck_user, ct_change) VALUES ('1074', '3486830584C742A5A870C3CC2941065D', '433', 'disabled', '-11', '2018-02-23T15:08:23.000+0800')  ON CONFLICT ON CONSTRAINT cin_c_object_attr_1 do update set ck_object = excluded.ck_object, ck_class_attr = excluded.ck_class_attr, cv_value = excluded.cv_value, ck_user = excluded.ck_user, ct_change = excluded.ct_change;
INSERT INTO s_mt.t_object_attr(ck_id, ck_object, ck_class_attr, cv_value, ck_user, ct_change) VALUES ('8312', '14E3CF7E0F7C48179E7B318779E4D44D', '250', 'cl_required', '10020788', '2018-03-18T01:49:55.000+0800')  ON CONFLICT ON CONSTRAINT cin_c_object_attr_1 do update set ck_object = excluded.ck_object, ck_class_attr = excluded.ck_class_attr, cv_value = excluded.cv_value, ck_user = excluded.ck_user, ct_change = excluded.ct_change;
INSERT INTO s_mt.t_object_attr(ck_id, ck_object, ck_class_attr, cv_value, ck_user, ct_change) VALUES ('222', 'F503DE08AA92406DB6299F241E20985E', '25', 'onRowCreateChildWindowMaster', '-11', '2018-02-23T15:08:23.000+0800')  ON CONFLICT ON CONSTRAINT cin_c_object_attr_1 do update set ck_object = excluded.ck_object, ck_class_attr = excluded.ck_class_attr, cv_value = excluded.cv_value, ck_user = excluded.ck_user, ct_change = excluded.ct_change;
INSERT INTO s_mt.t_object_attr(ck_id, ck_object, ck_class_attr, cv_value, ck_user, ct_change) VALUES ('201918821021', '8F21BF55FAE64AD681DD6D89D26E87BA', '992', 'fa-plus', '20780', '2019-01-14T21:14:44.000+0800')  ON CONFLICT ON CONSTRAINT cin_c_object_attr_1 do update set ck_object = excluded.ck_object, ck_class_attr = excluded.ck_class_attr, cv_value = excluded.cv_value, ck_user = excluded.ck_user, ct_change = excluded.ct_change;
INSERT INTO s_mt.t_object_attr(ck_id, ck_object, ck_class_attr, cv_value, ck_user, ct_change) VALUES ('223', '8F21BF55FAE64AD681DD6D89D26E87BA', '155', '1', '-11', '2018-02-23T15:08:23.000+0800')  ON CONFLICT ON CONSTRAINT cin_c_object_attr_1 do update set ck_object = excluded.ck_object, ck_class_attr = excluded.ck_class_attr, cv_value = excluded.cv_value, ck_user = excluded.ck_user, ct_change = excluded.ct_change;
INSERT INTO s_mt.t_object_attr(ck_id, ck_object, ck_class_attr, cv_value, ck_user, ct_change) VALUES ('221', '8F21BF55FAE64AD681DD6D89D26E87BA', '140', 'onCreateChildWindowMaster', '-11', '2018-02-23T15:08:23.000+0800')  ON CONFLICT ON CONSTRAINT cin_c_object_attr_1 do update set ck_object = excluded.ck_object, ck_class_attr = excluded.ck_class_attr, cv_value = excluded.cv_value, ck_user = excluded.ck_user, ct_change = excluded.ct_change;
INSERT INTO s_mt.t_object_attr(ck_id, ck_object, ck_class_attr, cv_value, ck_user, ct_change) VALUES ('571884484721', '8F21BF55FAE64AD681DD6D89D26E87BA', '1033', 'window', '10028610', '2019-03-01T17:00:29.000+0800')  ON CONFLICT ON CONSTRAINT cin_c_object_attr_1 do update set ck_object = excluded.ck_object, ck_class_attr = excluded.ck_class_attr, cv_value = excluded.cv_value, ck_user = excluded.ck_user, ct_change = excluded.ct_change;
INSERT INTO s_mt.t_object_attr(ck_id, ck_object, ck_class_attr, cv_value, ck_user, ct_change) VALUES ('46', '4E6AD4BE79284CE4B7BB14F107C835DB', '47', 'ck_attr', '-11', '2018-02-23T15:08:23.000+0800')  ON CONFLICT ON CONSTRAINT cin_c_object_attr_1 do update set ck_object = excluded.ck_object, ck_class_attr = excluded.ck_class_attr, cv_value = excluded.cv_value, ck_user = excluded.ck_user, ct_change = excluded.ct_change;
INSERT INTO s_mt.t_object_attr(ck_id, ck_object, ck_class_attr, cv_value, ck_user, ct_change) VALUES ('50', '55CB11FA7ACB47AC9209700901BC0800', '47', 'cv_description', '-11', '2018-02-23T15:08:23.000+0800')  ON CONFLICT ON CONSTRAINT cin_c_object_attr_1 do update set ck_object = excluded.ck_object, ck_class_attr = excluded.ck_class_attr, cv_value = excluded.cv_value, ck_user = excluded.ck_user, ct_change = excluded.ct_change;
INSERT INTO s_mt.t_object_attr(ck_id, ck_object, ck_class_attr, cv_value, ck_user, ct_change) VALUES ('1077', 'F6609EBB0C06497E94545035201B3F77', '126', 'ck_id', '-11', '2018-02-23T15:08:23.000+0800')  ON CONFLICT ON CONSTRAINT cin_c_object_attr_1 do update set ck_object = excluded.ck_object, ck_class_attr = excluded.ck_class_attr, cv_value = excluded.cv_value, ck_user = excluded.ck_user, ct_change = excluded.ct_change;
INSERT INTO s_mt.t_object_attr(ck_id, ck_object, ck_class_attr, cv_value, ck_user, ct_change) VALUES ('219', '411E506D52AC49D683838C2CD9BFBA21', '140', 'onCloseWindow', '-11', '2018-02-23T15:08:23.000+0800')  ON CONFLICT ON CONSTRAINT cin_c_object_attr_1 do update set ck_object = excluded.ck_object, ck_class_attr = excluded.ck_class_attr, cv_value = excluded.cv_value, ck_user = excluded.ck_user, ct_change = excluded.ct_change;
INSERT INTO s_mt.t_object_attr(ck_id, ck_object, ck_class_attr, cv_value, ck_user, ct_change) VALUES ('8313', 'E6E64228A4DB4FF89E28CE77FD3B47CF', '94', 'cl_required', '10020788', '2018-03-18T01:49:47.000+0800')  ON CONFLICT ON CONSTRAINT cin_c_object_attr_1 do update set ck_object = excluded.ck_object, ck_class_attr = excluded.ck_class_attr, cv_value = excluded.cv_value, ck_user = excluded.ck_user, ct_change = excluded.ct_change;
INSERT INTO s_mt.t_object_attr(ck_id, ck_object, ck_class_attr, cv_value, ck_user, ct_change) VALUES ('1076', 'F6609EBB0C06497E94545035201B3F77', '125', 'ck_id', '-11', '2018-02-23T15:08:23.000+0800')  ON CONFLICT ON CONSTRAINT cin_c_object_attr_1 do update set ck_object = excluded.ck_object, ck_class_attr = excluded.ck_class_attr, cv_value = excluded.cv_value, ck_user = excluded.ck_user, ct_change = excluded.ct_change;
INSERT INTO s_mt.t_object_attr(ck_id, ck_object, ck_class_attr, cv_value, ck_user, ct_change) VALUES ('75', '3CF84AC6FFA44F9EA1CFDC24F0CB0565', '86', 'cv_value', '-11', '2018-02-23T15:08:23.000+0800')  ON CONFLICT ON CONSTRAINT cin_c_object_attr_1 do update set ck_object = excluded.ck_object, ck_class_attr = excluded.ck_class_attr, cv_value = excluded.cv_value, ck_user = excluded.ck_user, ct_change = excluded.ct_change;
INSERT INTO s_mt.t_object_attr(ck_id, ck_object, ck_class_attr, cv_value, ck_user, ct_change) VALUES ('6537', 'F6609EBB0C06497E94545035201B3F77', '120', 'ck_attr', '-11', '2018-02-23T15:08:23.000+0800')  ON CONFLICT ON CONSTRAINT cin_c_object_attr_1 do update set ck_object = excluded.ck_object, ck_class_attr = excluded.ck_class_attr, cv_value = excluded.cv_value, ck_user = excluded.ck_user, ct_change = excluded.ct_change;
INSERT INTO s_mt.t_object_attr(ck_id, ck_object, ck_class_attr, cv_value, ck_user, ct_change) VALUES ('225', 'FCBE051AA2A14A63BA6B73379B5B62A0', '126', 'ck_id', '-11', '2018-02-23T15:08:23.000+0800')  ON CONFLICT ON CONSTRAINT cin_c_object_attr_1 do update set ck_object = excluded.ck_object, ck_class_attr = excluded.ck_class_attr, cv_value = excluded.cv_value, ck_user = excluded.ck_user, ct_change = excluded.ct_change;
INSERT INTO s_mt.t_object_attr(ck_id, ck_object, ck_class_attr, cv_value, ck_user, ct_change) VALUES ('224', 'FCBE051AA2A14A63BA6B73379B5B62A0', '125', 'ck_attr', '-11', '2018-02-23T15:08:23.000+0800')  ON CONFLICT ON CONSTRAINT cin_c_object_attr_1 do update set ck_object = excluded.ck_object, ck_class_attr = excluded.ck_class_attr, cv_value = excluded.cv_value, ck_user = excluded.ck_user, ct_change = excluded.ct_change;
INSERT INTO s_mt.t_object_attr(ck_id, ck_object, ck_class_attr, cv_value, ck_user, ct_change) VALUES ('226', 'FCBE051AA2A14A63BA6B73379B5B62A0', '120', 'ck_class_attr', '10020788', '2018-03-29T15:15:16.000+0800')  ON CONFLICT ON CONSTRAINT cin_c_object_attr_1 do update set ck_object = excluded.ck_object, ck_class_attr = excluded.ck_class_attr, cv_value = excluded.cv_value, ck_user = excluded.ck_user, ct_change = excluded.ct_change;
INSERT INTO s_mt.t_object_attr(ck_id, ck_object, ck_class_attr, cv_value, ck_user, ct_change) VALUES ('228', 'C2B772CF4C4740EBAC996AD47FA34AE9', '126', 'ck_id', '-11', '2018-02-23T15:08:23.000+0800')  ON CONFLICT ON CONSTRAINT cin_c_object_attr_1 do update set ck_object = excluded.ck_object, ck_class_attr = excluded.ck_class_attr, cv_value = excluded.cv_value, ck_user = excluded.ck_user, ct_change = excluded.ct_change;
INSERT INTO s_mt.t_object_attr(ck_id, ck_object, ck_class_attr, cv_value, ck_user, ct_change) VALUES ('227', 'C2B772CF4C4740EBAC996AD47FA34AE9', '125', 'cv_name', '-11', '2018-02-23T15:08:23.000+0800')  ON CONFLICT ON CONSTRAINT cin_c_object_attr_1 do update set ck_object = excluded.ck_object, ck_class_attr = excluded.ck_class_attr, cv_value = excluded.cv_value, ck_user = excluded.ck_user, ct_change = excluded.ct_change;
INSERT INTO s_mt.t_object_attr(ck_id, ck_object, ck_class_attr, cv_value, ck_user, ct_change) VALUES ('229', 'C2B772CF4C4740EBAC996AD47FA34AE9', '120', 'ck_class', '10020788', '2018-03-29T14:21:34.000+0800')  ON CONFLICT ON CONSTRAINT cin_c_object_attr_1 do update set ck_object = excluded.ck_object, ck_class_attr = excluded.ck_class_attr, cv_value = excluded.cv_value, ck_user = excluded.ck_user, ct_change = excluded.ct_change;
INSERT INTO s_mt.t_object_attr(ck_id, ck_object, ck_class_attr, cv_value, ck_user, ct_change) VALUES ('218', '5FD84B57C03B4C7CA5B426A621175F86', '140', 'onSimpleSaveWindow', '-11', '2018-02-23T15:08:23.000+0800')  ON CONFLICT ON CONSTRAINT cin_c_object_attr_1 do update set ck_object = excluded.ck_object, ck_class_attr = excluded.ck_class_attr, cv_value = excluded.cv_value, ck_user = excluded.ck_user, ct_change = excluded.ct_change;
INSERT INTO s_mt.t_object_attr(ck_id, ck_object, ck_class_attr, cv_value, ck_user, ct_change) VALUES ('220', '411E506D52AC49D683838C2CD9BFBA21', '147', '2', '-11', '2018-02-23T15:08:23.000+0800')  ON CONFLICT ON CONSTRAINT cin_c_object_attr_1 do update set ck_object = excluded.ck_object, ck_class_attr = excluded.ck_class_attr, cv_value = excluded.cv_value, ck_user = excluded.ck_user, ct_change = excluded.ct_change;
INSERT INTO s_mt.t_object_attr(ck_id, ck_object, ck_class_attr, cv_value, ck_user, ct_change) VALUES ('8314', 'E6E64228A4DB4FF89E28CE77FD3B47CF', '97', 'false', '10020788', '2018-03-18T01:46:34.000+0800')  ON CONFLICT ON CONSTRAINT cin_c_object_attr_1 do update set ck_object = excluded.ck_object, ck_class_attr = excluded.ck_class_attr, cv_value = excluded.cv_value, ck_user = excluded.ck_user, ct_change = excluded.ct_change;
INSERT INTO s_mt.t_object(ck_id, ck_class, ck_parent, cv_name, cn_order, ck_query, cv_description, cv_displayed, cv_modify, ck_provider, ck_user, ct_change) VALUES ('0A03EF738B964B16B78F8E47C1A2A066', '35', null, 'SYS Tab Page << DO NOT CHANGE', 30, null, 'Таб-панель Страницы', null, null, null, '10020780', '2018-07-24T15:57:07.000+0800')  on conflict (ck_id) do update set ck_class = excluded.ck_class, ck_parent = excluded.ck_parent, cv_name = excluded.cv_name, cn_order = excluded.cn_order, ck_query = excluded.ck_query, cv_description = excluded.cv_description, cv_displayed = excluded.cv_displayed, cv_modify = excluded.cv_modify, ck_provider = excluded.ck_provider, ck_user = excluded.ck_user, ct_change = excluded.ct_change;
INSERT INTO s_mt.t_object(ck_id, ck_class, ck_parent, cv_name, cn_order, ck_query, cv_description, cv_displayed, cv_modify, ck_provider, ck_user, ct_change) VALUES ('A1707D6B3442425BAB77E04962EDC94D', '8', '0A03EF738B964B16B78F8E47C1A2A066', 'SYS Grid POA << DO NOT CHANGE', 10, 'MTPageObjectAttribute', 'Грид "Атрибуты объекта на странице"', 'Атрибуты объекта на странице', 'pkg_json_meta.f_modify_page_object_attr', 'meta', '10020780', '2018-07-23T20:48:37.000+0800')  on conflict (ck_id) do update set ck_class = excluded.ck_class, ck_parent = excluded.ck_parent, cv_name = excluded.cv_name, cn_order = excluded.cn_order, ck_query = excluded.ck_query, cv_description = excluded.cv_description, cv_displayed = excluded.cv_displayed, cv_modify = excluded.cv_modify, ck_provider = excluded.ck_provider, ck_user = excluded.ck_user, ct_change = excluded.ct_change;
INSERT INTO s_mt.t_object(ck_id, ck_class, ck_parent, cv_name, cn_order, ck_query, cv_description, cv_displayed, cv_modify, ck_provider, ck_user, ct_change) VALUES ('6B214CDC907D43328F55C63F791B91C3', '8', '0A03EF738B964B16B78F8E47C1A2A066', 'SYS Grid Variable << DO NOT CHANGE', 20, 'MTPageVariable', 'Глобальные переменные на странице', 'Глобальные переменные на странице', 'pkg_json_meta.f_modify_page_variable', 'meta', '20788', '2018-12-08T20:50:25.000+0800')  on conflict (ck_id) do update set ck_class = excluded.ck_class, ck_parent = excluded.ck_parent, cv_name = excluded.cv_name, cn_order = excluded.cn_order, ck_query = excluded.ck_query, cv_description = excluded.cv_description, cv_displayed = excluded.cv_displayed, cv_modify = excluded.cv_modify, ck_provider = excluded.ck_provider, ck_user = excluded.ck_user, ct_change = excluded.ct_change;
INSERT INTO s_mt.t_object(ck_id, ck_class, ck_parent, cv_name, cn_order, ck_query, cv_description, cv_displayed, cv_modify, ck_provider, ck_user, ct_change) VALUES ('A472952870C3428782C94EDB087C243D', '9', '6B214CDC907D43328F55C63F791B91C3', 'cv_description', 60, null, 'Описание', 'Описание', null, null, '10020780', '2018-07-23T19:21:28.000+0800')  on conflict (ck_id) do update set ck_class = excluded.ck_class, ck_parent = excluded.ck_parent, cv_name = excluded.cv_name, cn_order = excluded.cn_order, ck_query = excluded.ck_query, cv_description = excluded.cv_description, cv_displayed = excluded.cv_displayed, cv_modify = excluded.cv_modify, ck_provider = excluded.ck_provider, ck_user = excluded.ck_user, ct_change = excluded.ct_change;
INSERT INTO s_mt.t_object(ck_id, ck_class, ck_parent, cv_name, cn_order, ck_query, cv_description, cv_displayed, cv_modify, ck_provider, ck_user, ct_change) VALUES ('D678025E869F496DAB0DC2F6E6EA04E1', '9', '6B214CDC907D43328F55C63F791B91C3', 'Set Object', 40, null, 'Объект, задающий глобальную переменную', 'Объект, задающий глобальную переменную', null, null, '10020780', '2018-07-23T19:20:10.000+0800')  on conflict (ck_id) do update set ck_class = excluded.ck_class, ck_parent = excluded.ck_parent, cv_name = excluded.cv_name, cn_order = excluded.cn_order, ck_query = excluded.ck_query, cv_description = excluded.cv_description, cv_displayed = excluded.cv_displayed, cv_modify = excluded.cv_modify, ck_provider = excluded.ck_provider, ck_user = excluded.ck_user, ct_change = excluded.ct_change;
INSERT INTO s_mt.t_object(ck_id, ck_class, ck_parent, cv_name, cn_order, ck_query, cv_description, cv_displayed, cv_modify, ck_provider, ck_user, ct_change) VALUES ('F976D933C12248428804E879F51DC067', '19', '6B214CDC907D43328F55C63F791B91C3', 'Add Button', 10, null, 'Добавить', 'Добавить', null, null, '10020780', '2018-07-23T19:16:19.000+0800')  on conflict (ck_id) do update set ck_class = excluded.ck_class, ck_parent = excluded.ck_parent, cv_name = excluded.cv_name, cn_order = excluded.cn_order, ck_query = excluded.ck_query, cv_description = excluded.cv_description, cv_displayed = excluded.cv_displayed, cv_modify = excluded.cv_modify, ck_provider = excluded.ck_provider, ck_user = excluded.ck_user, ct_change = excluded.ct_change;
INSERT INTO s_mt.t_object(ck_id, ck_class, ck_parent, cv_name, cn_order, ck_query, cv_description, cv_displayed, cv_modify, ck_provider, ck_user, ct_change) VALUES ('6EAE71D55BD74B2AA767BCD0C5C7FBD3', '9', '6B214CDC907D43328F55C63F791B91C3', 'Get Object', 50, null, 'Объект, получающий глобальную переменную', 'Объект, получающий глобальную переменную', null, null, '10020780', '2018-07-23T19:20:56.000+0800')  on conflict (ck_id) do update set ck_class = excluded.ck_class, ck_parent = excluded.ck_parent, cv_name = excluded.cv_name, cn_order = excluded.cn_order, ck_query = excluded.ck_query, cv_description = excluded.cv_description, cv_displayed = excluded.cv_displayed, cv_modify = excluded.cv_modify, ck_provider = excluded.ck_provider, ck_user = excluded.ck_user, ct_change = excluded.ct_change;
INSERT INTO s_mt.t_object(ck_id, ck_class, ck_parent, cv_name, cn_order, ck_query, cv_description, cv_displayed, cv_modify, ck_provider, ck_user, ct_change) VALUES ('4B7F8B7BCCB549E3ACBF66B23A68227B', '16', '6B214CDC907D43328F55C63F791B91C3', 'Edit Button', 20, null, 'Редактирование', null, null, null, '10020780', '2018-07-23T19:16:13.000+0800')  on conflict (ck_id) do update set ck_class = excluded.ck_class, ck_parent = excluded.ck_parent, cv_name = excluded.cv_name, cn_order = excluded.cn_order, ck_query = excluded.ck_query, cv_description = excluded.cv_description, cv_displayed = excluded.cv_displayed, cv_modify = excluded.cv_modify, ck_provider = excluded.ck_provider, ck_user = excluded.ck_user, ct_change = excluded.ct_change;
INSERT INTO s_mt.t_object(ck_id, ck_class, ck_parent, cv_name, cn_order, ck_query, cv_description, cv_displayed, cv_modify, ck_provider, ck_user, ct_change) VALUES ('348B927874AC465084BA622767F58E8E', '9', '6B214CDC907D43328F55C63F791B91C3', 'cv_name_global', 30, null, 'Наименование глобальной переменной', 'Наименование глобальной переменной', null, null, '10020780', '2018-07-23T19:23:25.000+0800')  on conflict (ck_id) do update set ck_class = excluded.ck_class, ck_parent = excluded.ck_parent, cv_name = excluded.cv_name, cn_order = excluded.cn_order, ck_query = excluded.ck_query, cv_description = excluded.cv_description, cv_displayed = excluded.cv_displayed, cv_modify = excluded.cv_modify, ck_provider = excluded.ck_provider, ck_user = excluded.ck_user, ct_change = excluded.ct_change;
INSERT INTO s_mt.t_object(ck_id, ck_class, ck_parent, cv_name, cn_order, ck_query, cv_description, cv_displayed, cv_modify, ck_provider, ck_user, ct_change) VALUES ('3CA37BF3A40E4B96A10C80D72390D88A', '9', 'A1707D6B3442425BAB77E04962EDC94D', 'Column value by Object', 500, null, 'Колонка "Значение, переопределенное на объекте"', 'Значение, переопределенное на объекте', null, null, '-11', '2018-02-23T15:08:15.000+0800')  on conflict (ck_id) do update set ck_class = excluded.ck_class, ck_parent = excluded.ck_parent, cv_name = excluded.cv_name, cn_order = excluded.cn_order, ck_query = excluded.ck_query, cv_description = excluded.cv_description, cv_displayed = excluded.cv_displayed, cv_modify = excluded.cv_modify, ck_provider = excluded.ck_provider, ck_user = excluded.ck_user, ct_change = excluded.ct_change;
INSERT INTO s_mt.t_object(ck_id, ck_class, ck_parent, cv_name, cn_order, ck_query, cv_description, cv_displayed, cv_modify, ck_provider, ck_user, ct_change) VALUES ('C03108AB21C444F58C0F3C57E99B917E', '9', 'A1707D6B3442425BAB77E04962EDC94D', 'Column value POA', 550, null, 'Колонка "Значение, переопределенное на странице"', 'Значение, переопределенное на странице', null, null, '-11', '2018-02-23T15:08:15.000+0800')  on conflict (ck_id) do update set ck_class = excluded.ck_class, ck_parent = excluded.ck_parent, cv_name = excluded.cv_name, cn_order = excluded.cn_order, ck_query = excluded.ck_query, cv_description = excluded.cv_description, cv_displayed = excluded.cv_displayed, cv_modify = excluded.cv_modify, ck_provider = excluded.ck_provider, ck_user = excluded.ck_user, ct_change = excluded.ct_change;
INSERT INTO s_mt.t_object(ck_id, ck_class, ck_parent, cv_name, cn_order, ck_query, cv_description, cv_displayed, cv_modify, ck_provider, ck_user, ct_change) VALUES ('84BAC1BFD92A4E5EAF68057EBEC1234A', '9', 'A1707D6B3442425BAB77E04962EDC94D', 'Column Name', 300, null, 'Колонка "Наименование"', 'Наименование', null, null, '-11', '2018-02-23T15:08:15.000+0800')  on conflict (ck_id) do update set ck_class = excluded.ck_class, ck_parent = excluded.ck_parent, cv_name = excluded.cv_name, cn_order = excluded.cn_order, ck_query = excluded.ck_query, cv_description = excluded.cv_description, cv_displayed = excluded.cv_displayed, cv_modify = excluded.cv_modify, ck_provider = excluded.ck_provider, ck_user = excluded.ck_user, ct_change = excluded.ct_change;
INSERT INTO s_mt.t_object(ck_id, ck_class, ck_parent, cv_name, cn_order, ck_query, cv_description, cv_displayed, cv_modify, ck_provider, ck_user, ct_change) VALUES ('84595AB4D5BD6B95E053809BA8C06D64', '32', 'A1707D6B3442425BAB77E04962EDC94D', 'Редактирование rules', 2, null, 'Редактирование rules', 'Редактирование rules', null, null, '20785', '2019-03-18T22:40:44.000+0800')  on conflict (ck_id) do update set ck_class = excluded.ck_class, ck_parent = excluded.ck_parent, cv_name = excluded.cv_name, cn_order = excluded.cn_order, ck_query = excluded.ck_query, cv_description = excluded.cv_description, cv_displayed = excluded.cv_displayed, cv_modify = excluded.cv_modify, ck_provider = excluded.ck_provider, ck_user = excluded.ck_user, ct_change = excluded.ct_change;
INSERT INTO s_mt.t_object(ck_id, ck_class, ck_parent, cv_name, cn_order, ck_query, cv_description, cv_displayed, cv_modify, ck_provider, ck_user, ct_change) VALUES ('3F19370F79234FF1AC7E8D37C88A1FED', '9', 'A1707D6B3442425BAB77E04962EDC94D', 'Column default value', 400, null, 'Колонка "Значение по умолчанию"', 'Значение по умолчанию', null, null, '-11', '2018-02-23T15:08:15.000+0800')  on conflict (ck_id) do update set ck_class = excluded.ck_class, ck_parent = excluded.ck_parent, cv_name = excluded.cv_name, cn_order = excluded.cn_order, ck_query = excluded.ck_query, cv_description = excluded.cv_description, cv_displayed = excluded.cv_displayed, cv_modify = excluded.cv_modify, ck_provider = excluded.ck_provider, ck_user = excluded.ck_user, ct_change = excluded.ct_change;
INSERT INTO s_mt.t_object(ck_id, ck_class, ck_parent, cv_name, cn_order, ck_query, cv_description, cv_displayed, cv_modify, ck_provider, ck_user, ct_change) VALUES ('4EE9F7610F094E73B54E8ECF42618A1C', '9', 'A1707D6B3442425BAB77E04962EDC94D', 'COPY of Object Attr Desc', 600, null, 'Описание атрибута', 'Описание', null, null, '-11', '2018-02-23T15:08:15.000+0800')  on conflict (ck_id) do update set ck_class = excluded.ck_class, ck_parent = excluded.ck_parent, cv_name = excluded.cv_name, cn_order = excluded.cn_order, ck_query = excluded.ck_query, cv_description = excluded.cv_description, cv_displayed = excluded.cv_displayed, cv_modify = excluded.cv_modify, ck_provider = excluded.ck_provider, ck_user = excluded.ck_user, ct_change = excluded.ct_change;
INSERT INTO s_mt.t_object(ck_id, ck_class, ck_parent, cv_name, cn_order, ck_query, cv_description, cv_displayed, cv_modify, ck_provider, ck_user, ct_change) VALUES ('50CA5A6528314911AF713C957850D441', '16', 'A1707D6B3442425BAB77E04962EDC94D', 'Button Edit', 100, null, 'Кнопка "Редактировать" в гриде', 'Редактировать', null, null, '-11', '2018-02-23T15:08:15.000+0800')  on conflict (ck_id) do update set ck_class = excluded.ck_class, ck_parent = excluded.ck_parent, cv_name = excluded.cv_name, cn_order = excluded.cn_order, ck_query = excluded.ck_query, cv_description = excluded.cv_description, cv_displayed = excluded.cv_displayed, cv_modify = excluded.cv_modify, ck_provider = excluded.ck_provider, ck_user = excluded.ck_user, ct_change = excluded.ct_change;
INSERT INTO s_mt.t_object(ck_id, ck_class, ck_parent, cv_name, cn_order, ck_query, cv_description, cv_displayed, cv_modify, ck_provider, ck_user, ct_change) VALUES ('846068E856F960DAE053809BA8C0149C', '19', '84595AB4D5BD6B95E053809BA8C06D64', 'Сохранить', 500, null, 'Сохранить', 'Сохранить', null, null, '20785', '2019-03-18T23:08:48.000+0800')  on conflict (ck_id) do update set ck_class = excluded.ck_class, ck_parent = excluded.ck_parent, cv_name = excluded.cv_name, cn_order = excluded.cn_order, ck_query = excluded.ck_query, cv_description = excluded.cv_description, cv_displayed = excluded.cv_displayed, cv_modify = excluded.cv_modify, ck_provider = excluded.ck_provider, ck_user = excluded.ck_user, ct_change = excluded.ct_change;
INSERT INTO s_mt.t_object(ck_id, ck_class, ck_parent, cv_name, cn_order, ck_query, cv_description, cv_displayed, cv_modify, ck_provider, ck_user, ct_change) VALUES ('84595AB4D5BE6B95E053809BA8C06D64', '19', '84595AB4D5BD6B95E053809BA8C06D64', 'Отмена', 501, null, 'Отмена', 'Отмена', null, null, '20785', '2019-03-18T22:46:00.000+0800')  on conflict (ck_id) do update set ck_class = excluded.ck_class, ck_parent = excluded.ck_parent, cv_name = excluded.cv_name, cn_order = excluded.cn_order, ck_query = excluded.ck_query, cv_description = excluded.cv_description, cv_displayed = excluded.cv_displayed, cv_modify = excluded.cv_modify, ck_provider = excluded.ck_provider, ck_user = excluded.ck_user, ct_change = excluded.ct_change;
INSERT INTO s_mt.t_object(ck_id, ck_class, ck_parent, cv_name, cn_order, ck_query, cv_description, cv_displayed, cv_modify, ck_provider, ck_user, ct_change) VALUES ('846068E856FD60DAE053809BA8C0149C', '84599990888B6BCCE053809BA8C00CC8', '84595AB4D5BD6B95E053809BA8C06D64', 'Редактирование rules', 10, null, 'Редактирование rules', 'Редактирование rules', null, null, '20785', '2019-03-18T22:58:19.000+0800')  on conflict (ck_id) do update set ck_class = excluded.ck_class, ck_parent = excluded.ck_parent, cv_name = excluded.cv_name, cn_order = excluded.cn_order, ck_query = excluded.ck_query, cv_description = excluded.cv_description, cv_displayed = excluded.cv_displayed, cv_modify = excluded.cv_modify, ck_provider = excluded.ck_provider, ck_user = excluded.ck_user, ct_change = excluded.ct_change;
INSERT INTO s_mt.t_object(ck_id, ck_class, ck_parent, cv_name, cn_order, ck_query, cv_description, cv_displayed, cv_modify, ck_provider, ck_user, ct_change) VALUES ('1D635F42855D49EBBFDB5C939D9CA38C', '31', 'C03108AB21C444F58C0F3C57E99B917E', 'POA Value Field', 100, 'MTGetValuesForPOA', 'Поле редактирование значения атрибута на странице', null, null, null, '-11', '2018-02-23T15:08:15.000+0800')  on conflict (ck_id) do update set ck_class = excluded.ck_class, ck_parent = excluded.ck_parent, cv_name = excluded.cv_name, cn_order = excluded.cn_order, ck_query = excluded.ck_query, cv_description = excluded.cv_description, cv_displayed = excluded.cv_displayed, cv_modify = excluded.cv_modify, ck_provider = excluded.ck_provider, ck_user = excluded.ck_user, ct_change = excluded.ct_change;
INSERT INTO s_mt.t_object_attr(ck_id, ck_object, ck_class_attr, cv_value, ck_user, ct_change) VALUES ('93135', 'A1707D6B3442425BAB77E04962EDC94D', '28169', 'true', '10020785', '2018-10-17T14:22:59.000+0800')  ON CONFLICT ON CONSTRAINT cin_c_object_attr_1 do update set ck_object = excluded.ck_object, ck_class_attr = excluded.ck_class_attr, cv_value = excluded.cv_value, ck_user = excluded.ck_user, ct_change = excluded.ct_change;
INSERT INTO s_mt.t_object_attr(ck_id, ck_object, ck_class_attr, cv_value, ck_user, ct_change) VALUES ('8323', 'A1707D6B3442425BAB77E04962EDC94D', '1600', '500', '10020788', '2018-03-18T02:39:14.000+0800')  ON CONFLICT ON CONSTRAINT cin_c_object_attr_1 do update set ck_object = excluded.ck_object, ck_class_attr = excluded.ck_class_attr, cv_value = excluded.cv_value, ck_user = excluded.ck_user, ct_change = excluded.ct_change;
INSERT INTO s_mt.t_object_attr(ck_id, ck_object, ck_class_attr, cv_value, ck_user, ct_change) VALUES ('29082', '6B214CDC907D43328F55C63F791B91C3', '852', 'cv_name', '20780', '2018-10-27T01:12:44.000+0800')  ON CONFLICT ON CONSTRAINT cin_c_object_attr_1 do update set ck_object = excluded.ck_object, ck_class_attr = excluded.ck_class_attr, cv_value = excluded.cv_value, ck_user = excluded.ck_user, ct_change = excluded.ct_change;
INSERT INTO s_mt.t_object_attr(ck_id, ck_object, ck_class_attr, cv_value, ck_user, ct_change) VALUES ('97183', '6B214CDC907D43328F55C63F791B91C3', '1600', '350', '20780', '2018-10-27T01:13:41.000+0800')  ON CONFLICT ON CONSTRAINT cin_c_object_attr_1 do update set ck_object = excluded.ck_object, ck_class_attr = excluded.ck_class_attr, cv_value = excluded.cv_value, ck_user = excluded.ck_user, ct_change = excluded.ct_change;
INSERT INTO s_mt.t_object_attr(ck_id, ck_object, ck_class_attr, cv_value, ck_user, ct_change) VALUES ('97182', '6B214CDC907D43328F55C63F791B91C3', '853', 'ASC', '20780', '2018-10-27T01:12:51.000+0800')  ON CONFLICT ON CONSTRAINT cin_c_object_attr_1 do update set ck_object = excluded.ck_object, ck_class_attr = excluded.ck_class_attr, cv_value = excluded.cv_value, ck_user = excluded.ck_user, ct_change = excluded.ct_change;
INSERT INTO s_mt.t_object_attr(ck_id, ck_object, ck_class_attr, cv_value, ck_user, ct_change) VALUES ('3820', 'A1707D6B3442425BAB77E04962EDC94D', '852', 'ck_attr', '-11', '2018-02-23T15:08:23.000+0800')  ON CONFLICT ON CONSTRAINT cin_c_object_attr_1 do update set ck_object = excluded.ck_object, ck_class_attr = excluded.ck_class_attr, cv_value = excluded.cv_value, ck_user = excluded.ck_user, ct_change = excluded.ct_change;
INSERT INTO s_mt.t_object_attr(ck_id, ck_object, ck_class_attr, cv_value, ck_user, ct_change) VALUES ('29074', 'F976D933C12248428804E879F51DC067', '155', '1', '10020780', '2018-07-23T19:16:56.000+0800')  ON CONFLICT ON CONSTRAINT cin_c_object_attr_1 do update set ck_object = excluded.ck_object, ck_class_attr = excluded.ck_class_attr, cv_value = excluded.cv_value, ck_user = excluded.ck_user, ct_change = excluded.ct_change;
INSERT INTO s_mt.t_object_attr(ck_id, ck_object, ck_class_attr, cv_value, ck_user, ct_change) VALUES ('202501850221', 'F976D933C12248428804E879F51DC067', '992', 'fa-plus', '20780', '2019-01-14T21:14:44.000+0800')  ON CONFLICT ON CONSTRAINT cin_c_object_attr_1 do update set ck_object = excluded.ck_object, ck_class_attr = excluded.ck_class_attr, cv_value = excluded.cv_value, ck_user = excluded.ck_user, ct_change = excluded.ct_change;
INSERT INTO s_mt.t_object_attr(ck_id, ck_object, ck_class_attr, cv_value, ck_user, ct_change) VALUES ('3837', '3CA37BF3A40E4B96A10C80D72390D88A', '433', 'disabled', '-11', '2018-02-23T15:08:23.000+0800')  ON CONFLICT ON CONSTRAINT cin_c_object_attr_1 do update set ck_object = excluded.ck_object, ck_class_attr = excluded.ck_class_attr, cv_value = excluded.cv_value, ck_user = excluded.ck_user, ct_change = excluded.ct_change;
INSERT INTO s_mt.t_object_attr(ck_id, ck_object, ck_class_attr, cv_value, ck_user, ct_change) VALUES ('3809', '3CA37BF3A40E4B96A10C80D72390D88A', '47', 'cv_value_oa', '-11', '2018-02-23T15:08:23.000+0800')  ON CONFLICT ON CONSTRAINT cin_c_object_attr_1 do update set ck_object = excluded.ck_object, ck_class_attr = excluded.ck_class_attr, cv_value = excluded.cv_value, ck_user = excluded.ck_user, ct_change = excluded.ct_change;
INSERT INTO s_mt.t_object_attr(ck_id, ck_object, ck_class_attr, cv_value, ck_user, ct_change) VALUES ('3815', '3F19370F79234FF1AC7E8D37C88A1FED', '433', 'disabled', '-11', '2018-02-23T15:08:23.000+0800')  ON CONFLICT ON CONSTRAINT cin_c_object_attr_1 do update set ck_object = excluded.ck_object, ck_class_attr = excluded.ck_class_attr, cv_value = excluded.cv_value, ck_user = excluded.ck_user, ct_change = excluded.ct_change;
INSERT INTO s_mt.t_object_attr(ck_id, ck_object, ck_class_attr, cv_value, ck_user, ct_change) VALUES ('3808', '3F19370F79234FF1AC7E8D37C88A1FED', '47', 'cv_value_ca', '-11', '2018-02-23T15:08:23.000+0800')  ON CONFLICT ON CONSTRAINT cin_c_object_attr_1 do update set ck_object = excluded.ck_object, ck_class_attr = excluded.ck_class_attr, cv_value = excluded.cv_value, ck_user = excluded.ck_user, ct_change = excluded.ct_change;
INSERT INTO s_mt.t_object_attr(ck_id, ck_object, ck_class_attr, cv_value, ck_user, ct_change) VALUES ('3817', '4EE9F7610F094E73B54E8ECF42618A1C', '433', 'disabled', '-11', '2018-02-23T15:08:23.000+0800')  ON CONFLICT ON CONSTRAINT cin_c_object_attr_1 do update set ck_object = excluded.ck_object, ck_class_attr = excluded.ck_class_attr, cv_value = excluded.cv_value, ck_user = excluded.ck_user, ct_change = excluded.ct_change;
INSERT INTO s_mt.t_object_attr(ck_id, ck_object, ck_class_attr, cv_value, ck_user, ct_change) VALUES ('41072', 'D678025E869F496DAB0DC2F6E6EA04E1', '47', 'cv_path_set', '10020788', '2018-07-30T16:13:35.000+0800')  ON CONFLICT ON CONSTRAINT cin_c_object_attr_1 do update set ck_object = excluded.ck_object, ck_class_attr = excluded.ck_class_attr, cv_value = excluded.cv_value, ck_user = excluded.ck_user, ct_change = excluded.ct_change;
INSERT INTO s_mt.t_object_attr(ck_id, ck_object, ck_class_attr, cv_value, ck_user, ct_change) VALUES ('41074', 'D678025E869F496DAB0DC2F6E6EA04E1', '433', 'disabled', '10020788', '2018-07-30T16:23:06.000+0800')  ON CONFLICT ON CONSTRAINT cin_c_object_attr_1 do update set ck_object = excluded.ck_object, ck_class_attr = excluded.ck_class_attr, cv_value = excluded.cv_value, ck_user = excluded.ck_user, ct_change = excluded.ct_change;
INSERT INTO s_mt.t_object_attr(ck_id, ck_object, ck_class_attr, cv_value, ck_user, ct_change) VALUES ('29075', 'A472952870C3428782C94EDB087C243D', '47', 'cv_description', '10020788', '2018-07-24T15:18:44.000+0800')  ON CONFLICT ON CONSTRAINT cin_c_object_attr_1 do update set ck_object = excluded.ck_object, ck_class_attr = excluded.ck_class_attr, cv_value = excluded.cv_value, ck_user = excluded.ck_user, ct_change = excluded.ct_change;
INSERT INTO s_mt.t_object_attr(ck_id, ck_object, ck_class_attr, cv_value, ck_user, ct_change) VALUES ('41073', '6EAE71D55BD74B2AA767BCD0C5C7FBD3', '47', 'cv_path_get', '10020788', '2018-07-30T16:14:22.000+0800')  ON CONFLICT ON CONSTRAINT cin_c_object_attr_1 do update set ck_object = excluded.ck_object, ck_class_attr = excluded.ck_class_attr, cv_value = excluded.cv_value, ck_user = excluded.ck_user, ct_change = excluded.ct_change;
INSERT INTO s_mt.t_object_attr(ck_id, ck_object, ck_class_attr, cv_value, ck_user, ct_change) VALUES ('41075', '6EAE71D55BD74B2AA767BCD0C5C7FBD3', '433', 'disabled', '10020788', '2018-07-30T16:23:31.000+0800')  ON CONFLICT ON CONSTRAINT cin_c_object_attr_1 do update set ck_object = excluded.ck_object, ck_class_attr = excluded.ck_class_attr, cv_value = excluded.cv_value, ck_user = excluded.ck_user, ct_change = excluded.ct_change;
INSERT INTO s_mt.t_object_attr(ck_id, ck_object, ck_class_attr, cv_value, ck_user, ct_change) VALUES ('31072', '348B927874AC465084BA622767F58E8E', '47', 'cv_name', '10020788', '2018-07-24T15:18:28.000+0800')  ON CONFLICT ON CONSTRAINT cin_c_object_attr_1 do update set ck_object = excluded.ck_object, ck_class_attr = excluded.ck_class_attr, cv_value = excluded.cv_value, ck_user = excluded.ck_user, ct_change = excluded.ct_change;
INSERT INTO s_mt.t_object_attr(ck_id, ck_object, ck_class_attr, cv_value, ck_user, ct_change) VALUES ('3816', '4EE9F7610F094E73B54E8ECF42618A1C', '47', 'cv_description', '-11', '2018-02-23T15:08:23.000+0800')  ON CONFLICT ON CONSTRAINT cin_c_object_attr_1 do update set ck_object = excluded.ck_object, ck_class_attr = excluded.ck_class_attr, cv_value = excluded.cv_value, ck_user = excluded.ck_user, ct_change = excluded.ct_change;
INSERT INTO s_mt.t_object_attr(ck_id, ck_object, ck_class_attr, cv_value, ck_user, ct_change) VALUES ('3826', 'C03108AB21C444F58C0F3C57E99B917E', '47', 'cv_value', '-11', '2018-02-23T15:08:23.000+0800')  ON CONFLICT ON CONSTRAINT cin_c_object_attr_1 do update set ck_object = excluded.ck_object, ck_class_attr = excluded.ck_class_attr, cv_value = excluded.cv_value, ck_user = excluded.ck_user, ct_change = excluded.ct_change;
INSERT INTO s_mt.t_object_attr(ck_id, ck_object, ck_class_attr, cv_value, ck_user, ct_change) VALUES ('3807', '84BAC1BFD92A4E5EAF68057EBEC1234A', '47', 'ck_attr', '-11', '2018-02-23T15:08:23.000+0800')  ON CONFLICT ON CONSTRAINT cin_c_object_attr_1 do update set ck_object = excluded.ck_object, ck_class_attr = excluded.ck_class_attr, cv_value = excluded.cv_value, ck_user = excluded.ck_user, ct_change = excluded.ct_change;
INSERT INTO s_mt.t_object_attr(ck_id, ck_object, ck_class_attr, cv_value, ck_user, ct_change) VALUES ('3814', '84BAC1BFD92A4E5EAF68057EBEC1234A', '433', 'disabled', '-11', '2018-02-23T15:08:23.000+0800')  ON CONFLICT ON CONSTRAINT cin_c_object_attr_1 do update set ck_object = excluded.ck_object, ck_class_attr = excluded.ck_class_attr, cv_value = excluded.cv_value, ck_user = excluded.ck_user, ct_change = excluded.ct_change;
INSERT INTO s_mt.t_object_attr(ck_id, ck_object, ck_class_attr, cv_value, ck_user, ct_change) VALUES ('846060F16DF160F2E053809BA8C0CA26', '84595AB4D5BD6B95E053809BA8C06D64', '1029', 'rules', '20785', '2019-03-18T22:41:06.000+0800')  ON CONFLICT ON CONSTRAINT cin_c_object_attr_1 do update set ck_object = excluded.ck_object, ck_class_attr = excluded.ck_class_attr, cv_value = excluded.cv_value, ck_user = excluded.ck_user, ct_change = excluded.ct_change;
INSERT INTO s_mt.t_object_attr(ck_id, ck_object, ck_class_attr, cv_value, ck_user, ct_change) VALUES ('846060F16DF260F2E053809BA8C0CA26', '846068E856F960DAE053809BA8C0149C', '140', 'onSimpleSaveWindow', '20785', '2019-03-18T22:44:59.000+0800')  ON CONFLICT ON CONSTRAINT cin_c_object_attr_1 do update set ck_object = excluded.ck_object, ck_class_attr = excluded.ck_class_attr, cv_value = excluded.cv_value, ck_user = excluded.ck_user, ct_change = excluded.ct_change;
INSERT INTO s_mt.t_object_attr(ck_id, ck_object, ck_class_attr, cv_value, ck_user, ct_change) VALUES ('3828', '1D635F42855D49EBBFDB5C939D9CA38C', '863', 'cv_entered', '-11', '2018-02-23T15:08:23.000+0800')  ON CONFLICT ON CONSTRAINT cin_c_object_attr_1 do update set ck_object = excluded.ck_object, ck_class_attr = excluded.ck_class_attr, cv_value = excluded.cv_value, ck_user = excluded.ck_user, ct_change = excluded.ct_change;
INSERT INTO s_mt.t_object_attr(ck_id, ck_object, ck_class_attr, cv_value, ck_user, ct_change) VALUES ('84599990888E6BCCE053809BA8C00CC8', '846068E856FD60DAE053809BA8C0149C', '846060F16DF460F2E053809BA8C0CA26', 'true', '20785', '2019-03-18T22:58:42.000+0800')  ON CONFLICT ON CONSTRAINT cin_c_object_attr_1 do update set ck_object = excluded.ck_object, ck_class_attr = excluded.ck_class_attr, cv_value = excluded.cv_value, ck_user = excluded.ck_user, ct_change = excluded.ct_change;
INSERT INTO s_mt.t_object_attr(ck_id, ck_object, ck_class_attr, cv_value, ck_user, ct_change) VALUES ('846060F16DF660F2E053809BA8C0CA26', '846068E856FD60DAE053809BA8C0149C', '846068E856FC60DAE053809BA8C0149C', 'cv_value', '20785', '2019-03-18T22:58:33.000+0800')  ON CONFLICT ON CONSTRAINT cin_c_object_attr_1 do update set ck_object = excluded.ck_object, ck_class_attr = excluded.ck_class_attr, cv_value = excluded.cv_value, ck_user = excluded.ck_user, ct_change = excluded.ct_change;
INSERT INTO s_mt.t_object_attr(ck_id, ck_object, ck_class_attr, cv_value, ck_user, ct_change) VALUES ('3831', '1D635F42855D49EBBFDB5C939D9CA38C', '570', 'false', '-11', '2018-02-23T15:08:23.000+0800')  ON CONFLICT ON CONSTRAINT cin_c_object_attr_1 do update set ck_object = excluded.ck_object, ck_class_attr = excluded.ck_class_attr, cv_value = excluded.cv_value, ck_user = excluded.ck_user, ct_change = excluded.ct_change;
INSERT INTO s_mt.t_object_attr(ck_id, ck_object, ck_class_attr, cv_value, ck_user, ct_change) VALUES ('3830', '1D635F42855D49EBBFDB5C939D9CA38C', '752', 'true', '-11', '2018-02-23T15:08:23.000+0800')  ON CONFLICT ON CONSTRAINT cin_c_object_attr_1 do update set ck_object = excluded.ck_object, ck_class_attr = excluded.ck_class_attr, cv_value = excluded.cv_value, ck_user = excluded.ck_user, ct_change = excluded.ct_change;
INSERT INTO s_mt.t_object_attr(ck_id, ck_object, ck_class_attr, cv_value, ck_user, ct_change) VALUES ('3829', '1D635F42855D49EBBFDB5C939D9CA38C', '861', 'ck_attr', '-11', '2018-02-23T15:08:23.000+0800')  ON CONFLICT ON CONSTRAINT cin_c_object_attr_1 do update set ck_object = excluded.ck_object, ck_class_attr = excluded.ck_class_attr, cv_value = excluded.cv_value, ck_user = excluded.ck_user, ct_change = excluded.ct_change;
INSERT INTO s_mt.t_object_attr(ck_id, ck_object, ck_class_attr, cv_value, ck_user, ct_change) VALUES ('3835', '1D635F42855D49EBBFDB5C939D9CA38C', '120', 'cv_value', '-11', '2018-02-23T15:08:23.000+0800')  ON CONFLICT ON CONSTRAINT cin_c_object_attr_1 do update set ck_object = excluded.ck_object, ck_class_attr = excluded.ck_class_attr, cv_value = excluded.cv_value, ck_user = excluded.ck_user, ct_change = excluded.ct_change;
INSERT INTO s_mt.t_object_attr(ck_id, ck_object, ck_class_attr, cv_value, ck_user, ct_change) VALUES ('4852', '1D635F42855D49EBBFDB5C939D9CA38C', '121', '400', '-11', '2018-02-23T15:08:23.000+0800')  ON CONFLICT ON CONSTRAINT cin_c_object_attr_1 do update set ck_object = excluded.ck_object, ck_class_attr = excluded.ck_class_attr, cv_value = excluded.cv_value, ck_user = excluded.ck_user, ct_change = excluded.ct_change;
INSERT INTO s_mt.t_object_attr(ck_id, ck_object, ck_class_attr, cv_value, ck_user, ct_change) VALUES ('3834', '1D635F42855D49EBBFDB5C939D9CA38C', '125', 'cv_value', '-11', '2018-02-23T15:08:23.000+0800')  ON CONFLICT ON CONSTRAINT cin_c_object_attr_1 do update set ck_object = excluded.ck_object, ck_class_attr = excluded.ck_class_attr, cv_value = excluded.cv_value, ck_user = excluded.ck_user, ct_change = excluded.ct_change;
INSERT INTO s_mt.t_object_attr(ck_id, ck_object, ck_class_attr, cv_value, ck_user, ct_change) VALUES ('3833', '1D635F42855D49EBBFDB5C939D9CA38C', '126', 'cv_value', '-11', '2018-02-23T15:08:23.000+0800')  ON CONFLICT ON CONSTRAINT cin_c_object_attr_1 do update set ck_object = excluded.ck_object, ck_class_attr = excluded.ck_class_attr, cv_value = excluded.cv_value, ck_user = excluded.ck_user, ct_change = excluded.ct_change;
INSERT INTO s_mt.t_object_attr(ck_id, ck_object, ck_class_attr, cv_value, ck_user, ct_change) VALUES ('84595AB4D5BF6B95E053809BA8C06D64', '84595AB4D5BE6B95E053809BA8C06D64', '1997', 'Отменить?', '20785', '2019-03-18T22:46:48.000+0800')  ON CONFLICT ON CONSTRAINT cin_c_object_attr_1 do update set ck_object = excluded.ck_object, ck_class_attr = excluded.ck_class_attr, cv_value = excluded.cv_value, ck_user = excluded.ck_user, ct_change = excluded.ct_change;
INSERT INTO s_mt.t_object_attr(ck_id, ck_object, ck_class_attr, cv_value, ck_user, ct_change) VALUES ('846068E856FA60DAE053809BA8C0149C', '84595AB4D5BE6B95E053809BA8C06D64', '147', '2', '20785', '2019-03-18T22:47:24.000+0800')  ON CONFLICT ON CONSTRAINT cin_c_object_attr_1 do update set ck_object = excluded.ck_object, ck_class_attr = excluded.ck_class_attr, cv_value = excluded.cv_value, ck_user = excluded.ck_user, ct_change = excluded.ct_change;
INSERT INTO s_mt.t_object_attr(ck_id, ck_object, ck_class_attr, cv_value, ck_user, ct_change) VALUES ('846060F16DF360F2E053809BA8C0CA26', '84595AB4D5BE6B95E053809BA8C06D64', '140', 'onCloseWindow', '20785', '2019-03-18T22:46:26.000+0800')  ON CONFLICT ON CONSTRAINT cin_c_object_attr_1 do update set ck_object = excluded.ck_object, ck_class_attr = excluded.ck_class_attr, cv_value = excluded.cv_value, ck_user = excluded.ck_user, ct_change = excluded.ct_change;
INSERT INTO s_mt.t_object_attr(ck_id, ck_object, ck_class_attr, cv_value, ck_user, ct_change) VALUES ('3827', '1D635F42855D49EBBFDB5C939D9CA38C', '127', 'remote', '-11', '2018-02-23T15:08:23.000+0800')  ON CONFLICT ON CONSTRAINT cin_c_object_attr_1 do update set ck_object = excluded.ck_object, ck_class_attr = excluded.ck_class_attr, cv_value = excluded.cv_value, ck_user = excluded.ck_user, ct_change = excluded.ct_change;
INSERT INTO s_mt.t_object_attr(ck_id, ck_object, ck_class_attr, cv_value, ck_user, ct_change) VALUES ('84599990888F6BCCE053809BA8C00CC8', '846068E856FD60DAE053809BA8C0149C', '84599990888D6BCCE053809BA8C00CC8', 'true', '20785', '2019-03-18T22:58:46.000+0800')  ON CONFLICT ON CONSTRAINT cin_c_object_attr_1 do update set ck_object = excluded.ck_object, ck_class_attr = excluded.ck_class_attr, cv_value = excluded.cv_value, ck_user = excluded.ck_user, ct_change = excluded.ct_change;
INSERT INTO s_mt.t_object(ck_id, ck_class, ck_parent, cv_name, cn_order, ck_query, cv_description, cv_displayed, cv_modify, ck_provider, ck_user, ct_change) VALUES ('7255AC58F776470694BDE04EF5063179', '8', null, 'SYS Query Grid << DO NOT CHANGE', 1003000, 'MTQueryExtended', 'Сервисы t_query', null, null, null, '10020788', '2018-09-01T20:45:17.000+0800')  on conflict (ck_id) do update set ck_class = excluded.ck_class, ck_parent = excluded.ck_parent, cv_name = excluded.cv_name, cn_order = excluded.cn_order, ck_query = excluded.ck_query, cv_description = excluded.cv_description, cv_displayed = excluded.cv_displayed, cv_modify = excluded.cv_modify, ck_provider = excluded.ck_provider, ck_user = excluded.ck_user, ct_change = excluded.ct_change;
INSERT INTO s_mt.t_object(ck_id, ck_class, ck_parent, cv_name, cn_order, ck_query, cv_description, cv_displayed, cv_modify, ck_provider, ck_user, ct_change) VALUES ('4B8AB86588DA424EBD4D6DF9A2E98085', '9', '7255AC58F776470694BDE04EF5063179', 'ck_provider', 30, null, 'Имя провайдера данных', 'Провайдер', null, null, '10020788', '2018-09-01T20:43:30.000+0800')  on conflict (ck_id) do update set ck_class = excluded.ck_class, ck_parent = excluded.ck_parent, cv_name = excluded.cv_name, cn_order = excluded.cn_order, ck_query = excluded.ck_query, cv_description = excluded.cv_description, cv_displayed = excluded.cv_displayed, cv_modify = excluded.cv_modify, ck_provider = excluded.ck_provider, ck_user = excluded.ck_user, ct_change = excluded.ct_change;
INSERT INTO s_mt.t_object(ck_id, ck_class, ck_parent, cv_name, cn_order, ck_query, cv_description, cv_displayed, cv_modify, ck_provider, ck_user, ct_change) VALUES ('585D9FB916024544B4AD52822CF6DFF6', '9', '7255AC58F776470694BDE04EF5063179', 'ck_id', 10, null, 'Имя сервиса', 'Имя', null, null, '10020788', '2018-09-01T20:42:52.000+0800')  on conflict (ck_id) do update set ck_class = excluded.ck_class, ck_parent = excluded.ck_parent, cv_name = excluded.cv_name, cn_order = excluded.cn_order, ck_query = excluded.ck_query, cv_description = excluded.cv_description, cv_displayed = excluded.cv_displayed, cv_modify = excluded.cv_modify, ck_provider = excluded.ck_provider, ck_user = excluded.ck_user, ct_change = excluded.ct_change;
INSERT INTO s_mt.t_object(ck_id, ck_class, ck_parent, cv_name, cn_order, ck_query, cv_description, cv_displayed, cv_modify, ck_provider, ck_user, ct_change) VALUES ('1CCFF24F069A4D328611E3FB4A9249C8', '9', '7255AC58F776470694BDE04EF5063179', 'cv_used', 40, null, 'Где используется', 'Где используется', null, null, '10020788', '2018-09-01T20:43:58.000+0800')  on conflict (ck_id) do update set ck_class = excluded.ck_class, ck_parent = excluded.ck_parent, cv_name = excluded.cv_name, cn_order = excluded.cn_order, ck_query = excluded.ck_query, cv_description = excluded.cv_description, cv_displayed = excluded.cv_displayed, cv_modify = excluded.cv_modify, ck_provider = excluded.ck_provider, ck_user = excluded.ck_user, ct_change = excluded.ct_change;
INSERT INTO s_mt.t_object(ck_id, ck_class, ck_parent, cv_name, cn_order, ck_query, cv_description, cv_displayed, cv_modify, ck_provider, ck_user, ct_change) VALUES ('7C8088D3D3B48928E053809BA8C0C76A', '9', '7255AC58F776470694BDE04EF5063179', 'cr_type', 33, null, 'cr_type', 'Тип запроса', null, null, '20788', '2018-12-08T17:41:21.000+0800')  on conflict (ck_id) do update set ck_class = excluded.ck_class, ck_parent = excluded.ck_parent, cv_name = excluded.cv_name, cn_order = excluded.cn_order, ck_query = excluded.ck_query, cv_description = excluded.cv_description, cv_displayed = excluded.cv_displayed, cv_modify = excluded.cv_modify, ck_provider = excluded.ck_provider, ck_user = excluded.ck_user, ct_change = excluded.ct_change;
INSERT INTO s_mt.t_object(ck_id, ck_class, ck_parent, cv_name, cn_order, ck_query, cv_description, cv_displayed, cv_modify, ck_provider, ck_user, ct_change) VALUES ('86E1138247FF58EAE053809BA8C096F6', '58', '7255AC58F776470694BDE04EF5063179', 'Query Filters panel', 1, null, 'Панель фильтров сервисов', 'Фильтры', null, null, '20783', '2019-04-19T19:14:06.000+0800')  on conflict (ck_id) do update set ck_class = excluded.ck_class, ck_parent = excluded.ck_parent, cv_name = excluded.cv_name, cn_order = excluded.cn_order, ck_query = excluded.ck_query, cv_description = excluded.cv_description, cv_displayed = excluded.cv_displayed, cv_modify = excluded.cv_modify, ck_provider = excluded.ck_provider, ck_user = excluded.ck_user, ct_change = excluded.ct_change;
INSERT INTO s_mt.t_object(ck_id, ck_class, ck_parent, cv_name, cn_order, ck_query, cv_description, cv_displayed, cv_modify, ck_provider, ck_user, ct_change) VALUES ('7C8088D3D3B58928E053809BA8C0C76A', '9', '7255AC58F776470694BDE04EF5063179', 'cr_access', 36, null, 'cr_access', 'Проверка доступа', null, null, '20788', '2018-12-08T17:41:56.000+0800')  on conflict (ck_id) do update set ck_class = excluded.ck_class, ck_parent = excluded.ck_parent, cv_name = excluded.cv_name, cn_order = excluded.cn_order, ck_query = excluded.ck_query, cv_description = excluded.cv_description, cv_displayed = excluded.cv_displayed, cv_modify = excluded.cv_modify, ck_provider = excluded.ck_provider, ck_user = excluded.ck_user, ct_change = excluded.ct_change;
INSERT INTO s_mt.t_object(ck_id, ck_class, ck_parent, cv_name, cn_order, ck_query, cv_description, cv_displayed, cv_modify, ck_provider, ck_user, ct_change) VALUES ('86A49061739F2AFDE053809BA8C0EE3C', '26', '86E1138247FF58EAE053809BA8C096F6', 'Column ck_id', 10, null, 'Наименование сервиса', 'Имя сервиса', null, null, '20783', '2019-04-19T19:15:52.000+0800')  on conflict (ck_id) do update set ck_class = excluded.ck_class, ck_parent = excluded.ck_parent, cv_name = excluded.cv_name, cn_order = excluded.cn_order, ck_query = excluded.ck_query, cv_description = excluded.cv_description, cv_displayed = excluded.cv_displayed, cv_modify = excluded.cv_modify, ck_provider = excluded.ck_provider, ck_user = excluded.ck_user, ct_change = excluded.ct_change;
INSERT INTO s_mt.t_object(ck_id, ck_class, ck_parent, cv_name, cn_order, ck_query, cv_description, cv_displayed, cv_modify, ck_provider, ck_user, ct_change) VALUES ('86B72CAAACA2437CE053809BA8C07CAA', '31', '86E1138247FF58EAE053809BA8C096F6', 'Column cv_used', 20, 'MTGetPage', 'Где используется', 'Где используется', null, null, '20783', '2019-04-19T20:10:24.000+0800')  on conflict (ck_id) do update set ck_class = excluded.ck_class, ck_parent = excluded.ck_parent, cv_name = excluded.cv_name, cn_order = excluded.cn_order, ck_query = excluded.ck_query, cv_description = excluded.cv_description, cv_displayed = excluded.cv_displayed, cv_modify = excluded.cv_modify, ck_provider = excluded.ck_provider, ck_user = excluded.ck_user, ct_change = excluded.ct_change;
INSERT INTO s_mt.t_object_attr(ck_id, ck_object, ck_class_attr, cv_value, ck_user, ct_change) VALUES ('8C5D922DDE8F4907E053809BA8C072F8', '7255AC58F776470694BDE04EF5063179', '1643', 'false', '20780', '2019-06-28T14:41:44.000+0800')  ON CONFLICT ON CONSTRAINT cin_c_object_attr_1 do update set ck_object = excluded.ck_object, ck_class_attr = excluded.ck_class_attr, cv_value = excluded.cv_value, ck_user = excluded.ck_user, ct_change = excluded.ct_change;
INSERT INTO s_mt.t_object_attr(ck_id, ck_object, ck_class_attr, cv_value, ck_user, ct_change) VALUES ('64196', '7255AC58F776470694BDE04EF5063179', '852', 'ck_id', '10020788', '2018-09-01T20:49:37.000+0800')  ON CONFLICT ON CONSTRAINT cin_c_object_attr_1 do update set ck_object = excluded.ck_object, ck_class_attr = excluded.ck_class_attr, cv_value = excluded.cv_value, ck_user = excluded.ck_user, ct_change = excluded.ct_change;
INSERT INTO s_mt.t_object_attr(ck_id, ck_object, ck_class_attr, cv_value, ck_user, ct_change) VALUES ('64199', '4B8AB86588DA424EBD4D6DF9A2E98085', '179', '7%', '20788', '2018-12-08T17:45:51.000+0800')  ON CONFLICT ON CONSTRAINT cin_c_object_attr_1 do update set ck_object = excluded.ck_object, ck_class_attr = excluded.ck_class_attr, cv_value = excluded.cv_value, ck_user = excluded.ck_user, ct_change = excluded.ct_change;
INSERT INTO s_mt.t_object_attr(ck_id, ck_object, ck_class_attr, cv_value, ck_user, ct_change) VALUES ('64194', '4B8AB86588DA424EBD4D6DF9A2E98085', '47', 'ck_provider', '10020788', '2018-09-01T20:45:41.000+0800')  ON CONFLICT ON CONSTRAINT cin_c_object_attr_1 do update set ck_object = excluded.ck_object, ck_class_attr = excluded.ck_class_attr, cv_value = excluded.cv_value, ck_user = excluded.ck_user, ct_change = excluded.ct_change;
INSERT INTO s_mt.t_object_attr(ck_id, ck_object, ck_class_attr, cv_value, ck_user, ct_change) VALUES ('64197', '585D9FB916024544B4AD52822CF6DFF6', '179', '20%', '10020788', '2018-09-01T20:50:48.000+0800')  ON CONFLICT ON CONSTRAINT cin_c_object_attr_1 do update set ck_object = excluded.ck_object, ck_class_attr = excluded.ck_class_attr, cv_value = excluded.cv_value, ck_user = excluded.ck_user, ct_change = excluded.ct_change;
INSERT INTO s_mt.t_object_attr(ck_id, ck_object, ck_class_attr, cv_value, ck_user, ct_change) VALUES ('64192', '585D9FB916024544B4AD52822CF6DFF6', '47', 'ck_id', '10020788', '2018-09-01T20:45:25.000+0800')  ON CONFLICT ON CONSTRAINT cin_c_object_attr_1 do update set ck_object = excluded.ck_object, ck_class_attr = excluded.ck_class_attr, cv_value = excluded.cv_value, ck_user = excluded.ck_user, ct_change = excluded.ct_change;
INSERT INTO s_mt.t_object_attr(ck_id, ck_object, ck_class_attr, cv_value, ck_user, ct_change) VALUES ('78518448421', '7C8088D3D3B48928E053809BA8C0C76A', '179', '10%', '20788', '2018-12-08T17:47:11.000+0800')  ON CONFLICT ON CONSTRAINT cin_c_object_attr_1 do update set ck_object = excluded.ck_object, ck_class_attr = excluded.ck_class_attr, cv_value = excluded.cv_value, ck_user = excluded.ck_user, ct_change = excluded.ct_change;
INSERT INTO s_mt.t_object_attr(ck_id, ck_object, ck_class_attr, cv_value, ck_user, ct_change) VALUES ('64195', '1CCFF24F069A4D328611E3FB4A9249C8', '47', 'cv_used', '10020788', '2018-09-01T20:45:48.000+0800')  ON CONFLICT ON CONSTRAINT cin_c_object_attr_1 do update set ck_object = excluded.ck_object, ck_class_attr = excluded.ck_class_attr, cv_value = excluded.cv_value, ck_user = excluded.ck_user, ct_change = excluded.ct_change;
INSERT INTO s_mt.t_object_attr(ck_id, ck_object, ck_class_attr, cv_value, ck_user, ct_change) VALUES ('64200', '1CCFF24F069A4D328611E3FB4A9249C8', '179', '60%', '20788', '2018-12-08T17:47:05.000+0800')  ON CONFLICT ON CONSTRAINT cin_c_object_attr_1 do update set ck_object = excluded.ck_object, ck_class_attr = excluded.ck_class_attr, cv_value = excluded.cv_value, ck_user = excluded.ck_user, ct_change = excluded.ct_change;
INSERT INTO s_mt.t_object_attr(ck_id, ck_object, ck_class_attr, cv_value, ck_user, ct_change) VALUES ('78496024221', '7C8088D3D3B48928E053809BA8C0C76A', '47', 'cr_type', '20788', '2018-12-08T17:41:26.000+0800')  ON CONFLICT ON CONSTRAINT cin_c_object_attr_1 do update set ck_object = excluded.ck_object, ck_class_attr = excluded.ck_class_attr, cv_value = excluded.cv_value, ck_user = excluded.ck_user, ct_change = excluded.ct_change;
INSERT INTO s_mt.t_object_attr(ck_id, ck_object, ck_class_attr, cv_value, ck_user, ct_change) VALUES ('78507236321', '7C8088D3D3B58928E053809BA8C0C76A', '47', 'cr_access', '20788', '2018-12-08T17:42:02.000+0800')  ON CONFLICT ON CONSTRAINT cin_c_object_attr_1 do update set ck_object = excluded.ck_object, ck_class_attr = excluded.ck_class_attr, cv_value = excluded.cv_value, ck_user = excluded.ck_user, ct_change = excluded.ct_change;
INSERT INTO s_mt.t_object_attr(ck_id, ck_object, ck_class_attr, cv_value, ck_user, ct_change) VALUES ('78529660521', '7C8088D3D3B58928E053809BA8C0C76A', '179', '13%', '20788', '2018-12-08T17:47:17.000+0800')  ON CONFLICT ON CONSTRAINT cin_c_object_attr_1 do update set ck_object = excluded.ck_object, ck_class_attr = excluded.ck_class_attr, cv_value = excluded.cv_value, ck_user = excluded.ck_user, ct_change = excluded.ct_change;
INSERT INTO s_mt.t_object_attr(ck_id, ck_object, ck_class_attr, cv_value, ck_user, ct_change) VALUES ('86B72CAAAC9E437CE053809BA8C07CAA', '86A49061739F2AFDE053809BA8C0EE3C', '1054', '30%', '20783', '2019-04-19T19:17:55.000+0800')  ON CONFLICT ON CONSTRAINT cin_c_object_attr_1 do update set ck_object = excluded.ck_object, ck_class_attr = excluded.ck_class_attr, cv_value = excluded.cv_value, ck_user = excluded.ck_user, ct_change = excluded.ct_change;
INSERT INTO s_mt.t_object_attr(ck_id, ck_object, ck_class_attr, cv_value, ck_user, ct_change) VALUES ('86DF93672AAA58F0E053809BA8C0726A', '86A49061739F2AFDE053809BA8C0EE3C', '86', 'ck_id', '20783', '2019-04-19T19:17:40.000+0800')  ON CONFLICT ON CONSTRAINT cin_c_object_attr_1 do update set ck_object = excluded.ck_object, ck_class_attr = excluded.ck_class_attr, cv_value = excluded.cv_value, ck_user = excluded.ck_user, ct_change = excluded.ct_change;
INSERT INTO s_mt.t_object_attr(ck_id, ck_object, ck_class_attr, cv_value, ck_user, ct_change) VALUES ('86A4906173A62AFDE053809BA8C0EE3C', '86B72CAAACA2437CE053809BA8C07CAA', '1053', '60%', '20783', '2019-04-19T20:12:14.000+0800')  ON CONFLICT ON CONSTRAINT cin_c_object_attr_1 do update set ck_object = excluded.ck_object, ck_class_attr = excluded.ck_class_attr, cv_value = excluded.cv_value, ck_user = excluded.ck_user, ct_change = excluded.ct_change;
INSERT INTO s_mt.t_object_attr(ck_id, ck_object, ck_class_attr, cv_value, ck_user, ct_change) VALUES ('86B72CAAACA3437CE053809BA8C07CAA', '86B72CAAACA2437CE053809BA8C07CAA', '120', 'ck_page', '20783', '2019-04-19T20:10:57.000+0800')  ON CONFLICT ON CONSTRAINT cin_c_object_attr_1 do update set ck_object = excluded.ck_object, ck_class_attr = excluded.ck_class_attr, cv_value = excluded.cv_value, ck_user = excluded.ck_user, ct_change = excluded.ct_change;
INSERT INTO s_mt.t_object_attr(ck_id, ck_object, ck_class_attr, cv_value, ck_user, ct_change) VALUES ('86DF93672AAF58F0E053809BA8C0726A', '86B72CAAACA2437CE053809BA8C07CAA', '125', 'cv_name', '20783', '2019-04-19T20:11:13.000+0800')  ON CONFLICT ON CONSTRAINT cin_c_object_attr_1 do update set ck_object = excluded.ck_object, ck_class_attr = excluded.ck_class_attr, cv_value = excluded.cv_value, ck_user = excluded.ck_user, ct_change = excluded.ct_change;
INSERT INTO s_mt.t_object_attr(ck_id, ck_object, ck_class_attr, cv_value, ck_user, ct_change) VALUES ('86E11382480C58EAE053809BA8C096F6', '86B72CAAACA2437CE053809BA8C07CAA', '127', 'remote', '20783', '2019-04-19T20:11:34.000+0800')  ON CONFLICT ON CONSTRAINT cin_c_object_attr_1 do update set ck_object = excluded.ck_object, ck_class_attr = excluded.ck_class_attr, cv_value = excluded.cv_value, ck_user = excluded.ck_user, ct_change = excluded.ct_change;
INSERT INTO s_mt.t_object_attr(ck_id, ck_object, ck_class_attr, cv_value, ck_user, ct_change) VALUES ('86B72CAAACA4437CE053809BA8C07CAA', '86B72CAAACA2437CE053809BA8C07CAA', '126', 'ck_id', '20783', '2019-04-19T20:12:00.000+0800')  ON CONFLICT ON CONSTRAINT cin_c_object_attr_1 do update set ck_object = excluded.ck_object, ck_class_attr = excluded.ck_class_attr, cv_value = excluded.cv_value, ck_user = excluded.ck_user, ct_change = excluded.ct_change;
INSERT INTO s_mt.t_object_attr(ck_id, ck_object, ck_class_attr, cv_value, ck_user, ct_change) VALUES ('86E11382480D58EAE053809BA8C096F6', '86B72CAAACA2437CE053809BA8C07CAA', '863', 'cv_entered', '20783', '2019-04-19T20:11:48.000+0800')  ON CONFLICT ON CONSTRAINT cin_c_object_attr_1 do update set ck_object = excluded.ck_object, ck_class_attr = excluded.ck_class_attr, cv_value = excluded.cv_value, ck_user = excluded.ck_user, ct_change = excluded.ct_change;
INSERT INTO s_mt.t_object(ck_id, ck_class, ck_parent, cv_name, cn_order, ck_query, cv_description, cv_displayed, cv_modify, ck_provider, ck_user, ct_change) VALUES ('845D0931A0C960FCE053809BA8C07499', '8', null, 'Module Grid', 10, 'GetModuleList', 'Список модулей', 'Список модулей', 'pkg_json_meta.f_modify_module', 'meta', '20978', '2019-03-18T23:21:24.000+0800')  on conflict (ck_id) do update set ck_class = excluded.ck_class, ck_parent = excluded.ck_parent, cv_name = excluded.cv_name, cn_order = excluded.cn_order, ck_query = excluded.ck_query, cv_description = excluded.cv_description, cv_displayed = excluded.cv_displayed, cv_modify = excluded.cv_modify, ck_provider = excluded.ck_provider, ck_user = excluded.ck_user, ct_change = excluded.ct_change;
INSERT INTO s_mt.t_object(ck_id, ck_class, ck_parent, cv_name, cn_order, ck_query, cv_description, cv_displayed, cv_modify, ck_provider, ck_user, ct_change) VALUES ('845D0931A0CA60FCE053809BA8C07499', '16', '845D0931A0C960FCE053809BA8C07499', 'Edit Button', 20, null, 'Редактирование', null, null, null, '20780', '2019-03-18T18:51:20.000+0800')  on conflict (ck_id) do update set ck_class = excluded.ck_class, ck_parent = excluded.ck_parent, cv_name = excluded.cv_name, cn_order = excluded.cn_order, ck_query = excluded.ck_query, cv_description = excluded.cv_description, cv_displayed = excluded.cv_displayed, cv_modify = excluded.cv_modify, ck_provider = excluded.ck_provider, ck_user = excluded.ck_user, ct_change = excluded.ct_change;
INSERT INTO s_mt.t_object(ck_id, ck_class, ck_parent, cv_name, cn_order, ck_query, cv_description, cv_displayed, cv_modify, ck_provider, ck_user, ct_change) VALUES ('845FEE4ABA2C60F4E053809BA8C0D7B5', '19', '845D0931A0C960FCE053809BA8C07499', 'Override Save Button', 70, null, 'Override Save Button', null, null, null, '20785', '2019-03-18T22:09:03.000+0800')  on conflict (ck_id) do update set ck_class = excluded.ck_class, ck_parent = excluded.ck_parent, cv_name = excluded.cv_name, cn_order = excluded.cn_order, ck_query = excluded.ck_query, cv_description = excluded.cv_description, cv_displayed = excluded.cv_displayed, cv_modify = excluded.cv_modify, ck_provider = excluded.ck_provider, ck_user = excluded.ck_user, ct_change = excluded.ct_change;
INSERT INTO s_mt.t_object(ck_id, ck_class, ck_parent, cv_name, cn_order, ck_query, cv_description, cv_displayed, cv_modify, ck_provider, ck_user, ct_change) VALUES ('845D2DB3B1776B91E053809BA8C0E571', '57', '845D0931A0C960FCE053809BA8C07499', 'Refresh Button', 30, null, 'Обновление модуля', 'Обновление модуля', null, null, '20780', '2019-03-18T18:52:02.000+0800')  on conflict (ck_id) do update set ck_class = excluded.ck_class, ck_parent = excluded.ck_parent, cv_name = excluded.cv_name, cn_order = excluded.cn_order, ck_query = excluded.ck_query, cv_description = excluded.cv_description, cv_displayed = excluded.cv_displayed, cv_modify = excluded.cv_modify, ck_provider = excluded.ck_provider, ck_user = excluded.ck_user, ct_change = excluded.ct_change;
INSERT INTO s_mt.t_object(ck_id, ck_class, ck_parent, cv_name, cn_order, ck_query, cv_description, cv_displayed, cv_modify, ck_provider, ck_user, ct_change) VALUES ('845D2DB3B1786B91E053809BA8C0E571', '9', '845D0931A0C960FCE053809BA8C07499', 'module_cv_version', 50, null, 'Версия модуля', 'Версия модуля', null, null, '20780', '2019-03-18T18:54:13.000+0800')  on conflict (ck_id) do update set ck_class = excluded.ck_class, ck_parent = excluded.ck_parent, cv_name = excluded.cv_name, cn_order = excluded.cn_order, ck_query = excluded.ck_query, cv_description = excluded.cv_description, cv_displayed = excluded.cv_displayed, cv_modify = excluded.cv_modify, ck_provider = excluded.ck_provider, ck_user = excluded.ck_user, ct_change = excluded.ct_change;
INSERT INTO s_mt.t_object(ck_id, ck_class, ck_parent, cv_name, cn_order, ck_query, cv_description, cv_displayed, cv_modify, ck_provider, ck_user, ct_change) VALUES ('845D2DB3B1796B91E053809BA8C0E571', '36', '845D0931A0C960FCE053809BA8C07499', 'module_cl_available', 60, null, 'Доступность модуля', 'Доступность модуля', null, null, '20780', '2019-03-18T18:54:57.000+0800')  on conflict (ck_id) do update set ck_class = excluded.ck_class, ck_parent = excluded.ck_parent, cv_name = excluded.cv_name, cn_order = excluded.cn_order, ck_query = excluded.ck_query, cv_description = excluded.cv_description, cv_displayed = excluded.cv_displayed, cv_modify = excluded.cv_modify, ck_provider = excluded.ck_provider, ck_user = excluded.ck_user, ct_change = excluded.ct_change;
INSERT INTO s_mt.t_object(ck_id, ck_class, ck_parent, cv_name, cn_order, ck_query, cv_description, cv_displayed, cv_modify, ck_provider, ck_user, ct_change) VALUES ('8459999088886BCCE053809BA8C00CC8', '9', '845D0931A0C960FCE053809BA8C07499', 'cv_name', 40, null, 'Имя модуля', 'Имя модуля', null, null, '20780', '2019-03-18T18:53:39.000+0800')  on conflict (ck_id) do update set ck_class = excluded.ck_class, ck_parent = excluded.ck_parent, cv_name = excluded.cv_name, cn_order = excluded.cn_order, ck_query = excluded.ck_query, cv_description = excluded.cv_description, cv_displayed = excluded.cv_displayed, cv_modify = excluded.cv_modify, ck_provider = excluded.ck_provider, ck_user = excluded.ck_user, ct_change = excluded.ct_change;
INSERT INTO s_mt.t_object(ck_id, ck_class, ck_parent, cv_name, cn_order, ck_query, cv_description, cv_displayed, cv_modify, ck_provider, ck_user, ct_change) VALUES ('845D25F037AD6100E053809BA8C037F4', '19', '845D0931A0C960FCE053809BA8C07499', 'Add Button', 10, null, 'Добавить', 'Добавить', null, null, '20780', '2019-03-18T18:49:51.000+0800')  on conflict (ck_id) do update set ck_class = excluded.ck_class, ck_parent = excluded.ck_parent, cv_name = excluded.cv_name, cn_order = excluded.cn_order, ck_query = excluded.ck_query, cv_description = excluded.cv_description, cv_displayed = excluded.cv_displayed, cv_modify = excluded.cv_modify, ck_provider = excluded.ck_provider, ck_user = excluded.ck_user, ct_change = excluded.ct_change;
INSERT INTO s_mt.t_object_attr(ck_id, ck_object, ck_class_attr, cv_value, ck_user, ct_change) VALUES ('628001045221', '845D0931A0C960FCE053809BA8C07499', '407', 'modalwindow', '20780', '2019-03-18T18:50:42.000+0800')  ON CONFLICT ON CONSTRAINT cin_c_object_attr_1 do update set ck_object = excluded.ck_object, ck_class_attr = excluded.ck_class_attr, cv_value = excluded.cv_value, ck_user = excluded.ck_user, ct_change = excluded.ct_change;
INSERT INTO s_mt.t_object_attr(ck_id, ck_object, ck_class_attr, cv_value, ck_user, ct_change) VALUES ('627967408921', '845D0931A0C960FCE053809BA8C07499', '853', 'ASC', '20780', '2019-03-18T18:42:16.000+0800')  ON CONFLICT ON CONSTRAINT cin_c_object_attr_1 do update set ck_object = excluded.ck_object, ck_class_attr = excluded.ck_class_attr, cv_value = excluded.cv_value, ck_user = excluded.ck_user, ct_change = excluded.ct_change;
INSERT INTO s_mt.t_object_attr(ck_id, ck_object, ck_class_attr, cv_value, ck_user, ct_change) VALUES ('627956196821', '845D0931A0C960FCE053809BA8C07499', '852', 'ck_id1', '20780', '2019-03-18T20:30:52.000+0800')  ON CONFLICT ON CONSTRAINT cin_c_object_attr_1 do update set ck_object = excluded.ck_object, ck_class_attr = excluded.ck_class_attr, cv_value = excluded.cv_value, ck_user = excluded.ck_user, ct_change = excluded.ct_change;
INSERT INTO s_mt.t_object_attr(ck_id, ck_object, ck_class_attr, cv_value, ck_user, ct_change) VALUES ('628023469421', '845D2DB3B1776B91E053809BA8C0E571', '353', 'fa-refresh', '20780', '2019-03-18T18:52:33.000+0800')  ON CONFLICT ON CONSTRAINT cin_c_object_attr_1 do update set ck_object = excluded.ck_object, ck_class_attr = excluded.ck_class_attr, cv_value = excluded.cv_value, ck_user = excluded.ck_user, ct_change = excluded.ct_change;
INSERT INTO s_mt.t_object_attr(ck_id, ck_object, ck_class_attr, cv_value, ck_user, ct_change) VALUES ('628012257321', '845D2DB3B1776B91E053809BA8C0E571', '560', 'onUpdateModule', '20780', '2019-03-18T18:52:17.000+0800')  ON CONFLICT ON CONSTRAINT cin_c_object_attr_1 do update set ck_object = excluded.ck_object, ck_class_attr = excluded.ck_class_attr, cv_value = excluded.cv_value, ck_user = excluded.ck_user, ct_change = excluded.ct_change;
INSERT INTO s_mt.t_object_attr(ck_id, ck_object, ck_class_attr, cv_value, ck_user, ct_change) VALUES ('628045893621', '845D2DB3B1786B91E053809BA8C0E571', '47', 'cv_version', '20780', '2019-03-18T18:54:17.000+0800')  ON CONFLICT ON CONSTRAINT cin_c_object_attr_1 do update set ck_object = excluded.ck_object, ck_class_attr = excluded.ck_class_attr, cv_value = excluded.cv_value, ck_user = excluded.ck_user, ct_change = excluded.ct_change;
INSERT INTO s_mt.t_object_attr(ck_id, ck_object, ck_class_attr, cv_value, ck_user, ct_change) VALUES ('628057105721', '845D2DB3B1796B91E053809BA8C0E571', '250', 'cl_available', '20780', '2019-03-18T18:55:04.000+0800')  ON CONFLICT ON CONSTRAINT cin_c_object_attr_1 do update set ck_object = excluded.ck_object, ck_class_attr = excluded.ck_class_attr, cv_value = excluded.cv_value, ck_user = excluded.ck_user, ct_change = excluded.ct_change;
INSERT INTO s_mt.t_object_attr(ck_id, ck_object, ck_class_attr, cv_value, ck_user, ct_change) VALUES ('845D2DB3B49D6B91E053809BA8C0E571', '845FEE4ABA2C60F4E053809BA8C0D7B5', '140', 'onUpdateModule', '20785', '2019-03-18T22:09:20.000+0800')  ON CONFLICT ON CONSTRAINT cin_c_object_attr_1 do update set ck_object = excluded.ck_object, ck_class_attr = excluded.ck_class_attr, cv_value = excluded.cv_value, ck_user = excluded.ck_user, ct_change = excluded.ct_change;
INSERT INTO s_mt.t_object_attr(ck_id, ck_object, ck_class_attr, cv_value, ck_user, ct_change) VALUES ('627989833121', '845D25F037AD6100E053809BA8C037F4', '140', 'onCreateChildWindowMaster', '20780', '2019-03-18T18:50:33.000+0800')  ON CONFLICT ON CONSTRAINT cin_c_object_attr_1 do update set ck_object = excluded.ck_object, ck_class_attr = excluded.ck_class_attr, cv_value = excluded.cv_value, ck_user = excluded.ck_user, ct_change = excluded.ct_change;
INSERT INTO s_mt.t_object_attr(ck_id, ck_object, ck_class_attr, cv_value, ck_user, ct_change) VALUES ('628034681521', '8459999088886BCCE053809BA8C00CC8', '47', 'cv_name', '20780', '2019-03-18T18:53:42.000+0800')  ON CONFLICT ON CONSTRAINT cin_c_object_attr_1 do update set ck_object = excluded.ck_object, ck_class_attr = excluded.ck_class_attr, cv_value = excluded.cv_value, ck_user = excluded.ck_user, ct_change = excluded.ct_change;
INSERT INTO s_mt.t_object_attr(ck_id, ck_object, ck_class_attr, cv_value, ck_user, ct_change) VALUES ('627978621021', '845D25F037AD6100E053809BA8C037F4', '992', 'fa-plus', '20780', '2019-03-18T18:50:12.000+0800')  ON CONFLICT ON CONSTRAINT cin_c_object_attr_1 do update set ck_object = excluded.ck_object, ck_class_attr = excluded.ck_class_attr, cv_value = excluded.cv_value, ck_user = excluded.ck_user, ct_change = excluded.ct_change;
INSERT INTO s_mt.t_object(ck_id, ck_class, ck_parent, cv_name, cn_order, ck_query, cv_description, cv_displayed, cv_modify, ck_provider, ck_user, ct_change) VALUES ('999DA56D0ECF45A8BC98F2265A703988', '57', null, 'Menu Redirect Column Icon << Reusable', 101, null, 'Menu Redirect Column Icon << Reusable', null, null, null, '-11', '2018-02-23T15:08:15.000+0800')  on conflict (ck_id) do update set ck_class = excluded.ck_class, ck_parent = excluded.ck_parent, cv_name = excluded.cv_name, cn_order = excluded.cn_order, ck_query = excluded.ck_query, cv_description = excluded.cv_description, cv_displayed = excluded.cv_displayed, cv_modify = excluded.cv_modify, ck_provider = excluded.ck_provider, ck_user = excluded.ck_user, ct_change = excluded.ct_change;
INSERT INTO s_mt.t_object_attr(ck_id, ck_object, ck_class_attr, cv_value, ck_user, ct_change) VALUES ('6385', '999DA56D0ECF45A8BC98F2265A703988', '560', 'showMenu', '-11', '2018-02-23T15:08:23.000+0800')  ON CONFLICT ON CONSTRAINT cin_c_object_attr_1 do update set ck_object = excluded.ck_object, ck_class_attr = excluded.ck_class_attr, cv_value = excluded.cv_value, ck_user = excluded.ck_user, ct_change = excluded.ct_change;
INSERT INTO s_mt.t_object_attr(ck_id, ck_object, ck_class_attr, cv_value, ck_user, ct_change) VALUES ('64226', '999DA56D0ECF45A8BC98F2265A703988', '353', 'fa-link', '10020785', '2018-09-05T16:20:07.000+0800')  ON CONFLICT ON CONSTRAINT cin_c_object_attr_1 do update set ck_object = excluded.ck_object, ck_class_attr = excluded.ck_class_attr, cv_value = excluded.cv_value, ck_user = excluded.ck_user, ct_change = excluded.ct_change;
INSERT INTO s_mt.t_page_object (ck_id, ck_page, ck_object, cn_order, ck_parent, ck_master, ck_user, ct_change) VALUES ('7C45F8C65E064F65E053809BA8C0A3B1', '181', '912DC90A71BB449181834548E5DDA4EA', 1, null, null, '20785', '2018-12-05T19:49:16.000+0800')  on conflict (ck_id) do update set ck_page = excluded.ck_page, ck_object = excluded.ck_object, cn_order = excluded.cn_order, ck_parent = excluded.ck_parent, ck_master = excluded.ck_master, ck_user = excluded.ck_user, ct_change = excluded.ct_change;
INSERT INTO s_mt.t_page_object (ck_id, ck_page, ck_object, cn_order, ck_parent, ck_master, ck_user, ct_change) VALUES ('8138BA7BB3972CF7E053809BA8C0DAE0', '3', '9F4BA53BAAA740BBBBE4E17EBE3ACB42', 1, null, null, '20788', '2018-12-08T22:31:36.000+0800')  on conflict (ck_id) do update set ck_page = excluded.ck_page, ck_object = excluded.ck_object, cn_order = excluded.cn_order, ck_parent = excluded.ck_parent, ck_master = excluded.ck_master, ck_user = excluded.ck_user, ct_change = excluded.ct_change;
INSERT INTO s_mt.t_page_object (ck_id, ck_page, ck_object, cn_order, ck_parent, ck_master, ck_user, ct_change) VALUES ('8D3B233DB3156292E053809BA8C04336', '2', 'E56A94F186CA495BAEF39DF68B68681A', 1, null, null, '20848', '2018-12-17T21:11:12.000+0800')  on conflict (ck_id) do update set ck_page = excluded.ck_page, ck_object = excluded.ck_object, cn_order = excluded.cn_order, ck_parent = excluded.ck_parent, ck_master = excluded.ck_master, ck_user = excluded.ck_user, ct_change = excluded.ct_change;
INSERT INTO s_mt.t_page_object (ck_id, ck_page, ck_object, cn_order, ck_parent, ck_master, ck_user, ct_change) VALUES ('84FFFEEFA8F149B5E053809BA8C08E0F', '1', 'A27411E018F34D16B5ABE97BCB6DBDF0', 1, null, null, '20788', '2018-11-23T23:43:41.000+0800')  on conflict (ck_id) do update set ck_page = excluded.ck_page, ck_object = excluded.ck_object, cn_order = excluded.cn_order, ck_parent = excluded.ck_parent, ck_master = excluded.ck_master, ck_user = excluded.ck_user, ct_change = excluded.ct_change;
INSERT INTO s_mt.t_page_object (ck_id, ck_page, ck_object, cn_order, ck_parent, ck_master, ck_user, ct_change) VALUES ('84FFFEEFA8EA49B5E053809BA8C08E0F', '1', '5438D5F75E6D4CCB92CFCED7AFDA951C', 2, null, null, '20788', '2018-11-23T23:43:41.000+0800')  on conflict (ck_id) do update set ck_page = excluded.ck_page, ck_object = excluded.ck_object, cn_order = excluded.cn_order, ck_parent = excluded.ck_parent, ck_master = excluded.ck_master, ck_user = excluded.ck_user, ct_change = excluded.ct_change;
INSERT INTO s_mt.t_page_object (ck_id, ck_page, ck_object, cn_order, ck_parent, ck_master, ck_user, ct_change) VALUES ('8D3B233DB3006292E053809BA8C04336', '2', '7A5F95F042574D54915061C1090C9ADC', 2, null, null, '20848', '2018-12-17T21:11:12.000+0800')  on conflict (ck_id) do update set ck_page = excluded.ck_page, ck_object = excluded.ck_object, cn_order = excluded.cn_order, ck_parent = excluded.ck_parent, ck_master = excluded.ck_master, ck_user = excluded.ck_user, ct_change = excluded.ct_change;
INSERT INTO s_mt.t_page_object (ck_id, ck_page, ck_object, cn_order, ck_parent, ck_master, ck_user, ct_change) VALUES ('8138BA7BB37C2CF7E053809BA8C0DAE0', '3', '7F34DED949DF4E3D8A3C6BD52D726B1C', 2, null, null, '20788', '2018-12-08T22:31:36.000+0800')  on conflict (ck_id) do update set ck_page = excluded.ck_page, ck_object = excluded.ck_object, cn_order = excluded.cn_order, ck_parent = excluded.ck_parent, ck_master = excluded.ck_master, ck_user = excluded.ck_user, ct_change = excluded.ct_change;
INSERT INTO s_mt.t_page_object (ck_id, ck_page, ck_object, cn_order, ck_parent, ck_master, ck_user, ct_change) VALUES ('8D3B233DB2EC6292E053809BA8C04336', '2', '0A03EF738B964B16B78F8E47C1A2A066', 30, null, null, '20848', '2018-12-17T21:11:12.000+0800')  on conflict (ck_id) do update set ck_page = excluded.ck_page, ck_object = excluded.ck_object, cn_order = excluded.cn_order, ck_parent = excluded.ck_parent, ck_master = excluded.ck_master, ck_user = excluded.ck_user, ct_change = excluded.ct_change;
INSERT INTO s_mt.t_page_object (ck_id, ck_page, ck_object, cn_order, ck_parent, ck_master, ck_user, ct_change) VALUES ('86E11382480E58EAE053809BA8C096F6', '12987721', '7255AC58F776470694BDE04EF5063179', 10, null, null, '20788', '2018-12-08T17:42:08.000+0800')  on conflict (ck_id) do update set ck_page = excluded.ck_page, ck_object = excluded.ck_object, cn_order = excluded.cn_order, ck_parent = excluded.ck_parent, ck_master = excluded.ck_master, ck_user = excluded.ck_user, ct_change = excluded.ct_change;
INSERT INTO s_mt.t_page_object (ck_id, ck_page, ck_object, cn_order, ck_parent, ck_master, ck_user, ct_change) VALUES ('845D2DB3B49E6B91E053809BA8C0E571', '6695715415771', '845D0931A0C960FCE053809BA8C07499', 10, null, null, '20780', '2019-03-18T18:58:45.000+0800')  on conflict (ck_id) do update set ck_page = excluded.ck_page, ck_object = excluded.ck_object, cn_order = excluded.cn_order, ck_parent = excluded.ck_parent, ck_master = excluded.ck_master, ck_user = excluded.ck_user, ct_change = excluded.ct_change;
INSERT INTO s_mt.t_page_object (ck_id, ck_page, ck_object, cn_order, ck_parent, ck_master, ck_user, ct_change) VALUES ('845D2DB3B4A16B91E053809BA8C0E571', '6695715415771', '8459999088886BCCE053809BA8C00CC8', 40, '845D2DB3B49E6B91E053809BA8C0E571', null, '20780', '2019-03-18T18:58:45.000+0800')  on conflict (ck_id) do update set ck_page = excluded.ck_page, ck_object = excluded.ck_object, cn_order = excluded.cn_order, ck_parent = excluded.ck_parent, ck_master = excluded.ck_master, ck_user = excluded.ck_user, ct_change = excluded.ct_change;
INSERT INTO s_mt.t_page_object (ck_id, ck_page, ck_object, cn_order, ck_parent, ck_master, ck_user, ct_change) VALUES ('845D2DB3B4A26B91E053809BA8C0E571', '6695715415771', '845D25F037AD6100E053809BA8C037F4', 10, '845D2DB3B49E6B91E053809BA8C0E571', null, '20780', '2019-03-18T18:58:45.000+0800')  on conflict (ck_id) do update set ck_page = excluded.ck_page, ck_object = excluded.ck_object, cn_order = excluded.cn_order, ck_parent = excluded.ck_parent, ck_master = excluded.ck_master, ck_user = excluded.ck_user, ct_change = excluded.ct_change;
INSERT INTO s_mt.t_page_object (ck_id, ck_page, ck_object, cn_order, ck_parent, ck_master, ck_user, ct_change) VALUES ('845D2DB3B4A36B91E053809BA8C0E571', '6695715415771', '845D2DB3B1776B91E053809BA8C0E571', 30, '845D2DB3B49E6B91E053809BA8C0E571', null, '20780', '2019-03-18T18:58:45.000+0800')  on conflict (ck_id) do update set ck_page = excluded.ck_page, ck_object = excluded.ck_object, cn_order = excluded.cn_order, ck_parent = excluded.ck_parent, ck_master = excluded.ck_master, ck_user = excluded.ck_user, ct_change = excluded.ct_change;
INSERT INTO s_mt.t_page_object (ck_id, ck_page, ck_object, cn_order, ck_parent, ck_master, ck_user, ct_change) VALUES ('845D2DB3B4A46B91E053809BA8C0E571', '6695715415771', '845D2DB3B1786B91E053809BA8C0E571', 50, '845D2DB3B49E6B91E053809BA8C0E571', null, '20780', '2019-03-18T18:58:45.000+0800')  on conflict (ck_id) do update set ck_page = excluded.ck_page, ck_object = excluded.ck_object, cn_order = excluded.cn_order, ck_parent = excluded.ck_parent, ck_master = excluded.ck_master, ck_user = excluded.ck_user, ct_change = excluded.ct_change;
INSERT INTO s_mt.t_page_object (ck_id, ck_page, ck_object, cn_order, ck_parent, ck_master, ck_user, ct_change) VALUES ('845D2DB3B4A56B91E053809BA8C0E571', '6695715415771', '845D2DB3B1796B91E053809BA8C0E571', 60, '845D2DB3B49E6B91E053809BA8C0E571', null, '20780', '2019-03-18T18:58:45.000+0800')  on conflict (ck_id) do update set ck_page = excluded.ck_page, ck_object = excluded.ck_object, cn_order = excluded.cn_order, ck_parent = excluded.ck_parent, ck_master = excluded.ck_master, ck_user = excluded.ck_user, ct_change = excluded.ct_change;
INSERT INTO s_mt.t_page_object (ck_id, ck_page, ck_object, cn_order, ck_parent, ck_master, ck_user, ct_change) VALUES ('84FFFEEFA8FF49B5E053809BA8C08E0F', '1', '84FFDBDA747849B1E053809BA8C0D55B', 550, '84FFFEEFA8F149B5E053809BA8C08E0F', null, '20788', '2018-11-23T23:43:41.000+0800')  on conflict (ck_id) do update set ck_page = excluded.ck_page, ck_object = excluded.ck_object, cn_order = excluded.cn_order, ck_parent = excluded.ck_parent, ck_master = excluded.ck_master, ck_user = excluded.ck_user, ct_change = excluded.ct_change;
INSERT INTO s_mt.t_page_object (ck_id, ck_page, ck_object, cn_order, ck_parent, ck_master, ck_user, ct_change) VALUES ('86E11382481458EAE053809BA8C096F6', '12987721', '86E1138247FF58EAE053809BA8C096F6', 1, '86E11382480E58EAE053809BA8C096F6', null, '20788', '2018-12-08T17:42:08.000+0800')  on conflict (ck_id) do update set ck_page = excluded.ck_page, ck_object = excluded.ck_object, cn_order = excluded.cn_order, ck_parent = excluded.ck_parent, ck_master = excluded.ck_master, ck_user = excluded.ck_user, ct_change = excluded.ct_change;
INSERT INTO s_mt.t_page_object (ck_id, ck_page, ck_object, cn_order, ck_parent, ck_master, ck_user, ct_change) VALUES ('7C45F8C65E074F65E053809BA8C0A3B1', '181', 'F3960DD69A33406B86F92BE05043120B', 300, '7C45F8C65E064F65E053809BA8C0A3B1', null, '20785', '2018-12-05T19:49:16.000+0800')  on conflict (ck_id) do update set ck_page = excluded.ck_page, ck_object = excluded.ck_object, cn_order = excluded.cn_order, ck_parent = excluded.ck_parent, ck_master = excluded.ck_master, ck_user = excluded.ck_user, ct_change = excluded.ct_change;
INSERT INTO s_mt.t_page_object (ck_id, ck_page, ck_object, cn_order, ck_parent, ck_master, ck_user, ct_change) VALUES ('7C45F8C65E084F65E053809BA8C0A3B1', '181', '553288E7156B4F71A7A681565326400A', 150, '7C45F8C65E064F65E053809BA8C0A3B1', null, '20785', '2018-12-05T19:49:16.000+0800')  on conflict (ck_id) do update set ck_page = excluded.ck_page, ck_object = excluded.ck_object, cn_order = excluded.cn_order, ck_parent = excluded.ck_parent, ck_master = excluded.ck_master, ck_user = excluded.ck_user, ct_change = excluded.ct_change;
INSERT INTO s_mt.t_page_object (ck_id, ck_page, ck_object, cn_order, ck_parent, ck_master, ck_user, ct_change) VALUES ('7C45F8C65E094F65E053809BA8C0A3B1', '181', 'B71EF0C794214B3BA7A49E160B36D373', 100, '7C45F8C65E064F65E053809BA8C0A3B1', null, '20785', '2018-12-05T19:49:16.000+0800')  on conflict (ck_id) do update set ck_page = excluded.ck_page, ck_object = excluded.ck_object, cn_order = excluded.cn_order, ck_parent = excluded.ck_parent, ck_master = excluded.ck_master, ck_user = excluded.ck_user, ct_change = excluded.ct_change;
INSERT INTO s_mt.t_page_object (ck_id, ck_page, ck_object, cn_order, ck_parent, ck_master, ck_user, ct_change) VALUES ('7C45F8C65E0A4F65E053809BA8C0A3B1', '181', '60E439E451354D51855C0BFA53EC64D0', 400, '7C45F8C65E064F65E053809BA8C0A3B1', null, '20785', '2018-12-05T19:49:16.000+0800')  on conflict (ck_id) do update set ck_page = excluded.ck_page, ck_object = excluded.ck_object, cn_order = excluded.cn_order, ck_parent = excluded.ck_parent, ck_master = excluded.ck_master, ck_user = excluded.ck_user, ct_change = excluded.ct_change;
INSERT INTO s_mt.t_page_object (ck_id, ck_page, ck_object, cn_order, ck_parent, ck_master, ck_user, ct_change) VALUES ('7C45F8C65E0B4F65E053809BA8C0A3B1', '181', '27C9B8FE4A084614A2D253815226A7EE', 10000, '7C45F8C65E064F65E053809BA8C0A3B1', null, '20785', '2018-12-05T19:49:16.000+0800')  on conflict (ck_id) do update set ck_page = excluded.ck_page, ck_object = excluded.ck_object, cn_order = excluded.cn_order, ck_parent = excluded.ck_parent, ck_master = excluded.ck_master, ck_user = excluded.ck_user, ct_change = excluded.ct_change;
INSERT INTO s_mt.t_page_object (ck_id, ck_page, ck_object, cn_order, ck_parent, ck_master, ck_user, ct_change) VALUES ('84FFFEEFA8F249B5E053809BA8C08E0F', '1', '085D40FB3F574204916A44658A636158', 180, '84FFFEEFA8F149B5E053809BA8C08E0F', null, '20788', '2018-11-23T23:43:41.000+0800')  on conflict (ck_id) do update set ck_page = excluded.ck_page, ck_object = excluded.ck_object, cn_order = excluded.cn_order, ck_parent = excluded.ck_parent, ck_master = excluded.ck_master, ck_user = excluded.ck_user, ct_change = excluded.ct_change;
INSERT INTO s_mt.t_page_object (ck_id, ck_page, ck_object, cn_order, ck_parent, ck_master, ck_user, ct_change) VALUES ('8138BA7BB37D2CF7E053809BA8C0DAE0', '3', 'D61761E4F2AA49279A15318CA3F8996F', 100, '8138BA7BB37C2CF7E053809BA8C0DAE0', null, '20788', '2018-12-08T22:31:36.000+0800')  on conflict (ck_id) do update set ck_page = excluded.ck_page, ck_object = excluded.ck_object, cn_order = excluded.cn_order, ck_parent = excluded.ck_parent, ck_master = excluded.ck_master, ck_user = excluded.ck_user, ct_change = excluded.ct_change;
INSERT INTO s_mt.t_page_object (ck_id, ck_page, ck_object, cn_order, ck_parent, ck_master, ck_user, ct_change) VALUES ('8138BA7BB37E2CF7E053809BA8C0DAE0', '3', '80B4041147E3470FA3C38E55004D160D', 200, '8138BA7BB37C2CF7E053809BA8C0DAE0', null, '20788', '2018-12-08T22:31:36.000+0800')  on conflict (ck_id) do update set ck_page = excluded.ck_page, ck_object = excluded.ck_object, cn_order = excluded.cn_order, ck_parent = excluded.ck_parent, ck_master = excluded.ck_master, ck_user = excluded.ck_user, ct_change = excluded.ct_change;
INSERT INTO s_mt.t_page_object (ck_id, ck_page, ck_object, cn_order, ck_parent, ck_master, ck_user, ct_change) VALUES ('8138BA7BB3982CF7E053809BA8C0DAE0', '3', 'CC5F4F1AEF0941B39C528B7663AAC214', 200, '8138BA7BB3972CF7E053809BA8C0DAE0', null, '20788', '2018-12-08T22:31:36.000+0800')  on conflict (ck_id) do update set ck_page = excluded.ck_page, ck_object = excluded.ck_object, cn_order = excluded.cn_order, ck_parent = excluded.ck_parent, ck_master = excluded.ck_master, ck_user = excluded.ck_user, ct_change = excluded.ct_change;
INSERT INTO s_mt.t_page_object (ck_id, ck_page, ck_object, cn_order, ck_parent, ck_master, ck_user, ct_change) VALUES ('8138BA7BB3992CF7E053809BA8C0DAE0', '3', 'C0E589723932468982092A15976C8BB4', 300, '8138BA7BB3972CF7E053809BA8C0DAE0', null, '20788', '2018-12-08T22:31:36.000+0800')  on conflict (ck_id) do update set ck_page = excluded.ck_page, ck_object = excluded.ck_object, cn_order = excluded.cn_order, ck_parent = excluded.ck_parent, ck_master = excluded.ck_master, ck_user = excluded.ck_user, ct_change = excluded.ct_change;
INSERT INTO s_mt.t_page_object (ck_id, ck_page, ck_object, cn_order, ck_parent, ck_master, ck_user, ct_change) VALUES ('8D3B233DB3016292E053809BA8C04336', '2', '99F9D324EB484401A1F66491B2D64809', 500, '8D3B233DB3006292E053809BA8C04336', null, '20848', '2018-12-17T21:11:12.000+0800')  on conflict (ck_id) do update set ck_page = excluded.ck_page, ck_object = excluded.ck_object, cn_order = excluded.cn_order, ck_parent = excluded.ck_parent, ck_master = excluded.ck_master, ck_user = excluded.ck_user, ct_change = excluded.ct_change;
INSERT INTO s_mt.t_page_object (ck_id, ck_page, ck_object, cn_order, ck_parent, ck_master, ck_user, ct_change) VALUES ('8D3B233DB3166292E053809BA8C04336', '2', '9637E6808A1B4196A2D6FD33BD85F326', 400, '8D3B233DB3156292E053809BA8C04336', null, '20848', '2018-12-17T21:11:12.000+0800')  on conflict (ck_id) do update set ck_page = excluded.ck_page, ck_object = excluded.ck_object, cn_order = excluded.cn_order, ck_parent = excluded.ck_parent, ck_master = excluded.ck_master, ck_user = excluded.ck_user, ct_change = excluded.ct_change;
INSERT INTO s_mt.t_page_object (ck_id, ck_page, ck_object, cn_order, ck_parent, ck_master, ck_user, ct_change) VALUES ('84FFFEEFA8EB49B5E053809BA8C08E0F', '1', 'B25593736D6549B498335251E1FB280C', 600, '84FFFEEFA8EA49B5E053809BA8C08E0F', null, '20788', '2018-11-23T23:43:41.000+0800')  on conflict (ck_id) do update set ck_page = excluded.ck_page, ck_object = excluded.ck_object, cn_order = excluded.cn_order, ck_parent = excluded.ck_parent, ck_master = excluded.ck_master, ck_user = excluded.ck_user, ct_change = excluded.ct_change;
INSERT INTO s_mt.t_page_object (ck_id, ck_page, ck_object, cn_order, ck_parent, ck_master, ck_user, ct_change) VALUES ('84FFFEEFA8F349B5E053809BA8C08E0F', '1', '02E1029A8DCF4C41BDAF134464984704', 150, '84FFFEEFA8F149B5E053809BA8C08E0F', null, '20788', '2018-11-23T23:43:41.000+0800')  on conflict (ck_id) do update set ck_page = excluded.ck_page, ck_object = excluded.ck_object, cn_order = excluded.cn_order, ck_parent = excluded.ck_parent, ck_master = excluded.ck_master, ck_user = excluded.ck_user, ct_change = excluded.ct_change;
INSERT INTO s_mt.t_page_object (ck_id, ck_page, ck_object, cn_order, ck_parent, ck_master, ck_user, ct_change) VALUES ('84FFFEEFA8F449B5E053809BA8C08E0F', '1', '0202F94F3F624C13865A2B0AA9E8FDE5', 400, '84FFFEEFA8F149B5E053809BA8C08E0F', null, '20788', '2018-11-23T23:43:41.000+0800')  on conflict (ck_id) do update set ck_page = excluded.ck_page, ck_object = excluded.ck_object, cn_order = excluded.cn_order, ck_parent = excluded.ck_parent, ck_master = excluded.ck_master, ck_user = excluded.ck_user, ct_change = excluded.ct_change;
INSERT INTO s_mt.t_page_object (ck_id, ck_page, ck_object, cn_order, ck_parent, ck_master, ck_user, ct_change) VALUES ('84FFFEEFA8F549B5E053809BA8C08E0F', '1', 'D853B3E280224C6C8C173CE8E7D2F484', 500, '84FFFEEFA8F149B5E053809BA8C08E0F', null, '20788', '2018-11-23T23:43:41.000+0800')  on conflict (ck_id) do update set ck_page = excluded.ck_page, ck_object = excluded.ck_object, cn_order = excluded.cn_order, ck_parent = excluded.ck_parent, ck_master = excluded.ck_master, ck_user = excluded.ck_user, ct_change = excluded.ct_change;
INSERT INTO s_mt.t_page_object (ck_id, ck_page, ck_object, cn_order, ck_parent, ck_master, ck_user, ct_change) VALUES ('84FFFEEFA8F649B5E053809BA8C08E0F', '1', '20E904F618D14931B946EFA7E8201725', 100, '84FFFEEFA8F149B5E053809BA8C08E0F', null, '20788', '2018-11-23T23:43:41.000+0800')  on conflict (ck_id) do update set ck_page = excluded.ck_page, ck_object = excluded.ck_object, cn_order = excluded.cn_order, ck_parent = excluded.ck_parent, ck_master = excluded.ck_master, ck_user = excluded.ck_user, ct_change = excluded.ct_change;
INSERT INTO s_mt.t_page_object (ck_id, ck_page, ck_object, cn_order, ck_parent, ck_master, ck_user, ct_change) VALUES ('84FFFEEFA8EC49B5E053809BA8C08E0F', '1', '482CF93188074352A883B2C22D0945F8', 100, '84FFFEEFA8EA49B5E053809BA8C08E0F', null, '20788', '2018-11-23T23:43:41.000+0800')  on conflict (ck_id) do update set ck_page = excluded.ck_page, ck_object = excluded.ck_object, cn_order = excluded.cn_order, ck_parent = excluded.ck_parent, ck_master = excluded.ck_master, ck_user = excluded.ck_user, ct_change = excluded.ct_change;
INSERT INTO s_mt.t_page_object (ck_id, ck_page, ck_object, cn_order, ck_parent, ck_master, ck_user, ct_change) VALUES ('84FFFEEFA8ED49B5E053809BA8C08E0F', '1', 'AC0C3A9C3BB7491D9F300E75EB893683', 300, '84FFFEEFA8EA49B5E053809BA8C08E0F', null, '20788', '2018-11-23T23:43:41.000+0800')  on conflict (ck_id) do update set ck_page = excluded.ck_page, ck_object = excluded.ck_object, cn_order = excluded.cn_order, ck_parent = excluded.ck_parent, ck_master = excluded.ck_master, ck_user = excluded.ck_user, ct_change = excluded.ct_change;
INSERT INTO s_mt.t_page_object (ck_id, ck_page, ck_object, cn_order, ck_parent, ck_master, ck_user, ct_change) VALUES ('84FFFEEFA8EE49B5E053809BA8C08E0F', '1', '5540018FA2FC4C619E0A90969D8E7B6B', 400, '84FFFEEFA8EA49B5E053809BA8C08E0F', null, '20788', '2018-11-23T23:43:41.000+0800')  on conflict (ck_id) do update set ck_page = excluded.ck_page, ck_object = excluded.ck_object, cn_order = excluded.cn_order, ck_parent = excluded.ck_parent, ck_master = excluded.ck_master, ck_user = excluded.ck_user, ct_change = excluded.ct_change;
INSERT INTO s_mt.t_page_object (ck_id, ck_page, ck_object, cn_order, ck_parent, ck_master, ck_user, ct_change) VALUES ('84FFFEEFA8EF49B5E053809BA8C08E0F', '1', '948B958349E94465AD6DDE0D1D81123E', 500, '84FFFEEFA8EA49B5E053809BA8C08E0F', null, '20788', '2018-11-23T23:43:41.000+0800')  on conflict (ck_id) do update set ck_page = excluded.ck_page, ck_object = excluded.ck_object, cn_order = excluded.cn_order, ck_parent = excluded.ck_parent, ck_master = excluded.ck_master, ck_user = excluded.ck_user, ct_change = excluded.ct_change;
INSERT INTO s_mt.t_page_object (ck_id, ck_page, ck_object, cn_order, ck_parent, ck_master, ck_user, ct_change) VALUES ('8138BA7BB37F2CF7E053809BA8C0DAE0', '3', '2872E6B328CA4397A8E81147EFDCBDA7', 300, '8138BA7BB37C2CF7E053809BA8C0DAE0', null, '20788', '2018-12-08T22:31:36.000+0800')  on conflict (ck_id) do update set ck_page = excluded.ck_page, ck_object = excluded.ck_object, cn_order = excluded.cn_order, ck_parent = excluded.ck_parent, ck_master = excluded.ck_master, ck_user = excluded.ck_user, ct_change = excluded.ct_change;
INSERT INTO s_mt.t_page_object (ck_id, ck_page, ck_object, cn_order, ck_parent, ck_master, ck_user, ct_change) VALUES ('8138BA7BB39A2CF7E053809BA8C0DAE0', '3', 'AA3742B6B2D04C23AB751B501290B52B', 100, '8138BA7BB3972CF7E053809BA8C0DAE0', null, '20788', '2018-12-08T22:31:36.000+0800')  on conflict (ck_id) do update set ck_page = excluded.ck_page, ck_object = excluded.ck_object, cn_order = excluded.cn_order, ck_parent = excluded.ck_parent, ck_master = excluded.ck_master, ck_user = excluded.ck_user, ct_change = excluded.ct_change;
INSERT INTO s_mt.t_page_object (ck_id, ck_page, ck_object, cn_order, ck_parent, ck_master, ck_user, ct_change) VALUES ('8D3B233DB3026292E053809BA8C04336', '2', 'E5A0DC93F74E475BA2F3E21328846FCA', 400, '8D3B233DB3006292E053809BA8C04336', null, '20848', '2018-12-17T21:11:12.000+0800')  on conflict (ck_id) do update set ck_page = excluded.ck_page, ck_object = excluded.ck_object, cn_order = excluded.cn_order, ck_parent = excluded.ck_parent, ck_master = excluded.ck_master, ck_user = excluded.ck_user, ct_change = excluded.ct_change;
INSERT INTO s_mt.t_page_object (ck_id, ck_page, ck_object, cn_order, ck_parent, ck_master, ck_user, ct_change) VALUES ('8D3B233DB3176292E053809BA8C04336', '2', 'A2E08196F3CF4E8494FEA91DA200D361', 1000, '8D3B233DB3156292E053809BA8C04336', null, '20848', '2018-12-17T21:11:12.000+0800')  on conflict (ck_id) do update set ck_page = excluded.ck_page, ck_object = excluded.ck_object, cn_order = excluded.cn_order, ck_parent = excluded.ck_parent, ck_master = excluded.ck_master, ck_user = excluded.ck_user, ct_change = excluded.ct_change;
INSERT INTO s_mt.t_page_object (ck_id, ck_page, ck_object, cn_order, ck_parent, ck_master, ck_user, ct_change) VALUES ('8D3B233DB3036292E053809BA8C04336', '2', 'D2DE62CD05FE4246AD8B39638CF96B8C', 600, '8D3B233DB3006292E053809BA8C04336', null, '20848', '2018-12-17T21:11:12.000+0800')  on conflict (ck_id) do update set ck_page = excluded.ck_page, ck_object = excluded.ck_object, cn_order = excluded.cn_order, ck_parent = excluded.ck_parent, ck_master = excluded.ck_master, ck_user = excluded.ck_user, ct_change = excluded.ct_change;
INSERT INTO s_mt.t_page_object (ck_id, ck_page, ck_object, cn_order, ck_parent, ck_master, ck_user, ct_change) VALUES ('8D3B233DB3046292E053809BA8C04336', '2', '41FC947229F54E8EB1A5A302A69EC23F', 150, '8D3B233DB3006292E053809BA8C04336', null, '20848', '2018-12-17T21:11:12.000+0800')  on conflict (ck_id) do update set ck_page = excluded.ck_page, ck_object = excluded.ck_object, cn_order = excluded.cn_order, ck_parent = excluded.ck_parent, ck_master = excluded.ck_master, ck_user = excluded.ck_user, ct_change = excluded.ct_change;
INSERT INTO s_mt.t_page_object (ck_id, ck_page, ck_object, cn_order, ck_parent, ck_master, ck_user, ct_change) VALUES ('8D3B233DB3056292E053809BA8C04336', '2', '5D7E99789C4C4AE38CF614A340343C62', 100, '8D3B233DB3006292E053809BA8C04336', null, '20848', '2018-12-17T21:11:12.000+0800')  on conflict (ck_id) do update set ck_page = excluded.ck_page, ck_object = excluded.ck_object, cn_order = excluded.cn_order, ck_parent = excluded.ck_parent, ck_master = excluded.ck_master, ck_user = excluded.ck_user, ct_change = excluded.ct_change;
INSERT INTO s_mt.t_page_object (ck_id, ck_page, ck_object, cn_order, ck_parent, ck_master, ck_user, ct_change) VALUES ('8D3B233DB3066292E053809BA8C04336', '2', '4E1B4314D2834E84BCEDC56A9EF5405F', 10000, '8D3B233DB3006292E053809BA8C04336', null, '20848', '2018-12-17T21:11:12.000+0800')  on conflict (ck_id) do update set ck_page = excluded.ck_page, ck_object = excluded.ck_object, cn_order = excluded.cn_order, ck_parent = excluded.ck_parent, ck_master = excluded.ck_master, ck_user = excluded.ck_user, ct_change = excluded.ct_change;
INSERT INTO s_mt.t_page_object (ck_id, ck_page, ck_object, cn_order, ck_parent, ck_master, ck_user, ct_change) VALUES ('8D3B233DB3076292E053809BA8C04336', '2', '32BC0ECB10F34E30AD727CBD97719E26', 350, '8D3B233DB3006292E053809BA8C04336', null, '20848', '2018-12-17T21:11:12.000+0800')  on conflict (ck_id) do update set ck_page = excluded.ck_page, ck_object = excluded.ck_object, cn_order = excluded.cn_order, ck_parent = excluded.ck_parent, ck_master = excluded.ck_master, ck_user = excluded.ck_user, ct_change = excluded.ct_change;
INSERT INTO s_mt.t_page_object (ck_id, ck_page, ck_object, cn_order, ck_parent, ck_master, ck_user, ct_change) VALUES ('8D3B233DB3186292E053809BA8C04336', '2', '801B8290FF5F4C5399D150197D34833E', 500, '8D3B233DB3156292E053809BA8C04336', null, '20848', '2018-12-17T21:11:12.000+0800')  on conflict (ck_id) do update set ck_page = excluded.ck_page, ck_object = excluded.ck_object, cn_order = excluded.cn_order, ck_parent = excluded.ck_parent, ck_master = excluded.ck_master, ck_user = excluded.ck_user, ct_change = excluded.ct_change;
INSERT INTO s_mt.t_page_object (ck_id, ck_page, ck_object, cn_order, ck_parent, ck_master, ck_user, ct_change) VALUES ('8D3B233DB3196292E053809BA8C04336', '2', '3DF8D382476C409FAFE16C90AF5E8339', 100, '8D3B233DB3156292E053809BA8C04336', null, '20848', '2018-12-17T21:11:12.000+0800')  on conflict (ck_id) do update set ck_page = excluded.ck_page, ck_object = excluded.ck_object, cn_order = excluded.cn_order, ck_parent = excluded.ck_parent, ck_master = excluded.ck_master, ck_user = excluded.ck_user, ct_change = excluded.ct_change;
INSERT INTO s_mt.t_page_object (ck_id, ck_page, ck_object, cn_order, ck_parent, ck_master, ck_user, ct_change) VALUES ('84FFFEEFA8F749B5E053809BA8C08E0F', '1', '38BC13060F1646B588299CBAA2F7C370', 300, '84FFFEEFA8F149B5E053809BA8C08E0F', null, '20788', '2018-11-23T23:43:41.000+0800')  on conflict (ck_id) do update set ck_page = excluded.ck_page, ck_object = excluded.ck_object, cn_order = excluded.cn_order, ck_parent = excluded.ck_parent, ck_master = excluded.ck_master, ck_user = excluded.ck_user, ct_change = excluded.ct_change;
INSERT INTO s_mt.t_page_object (ck_id, ck_page, ck_object, cn_order, ck_parent, ck_master, ck_user, ct_change) VALUES ('8D3B233DB31A6292E053809BA8C04336', '2', '3DD16DB9F9D64C6CA05252512E9BCDD3', 300, '8D3B233DB3156292E053809BA8C04336', null, '20848', '2018-12-17T21:11:12.000+0800')  on conflict (ck_id) do update set ck_page = excluded.ck_page, ck_object = excluded.ck_object, cn_order = excluded.cn_order, ck_parent = excluded.ck_parent, ck_master = excluded.ck_master, ck_user = excluded.ck_user, ct_change = excluded.ct_change;
INSERT INTO s_mt.t_page_object (ck_id, ck_page, ck_object, cn_order, ck_parent, ck_master, ck_user, ct_change) VALUES ('84FFFEEFA8F849B5E053809BA8C08E0F', '1', '66E12B205EC54282896B6B2498DE65A2', 900, '84FFFEEFA8F149B5E053809BA8C08E0F', null, '20788', '2018-11-23T23:43:41.000+0800')  on conflict (ck_id) do update set ck_page = excluded.ck_page, ck_object = excluded.ck_object, cn_order = excluded.cn_order, ck_parent = excluded.ck_parent, ck_master = excluded.ck_master, ck_user = excluded.ck_user, ct_change = excluded.ct_change;
INSERT INTO s_mt.t_page_object (ck_id, ck_page, ck_object, cn_order, ck_parent, ck_master, ck_user, ct_change) VALUES ('84FFFEEFA8F949B5E053809BA8C08E0F', '1', '52354F089D7D42958DE7EF095B3E55C1', 600, '84FFFEEFA8F149B5E053809BA8C08E0F', null, '20788', '2018-11-23T23:43:41.000+0800')  on conflict (ck_id) do update set ck_page = excluded.ck_page, ck_object = excluded.ck_object, cn_order = excluded.cn_order, ck_parent = excluded.ck_parent, ck_master = excluded.ck_master, ck_user = excluded.ck_user, ct_change = excluded.ct_change;
INSERT INTO s_mt.t_page_object (ck_id, ck_page, ck_object, cn_order, ck_parent, ck_master, ck_user, ct_change) VALUES ('8D3B233DB3086292E053809BA8C04336', '2', '16D8DF6E515F4274A69908D7FA34EB30', 120, '8D3B233DB3006292E053809BA8C04336', null, '20848', '2018-12-17T21:11:12.000+0800')  on conflict (ck_id) do update set ck_page = excluded.ck_page, ck_object = excluded.ck_object, cn_order = excluded.cn_order, ck_parent = excluded.ck_parent, ck_master = excluded.ck_master, ck_user = excluded.ck_user, ct_change = excluded.ct_change;
INSERT INTO s_mt.t_page_object (ck_id, ck_page, ck_object, cn_order, ck_parent, ck_master, ck_user, ct_change) VALUES ('8138BA7BB39B2CF7E053809BA8C0DAE0', '3', '0ACDF60E6F944A6F9A44C59422A7E797', 400, '8138BA7BB3972CF7E053809BA8C0DAE0', null, '20788', '2018-12-08T22:31:36.000+0800')  on conflict (ck_id) do update set ck_page = excluded.ck_page, ck_object = excluded.ck_object, cn_order = excluded.cn_order, ck_parent = excluded.ck_parent, ck_master = excluded.ck_master, ck_user = excluded.ck_user, ct_change = excluded.ct_change;
INSERT INTO s_mt.t_page_object (ck_id, ck_page, ck_object, cn_order, ck_parent, ck_master, ck_user, ct_change) VALUES ('8138BA7BB39C2CF7E053809BA8C0DAE0', '3', 'AFCF040CC2044E53BBAF316B35E03EBF', 500, '8138BA7BB3972CF7E053809BA8C0DAE0', null, '20788', '2018-12-08T22:31:36.000+0800')  on conflict (ck_id) do update set ck_page = excluded.ck_page, ck_object = excluded.ck_object, cn_order = excluded.cn_order, ck_parent = excluded.ck_parent, ck_master = excluded.ck_master, ck_user = excluded.ck_user, ct_change = excluded.ct_change;
INSERT INTO s_mt.t_page_object (ck_id, ck_page, ck_object, cn_order, ck_parent, ck_master, ck_user, ct_change) VALUES ('8138BA7BB39D2CF7E053809BA8C0DAE0', '3', 'F31962B0DD5344CAB0E7C5A1C6D48242', 600, '8138BA7BB3972CF7E053809BA8C0DAE0', null, '20788', '2018-12-08T22:31:36.000+0800')  on conflict (ck_id) do update set ck_page = excluded.ck_page, ck_object = excluded.ck_object, cn_order = excluded.cn_order, ck_parent = excluded.ck_parent, ck_master = excluded.ck_master, ck_user = excluded.ck_user, ct_change = excluded.ct_change;
INSERT INTO s_mt.t_page_object (ck_id, ck_page, ck_object, cn_order, ck_parent, ck_master, ck_user, ct_change) VALUES ('8D3B233DB31B6292E053809BA8C04336', '2', 'E0799FB264604C54973DF0B6A49BD63E', 150, '8D3B233DB3156292E053809BA8C04336', null, '20848', '2018-12-17T21:11:12.000+0800')  on conflict (ck_id) do update set ck_page = excluded.ck_page, ck_object = excluded.ck_object, cn_order = excluded.cn_order, ck_parent = excluded.ck_parent, ck_master = excluded.ck_master, ck_user = excluded.ck_user, ct_change = excluded.ct_change;
INSERT INTO s_mt.t_page_object (ck_id, ck_page, ck_object, cn_order, ck_parent, ck_master, ck_user, ct_change) VALUES ('84FFFEEFA8FA49B5E053809BA8C08E0F', '1', '61A30167AC624DD98559417D42BCF027', 250, '84FFFEEFA8F149B5E053809BA8C08E0F', null, '20788', '2018-11-23T23:43:41.000+0800')  on conflict (ck_id) do update set ck_page = excluded.ck_page, ck_object = excluded.ck_object, cn_order = excluded.cn_order, ck_parent = excluded.ck_parent, ck_master = excluded.ck_master, ck_user = excluded.ck_user, ct_change = excluded.ct_change;
INSERT INTO s_mt.t_page_object (ck_id, ck_page, ck_object, cn_order, ck_parent, ck_master, ck_user, ct_change) VALUES ('84FFFEEFA8FB49B5E053809BA8C08E0F', '1', 'A3875FB63D7042A6B61B371720EA55BF', 800, '84FFFEEFA8F149B5E053809BA8C08E0F', null, '20788', '2018-11-23T23:43:41.000+0800')  on conflict (ck_id) do update set ck_page = excluded.ck_page, ck_object = excluded.ck_object, cn_order = excluded.cn_order, ck_parent = excluded.ck_parent, ck_master = excluded.ck_master, ck_user = excluded.ck_user, ct_change = excluded.ct_change;
INSERT INTO s_mt.t_page_object (ck_id, ck_page, ck_object, cn_order, ck_parent, ck_master, ck_user, ct_change) VALUES ('84FFFEEFA8FC49B5E053809BA8C08E0F', '1', '16E65663C5714E269C8289281C18DCA8', 700, '84FFFEEFA8F149B5E053809BA8C08E0F', null, '20788', '2018-11-23T23:43:41.000+0800')  on conflict (ck_id) do update set ck_page = excluded.ck_page, ck_object = excluded.ck_object, cn_order = excluded.cn_order, ck_parent = excluded.ck_parent, ck_master = excluded.ck_master, ck_user = excluded.ck_user, ct_change = excluded.ct_change;
INSERT INTO s_mt.t_page_object (ck_id, ck_page, ck_object, cn_order, ck_parent, ck_master, ck_user, ct_change) VALUES ('8D3B233DB3096292E053809BA8C04336', '2', '95467F5511694BA6A9E982493356D3A1', 300, '8D3B233DB3006292E053809BA8C04336', null, '20848', '2018-12-17T21:11:12.000+0800')  on conflict (ck_id) do update set ck_page = excluded.ck_page, ck_object = excluded.ck_object, cn_order = excluded.cn_order, ck_parent = excluded.ck_parent, ck_master = excluded.ck_master, ck_user = excluded.ck_user, ct_change = excluded.ct_change;
INSERT INTO s_mt.t_page_object (ck_id, ck_page, ck_object, cn_order, ck_parent, ck_master, ck_user, ct_change) VALUES ('8D3B233DB32E6292E053809BA8C04336', '2', '999DA56D0ECF45A8BC98F2265A703988', 200, '8D3B233DB3006292E053809BA8C04336', null, '20848', '2018-12-17T21:11:12.000+0800')  on conflict (ck_id) do update set ck_page = excluded.ck_page, ck_object = excluded.ck_object, cn_order = excluded.cn_order, ck_parent = excluded.ck_parent, ck_master = excluded.ck_master, ck_user = excluded.ck_user, ct_change = excluded.ct_change;
INSERT INTO s_mt.t_page_object (ck_id, ck_page, ck_object, cn_order, ck_parent, ck_master, ck_user, ct_change) VALUES ('8D3B233DB31C6292E053809BA8C04336', '2', 'CBB07C568B094B1F82ED07BE368528F4', 600, '8D3B233DB3156292E053809BA8C04336', null, '20848', '2018-12-17T21:11:12.000+0800')  on conflict (ck_id) do update set ck_page = excluded.ck_page, ck_object = excluded.ck_object, cn_order = excluded.cn_order, ck_parent = excluded.ck_parent, ck_master = excluded.ck_master, ck_user = excluded.ck_user, ct_change = excluded.ct_change;
INSERT INTO s_mt.t_page_object (ck_id, ck_page, ck_object, cn_order, ck_parent, ck_master, ck_user, ct_change) VALUES ('8D3B233DB31D6292E053809BA8C04336', '2', 'B84591FA11C44C2581144504E7E2DFC7', 700, '8D3B233DB3156292E053809BA8C04336', null, '20848', '2018-12-17T21:11:12.000+0800')  on conflict (ck_id) do update set ck_page = excluded.ck_page, ck_object = excluded.ck_object, cn_order = excluded.cn_order, ck_parent = excluded.ck_parent, ck_master = excluded.ck_master, ck_user = excluded.ck_user, ct_change = excluded.ct_change;
INSERT INTO s_mt.t_page_object (ck_id, ck_page, ck_object, cn_order, ck_parent, ck_master, ck_user, ct_change) VALUES ('8D3B233DB31E6292E053809BA8C04336', '2', 'E109C4675B564AD7AE5D4B1091E6C5CF', 550, '8D3B233DB3156292E053809BA8C04336', null, '20848', '2018-12-17T21:11:12.000+0800')  on conflict (ck_id) do update set ck_page = excluded.ck_page, ck_object = excluded.ck_object, cn_order = excluded.cn_order, ck_parent = excluded.ck_parent, ck_master = excluded.ck_master, ck_user = excluded.ck_user, ct_change = excluded.ct_change;
INSERT INTO s_mt.t_page_object (ck_id, ck_page, ck_object, cn_order, ck_parent, ck_master, ck_user, ct_change) VALUES ('8D3B233DB2ED6292E053809BA8C04336', '2', 'A1707D6B3442425BAB77E04962EDC94D', 10, '8D3B233DB2EC6292E053809BA8C04336', null, '20848', '2018-12-17T21:11:12.000+0800')  on conflict (ck_id) do update set ck_page = excluded.ck_page, ck_object = excluded.ck_object, cn_order = excluded.cn_order, ck_parent = excluded.ck_parent, ck_master = excluded.ck_master, ck_user = excluded.ck_user, ct_change = excluded.ct_change;
INSERT INTO s_mt.t_page_object (ck_id, ck_page, ck_object, cn_order, ck_parent, ck_master, ck_user, ct_change) VALUES ('8D3B233DB30A6292E053809BA8C04336', '2', 'E843C8A56FF744F18C0ACD61B816CE98', 700, '8D3B233DB3006292E053809BA8C04336', null, '20848', '2018-12-17T21:11:12.000+0800')  on conflict (ck_id) do update set ck_page = excluded.ck_page, ck_object = excluded.ck_object, cn_order = excluded.cn_order, ck_parent = excluded.ck_parent, ck_master = excluded.ck_master, ck_user = excluded.ck_user, ct_change = excluded.ct_change;
INSERT INTO s_mt.t_page_object (ck_id, ck_page, ck_object, cn_order, ck_parent, ck_master, ck_user, ct_change) VALUES ('8D3B233DB31F6292E053809BA8C04336', '2', 'D94343DAF0AC4B85A29C0DA667BEE539', 200, '8D3B233DB3156292E053809BA8C04336', null, '20848', '2018-12-17T21:11:12.000+0800')  on conflict (ck_id) do update set ck_page = excluded.ck_page, ck_object = excluded.ck_object, cn_order = excluded.cn_order, ck_parent = excluded.ck_parent, ck_master = excluded.ck_master, ck_user = excluded.ck_user, ct_change = excluded.ct_change;
INSERT INTO s_mt.t_page_object (ck_id, ck_page, ck_object, cn_order, ck_parent, ck_master, ck_user, ct_change) VALUES ('84FFFEEFA8FD49B5E053809BA8C08E0F', '1', '847FF29EEEBB450480BC720A2E849B1C', 115, '84FFFEEFA8F149B5E053809BA8C08E0F', null, '20788', '2018-11-23T23:43:41.000+0800')  on conflict (ck_id) do update set ck_page = excluded.ck_page, ck_object = excluded.ck_object, cn_order = excluded.cn_order, ck_parent = excluded.ck_parent, ck_master = excluded.ck_master, ck_user = excluded.ck_user, ct_change = excluded.ct_change;
INSERT INTO s_mt.t_page_object (ck_id, ck_page, ck_object, cn_order, ck_parent, ck_master, ck_user, ct_change) VALUES ('8D3B233DB3206292E053809BA8C04336', '2', '5718878CB06C4E6DB5F6ABF555A33F4D', 800, '8D3B233DB3156292E053809BA8C04336', null, '20848', '2018-12-17T21:11:12.000+0800')  on conflict (ck_id) do update set ck_page = excluded.ck_page, ck_object = excluded.ck_object, cn_order = excluded.cn_order, ck_parent = excluded.ck_parent, ck_master = excluded.ck_master, ck_user = excluded.ck_user, ct_change = excluded.ct_change;
INSERT INTO s_mt.t_page_object (ck_id, ck_page, ck_object, cn_order, ck_parent, ck_master, ck_user, ct_change) VALUES ('84FFFEEFA8FE49B5E053809BA8C08E0F', '1', '04ACBA57BDB541699A459C20B4906BFD', 1000, '84FFFEEFA8F149B5E053809BA8C08E0F', null, '20788', '2018-11-23T23:43:41.000+0800')  on conflict (ck_id) do update set ck_page = excluded.ck_page, ck_object = excluded.ck_object, cn_order = excluded.cn_order, ck_parent = excluded.ck_parent, ck_master = excluded.ck_master, ck_user = excluded.ck_user, ct_change = excluded.ct_change;
INSERT INTO s_mt.t_page_object (ck_id, ck_page, ck_object, cn_order, ck_parent, ck_master, ck_user, ct_change) VALUES ('86E11382480F58EAE053809BA8C096F6', '12987721', '585D9FB916024544B4AD52822CF6DFF6', 10, '86E11382480E58EAE053809BA8C096F6', null, '20788', '2018-12-08T17:42:08.000+0800')  on conflict (ck_id) do update set ck_page = excluded.ck_page, ck_object = excluded.ck_object, cn_order = excluded.cn_order, ck_parent = excluded.ck_parent, ck_master = excluded.ck_master, ck_user = excluded.ck_user, ct_change = excluded.ct_change;
INSERT INTO s_mt.t_page_object (ck_id, ck_page, ck_object, cn_order, ck_parent, ck_master, ck_user, ct_change) VALUES ('8D3B233DB2EE6292E053809BA8C04336', '2', '6B214CDC907D43328F55C63F791B91C3', 20, '8D3B233DB2EC6292E053809BA8C04336', null, '20848', '2018-12-17T21:11:12.000+0800')  on conflict (ck_id) do update set ck_page = excluded.ck_page, ck_object = excluded.ck_object, cn_order = excluded.cn_order, ck_parent = excluded.ck_parent, ck_master = excluded.ck_master, ck_user = excluded.ck_user, ct_change = excluded.ct_change;
INSERT INTO s_mt.t_page_object (ck_id, ck_page, ck_object, cn_order, ck_parent, ck_master, ck_user, ct_change) VALUES ('86E11382481058EAE053809BA8C096F6', '12987721', '4B8AB86588DA424EBD4D6DF9A2E98085', 30, '86E11382480E58EAE053809BA8C096F6', null, '20788', '2018-12-08T17:42:08.000+0800')  on conflict (ck_id) do update set ck_page = excluded.ck_page, ck_object = excluded.ck_object, cn_order = excluded.cn_order, ck_parent = excluded.ck_parent, ck_master = excluded.ck_master, ck_user = excluded.ck_user, ct_change = excluded.ct_change;
INSERT INTO s_mt.t_page_object (ck_id, ck_page, ck_object, cn_order, ck_parent, ck_master, ck_user, ct_change) VALUES ('86E11382481158EAE053809BA8C096F6', '12987721', '1CCFF24F069A4D328611E3FB4A9249C8', 40, '86E11382480E58EAE053809BA8C096F6', null, '20788', '2018-12-08T17:42:08.000+0800')  on conflict (ck_id) do update set ck_page = excluded.ck_page, ck_object = excluded.ck_object, cn_order = excluded.cn_order, ck_parent = excluded.ck_parent, ck_master = excluded.ck_master, ck_user = excluded.ck_user, ct_change = excluded.ct_change;
INSERT INTO s_mt.t_page_object (ck_id, ck_page, ck_object, cn_order, ck_parent, ck_master, ck_user, ct_change) VALUES ('7C45F8C65E0C4F65E053809BA8C0A3B1', '181', '7C45F172197C4BCDE053809BA8C030D5', 101, '7C45F8C65E064F65E053809BA8C0A3B1', null, '20785', '2018-12-05T19:49:16.000+0800')  on conflict (ck_id) do update set ck_page = excluded.ck_page, ck_object = excluded.ck_object, cn_order = excluded.cn_order, ck_parent = excluded.ck_parent, ck_master = excluded.ck_master, ck_user = excluded.ck_user, ct_change = excluded.ct_change;
INSERT INTO s_mt.t_page_object (ck_id, ck_page, ck_object, cn_order, ck_parent, ck_master, ck_user, ct_change) VALUES ('86E11382481258EAE053809BA8C096F6', '12987721', '7C8088D3D3B48928E053809BA8C0C76A', 33, '86E11382480E58EAE053809BA8C096F6', null, '20788', '2018-12-08T17:42:08.000+0800')  on conflict (ck_id) do update set ck_page = excluded.ck_page, ck_object = excluded.ck_object, cn_order = excluded.cn_order, ck_parent = excluded.ck_parent, ck_master = excluded.ck_master, ck_user = excluded.ck_user, ct_change = excluded.ct_change;
INSERT INTO s_mt.t_page_object (ck_id, ck_page, ck_object, cn_order, ck_parent, ck_master, ck_user, ct_change) VALUES ('86E11382481358EAE053809BA8C096F6', '12987721', '7C8088D3D3B58928E053809BA8C0C76A', 36, '86E11382480E58EAE053809BA8C096F6', null, '20788', '2018-12-08T17:42:08.000+0800')  on conflict (ck_id) do update set ck_page = excluded.ck_page, ck_object = excluded.ck_object, cn_order = excluded.cn_order, ck_parent = excluded.ck_parent, ck_master = excluded.ck_master, ck_user = excluded.ck_user, ct_change = excluded.ct_change;
INSERT INTO s_mt.t_page_object (ck_id, ck_page, ck_object, cn_order, ck_parent, ck_master, ck_user, ct_change) VALUES ('845D2DB3B49F6B91E053809BA8C0E571', '6695715415771', '845FEE4ABA2C60F4E053809BA8C0D7B5', 70, '845D2DB3B49E6B91E053809BA8C0E571', null, '20780', '2019-03-18T18:58:45.000+0800')  on conflict (ck_id) do update set ck_page = excluded.ck_page, ck_object = excluded.ck_object, cn_order = excluded.cn_order, ck_parent = excluded.ck_parent, ck_master = excluded.ck_master, ck_user = excluded.ck_user, ct_change = excluded.ct_change;
INSERT INTO s_mt.t_page_object (ck_id, ck_page, ck_object, cn_order, ck_parent, ck_master, ck_user, ct_change) VALUES ('845D2DB3B4A06B91E053809BA8C0E571', '6695715415771', '845D0931A0CA60FCE053809BA8C07499', 20, '845D2DB3B49E6B91E053809BA8C0E571', null, '20780', '2019-03-18T18:58:45.000+0800')  on conflict (ck_id) do update set ck_page = excluded.ck_page, ck_object = excluded.ck_object, cn_order = excluded.cn_order, ck_parent = excluded.ck_parent, ck_master = excluded.ck_master, ck_user = excluded.ck_user, ct_change = excluded.ct_change;
INSERT INTO s_mt.t_page_object (ck_id, ck_page, ck_object, cn_order, ck_parent, ck_master, ck_user, ct_change) VALUES ('84FFFEEFA8F049B5E053809BA8C08E0F', '1', '87DD0319961C49E182C7D5ACA7FCECE7', 100, '84FFFEEFA8EF49B5E053809BA8C08E0F', null, '20788', '2018-11-23T23:43:41.000+0800')  on conflict (ck_id) do update set ck_page = excluded.ck_page, ck_object = excluded.ck_object, cn_order = excluded.cn_order, ck_parent = excluded.ck_parent, ck_master = excluded.ck_master, ck_user = excluded.ck_user, ct_change = excluded.ct_change;
INSERT INTO s_mt.t_page_object (ck_id, ck_page, ck_object, cn_order, ck_parent, ck_master, ck_user, ct_change) VALUES ('84FFFEEFA90049B5E053809BA8C08E0F', '1', 'EA7CFCD39A2948C2876FB8D0CF5BDC88', 100, '84FFFEEFA8F249B5E053809BA8C08E0F', null, '20788', '2018-11-23T23:43:41.000+0800')  on conflict (ck_id) do update set ck_page = excluded.ck_page, ck_object = excluded.ck_object, cn_order = excluded.cn_order, ck_parent = excluded.ck_parent, ck_master = excluded.ck_master, ck_user = excluded.ck_user, ct_change = excluded.ct_change;
INSERT INTO s_mt.t_page_object (ck_id, ck_page, ck_object, cn_order, ck_parent, ck_master, ck_user, ct_change) VALUES ('84FFFEEFA90149B5E053809BA8C08E0F', '1', '98B367129551441BBC75BD5D42783962', 200, '84FFFEEFA8F249B5E053809BA8C08E0F', null, '20788', '2018-11-23T23:43:41.000+0800')  on conflict (ck_id) do update set ck_page = excluded.ck_page, ck_object = excluded.ck_object, cn_order = excluded.cn_order, ck_parent = excluded.ck_parent, ck_master = excluded.ck_master, ck_user = excluded.ck_user, ct_change = excluded.ct_change;
INSERT INTO s_mt.t_page_object (ck_id, ck_page, ck_object, cn_order, ck_parent, ck_master, ck_user, ct_change) VALUES ('84FFFEEFA90249B5E053809BA8C08E0F', '1', 'A250C26B41F84282BEBAE459FA63CE26', 300, '84FFFEEFA8F249B5E053809BA8C08E0F', null, '20788', '2018-11-23T23:43:41.000+0800')  on conflict (ck_id) do update set ck_page = excluded.ck_page, ck_object = excluded.ck_object, cn_order = excluded.cn_order, ck_parent = excluded.ck_parent, ck_master = excluded.ck_master, ck_user = excluded.ck_user, ct_change = excluded.ct_change;
INSERT INTO s_mt.t_page_object (ck_id, ck_page, ck_object, cn_order, ck_parent, ck_master, ck_user, ct_change) VALUES ('84FFFEEFA90349B5E053809BA8C08E0F', '1', '21E9F838378546E69359B0FF5313B9CA', 400, '84FFFEEFA8F249B5E053809BA8C08E0F', null, '20788', '2018-11-23T23:43:41.000+0800')  on conflict (ck_id) do update set ck_page = excluded.ck_page, ck_object = excluded.ck_object, cn_order = excluded.cn_order, ck_parent = excluded.ck_parent, ck_master = excluded.ck_master, ck_user = excluded.ck_user, ct_change = excluded.ct_change;
INSERT INTO s_mt.t_page_object (ck_id, ck_page, ck_object, cn_order, ck_parent, ck_master, ck_user, ct_change) VALUES ('84FFFEEFA90449B5E053809BA8C08E0F', '1', '96D701D6167142548E0CC663F4B05B06', 1200, '84FFFEEFA8F249B5E053809BA8C08E0F', null, '20788', '2018-11-23T23:43:41.000+0800')  on conflict (ck_id) do update set ck_page = excluded.ck_page, ck_object = excluded.ck_object, cn_order = excluded.cn_order, ck_parent = excluded.ck_parent, ck_master = excluded.ck_master, ck_user = excluded.ck_user, ct_change = excluded.ct_change;
INSERT INTO s_mt.t_page_object (ck_id, ck_page, ck_object, cn_order, ck_parent, ck_master, ck_user, ct_change) VALUES ('84FFFEEFA90549B5E053809BA8C08E0F', '1', '820F0FE7A24A4B9F9DE25211D70A6A76', 1300, '84FFFEEFA8F249B5E053809BA8C08E0F', null, '20788', '2018-11-23T23:43:41.000+0800')  on conflict (ck_id) do update set ck_page = excluded.ck_page, ck_object = excluded.ck_object, cn_order = excluded.cn_order, ck_parent = excluded.ck_parent, ck_master = excluded.ck_master, ck_user = excluded.ck_user, ct_change = excluded.ct_change;
INSERT INTO s_mt.t_page_object (ck_id, ck_page, ck_object, cn_order, ck_parent, ck_master, ck_user, ct_change) VALUES ('8138BA7BB3802CF7E053809BA8C0DAE0', '3', 'C2F27EE271604FB4AABDB05C890F6FAC', 400, '8138BA7BB37D2CF7E053809BA8C0DAE0', null, '20788', '2018-12-08T22:31:36.000+0800')  on conflict (ck_id) do update set ck_page = excluded.ck_page, ck_object = excluded.ck_object, cn_order = excluded.cn_order, ck_parent = excluded.ck_parent, ck_master = excluded.ck_master, ck_user = excluded.ck_user, ct_change = excluded.ct_change;
INSERT INTO s_mt.t_page_object (ck_id, ck_page, ck_object, cn_order, ck_parent, ck_master, ck_user, ct_change) VALUES ('84FFFEEFA90649B5E053809BA8C08E0F', '1', '614202FC3A134191A5AB44D37F05BB40', 600, '84FFFEEFA8F249B5E053809BA8C08E0F', null, '20788', '2018-11-23T23:43:41.000+0800')  on conflict (ck_id) do update set ck_page = excluded.ck_page, ck_object = excluded.ck_object, cn_order = excluded.cn_order, ck_parent = excluded.ck_parent, ck_master = excluded.ck_master, ck_user = excluded.ck_user, ct_change = excluded.ct_change;
INSERT INTO s_mt.t_page_object (ck_id, ck_page, ck_object, cn_order, ck_parent, ck_master, ck_user, ct_change) VALUES ('84FFFEEFA90749B5E053809BA8C08E0F', '1', '89E891F24EC34E3288980C890A0CED6D', 700, '84FFFEEFA8F249B5E053809BA8C08E0F', null, '20788', '2018-11-23T23:43:41.000+0800')  on conflict (ck_id) do update set ck_page = excluded.ck_page, ck_object = excluded.ck_object, cn_order = excluded.cn_order, ck_parent = excluded.ck_parent, ck_master = excluded.ck_master, ck_user = excluded.ck_user, ct_change = excluded.ct_change;
INSERT INTO s_mt.t_page_object (ck_id, ck_page, ck_object, cn_order, ck_parent, ck_master, ck_user, ct_change) VALUES ('8138BA7BB3872CF7E053809BA8C0DAE0', '3', 'F503DE08AA92406DB6299F241E20985E', 130, '8138BA7BB37E2CF7E053809BA8C0DAE0', null, '20788', '2018-12-08T22:31:36.000+0800')  on conflict (ck_id) do update set ck_page = excluded.ck_page, ck_object = excluded.ck_object, cn_order = excluded.cn_order, ck_parent = excluded.ck_parent, ck_master = excluded.ck_master, ck_user = excluded.ck_user, ct_change = excluded.ct_change;
INSERT INTO s_mt.t_page_object (ck_id, ck_page, ck_object, cn_order, ck_parent, ck_master, ck_user, ct_change) VALUES ('8138BA7BB3882CF7E053809BA8C0DAE0', '3', '8F21BF55FAE64AD681DD6D89D26E87BA', 100, '8138BA7BB37E2CF7E053809BA8C0DAE0', null, '20788', '2018-12-08T22:31:36.000+0800')  on conflict (ck_id) do update set ck_page = excluded.ck_page, ck_object = excluded.ck_object, cn_order = excluded.cn_order, ck_parent = excluded.ck_parent, ck_master = excluded.ck_master, ck_user = excluded.ck_user, ct_change = excluded.ct_change;
INSERT INTO s_mt.t_page_object (ck_id, ck_page, ck_object, cn_order, ck_parent, ck_master, ck_user, ct_change) VALUES ('8138BA7BB3892CF7E053809BA8C0DAE0', '3', '1E648C1FB7A243649A934C39DAEED002', 400, '8138BA7BB37E2CF7E053809BA8C0DAE0', null, '20788', '2018-12-08T22:31:36.000+0800')  on conflict (ck_id) do update set ck_page = excluded.ck_page, ck_object = excluded.ck_object, cn_order = excluded.cn_order, ck_parent = excluded.ck_parent, ck_master = excluded.ck_master, ck_user = excluded.ck_user, ct_change = excluded.ct_change;
INSERT INTO s_mt.t_page_object (ck_id, ck_page, ck_object, cn_order, ck_parent, ck_master, ck_user, ct_change) VALUES ('8138BA7BB38A2CF7E053809BA8C0DAE0', '3', '55CB11FA7ACB47AC9209700901BC0800', 500, '8138BA7BB37E2CF7E053809BA8C0DAE0', null, '20788', '2018-12-08T22:31:36.000+0800')  on conflict (ck_id) do update set ck_page = excluded.ck_page, ck_object = excluded.ck_object, cn_order = excluded.cn_order, ck_parent = excluded.ck_parent, ck_master = excluded.ck_master, ck_user = excluded.ck_user, ct_change = excluded.ct_change;
INSERT INTO s_mt.t_page_object (ck_id, ck_page, ck_object, cn_order, ck_parent, ck_master, ck_user, ct_change) VALUES ('8138BA7BB38D2CF7E053809BA8C0DAE0', '3', 'D37EDE722CF34CDBB459521FB353D600', 100, '8138BA7BB37F2CF7E053809BA8C0DAE0', null, '20788', '2018-12-08T22:31:36.000+0800')  on conflict (ck_id) do update set ck_page = excluded.ck_page, ck_object = excluded.ck_object, cn_order = excluded.cn_order, ck_parent = excluded.ck_parent, ck_master = excluded.ck_master, ck_user = excluded.ck_user, ct_change = excluded.ct_change;
INSERT INTO s_mt.t_page_object (ck_id, ck_page, ck_object, cn_order, ck_parent, ck_master, ck_user, ct_change) VALUES ('8138BA7BB38E2CF7E053809BA8C0DAE0', '3', '0F17EEABE4C34D6EA801023F37230114', 200, '8138BA7BB37F2CF7E053809BA8C0DAE0', null, '20788', '2018-12-08T22:31:36.000+0800')  on conflict (ck_id) do update set ck_page = excluded.ck_page, ck_object = excluded.ck_object, cn_order = excluded.cn_order, ck_parent = excluded.ck_parent, ck_master = excluded.ck_master, ck_user = excluded.ck_user, ct_change = excluded.ct_change;
INSERT INTO s_mt.t_page_object (ck_id, ck_page, ck_object, cn_order, ck_parent, ck_master, ck_user, ct_change) VALUES ('8D3B233DB30C6292E053809BA8C04336', '2', '281B061975594403AF492B839C2C1BB8', 300, '8D3B233DB3056292E053809BA8C04336', null, '20848', '2018-12-17T21:11:12.000+0800')  on conflict (ck_id) do update set ck_page = excluded.ck_page, ck_object = excluded.ck_object, cn_order = excluded.cn_order, ck_parent = excluded.ck_parent, ck_master = excluded.ck_master, ck_user = excluded.ck_user, ct_change = excluded.ct_change;
INSERT INTO s_mt.t_page_object (ck_id, ck_page, ck_object, cn_order, ck_parent, ck_master, ck_user, ct_change) VALUES ('8138BA7BB38B2CF7E053809BA8C0DAE0', '3', '4E6AD4BE79284CE4B7BB14F107C835DB', 300, '8138BA7BB37E2CF7E053809BA8C0DAE0', null, '20788', '2018-12-08T22:31:36.000+0800')  on conflict (ck_id) do update set ck_page = excluded.ck_page, ck_object = excluded.ck_object, cn_order = excluded.cn_order, ck_parent = excluded.ck_parent, ck_master = excluded.ck_master, ck_user = excluded.ck_user, ct_change = excluded.ct_change;
INSERT INTO s_mt.t_page_object (ck_id, ck_page, ck_object, cn_order, ck_parent, ck_master, ck_user, ct_change) VALUES ('8138BA7BB38F2CF7E053809BA8C0DAE0', '3', 'B76C07B8A7C247EDA42C3A7E7265C6DE', 300, '8138BA7BB37F2CF7E053809BA8C0DAE0', null, '20788', '2018-12-08T22:31:36.000+0800')  on conflict (ck_id) do update set ck_page = excluded.ck_page, ck_object = excluded.ck_object, cn_order = excluded.cn_order, ck_parent = excluded.ck_parent, ck_master = excluded.ck_master, ck_user = excluded.ck_user, ct_change = excluded.ct_change;
INSERT INTO s_mt.t_page_object (ck_id, ck_page, ck_object, cn_order, ck_parent, ck_master, ck_user, ct_change) VALUES ('8D3B233DB3126292E053809BA8C04336', '2', '4002FD9CB8904DC98C41A1D7D86A1B82', 100, '8D3B233DB3076292E053809BA8C04336', null, '20848', '2018-12-17T21:11:12.000+0800')  on conflict (ck_id) do update set ck_page = excluded.ck_page, ck_object = excluded.ck_object, cn_order = excluded.cn_order, ck_parent = excluded.ck_parent, ck_master = excluded.ck_master, ck_user = excluded.ck_user, ct_change = excluded.ct_change;
INSERT INTO s_mt.t_page_object (ck_id, ck_page, ck_object, cn_order, ck_parent, ck_master, ck_user, ct_change) VALUES ('8D3B233DB3216292E053809BA8C04336', '2', '2246D7F3D7544A13A4B4E37DC232070D', 400, '8D3B233DB3176292E053809BA8C04336', null, '20848', '2018-12-17T21:11:12.000+0800')  on conflict (ck_id) do update set ck_page = excluded.ck_page, ck_object = excluded.ck_object, cn_order = excluded.cn_order, ck_parent = excluded.ck_parent, ck_master = excluded.ck_master, ck_user = excluded.ck_user, ct_change = excluded.ct_change;
INSERT INTO s_mt.t_page_object (ck_id, ck_page, ck_object, cn_order, ck_parent, ck_master, ck_user, ct_change) VALUES ('8D3B233DB3226292E053809BA8C04336', '2', '58DFD9E372DC4BBC891F8723E554E185', 2000, '8D3B233DB3176292E053809BA8C04336', null, '20848', '2018-12-17T21:11:12.000+0800')  on conflict (ck_id) do update set ck_page = excluded.ck_page, ck_object = excluded.ck_object, cn_order = excluded.cn_order, ck_parent = excluded.ck_parent, ck_master = excluded.ck_master, ck_user = excluded.ck_user, ct_change = excluded.ct_change;
INSERT INTO s_mt.t_page_object (ck_id, ck_page, ck_object, cn_order, ck_parent, ck_master, ck_user, ct_change) VALUES ('8D3B233DB3236292E053809BA8C04336', '2', 'DA7805DF671B46658EE88E36E280D3A2', 3000, '8D3B233DB3176292E053809BA8C04336', null, '20848', '2018-12-17T21:11:12.000+0800')  on conflict (ck_id) do update set ck_page = excluded.ck_page, ck_object = excluded.ck_object, cn_order = excluded.cn_order, ck_parent = excluded.ck_parent, ck_master = excluded.ck_master, ck_user = excluded.ck_user, ct_change = excluded.ct_change;
INSERT INTO s_mt.t_page_object (ck_id, ck_page, ck_object, cn_order, ck_parent, ck_master, ck_user, ct_change) VALUES ('8D3B233DB30B6292E053809BA8C04336', '2', 'A97413B7060046EF8D43C14B67B0F22D', 100, '8D3B233DB3036292E053809BA8C04336', null, '20848', '2018-12-17T21:11:12.000+0800')  on conflict (ck_id) do update set ck_page = excluded.ck_page, ck_object = excluded.ck_object, cn_order = excluded.cn_order, ck_parent = excluded.ck_parent, ck_master = excluded.ck_master, ck_user = excluded.ck_user, ct_change = excluded.ct_change;
INSERT INTO s_mt.t_page_object (ck_id, ck_page, ck_object, cn_order, ck_parent, ck_master, ck_user, ct_change) VALUES ('8D3B233DB30D6292E053809BA8C04336', '2', '2CF0B4177AC944EF9D0F41728063F8ED', 1200, '8D3B233DB3056292E053809BA8C04336', null, '20848', '2018-12-17T21:11:12.000+0800')  on conflict (ck_id) do update set ck_page = excluded.ck_page, ck_object = excluded.ck_object, cn_order = excluded.cn_order, ck_parent = excluded.ck_parent, ck_master = excluded.ck_master, ck_user = excluded.ck_user, ct_change = excluded.ct_change;
INSERT INTO s_mt.t_page_object (ck_id, ck_page, ck_object, cn_order, ck_parent, ck_master, ck_user, ct_change) VALUES ('8D3B233DB30E6292E053809BA8C04336', '2', 'CCFF180E309042B1BDE6D618737BEC05', 1300, '8D3B233DB3056292E053809BA8C04336', null, '20848', '2018-12-17T21:11:12.000+0800')  on conflict (ck_id) do update set ck_page = excluded.ck_page, ck_object = excluded.ck_object, cn_order = excluded.cn_order, ck_parent = excluded.ck_parent, ck_master = excluded.ck_master, ck_user = excluded.ck_user, ct_change = excluded.ct_change;
INSERT INTO s_mt.t_page_object (ck_id, ck_page, ck_object, cn_order, ck_parent, ck_master, ck_user, ct_change) VALUES ('8D3B233DB30F6292E053809BA8C04336', '2', '80B07F19416149CA8FC56FEB8E9C6757', 100, '8D3B233DB3056292E053809BA8C04336', null, '20848', '2018-12-17T21:11:12.000+0800')  on conflict (ck_id) do update set ck_page = excluded.ck_page, ck_object = excluded.ck_object, cn_order = excluded.cn_order, ck_parent = excluded.ck_parent, ck_master = excluded.ck_master, ck_user = excluded.ck_user, ct_change = excluded.ct_change;
INSERT INTO s_mt.t_page_object (ck_id, ck_page, ck_object, cn_order, ck_parent, ck_master, ck_user, ct_change) VALUES ('8D3B233DB3106292E053809BA8C04336', '2', '6FE3C6BCC2C341F690856E77DB1CE30F', 200, '8D3B233DB3056292E053809BA8C04336', null, '20848', '2018-12-17T21:11:12.000+0800')  on conflict (ck_id) do update set ck_page = excluded.ck_page, ck_object = excluded.ck_object, cn_order = excluded.cn_order, ck_parent = excluded.ck_parent, ck_master = excluded.ck_master, ck_user = excluded.ck_user, ct_change = excluded.ct_change;
INSERT INTO s_mt.t_page_object (ck_id, ck_page, ck_object, cn_order, ck_parent, ck_master, ck_user, ct_change) VALUES ('8138BA7BB3812CF7E053809BA8C0DAE0', '3', '3486830584C742A5A870C3CC2941065D', 499, '8138BA7BB37D2CF7E053809BA8C0DAE0', null, '20788', '2018-12-08T22:31:36.000+0800')  on conflict (ck_id) do update set ck_page = excluded.ck_page, ck_object = excluded.ck_object, cn_order = excluded.cn_order, ck_parent = excluded.ck_parent, ck_master = excluded.ck_master, ck_user = excluded.ck_user, ct_change = excluded.ct_change;
INSERT INTO s_mt.t_page_object (ck_id, ck_page, ck_object, cn_order, ck_parent, ck_master, ck_user, ct_change) VALUES ('8D3B233DB3246292E053809BA8C04336', '2', '68E2ADA0B2CC4BD893CEB06D7D8D17D2', 600, '8D3B233DB3176292E053809BA8C04336', null, '20848', '2018-12-17T21:11:12.000+0800')  on conflict (ck_id) do update set ck_page = excluded.ck_page, ck_object = excluded.ck_object, cn_order = excluded.cn_order, ck_parent = excluded.ck_parent, ck_master = excluded.ck_master, ck_user = excluded.ck_user, ct_change = excluded.ct_change;
INSERT INTO s_mt.t_page_object (ck_id, ck_page, ck_object, cn_order, ck_parent, ck_master, ck_user, ct_change) VALUES ('8D3B233DB3116292E053809BA8C04336', '2', '1D6170D4FF9E47E49268FD2A70CE3C53', 100, '8D3B233DB3066292E053809BA8C04336', null, '20848', '2018-12-17T21:11:12.000+0800')  on conflict (ck_id) do update set ck_page = excluded.ck_page, ck_object = excluded.ck_object, cn_order = excluded.cn_order, ck_parent = excluded.ck_parent, ck_master = excluded.ck_master, ck_user = excluded.ck_user, ct_change = excluded.ct_change;
INSERT INTO s_mt.t_page_object (ck_id, ck_page, ck_object, cn_order, ck_parent, ck_master, ck_user, ct_change) VALUES ('8138BA7BB3822CF7E053809BA8C0DAE0', '3', '2ADDC9B8037F422B83266A1FF7E9E22D', 150, '8138BA7BB37D2CF7E053809BA8C0DAE0', null, '20788', '2018-12-08T22:31:36.000+0800')  on conflict (ck_id) do update set ck_page = excluded.ck_page, ck_object = excluded.ck_object, cn_order = excluded.cn_order, ck_parent = excluded.ck_parent, ck_master = excluded.ck_master, ck_user = excluded.ck_user, ct_change = excluded.ct_change;
INSERT INTO s_mt.t_page_object (ck_id, ck_page, ck_object, cn_order, ck_parent, ck_master, ck_user, ct_change) VALUES ('8138BA7BB3832CF7E053809BA8C0DAE0', '3', '702A0926012D4AE78B9959485017020B', 300, '8138BA7BB37D2CF7E053809BA8C0DAE0', null, '20788', '2018-12-08T22:31:36.000+0800')  on conflict (ck_id) do update set ck_page = excluded.ck_page, ck_object = excluded.ck_object, cn_order = excluded.cn_order, ck_parent = excluded.ck_parent, ck_master = excluded.ck_master, ck_user = excluded.ck_user, ct_change = excluded.ct_change;
INSERT INTO s_mt.t_page_object (ck_id, ck_page, ck_object, cn_order, ck_parent, ck_master, ck_user, ct_change) VALUES ('8138BA7BB3842CF7E053809BA8C0DAE0', '3', 'B23DA17649564C9B9673AC3A1AA95A24', 100, '8138BA7BB37D2CF7E053809BA8C0DAE0', null, '20788', '2018-12-08T22:31:36.000+0800')  on conflict (ck_id) do update set ck_page = excluded.ck_page, ck_object = excluded.ck_object, cn_order = excluded.cn_order, ck_parent = excluded.ck_parent, ck_master = excluded.ck_master, ck_user = excluded.ck_user, ct_change = excluded.ct_change;
INSERT INTO s_mt.t_page_object (ck_id, ck_page, ck_object, cn_order, ck_parent, ck_master, ck_user, ct_change) VALUES ('8138BA7BB39E2CF7E053809BA8C0DAE0', '3', '78DD4CEE3E0F403586B9CB000F05A119', 100, '8138BA7BB3992CF7E053809BA8C0DAE0', null, '20788', '2018-12-08T22:31:36.000+0800')  on conflict (ck_id) do update set ck_page = excluded.ck_page, ck_object = excluded.ck_object, cn_order = excluded.cn_order, ck_parent = excluded.ck_parent, ck_master = excluded.ck_master, ck_user = excluded.ck_user, ct_change = excluded.ct_change;
INSERT INTO s_mt.t_page_object (ck_id, ck_page, ck_object, cn_order, ck_parent, ck_master, ck_user, ct_change) VALUES ('8138BA7BB39F2CF7E053809BA8C0DAE0', '3', 'C3A6E350960C46E289F771BB88355B1C', 100, '8138BA7BB39B2CF7E053809BA8C0DAE0', null, '20788', '2018-12-08T22:31:36.000+0800')  on conflict (ck_id) do update set ck_page = excluded.ck_page, ck_object = excluded.ck_object, cn_order = excluded.cn_order, ck_parent = excluded.ck_parent, ck_master = excluded.ck_master, ck_user = excluded.ck_user, ct_change = excluded.ct_change;
INSERT INTO s_mt.t_page_object (ck_id, ck_page, ck_object, cn_order, ck_parent, ck_master, ck_user, ct_change) VALUES ('8D3B233DB3256292E053809BA8C04336', '2', '1D150D1369E24783B7041818833097AB', 100, '8D3B233DB3176292E053809BA8C04336', null, '20848', '2018-12-17T21:11:12.000+0800')  on conflict (ck_id) do update set ck_page = excluded.ck_page, ck_object = excluded.ck_object, cn_order = excluded.cn_order, ck_parent = excluded.ck_parent, ck_master = excluded.ck_master, ck_user = excluded.ck_user, ct_change = excluded.ct_change;
INSERT INTO s_mt.t_page_object (ck_id, ck_page, ck_object, cn_order, ck_parent, ck_master, ck_user, ct_change) VALUES ('8138BA7BB38C2CF7E053809BA8C0DAE0', '3', '395C8390216045F2A51188B8E8C71568', 10, '8138BA7BB37E2CF7E053809BA8C0DAE0', null, '20788', '2018-12-08T22:31:36.000+0800')  on conflict (ck_id) do update set ck_page = excluded.ck_page, ck_object = excluded.ck_object, cn_order = excluded.cn_order, ck_parent = excluded.ck_parent, ck_master = excluded.ck_master, ck_user = excluded.ck_user, ct_change = excluded.ct_change;
INSERT INTO s_mt.t_page_object (ck_id, ck_page, ck_object, cn_order, ck_parent, ck_master, ck_user, ct_change) VALUES ('8138BA7BB3A02CF7E053809BA8C0DAE0', '3', '1548ECD6D7E1465EADCA37F0D94214BD', 100, '8138BA7BB39C2CF7E053809BA8C0DAE0', null, '20788', '2018-12-08T22:31:36.000+0800')  on conflict (ck_id) do update set ck_page = excluded.ck_page, ck_object = excluded.ck_object, cn_order = excluded.cn_order, ck_parent = excluded.ck_parent, ck_master = excluded.ck_master, ck_user = excluded.ck_user, ct_change = excluded.ct_change;
INSERT INTO s_mt.t_page_object (ck_id, ck_page, ck_object, cn_order, ck_parent, ck_master, ck_user, ct_change) VALUES ('8138BA7BB3A12CF7E053809BA8C0DAE0', '3', '1D00659DFADA4992BAA2B7F07B8FC369', 100, '8138BA7BB39D2CF7E053809BA8C0DAE0', null, '20788', '2018-12-08T22:31:36.000+0800')  on conflict (ck_id) do update set ck_page = excluded.ck_page, ck_object = excluded.ck_object, cn_order = excluded.cn_order, ck_parent = excluded.ck_parent, ck_master = excluded.ck_master, ck_user = excluded.ck_user, ct_change = excluded.ct_change;
INSERT INTO s_mt.t_page_object (ck_id, ck_page, ck_object, cn_order, ck_parent, ck_master, ck_user, ct_change) VALUES ('8D3B233DB3266292E053809BA8C04336', '2', '1B89D8746D4F4AB9A505A8C3738138E0', 750, '8D3B233DB3176292E053809BA8C04336', null, '20848', '2018-12-17T21:11:12.000+0800')  on conflict (ck_id) do update set ck_page = excluded.ck_page, ck_object = excluded.ck_object, cn_order = excluded.cn_order, ck_parent = excluded.ck_parent, ck_master = excluded.ck_master, ck_user = excluded.ck_user, ct_change = excluded.ct_change;
INSERT INTO s_mt.t_page_object (ck_id, ck_page, ck_object, cn_order, ck_parent, ck_master, ck_user, ct_change) VALUES ('8D3B233DB3276292E053809BA8C04336', '2', 'ED7E10DA3BBB45558F850F1E43BA967D', 800, '8D3B233DB3176292E053809BA8C04336', null, '20848', '2018-12-17T21:11:12.000+0800')  on conflict (ck_id) do update set ck_page = excluded.ck_page, ck_object = excluded.ck_object, cn_order = excluded.cn_order, ck_parent = excluded.ck_parent, ck_master = excluded.ck_master, ck_user = excluded.ck_user, ct_change = excluded.ct_change;
INSERT INTO s_mt.t_page_object (ck_id, ck_page, ck_object, cn_order, ck_parent, ck_master, ck_user, ct_change) VALUES ('8D3B233DB3286292E053809BA8C04336', '2', '27A16490A6234559BC556A47FA6E3C14', 700, '8D3B233DB3176292E053809BA8C04336', null, '20848', '2018-12-17T21:11:12.000+0800')  on conflict (ck_id) do update set ck_page = excluded.ck_page, ck_object = excluded.ck_object, cn_order = excluded.cn_order, ck_parent = excluded.ck_parent, ck_master = excluded.ck_master, ck_user = excluded.ck_user, ct_change = excluded.ct_change;
INSERT INTO s_mt.t_page_object (ck_id, ck_page, ck_object, cn_order, ck_parent, ck_master, ck_user, ct_change) VALUES ('84FFFEEFA90A49B5E053809BA8C08E0F', '1', '58E95625857C4D1B971A6FEE15321AE0', 100, '84FFFEEFA8FA49B5E053809BA8C08E0F', null, '20788', '2018-11-23T23:43:41.000+0800')  on conflict (ck_id) do update set ck_page = excluded.ck_page, ck_object = excluded.ck_object, cn_order = excluded.cn_order, ck_parent = excluded.ck_parent, ck_master = excluded.ck_master, ck_user = excluded.ck_user, ct_change = excluded.ct_change;
INSERT INTO s_mt.t_page_object (ck_id, ck_page, ck_object, cn_order, ck_parent, ck_master, ck_user, ct_change) VALUES ('84FFFEEFA90B49B5E053809BA8C08E0F', '1', '9CB84B9533954CFFADFD349290E48881', 200, '84FFFEEFA8FA49B5E053809BA8C08E0F', null, '20788', '2018-11-23T23:43:41.000+0800')  on conflict (ck_id) do update set ck_page = excluded.ck_page, ck_object = excluded.ck_object, cn_order = excluded.cn_order, ck_parent = excluded.ck_parent, ck_master = excluded.ck_master, ck_user = excluded.ck_user, ct_change = excluded.ct_change;
INSERT INTO s_mt.t_page_object (ck_id, ck_page, ck_object, cn_order, ck_parent, ck_master, ck_user, ct_change) VALUES ('84FFFEEFA90849B5E053809BA8C08E0F', '1', '06EBBAD0F5654999961313AD74F35758', 800, '84FFFEEFA8F249B5E053809BA8C08E0F', null, '20788', '2018-11-23T23:43:41.000+0800')  on conflict (ck_id) do update set ck_page = excluded.ck_page, ck_object = excluded.ck_object, cn_order = excluded.cn_order, ck_parent = excluded.ck_parent, ck_master = excluded.ck_master, ck_user = excluded.ck_user, ct_change = excluded.ct_change;
INSERT INTO s_mt.t_page_object (ck_id, ck_page, ck_object, cn_order, ck_parent, ck_master, ck_user, ct_change) VALUES ('8D3B233DB2EF6292E053809BA8C04336', '2', 'C03108AB21C444F58C0F3C57E99B917E', 550, '8D3B233DB2ED6292E053809BA8C04336', null, '20848', '2018-12-17T21:11:12.000+0800')  on conflict (ck_id) do update set ck_page = excluded.ck_page, ck_object = excluded.ck_object, cn_order = excluded.cn_order, ck_parent = excluded.ck_parent, ck_master = excluded.ck_master, ck_user = excluded.ck_user, ct_change = excluded.ct_change;
INSERT INTO s_mt.t_page_object (ck_id, ck_page, ck_object, cn_order, ck_parent, ck_master, ck_user, ct_change) VALUES ('84FFFEEFA90949B5E053809BA8C08E0F', '1', '71BEBE8212AE43CCAB228CD54AF6A348', 900, '84FFFEEFA8F249B5E053809BA8C08E0F', null, '20788', '2018-11-23T23:43:41.000+0800')  on conflict (ck_id) do update set ck_page = excluded.ck_page, ck_object = excluded.ck_object, cn_order = excluded.cn_order, ck_parent = excluded.ck_parent, ck_master = excluded.ck_master, ck_user = excluded.ck_user, ct_change = excluded.ct_change;
INSERT INTO s_mt.t_page_object (ck_id, ck_page, ck_object, cn_order, ck_parent, ck_master, ck_user, ct_change) VALUES ('8138BA7BB3852CF7E053809BA8C0DAE0', '3', '14E3CF7E0F7C48179E7B318779E4D44D', 450, '8138BA7BB37D2CF7E053809BA8C0DAE0', null, '20788', '2018-12-08T22:31:36.000+0800')  on conflict (ck_id) do update set ck_page = excluded.ck_page, ck_object = excluded.ck_object, cn_order = excluded.cn_order, ck_parent = excluded.ck_parent, ck_master = excluded.ck_master, ck_user = excluded.ck_user, ct_change = excluded.ct_change;
INSERT INTO s_mt.t_page_object (ck_id, ck_page, ck_object, cn_order, ck_parent, ck_master, ck_user, ct_change) VALUES ('84FFFEEFA90C49B5E053809BA8C08E0F', '1', '9FD9EF21FA5C47BAA05E3C89C1211C58', 300, '84FFFEEFA8FA49B5E053809BA8C08E0F', null, '20788', '2018-11-23T23:43:41.000+0800')  on conflict (ck_id) do update set ck_page = excluded.ck_page, ck_object = excluded.ck_object, cn_order = excluded.cn_order, ck_parent = excluded.ck_parent, ck_master = excluded.ck_master, ck_user = excluded.ck_user, ct_change = excluded.ct_change;
INSERT INTO s_mt.t_page_object (ck_id, ck_page, ck_object, cn_order, ck_parent, ck_master, ck_user, ct_change) VALUES ('8D3B233DB3296292E053809BA8C04336', '2', '07810FE0DE1A49E0813EF0866D06D584', 710, '8D3B233DB3176292E053809BA8C04336', null, '20848', '2018-12-17T21:11:12.000+0800')  on conflict (ck_id) do update set ck_page = excluded.ck_page, ck_object = excluded.ck_object, cn_order = excluded.cn_order, ck_parent = excluded.ck_parent, ck_master = excluded.ck_master, ck_user = excluded.ck_user, ct_change = excluded.ct_change;
INSERT INTO s_mt.t_page_object (ck_id, ck_page, ck_object, cn_order, ck_parent, ck_master, ck_user, ct_change) VALUES ('8D3B233DB32A6292E053809BA8C04336', '2', 'AF666D67CE794E3EA8237B971C5ACB65', 720, '8D3B233DB3176292E053809BA8C04336', null, '20848', '2018-12-17T21:11:12.000+0800')  on conflict (ck_id) do update set ck_page = excluded.ck_page, ck_object = excluded.ck_object, cn_order = excluded.cn_order, ck_parent = excluded.ck_parent, ck_master = excluded.ck_master, ck_user = excluded.ck_user, ct_change = excluded.ct_change;
INSERT INTO s_mt.t_page_object (ck_id, ck_page, ck_object, cn_order, ck_parent, ck_master, ck_user, ct_change) VALUES ('8D3B233DB2F06292E053809BA8C04336', '2', '50CA5A6528314911AF713C957850D441', 100, '8D3B233DB2ED6292E053809BA8C04336', null, '20848', '2018-12-17T21:11:12.000+0800')  on conflict (ck_id) do update set ck_page = excluded.ck_page, ck_object = excluded.ck_object, cn_order = excluded.cn_order, ck_parent = excluded.ck_parent, ck_master = excluded.ck_master, ck_user = excluded.ck_user, ct_change = excluded.ct_change;
INSERT INTO s_mt.t_page_object (ck_id, ck_page, ck_object, cn_order, ck_parent, ck_master, ck_user, ct_change) VALUES ('8D3B233DB2F16292E053809BA8C04336', '2', '3F19370F79234FF1AC7E8D37C88A1FED', 400, '8D3B233DB2ED6292E053809BA8C04336', null, '20848', '2018-12-17T21:11:12.000+0800')  on conflict (ck_id) do update set ck_page = excluded.ck_page, ck_object = excluded.ck_object, cn_order = excluded.cn_order, ck_parent = excluded.ck_parent, ck_master = excluded.ck_master, ck_user = excluded.ck_user, ct_change = excluded.ct_change;
INSERT INTO s_mt.t_page_object (ck_id, ck_page, ck_object, cn_order, ck_parent, ck_master, ck_user, ct_change) VALUES ('8D3B233DB2F26292E053809BA8C04336', '2', '84BAC1BFD92A4E5EAF68057EBEC1234A', 300, '8D3B233DB2ED6292E053809BA8C04336', null, '20848', '2018-12-17T21:11:12.000+0800')  on conflict (ck_id) do update set ck_page = excluded.ck_page, ck_object = excluded.ck_object, cn_order = excluded.cn_order, ck_parent = excluded.ck_parent, ck_master = excluded.ck_master, ck_user = excluded.ck_user, ct_change = excluded.ct_change;
INSERT INTO s_mt.t_page_object (ck_id, ck_page, ck_object, cn_order, ck_parent, ck_master, ck_user, ct_change) VALUES ('8D3B233DB2F36292E053809BA8C04336', '2', '3CA37BF3A40E4B96A10C80D72390D88A', 500, '8D3B233DB2ED6292E053809BA8C04336', null, '20848', '2018-12-17T21:11:12.000+0800')  on conflict (ck_id) do update set ck_page = excluded.ck_page, ck_object = excluded.ck_object, cn_order = excluded.cn_order, ck_parent = excluded.ck_parent, ck_master = excluded.ck_master, ck_user = excluded.ck_user, ct_change = excluded.ct_change;
INSERT INTO s_mt.t_page_object (ck_id, ck_page, ck_object, cn_order, ck_parent, ck_master, ck_user, ct_change) VALUES ('8D3B233DB2F46292E053809BA8C04336', '2', '4EE9F7610F094E73B54E8ECF42618A1C', 600, '8D3B233DB2ED6292E053809BA8C04336', null, '20848', '2018-12-17T21:11:12.000+0800')  on conflict (ck_id) do update set ck_page = excluded.ck_page, ck_object = excluded.ck_object, cn_order = excluded.cn_order, ck_parent = excluded.ck_parent, ck_master = excluded.ck_master, ck_user = excluded.ck_user, ct_change = excluded.ct_change;
INSERT INTO s_mt.t_page_object (ck_id, ck_page, ck_object, cn_order, ck_parent, ck_master, ck_user, ct_change) VALUES ('7C45F8C65E0D4F65E053809BA8C0A3B1', '181', 'FD72C59E8C1B4EB6A57085743D832F4A', 1, '7C45F8C65E0B4F65E053809BA8C0A3B1', null, '20785', '2018-12-05T19:49:16.000+0800')  on conflict (ck_id) do update set ck_page = excluded.ck_page, ck_object = excluded.ck_object, cn_order = excluded.cn_order, ck_parent = excluded.ck_parent, ck_master = excluded.ck_master, ck_user = excluded.ck_user, ct_change = excluded.ct_change;
INSERT INTO s_mt.t_page_object (ck_id, ck_page, ck_object, cn_order, ck_parent, ck_master, ck_user, ct_change) VALUES ('8138BA7BB3862CF7E053809BA8C0DAE0', '3', 'BD3E264C18504B179BD47C0861737F0D', 600, '8138BA7BB37D2CF7E053809BA8C0DAE0', null, '20788', '2018-12-08T22:31:36.000+0800')  on conflict (ck_id) do update set ck_page = excluded.ck_page, ck_object = excluded.ck_object, cn_order = excluded.cn_order, ck_parent = excluded.ck_parent, ck_master = excluded.ck_master, ck_user = excluded.ck_user, ct_change = excluded.ct_change;
INSERT INTO s_mt.t_page_object (ck_id, ck_page, ck_object, cn_order, ck_parent, ck_master, ck_user, ct_change) VALUES ('84FFFEEFA90D49B5E053809BA8C08E0F', '1', '919257042BA64D498D596BA60FC05385', 10, '84FFFEEFA8FD49B5E053809BA8C08E0F', null, '20788', '2018-11-23T23:43:41.000+0800')  on conflict (ck_id) do update set ck_page = excluded.ck_page, ck_object = excluded.ck_object, cn_order = excluded.cn_order, ck_parent = excluded.ck_parent, ck_master = excluded.ck_master, ck_user = excluded.ck_user, ct_change = excluded.ct_change;
INSERT INTO s_mt.t_page_object (ck_id, ck_page, ck_object, cn_order, ck_parent, ck_master, ck_user, ct_change) VALUES ('84FFFEEFA90E49B5E053809BA8C08E0F', '1', '5EC79376D75B43FD81D098D60CF69613', 20, '84FFFEEFA8FD49B5E053809BA8C08E0F', null, '20788', '2018-11-23T23:43:41.000+0800')  on conflict (ck_id) do update set ck_page = excluded.ck_page, ck_object = excluded.ck_object, cn_order = excluded.cn_order, ck_parent = excluded.ck_parent, ck_master = excluded.ck_master, ck_user = excluded.ck_user, ct_change = excluded.ct_change;
INSERT INTO s_mt.t_page_object (ck_id, ck_page, ck_object, cn_order, ck_parent, ck_master, ck_user, ct_change) VALUES ('8D3B233DB2F66292E053809BA8C04336', '2', 'F976D933C12248428804E879F51DC067', 10, '8D3B233DB2EE6292E053809BA8C04336', null, '20848', '2018-12-17T21:11:12.000+0800')  on conflict (ck_id) do update set ck_page = excluded.ck_page, ck_object = excluded.ck_object, cn_order = excluded.cn_order, ck_parent = excluded.ck_parent, ck_master = excluded.ck_master, ck_user = excluded.ck_user, ct_change = excluded.ct_change;
INSERT INTO s_mt.t_page_object (ck_id, ck_page, ck_object, cn_order, ck_parent, ck_master, ck_user, ct_change) VALUES ('8D3B233DB2F76292E053809BA8C04336', '2', '4B7F8B7BCCB549E3ACBF66B23A68227B', 20, '8D3B233DB2EE6292E053809BA8C04336', null, '20848', '2018-12-17T21:11:12.000+0800')  on conflict (ck_id) do update set ck_page = excluded.ck_page, ck_object = excluded.ck_object, cn_order = excluded.cn_order, ck_parent = excluded.ck_parent, ck_master = excluded.ck_master, ck_user = excluded.ck_user, ct_change = excluded.ct_change;
INSERT INTO s_mt.t_page_object (ck_id, ck_page, ck_object, cn_order, ck_parent, ck_master, ck_user, ct_change) VALUES ('8D3B233DB2F86292E053809BA8C04336', '2', '348B927874AC465084BA622767F58E8E', 30, '8D3B233DB2EE6292E053809BA8C04336', null, '20848', '2018-12-17T21:11:12.000+0800')  on conflict (ck_id) do update set ck_page = excluded.ck_page, ck_object = excluded.ck_object, cn_order = excluded.cn_order, ck_parent = excluded.ck_parent, ck_master = excluded.ck_master, ck_user = excluded.ck_user, ct_change = excluded.ct_change;
INSERT INTO s_mt.t_page_object (ck_id, ck_page, ck_object, cn_order, ck_parent, ck_master, ck_user, ct_change) VALUES ('8D3B233DB2F96292E053809BA8C04336', '2', 'D678025E869F496DAB0DC2F6E6EA04E1', 40, '8D3B233DB2EE6292E053809BA8C04336', null, '20848', '2018-12-17T21:11:12.000+0800')  on conflict (ck_id) do update set ck_page = excluded.ck_page, ck_object = excluded.ck_object, cn_order = excluded.cn_order, ck_parent = excluded.ck_parent, ck_master = excluded.ck_master, ck_user = excluded.ck_user, ct_change = excluded.ct_change;
INSERT INTO s_mt.t_page_object (ck_id, ck_page, ck_object, cn_order, ck_parent, ck_master, ck_user, ct_change) VALUES ('8D3B233DB2FA6292E053809BA8C04336', '2', '6EAE71D55BD74B2AA767BCD0C5C7FBD3', 50, '8D3B233DB2EE6292E053809BA8C04336', null, '20848', '2018-12-17T21:11:12.000+0800')  on conflict (ck_id) do update set ck_page = excluded.ck_page, ck_object = excluded.ck_object, cn_order = excluded.cn_order, ck_parent = excluded.ck_parent, ck_master = excluded.ck_master, ck_user = excluded.ck_user, ct_change = excluded.ct_change;
INSERT INTO s_mt.t_page_object (ck_id, ck_page, ck_object, cn_order, ck_parent, ck_master, ck_user, ct_change) VALUES ('8D3B233DB2FB6292E053809BA8C04336', '2', 'A472952870C3428782C94EDB087C243D', 60, '8D3B233DB2EE6292E053809BA8C04336', null, '20848', '2018-12-17T21:11:12.000+0800')  on conflict (ck_id) do update set ck_page = excluded.ck_page, ck_object = excluded.ck_object, cn_order = excluded.cn_order, ck_parent = excluded.ck_parent, ck_master = excluded.ck_master, ck_user = excluded.ck_user, ct_change = excluded.ct_change;
INSERT INTO s_mt.t_page_object (ck_id, ck_page, ck_object, cn_order, ck_parent, ck_master, ck_user, ct_change) VALUES ('8D3B233DB32B6292E053809BA8C04336', '2', '813AE10488CC4365E053809BA8C03542', 730, '8D3B233DB3176292E053809BA8C04336', null, '20848', '2018-12-17T21:11:12.000+0800')  on conflict (ck_id) do update set ck_page = excluded.ck_page, ck_object = excluded.ck_object, cn_order = excluded.cn_order, ck_parent = excluded.ck_parent, ck_master = excluded.ck_master, ck_user = excluded.ck_user, ct_change = excluded.ct_change;
INSERT INTO s_mt.t_page_object (ck_id, ck_page, ck_object, cn_order, ck_parent, ck_master, ck_user, ct_change) VALUES ('8D3B233DB2F56292E053809BA8C04336', '2', '84595AB4D5BD6B95E053809BA8C06D64', 2, '8D3B233DB2ED6292E053809BA8C04336', null, '20848', '2018-12-17T21:11:12.000+0800')  on conflict (ck_id) do update set ck_page = excluded.ck_page, ck_object = excluded.ck_object, cn_order = excluded.cn_order, ck_parent = excluded.ck_parent, ck_master = excluded.ck_master, ck_user = excluded.ck_user, ct_change = excluded.ct_change;
INSERT INTO s_mt.t_page_object (ck_id, ck_page, ck_object, cn_order, ck_parent, ck_master, ck_user, ct_change) VALUES ('86E11382481558EAE053809BA8C096F6', '12987721', '86B72CAAACA2437CE053809BA8C07CAA', 20, '86E11382481458EAE053809BA8C096F6', null, '20788', '2018-12-08T17:42:08.000+0800')  on conflict (ck_id) do update set ck_page = excluded.ck_page, ck_object = excluded.ck_object, cn_order = excluded.cn_order, ck_parent = excluded.ck_parent, ck_master = excluded.ck_master, ck_user = excluded.ck_user, ct_change = excluded.ct_change;
INSERT INTO s_mt.t_page_object (ck_id, ck_page, ck_object, cn_order, ck_parent, ck_master, ck_user, ct_change) VALUES ('86E11382481658EAE053809BA8C096F6', '12987721', '86A49061739F2AFDE053809BA8C0EE3C', 10, '86E11382481458EAE053809BA8C096F6', null, '20788', '2018-12-08T17:42:08.000+0800')  on conflict (ck_id) do update set ck_page = excluded.ck_page, ck_object = excluded.ck_object, cn_order = excluded.cn_order, ck_parent = excluded.ck_parent, ck_master = excluded.ck_master, ck_user = excluded.ck_user, ct_change = excluded.ct_change;
INSERT INTO s_mt.t_page_object (ck_id, ck_page, ck_object, cn_order, ck_parent, ck_master, ck_user, ct_change) VALUES ('8138BA7BB3912CF7E053809BA8C0DAE0', '3', 'F6609EBB0C06497E94545035201B3F77', 100, '8138BA7BB3832CF7E053809BA8C0DAE0', null, '20788', '2018-12-08T22:31:36.000+0800')  on conflict (ck_id) do update set ck_page = excluded.ck_page, ck_object = excluded.ck_object, cn_order = excluded.cn_order, ck_parent = excluded.ck_parent, ck_master = excluded.ck_master, ck_user = excluded.ck_user, ct_change = excluded.ct_change;
INSERT INTO s_mt.t_page_object (ck_id, ck_page, ck_object, cn_order, ck_parent, ck_master, ck_user, ct_change) VALUES ('8D3B233DB2FF6292E053809BA8C04336', '2', '846068E856FD60DAE053809BA8C0149C', 10, '8D3B233DB2F56292E053809BA8C04336', null, '20848', '2018-12-17T21:11:12.000+0800')  on conflict (ck_id) do update set ck_page = excluded.ck_page, ck_object = excluded.ck_object, cn_order = excluded.cn_order, ck_parent = excluded.ck_parent, ck_master = excluded.ck_master, ck_user = excluded.ck_user, ct_change = excluded.ct_change;
INSERT INTO s_mt.t_page_object (ck_id, ck_page, ck_object, cn_order, ck_parent, ck_master, ck_user, ct_change) VALUES ('8D3B233DB3146292E053809BA8C04336', '2', '9C910AD90E02438A8772211619BDD251', 100, '8D3B233DB3116292E053809BA8C04336', null, '20848', '2018-12-17T21:11:12.000+0800')  on conflict (ck_id) do update set ck_page = excluded.ck_page, ck_object = excluded.ck_object, cn_order = excluded.cn_order, ck_parent = excluded.ck_parent, ck_master = excluded.ck_master, ck_user = excluded.ck_user, ct_change = excluded.ct_change;
INSERT INTO s_mt.t_page_object (ck_id, ck_page, ck_object, cn_order, ck_parent, ck_master, ck_user, ct_change) VALUES ('8138BA7BB3902CF7E053809BA8C0DAE0', '3', '3CF84AC6FFA44F9EA1CFDC24F0CB0565', 100, '8138BA7BB3802CF7E053809BA8C0DAE0', null, '20788', '2018-12-08T22:31:36.000+0800')  on conflict (ck_id) do update set ck_page = excluded.ck_page, ck_object = excluded.ck_object, cn_order = excluded.cn_order, ck_parent = excluded.ck_parent, ck_master = excluded.ck_master, ck_user = excluded.ck_user, ct_change = excluded.ct_change;
INSERT INTO s_mt.t_page_object (ck_id, ck_page, ck_object, cn_order, ck_parent, ck_master, ck_user, ct_change) VALUES ('8138BA7BB3932CF7E053809BA8C0DAE0', '3', 'FCBE051AA2A14A63BA6B73379B5B62A0', 100, '8138BA7BB38C2CF7E053809BA8C0DAE0', null, '20788', '2018-12-08T22:31:36.000+0800')  on conflict (ck_id) do update set ck_page = excluded.ck_page, ck_object = excluded.ck_object, cn_order = excluded.cn_order, ck_parent = excluded.ck_parent, ck_master = excluded.ck_master, ck_user = excluded.ck_user, ct_change = excluded.ct_change;
INSERT INTO s_mt.t_page_object (ck_id, ck_page, ck_object, cn_order, ck_parent, ck_master, ck_user, ct_change) VALUES ('8138BA7BB3942CF7E053809BA8C0DAE0', '3', 'C2B772CF4C4740EBAC996AD47FA34AE9', 200, '8138BA7BB38C2CF7E053809BA8C0DAE0', null, '20788', '2018-12-08T22:31:36.000+0800')  on conflict (ck_id) do update set ck_page = excluded.ck_page, ck_object = excluded.ck_object, cn_order = excluded.cn_order, ck_parent = excluded.ck_parent, ck_master = excluded.ck_master, ck_user = excluded.ck_user, ct_change = excluded.ct_change;
INSERT INTO s_mt.t_page_object (ck_id, ck_page, ck_object, cn_order, ck_parent, ck_master, ck_user, ct_change) VALUES ('8138BA7BB3952CF7E053809BA8C0DAE0', '3', '5FD84B57C03B4C7CA5B426A621175F86', 1200, '8138BA7BB38C2CF7E053809BA8C0DAE0', null, '20788', '2018-12-08T22:31:36.000+0800')  on conflict (ck_id) do update set ck_page = excluded.ck_page, ck_object = excluded.ck_object, cn_order = excluded.cn_order, ck_parent = excluded.ck_parent, ck_master = excluded.ck_master, ck_user = excluded.ck_user, ct_change = excluded.ct_change;
INSERT INTO s_mt.t_page_object (ck_id, ck_page, ck_object, cn_order, ck_parent, ck_master, ck_user, ct_change) VALUES ('8138BA7BB3962CF7E053809BA8C0DAE0', '3', '411E506D52AC49D683838C2CD9BFBA21', 1300, '8138BA7BB38C2CF7E053809BA8C0DAE0', null, '20788', '2018-12-08T22:31:36.000+0800')  on conflict (ck_id) do update set ck_page = excluded.ck_page, ck_object = excluded.ck_object, cn_order = excluded.cn_order, ck_parent = excluded.ck_parent, ck_master = excluded.ck_master, ck_user = excluded.ck_user, ct_change = excluded.ct_change;
INSERT INTO s_mt.t_page_object (ck_id, ck_page, ck_object, cn_order, ck_parent, ck_master, ck_user, ct_change) VALUES ('8D3B233DB32C6292E053809BA8C04336', '2', '0634B02B58AB42A4867C36C9CDA4808E', 100, '8D3B233DB3286292E053809BA8C04336', null, '20848', '2018-12-17T21:11:12.000+0800')  on conflict (ck_id) do update set ck_page = excluded.ck_page, ck_object = excluded.ck_object, cn_order = excluded.cn_order, ck_parent = excluded.ck_parent, ck_master = excluded.ck_master, ck_user = excluded.ck_user, ct_change = excluded.ct_change;
INSERT INTO s_mt.t_page_object (ck_id, ck_page, ck_object, cn_order, ck_parent, ck_master, ck_user, ct_change) VALUES ('8D3B233DB32D6292E053809BA8C04336', '2', 'B4DF5B3F933744819E24CABB022C5944', 200, '8D3B233DB3286292E053809BA8C04336', null, '20848', '2018-12-17T21:11:12.000+0800')  on conflict (ck_id) do update set ck_page = excluded.ck_page, ck_object = excluded.ck_object, cn_order = excluded.cn_order, ck_parent = excluded.ck_parent, ck_master = excluded.ck_master, ck_user = excluded.ck_user, ct_change = excluded.ct_change;
INSERT INTO s_mt.t_page_object (ck_id, ck_page, ck_object, cn_order, ck_parent, ck_master, ck_user, ct_change) VALUES ('84FFFEEFA90F49B5E053809BA8C08E0F', '1', '08D6997839684C678BDE60466CF6684D', 200, '84FFFEEFA90A49B5E053809BA8C08E0F', null, '20788', '2018-11-23T23:43:41.000+0800')  on conflict (ck_id) do update set ck_page = excluded.ck_page, ck_object = excluded.ck_object, cn_order = excluded.cn_order, ck_parent = excluded.ck_parent, ck_master = excluded.ck_master, ck_user = excluded.ck_user, ct_change = excluded.ct_change;
INSERT INTO s_mt.t_page_object (ck_id, ck_page, ck_object, cn_order, ck_parent, ck_master, ck_user, ct_change) VALUES ('8D3B233DB2FC6292E053809BA8C04336', '2', '1D635F42855D49EBBFDB5C939D9CA38C', 100, '8D3B233DB2EF6292E053809BA8C04336', null, '20848', '2018-12-17T21:11:12.000+0800')  on conflict (ck_id) do update set ck_page = excluded.ck_page, ck_object = excluded.ck_object, cn_order = excluded.cn_order, ck_parent = excluded.ck_parent, ck_master = excluded.ck_master, ck_user = excluded.ck_user, ct_change = excluded.ct_change;
INSERT INTO s_mt.t_page_object (ck_id, ck_page, ck_object, cn_order, ck_parent, ck_master, ck_user, ct_change) VALUES ('8138BA7BB3922CF7E053809BA8C0DAE0', '3', 'E6E64228A4DB4FF89E28CE77FD3B47CF', 100, '8138BA7BB3852CF7E053809BA8C0DAE0', null, '20788', '2018-12-08T22:31:36.000+0800')  on conflict (ck_id) do update set ck_page = excluded.ck_page, ck_object = excluded.ck_object, cn_order = excluded.cn_order, ck_parent = excluded.ck_parent, ck_master = excluded.ck_master, ck_user = excluded.ck_user, ct_change = excluded.ct_change;
INSERT INTO s_mt.t_page_object (ck_id, ck_page, ck_object, cn_order, ck_parent, ck_master, ck_user, ct_change) VALUES ('84FFFEEFA91049B5E053809BA8C08E0F', '1', '499F2085815F48CCAE347C7DFEC8385A', 100, '84FFFEEFA90A49B5E053809BA8C08E0F', null, '20788', '2018-11-23T23:43:41.000+0800')  on conflict (ck_id) do update set ck_page = excluded.ck_page, ck_object = excluded.ck_object, cn_order = excluded.cn_order, ck_parent = excluded.ck_parent, ck_master = excluded.ck_master, ck_user = excluded.ck_user, ct_change = excluded.ct_change;
INSERT INTO s_mt.t_page_object (ck_id, ck_page, ck_object, cn_order, ck_parent, ck_master, ck_user, ct_change) VALUES ('8D3B233DB2FD6292E053809BA8C04336', '2', '84595AB4D5BE6B95E053809BA8C06D64', 501, '8D3B233DB2F56292E053809BA8C04336', null, '20848', '2018-12-17T21:11:12.000+0800')  on conflict (ck_id) do update set ck_page = excluded.ck_page, ck_object = excluded.ck_object, cn_order = excluded.cn_order, ck_parent = excluded.ck_parent, ck_master = excluded.ck_master, ck_user = excluded.ck_user, ct_change = excluded.ct_change;
INSERT INTO s_mt.t_page_object (ck_id, ck_page, ck_object, cn_order, ck_parent, ck_master, ck_user, ct_change) VALUES ('8D3B233DB2FE6292E053809BA8C04336', '2', '846068E856F960DAE053809BA8C0149C', 500, '8D3B233DB2F56292E053809BA8C04336', null, '20848', '2018-12-17T21:11:12.000+0800')  on conflict (ck_id) do update set ck_page = excluded.ck_page, ck_object = excluded.ck_object, cn_order = excluded.cn_order, ck_parent = excluded.ck_parent, ck_master = excluded.ck_master, ck_user = excluded.ck_user, ct_change = excluded.ct_change;
INSERT INTO s_mt.t_page_object (ck_id, ck_page, ck_object, cn_order, ck_parent, ck_master, ck_user, ct_change) VALUES ('8D3B233DB3136292E053809BA8C04336', '2', '67230B532F99404CBD12ACCFFE415947', 100, '8D3B233DB30C6292E053809BA8C04336', null, '20848', '2018-12-17T21:11:12.000+0800')  on conflict (ck_id) do update set ck_page = excluded.ck_page, ck_object = excluded.ck_object, cn_order = excluded.cn_order, ck_parent = excluded.ck_parent, ck_master = excluded.ck_master, ck_user = excluded.ck_user, ct_change = excluded.ct_change;
INSERT INTO s_mt.t_page_object_attr (ck_id, ck_page_object, ck_class_attr, cv_value, ck_user, ct_change) VALUES ('8D3B233DB32F6292E053809BA8C04336', '8D3B233DB3006292E053809BA8C04336', '1327', null, '20848', '2018-12-17T21:11:12.000+0800')  ON CONFLICT ON CONSTRAINT cin_c_page_object_attr_1 do update set ck_id=excluded.ck_id, ck_page_object = excluded.ck_page_object, ck_class_attr = excluded.ck_class_attr, cv_value = excluded.cv_value, ck_user = excluded.ck_user, ct_change = excluded.ct_change;
INSERT INTO s_mt.t_page_object_attr (ck_id, ck_page_object, ck_class_attr, cv_value, ck_user, ct_change) VALUES ('8D2B891A89916272E053809BA8C02837', '8D3B233DB2F56292E053809BA8C04336', '1029', 'ruleswindow', '20785', '2019-07-19T16:13:55.000+0800')  ON CONFLICT ON CONSTRAINT cin_c_page_object_attr_1 do update set ck_id=excluded.ck_id, ck_page_object = excluded.ck_page_object, ck_class_attr = excluded.ck_class_attr, cv_value = excluded.cv_value, ck_user = excluded.ck_user, ct_change = excluded.ct_change;
INSERT INTO s_mt.t_page_object_attr (ck_id, ck_page_object, ck_class_attr, cv_value, ck_user, ct_change) VALUES ('30276307752', '8138BA7BB39E2CF7E053809BA8C0DAE0', '86', 'cv_name', '20788', '2018-12-08T22:31:36.000+0800')  ON CONFLICT ON CONSTRAINT cin_c_page_object_attr_1 do update set ck_id=excluded.ck_id, ck_page_object = excluded.ck_page_object, ck_class_attr = excluded.ck_class_attr, cv_value = excluded.cv_value, ck_user = excluded.ck_user, ct_change = excluded.ct_change;
INSERT INTO s_mt.t_page_object_attr (ck_id, ck_page_object, ck_class_attr, cv_value, ck_user, ct_change) VALUES ('30277313272', '8138BA7BB39F2CF7E053809BA8C0DAE0', '86', 'cv_description', '20788', '2018-12-08T22:31:36.000+0800')  ON CONFLICT ON CONSTRAINT cin_c_page_object_attr_1 do update set ck_id=excluded.ck_id, ck_page_object = excluded.ck_page_object, ck_class_attr = excluded.ck_class_attr, cv_value = excluded.cv_value, ck_user = excluded.ck_user, ct_change = excluded.ct_change;
INSERT INTO s_mt.t_page_object_attr (ck_id, ck_page_object, ck_class_attr, cv_value, ck_user, ct_change) VALUES ('903D112C89E063BBE053809BA8C04A1B', '8D3B233DB3276292E053809BA8C04336', '61', '[-a-zA-Z0-9_]+', '20780', '2019-08-16T21:56:44.000+0800')  ON CONFLICT ON CONSTRAINT cin_c_page_object_attr_1 do update set ck_id=excluded.ck_id, ck_page_object = excluded.ck_page_object, ck_class_attr = excluded.ck_class_attr, cv_value = excluded.cv_value, ck_user = excluded.ck_user, ct_change = excluded.ct_change;
INSERT INTO s_mt.t_page_object_attr (ck_id, ck_page_object, ck_class_attr, cv_value, ck_user, ct_change) VALUES ('903C8DAE766963D5E053809BA8C0082D', '8D3B233DB3276292E053809BA8C04336', '1370', 'Доступные символы: [0-9],[a-z],[A-Z],[_],[-]', '20780', '2019-08-16T22:07:08.000+0800')  ON CONFLICT ON CONSTRAINT cin_c_page_object_attr_1 do update set ck_id=excluded.ck_id, ck_page_object = excluded.ck_page_object, ck_class_attr = excluded.ck_class_attr, cv_value = excluded.cv_value, ck_user = excluded.ck_user, ct_change = excluded.ct_change;
INSERT INTO s_mt.t_page_object_attr (ck_id, ck_page_object, ck_class_attr, cv_value, ck_user, ct_change) VALUES ('3282117832', '7C45F8C65E064F65E053809BA8C0A3B1', '1600', '830', '20785', '2018-12-05T19:49:16.000+0800')  ON CONFLICT ON CONSTRAINT cin_c_page_object_attr_1 do update set ck_id=excluded.ck_id, ck_page_object = excluded.ck_page_object, ck_class_attr = excluded.ck_class_attr, cv_value = excluded.cv_value, ck_user = excluded.ck_user, ct_change = excluded.ct_change;
INSERT INTO s_mt.t_page_object_attr (ck_id, ck_page_object, ck_class_attr, cv_value, ck_user, ct_change) VALUES ('3283123352', '7C45F8C65E074F65E053809BA8C0A3B1', '433', null, '20785', '2018-12-05T19:49:16.000+0800')  ON CONFLICT ON CONSTRAINT cin_c_page_object_attr_1 do update set ck_id=excluded.ck_id, ck_page_object = excluded.ck_page_object, ck_class_attr = excluded.ck_class_attr, cv_value = excluded.cv_value, ck_user = excluded.ck_user, ct_change = excluded.ct_change;
INSERT INTO s_mt.t_page_object_attr (ck_id, ck_page_object, ck_class_attr, cv_value, ck_user, ct_change) VALUES ('3284128872', '7C45F8C65E074F65E053809BA8C0A3B1', '1237', null, '20785', '2018-12-05T19:49:16.000+0800')  ON CONFLICT ON CONSTRAINT cin_c_page_object_attr_1 do update set ck_id=excluded.ck_id, ck_page_object = excluded.ck_page_object, ck_class_attr = excluded.ck_class_attr, cv_value = excluded.cv_value, ck_user = excluded.ck_user, ct_change = excluded.ct_change;
INSERT INTO s_mt.t_page_object_attr (ck_id, ck_page_object, ck_class_attr, cv_value, ck_user, ct_change) VALUES ('8461969B58DD0CE3E053809BA8C00A03', '845D2DB3B4A36B91E053809BA8C0E571', '591', '2', '20785', '2019-03-19T00:07:42.000+0800')  ON CONFLICT ON CONSTRAINT cin_c_page_object_attr_1 do update set ck_id=excluded.ck_id, ck_page_object = excluded.ck_page_object, ck_class_attr = excluded.ck_class_attr, cv_value = excluded.cv_value, ck_user = excluded.ck_user, ct_change = excluded.ct_change;
INSERT INTO s_mt.t_page_object_attr (ck_id, ck_page_object, ck_class_attr, cv_value, ck_user, ct_change) VALUES ('8D3B233DB3306292E053809BA8C04336', '8D3B233DB3006292E053809BA8C04336', '1607', '425', '20848', '2018-12-17T21:11:12.000+0800')  ON CONFLICT ON CONSTRAINT cin_c_page_object_attr_1 do update set ck_id=excluded.ck_id, ck_page_object = excluded.ck_page_object, ck_class_attr = excluded.ck_class_attr, cv_value = excluded.cv_value, ck_user = excluded.ck_user, ct_change = excluded.ct_change;
INSERT INTO s_mt.t_page_object_attr (ck_id, ck_page_object, ck_class_attr, cv_value, ck_user, ct_change) VALUES ('8D3B233DB3316292E053809BA8C04336', '8D3B233DB3096292E053809BA8C04336', '970', 'ck_object=gck_object', '20848', '2018-12-17T21:11:12.000+0800')  ON CONFLICT ON CONSTRAINT cin_c_page_object_attr_1 do update set ck_id=excluded.ck_id, ck_page_object = excluded.ck_page_object, ck_class_attr = excluded.ck_class_attr, cv_value = excluded.cv_value, ck_user = excluded.ck_user, ct_change = excluded.ct_change;
INSERT INTO s_mt.t_page_object_attr (ck_id, ck_page_object, ck_class_attr, cv_value, ck_user, ct_change) VALUES ('8D3B233DB3326292E053809BA8C04336', '8D3B233DB3156292E053809BA8C04336', '1607', '320', '20848', '2018-12-17T21:11:12.000+0800')  ON CONFLICT ON CONSTRAINT cin_c_page_object_attr_1 do update set ck_id=excluded.ck_id, ck_page_object = excluded.ck_page_object, ck_class_attr = excluded.ck_class_attr, cv_value = excluded.cv_value, ck_user = excluded.ck_user, ct_change = excluded.ct_change;
INSERT INTO s_mt.t_page_object_attr (ck_id, ck_page_object, ck_class_attr, cv_value, ck_user, ct_change) VALUES ('8D3B233DB3336292E053809BA8C04336', '8D3B233DB3216292E053809BA8C04336', '1195', 'gcr_type', '20848', '2018-12-17T21:11:12.000+0800')  ON CONFLICT ON CONSTRAINT cin_c_page_object_attr_1 do update set ck_id=excluded.ck_id, ck_page_object = excluded.ck_page_object, ck_class_attr = excluded.ck_class_attr, cv_value = excluded.cv_value, ck_user = excluded.ck_user, ct_change = excluded.ct_change;
INSERT INTO s_mt.t_page_object_attr (ck_id, ck_page_object, ck_class_attr, cv_value, ck_user, ct_change) VALUES ('8D3B233DB3346292E053809BA8C04336', '8D3B233DB3266292E053809BA8C04336', '1193', 'gcl_static', '20848', '2018-12-17T21:11:12.000+0800')  ON CONFLICT ON CONSTRAINT cin_c_page_object_attr_1 do update set ck_id=excluded.ck_id, ck_page_object = excluded.ck_page_object, ck_class_attr = excluded.ck_class_attr, cv_value = excluded.cv_value, ck_user = excluded.ck_user, ct_change = excluded.ct_change;
INSERT INTO s_mt.t_page_object_attr (ck_id, ck_page_object, ck_class_attr, cv_value, ck_user, ct_change) VALUES ('8D3B233DB3356292E053809BA8C04336', '8D3B233DB3276292E053809BA8C04336', '1250', 'gcl_static==0', '20848', '2018-12-17T21:11:12.000+0800')  ON CONFLICT ON CONSTRAINT cin_c_page_object_attr_1 do update set ck_id=excluded.ck_id, ck_page_object = excluded.ck_page_object, ck_class_attr = excluded.ck_class_attr, cv_value = excluded.cv_value, ck_user = excluded.ck_user, ct_change = excluded.ct_change;
INSERT INTO s_mt.t_page_object_attr (ck_id, ck_page_object, ck_class_attr, cv_value, ck_user, ct_change) VALUES ('8D3B233DB3366292E053809BA8C04336', '8D3B233DB3296292E053809BA8C04336', '1251', 'gcr_type!=2', '20785', '2019-07-26T17:24:27.000+0800')  ON CONFLICT ON CONSTRAINT cin_c_page_object_attr_1 do update set ck_id=excluded.ck_id, ck_page_object = excluded.ck_page_object, ck_class_attr = excluded.ck_class_attr, cv_value = excluded.cv_value, ck_user = excluded.ck_user, ct_change = excluded.ct_change;
INSERT INTO s_mt.t_page_object_attr (ck_id, ck_page_object, ck_class_attr, cv_value, ck_user, ct_change) VALUES ('8D3B233DB3376292E053809BA8C04336', '8D3B233DB32A6292E053809BA8C04336', '1251', 'gcr_type!=2', '20785', '2019-07-26T18:08:28.000+0800')  ON CONFLICT ON CONSTRAINT cin_c_page_object_attr_1 do update set ck_id=excluded.ck_id, ck_page_object = excluded.ck_page_object, ck_class_attr = excluded.ck_class_attr, cv_value = excluded.cv_value, ck_user = excluded.ck_user, ct_change = excluded.ct_change;
INSERT INTO s_mt.t_page_object_attr (ck_id, ck_page_object, ck_class_attr, cv_value, ck_user, ct_change) VALUES ('84FFFEEFA91149B5E053809BA8C08E0F', '84FFFEEFA8F049B5E053809BA8C08E0F', '1949', '0', '20788', '2018-11-23T23:43:41.000+0800')  ON CONFLICT ON CONSTRAINT cin_c_page_object_attr_1 do update set ck_id=excluded.ck_id, ck_page_object = excluded.ck_page_object, ck_class_attr = excluded.ck_class_attr, cv_value = excluded.cv_value, ck_user = excluded.ck_user, ct_change = excluded.ct_change;
INSERT INTO s_mt.t_page_object_attr (ck_id, ck_page_object, ck_class_attr, cv_value, ck_user, ct_change) VALUES ('84FFFEEFA91249B5E053809BA8C08E0F', '84FFFEEFA8F149B5E053809BA8C08E0F', '1181', 'gck_object', '20780', '2019-03-21T18:46:23.000+0800')  ON CONFLICT ON CONSTRAINT cin_c_page_object_attr_1 do update set ck_id=excluded.ck_id, ck_page_object = excluded.ck_page_object, ck_class_attr = excluded.ck_class_attr, cv_value = excluded.cv_value, ck_user = excluded.ck_user, ct_change = excluded.ct_change;
INSERT INTO s_mt.t_page_object_attr (ck_id, ck_page_object, ck_class_attr, cv_value, ck_user, ct_change) VALUES ('84FFFEEFA91349B5E053809BA8C08E0F', '84FFFEEFA90449B5E053809BA8C08E0F', '151', null, '20788', '2018-11-23T23:43:41.000+0800')  ON CONFLICT ON CONSTRAINT cin_c_page_object_attr_1 do update set ck_id=excluded.ck_id, ck_page_object = excluded.ck_page_object, ck_class_attr = excluded.ck_class_attr, cv_value = excluded.cv_value, ck_user = excluded.ck_user, ct_change = excluded.ct_change;
INSERT INTO s_mt.t_page_object_attr (ck_id, ck_page_object, ck_class_attr, cv_value, ck_user, ct_change) VALUES ('84FFFEEFA91449B5E053809BA8C08E0F', '84FFFEEFA90849B5E053809BA8C08E0F', '1190', 'g_cv_modify', '20788', '2018-11-23T23:43:41.000+0800')  ON CONFLICT ON CONSTRAINT cin_c_page_object_attr_1 do update set ck_id=excluded.ck_id, ck_page_object = excluded.ck_page_object, ck_class_attr = excluded.ck_class_attr, cv_value = excluded.cv_value, ck_user = excluded.ck_user, ct_change = excluded.ct_change;
INSERT INTO s_mt.t_page_object_attr (ck_id, ck_page_object, ck_class_attr, cv_value, ck_user, ct_change) VALUES ('84FFFEEFA91549B5E053809BA8C08E0F', '84FFFEEFA90949B5E053809BA8C08E0F', '125', null, '20788', '2018-11-23T23:43:41.000+0800')  ON CONFLICT ON CONSTRAINT cin_c_page_object_attr_1 do update set ck_id=excluded.ck_id, ck_page_object = excluded.ck_page_object, ck_class_attr = excluded.ck_class_attr, cv_value = excluded.cv_value, ck_user = excluded.ck_user, ct_change = excluded.ct_change;
INSERT INTO s_mt.t_page_object_attr (ck_id, ck_page_object, ck_class_attr, cv_value, ck_user, ct_change) VALUES ('84FFFEEFA91649B5E053809BA8C08E0F', '84FFFEEFA90949B5E053809BA8C08E0F', '1255', '!g_cv_modify', '20788', '2018-11-23T23:43:41.000+0800')  ON CONFLICT ON CONSTRAINT cin_c_page_object_attr_1 do update set ck_id=excluded.ck_id, ck_page_object = excluded.ck_page_object, ck_class_attr = excluded.ck_class_attr, cv_value = excluded.cv_value, ck_user = excluded.ck_user, ct_change = excluded.ct_change;
INSERT INTO s_mt.t_page_object_attr (ck_id, ck_page_object, ck_class_attr, cv_value, ck_user, ct_change) VALUES ('8D3B9AAFFC1F6252E053809BA8C04AB7', '8D3B233DB2F06292E053809BA8C04336', '1493', '{"hiddenrules": "ruleswindow", "disabledrules": "ruleswindow", "requiredrules": "ruleswindow", "readonlyrule": "ruleswindow", "reqcountrules": "ruleswindow"}[ckAttr]', '20785', '2019-07-19T16:54:17.000+0800')  ON CONFLICT ON CONSTRAINT cin_c_page_object_attr_1 do update set ck_id=excluded.ck_id, ck_page_object = excluded.ck_page_object, ck_class_attr = excluded.ck_class_attr, cv_value = excluded.cv_value, ck_user = excluded.ck_user, ct_change = excluded.ct_change;
INSERT INTO s_mt.t_page_object_attr (ck_id, ck_page_object, ck_class_attr, cv_value, ck_user, ct_change) VALUES ('30275302232', '8138BA7BB37D2CF7E053809BA8C0DAE0', '1600', '500', '20788', '2018-12-08T22:31:36.000+0800')  ON CONFLICT ON CONSTRAINT cin_c_page_object_attr_1 do update set ck_id=excluded.ck_id, ck_page_object = excluded.ck_page_object, ck_class_attr = excluded.ck_class_attr, cv_value = excluded.cv_value, ck_user = excluded.ck_user, ct_change = excluded.ct_change;
update s_mt.t_page_object set ck_master='8D3B233DB3006292E053809BA8C04336' where ck_id='8D3B233DB3086292E053809BA8C04336';
update s_mt.t_page_object set ck_master='8138BA7BB3972CF7E053809BA8C0DAE0' where ck_id='8138BA7BB39A2CF7E053809BA8C0DAE0';
update s_mt.t_page_object set ck_master='8D3B233DB3156292E053809BA8C04336' where ck_id='8D3B233DB3116292E053809BA8C04336';
update s_mt.t_page_object set ck_master='84FFFEEFA8F149B5E053809BA8C08E0F' where ck_id='84FFFEEFA8FA49B5E053809BA8C08E0F';
update s_mt.t_page_object set ck_master='84FFFEEFA8F149B5E053809BA8C08E0F' where ck_id='84FFFEEFA8EA49B5E053809BA8C08E0F';
update s_mt.t_page_object set ck_master='84FFFEEFA8EA49B5E053809BA8C08E0F' where ck_id='84FFFEEFA8F049B5E053809BA8C08E0F';
update s_mt.t_page_object set ck_master='84FFFEEFA8F149B5E053809BA8C08E0F' where ck_id='84FFFEEFA8F349B5E053809BA8C08E0F';
update s_mt.t_page_object set ck_master='84FFFEEFA8F149B5E053809BA8C08E0F' where ck_id='84FFFEEFA8F649B5E053809BA8C08E0F';
update s_mt.t_page_object set ck_master='84FFFEEFA8FA49B5E053809BA8C08E0F' where ck_id='84FFFEEFA8F749B5E053809BA8C08E0F';
update s_mt.t_page_object set ck_master='8D3B233DB3156292E053809BA8C04336' where ck_id='8D3B233DB3226292E053809BA8C04336';
update s_mt.t_page_object set ck_master='8D3B233DB3006292E053809BA8C04336' where ck_id='8D3B233DB30D6292E053809BA8C04336';
update s_mt.t_page_object set ck_master='8D3B233DB3156292E053809BA8C04336' where ck_id='8D3B233DB30C6292E053809BA8C04336';
update s_mt.t_page_object set ck_master='8D3B233DB3156292E053809BA8C04336' where ck_id='8D3B233DB3196292E053809BA8C04336';
update s_mt.t_page_object set ck_master='84FFFEEFA8F149B5E053809BA8C08E0F' where ck_id='84FFFEEFA90049B5E053809BA8C08E0F';
update s_mt.t_page_object set ck_master='84FFFEEFA8F149B5E053809BA8C08E0F' where ck_id='84FFFEEFA90449B5E053809BA8C08E0F';
update s_mt.t_page_object set ck_master='84FFFEEFA8F149B5E053809BA8C08E0F' where ck_id='84FFFEEFA90B49B5E053809BA8C08E0F';
update s_mt.t_page_object set ck_master='8D3B233DB3156292E053809BA8C04336' where ck_id='8D3B233DB2EE6292E053809BA8C04336';
update s_mt.t_page_object set ck_master='8D3B233DB3006292E053809BA8C04336' where ck_id='8D3B233DB2ED6292E053809BA8C04336';
update s_mt.t_page_object set ck_master='8D3B233DB2ED6292E053809BA8C04336' where ck_id='8D3B233DB2FC6292E053809BA8C04336';
update s_mt.t_page_object set ck_master='8D3B233DB3156292E053809BA8C04336' where ck_id='8D3B233DB3006292E053809BA8C04336';
update s_mt.t_page_object set ck_master='8138BA7BB3972CF7E053809BA8C0DAE0' where ck_id='8138BA7BB37C2CF7E053809BA8C0DAE0';
update s_mt.t_page_object set ck_master='8138BA7BB3972CF7E053809BA8C0DAE0' where ck_id='8138BA7BB37F2CF7E053809BA8C0DAE0';
update s_mt.t_page_object set ck_master='8138BA7BB3972CF7E053809BA8C0DAE0' where ck_id='8138BA7BB37E2CF7E053809BA8C0DAE0';
update s_mt.t_page_object set ck_master='8138BA7BB3972CF7E053809BA8C0DAE0' where ck_id='8138BA7BB37D2CF7E053809BA8C0DAE0';
update s_mt.t_page_object set ck_master='8138BA7BB37D2CF7E053809BA8C0DAE0' where ck_id='8138BA7BB3842CF7E053809BA8C0DAE0';
update s_mt.t_page_object set ck_master='8138BA7BB37E2CF7E053809BA8C0DAE0' where ck_id='8138BA7BB3882CF7E053809BA8C0DAE0';
update s_mt.t_page_object set ck_master='8138BA7BB37E2CF7E053809BA8C0DAE0' where ck_id='8138BA7BB3952CF7E053809BA8C0DAE0';
update s_mt.t_page_object set ck_master='8138BA7BB3972CF7E053809BA8C0DAE0' where ck_id='8138BA7BB3932CF7E053809BA8C0DAE0';
update s_mt.t_page_object set ck_master='8D3B233DB3006292E053809BA8C04336' where ck_id='8D3B233DB3126292E053809BA8C04336';
