--liquibase formatted sql
--changeset patcher-core:Page_1875130240361 dbms:postgresql runOnChange:true splitStatements:false stripComments:false
INSERT INTO s_mt.t_page (ck_id, ck_parent, cr_type, cv_name, cn_order, cl_static, cv_url, ck_icon, ck_user, ct_change, cl_menu)VALUES('1875130240361', null, 0, 'Меню', 10, 0, null, null, '20780', '2019-03-28T00:00:00.000+0800', 0) on conflict (ck_id) do nothing;
INSERT INTO s_mt.t_page (ck_id, ck_parent, cr_type, cv_name, cn_order, cl_static, cv_url, ck_icon, ck_user, ct_change, cl_menu)VALUES('1875398035771', '1875130240361', 2, 'Профиль', 1, 0, null, '5', '4fd05ca9-3a9e-4d66-82df-886dfa082113', '2019-08-23T00:00:00.000+0800', 0) on conflict (ck_id) do nothing;
INSERT INTO s_mt.t_page_action (ck_id, ck_page, cr_type, cn_action, ck_user, ct_change)VALUES('2739563307', '1875398035771', 'edit', 504, '20780', '2019-01-21T00:00:00.000+0800') on conflict (ck_id) do nothing;
INSERT INTO s_mt.t_page_action (ck_id, ck_page, cr_type, cn_action, ck_user, ct_change)VALUES('2739221037', '1875398035771', 'view', 503, '20780', '2019-01-21T00:00:00.000+0800') on conflict (ck_id) do nothing;
INSERT INTO s_mt.t_page_variable (ck_id, ck_page, cv_name, cv_description, ck_user, ct_change)VALUES('AFBB8C4D0677410C85D99022B0CFCFE5', '1875398035771', 'gSessCvName', 'имя', '4fd05ca9-3a9e-4d66-82df-886dfa082113', '2019-08-23T00:00:00.000+0800') on conflict (ck_id) do nothing;
INSERT INTO s_mt.t_page_variable (ck_id, ck_page, cv_name, cv_description, ck_user, ct_change)VALUES('85A357E10E8A4CDCBE3AA3ADEB883108', '1875398035771', 'gSessCvSurname', 'Фамилия', '4fd05ca9-3a9e-4d66-82df-886dfa082113', '2019-08-23T00:00:00.000+0800') on conflict (ck_id) do nothing;
INSERT INTO s_mt.t_page_variable (ck_id, ck_page, cv_name, cv_description, ck_user, ct_change)VALUES('867CA355C1024D308A75AAA5FD6C7390', '1875398035771', 'gSessCvLogin', 'логин', '4fd05ca9-3a9e-4d66-82df-886dfa082113', '2019-08-23T00:00:00.000+0800') on conflict (ck_id) do nothing;
INSERT INTO s_mt.t_page_variable (ck_id, ck_page, cv_name, cv_description, ck_user, ct_change)VALUES('2032473', '1875398035771', 'g_cd_period', 'Период', '20786', '2018-12-25T00:00:00.000+0800') on conflict (ck_id) do nothing;
INSERT INTO s_mt.t_object(ck_id, ck_class, ck_parent, cv_name, cn_order, ck_query, cv_description, cv_displayed, cv_modify, ck_provider, ck_user, ct_change) VALUES ('7DD501DC87595167E053809BA8C05540', '137', null, 'SYS Menu Profile', 1000950, null, 'Профиль', null, null, null, '20786', '2018-12-25T00:00:00.000+0800')  on conflict (ck_id) do nothing;
INSERT INTO s_mt.t_object(ck_id, ck_class, ck_parent, cv_name, cn_order, ck_query, cv_description, cv_displayed, cv_modify, ck_provider, ck_user, ct_change) VALUES ('7DD51E27188751DDE053809BA8C01BB0', '26', '7DD501DC87595167E053809BA8C05540', 'Field FIO', 20, null, 'ФИО', 'ФИО', null, null, '20786', '2018-12-25T00:00:00.000+0800')  on conflict (ck_id) do nothing;
INSERT INTO s_mt.t_object(ck_id, ck_class, ck_parent, cv_name, cn_order, ck_query, cv_description, cv_displayed, cv_modify, ck_provider, ck_user, ct_change) VALUES ('7DD51E27188851DDE053809BA8C01BB0', '26', '7DD501DC87595167E053809BA8C05540', 'Field', 30, null, 'E-MAIL', 'e-mail', null, null, '20786', '2018-12-25T00:00:00.000+0800')  on conflict (ck_id) do nothing;
INSERT INTO s_mt.t_object(ck_id, ck_class, ck_parent, cv_name, cn_order, ck_query, cv_description, cv_displayed, cv_modify, ck_provider, ck_user, ct_change) VALUES ('7DD501DC875A5167E053809BA8C05540', '26', '7DD501DC87595167E053809BA8C05540', 'Field Login', 10, null, 'Логин', 'Логин', null, null, '20786', '2018-12-25T00:00:00.000+0800')  on conflict (ck_id) do nothing;
INSERT INTO s_mt.t_object_attr(ck_id, ck_object, ck_class_attr, cv_value, ck_user, ct_change) VALUES ('147652257021', '7DD501DC87595167E053809BA8C05540', '609', 'vbox', '20786', '2018-12-25T00:00:00.000+0800')  on conflict (ck_id) do nothing;
INSERT INTO s_mt.t_object_attr(ck_id, ck_object, ck_class_attr, cv_value, ck_user, ct_change) VALUES ('147910135321', '7DD51E27188751DDE053809BA8C01BB0', '899', 'true', '20786', '2018-12-25T00:00:00.000+0800')  on conflict (ck_id) do nothing;
INSERT INTO s_mt.t_object_attr(ck_id, ck_object, ck_class_attr, cv_value, ck_user, ct_change) VALUES ('147674681221', '7DD51E27188751DDE053809BA8C01BB0', '86', 'cv_full_name', '20786', '2018-12-25T00:00:00.000+0800')  on conflict (ck_id) do nothing;
INSERT INTO s_mt.t_object_attr(ck_id, ck_object, ck_class_attr, cv_value, ck_user, ct_change) VALUES ('147932559521', '7DD51E27188851DDE053809BA8C01BB0', '899', 'true', '20786', '2018-12-25T00:00:00.000+0800')  on conflict (ck_id) do nothing;
INSERT INTO s_mt.t_object_attr(ck_id, ck_object, ck_class_attr, cv_value, ck_user, ct_change) VALUES ('147685893321', '7DD51E27188851DDE053809BA8C01BB0', '86', 'cv_email', '20786', '2018-12-25T00:00:00.000+0800')  on conflict (ck_id) do nothing;
INSERT INTO s_mt.t_object_attr(ck_id, ck_object, ck_class_attr, cv_value, ck_user, ct_change) VALUES ('147921347421', '7DD501DC875A5167E053809BA8C05540', '899', 'true', '20786', '2018-12-25T00:00:00.000+0800')  on conflict (ck_id) do nothing;
INSERT INTO s_mt.t_object_attr(ck_id, ck_object, ck_class_attr, cv_value, ck_user, ct_change) VALUES ('147663469121', '7DD501DC875A5167E053809BA8C05540', '86', 'cv_login', '20786', '2018-12-25T00:00:00.000+0800')  on conflict (ck_id) do nothing;
INSERT INTO s_mt.t_page_object (ck_id, ck_page, ck_object, cn_order, ck_parent, ck_master, ck_user, ct_change) VALUES ('7DD74166ADDA5F9FE053809BA8C0134E', '1875398035771', '7DD501DC87595167E053809BA8C05540', 10, null, null, '20786', '2018-12-25T00:00:00.000+0800')  on conflict (ck_id) do nothing;
INSERT INTO s_mt.t_page_object (ck_id, ck_page, ck_object, cn_order, ck_parent, ck_master, ck_user, ct_change) VALUES ('7DD74166ADDB5F9FE053809BA8C0134E', '1875398035771', '7DD51E27188751DDE053809BA8C01BB0', 20, '7DD74166ADDA5F9FE053809BA8C0134E', null, '20786', '2018-12-25T00:00:00.000+0800')  on conflict (ck_id) do nothing;
INSERT INTO s_mt.t_page_object (ck_id, ck_page, ck_object, cn_order, ck_parent, ck_master, ck_user, ct_change) VALUES ('7DD74166ADE15F9FE053809BA8C0134E', '1875398035771', '7DD501DC875A5167E053809BA8C05540', 10, '7DD74166ADDA5F9FE053809BA8C0134E', null, '20786', '2018-12-25T00:00:00.000+0800')  on conflict (ck_id) do nothing;
INSERT INTO s_mt.t_page_object (ck_id, ck_page, ck_object, cn_order, ck_parent, ck_master, ck_user, ct_change) VALUES ('7DD74166ADDC5F9FE053809BA8C0134E', '1875398035771', '7DD51E27188851DDE053809BA8C01BB0', 30, '7DD74166ADDA5F9FE053809BA8C0134E', null, '20786', '2018-12-25T00:00:00.000+0800')  on conflict (ck_id) do nothing;
INSERT INTO s_mt.t_page_object_attr (ck_id, ck_page_object, ck_class_attr, cv_value, ck_user, ct_change) VALUES ('4FCAFAEF62F64B678AFC37221D08BA52', '7DD74166ADDB5F9FE053809BA8C0134E', '1160', 'gSessCvSurname||'' ''||gSessCvName', '4fd05ca9-3a9e-4d66-82df-886dfa082113', '2019-08-23T00:00:00.000+0800')  on conflict (ck_id) do nothing;
INSERT INTO s_mt.t_page_object_attr (ck_id, ck_page_object, ck_class_attr, cv_value, ck_user, ct_change) VALUES ('6A445F6E82854035846AD981904C93BD', '7DD74166ADE15F9FE053809BA8C0134E', '1160', 'gSessCvLogin', '4fd05ca9-3a9e-4d66-82df-886dfa082113', '2019-08-23T00:00:00.000+0800')  on conflict (ck_id) do nothing;
